atom_type,mean_f1,median_f1,std_f1,min_f1,max_f1,q1_f1,q3_f1,n_targets
H,0.3981487010107197,0.3953488372093023,0.12014020329537496,0.07142857142857142,0.6363636363636364,0.3094017094017094,0.5016835016835017,31
N,0.34912063739318294,0.36363636363636365,0.14272790810158323,0.0,0.5833333333333334,0.2761904761904762,0.43185654008438823,31
CA,0.3606393126523661,0.36363636363636365,0.12422364774764284,0.1111111111111111,0.7,0.2928571428571428,0.40512820512820513,27
