atom_type,mean_f1,median_f1,std_f1,min_f1,max_f1,q1_f1,q3_f1,n_targets
H,0.37030750714977956,0.34615384615384615,0.1170159636271403,0.16666666666666666,0.5882352941176471,0.29642857142857143,0.4305194805194805,20
N,0.3523300722388122,0.36602870813397126,0.09694128478031004,0.17391304347826086,0.5454545454545454,0.2900326797385621,0.431184668989547,20
CA,0.3175464495175686,0.3125,0.12944470725198753,0.16666666666666666,0.5555555555555556,0.1907114624505929,0.3522058823529412,18
