atom_type,mean_f1,median_f1,std_f1,min_f1,max_f1,q1_f1,q3_f1,n_targets
H,0.3132530120481928,0.3132530120481928,0.0,0.3132530120481928,0.3132530120481928,0.3132530120481928,0.3132530120481928,1
N,0.3855421686746988,0.3855421686746988,0.0,0.3855421686746988,0.3855421686746988,0.3855421686746988,0.3855421686746988,1
CA,0.43373493975903615,0.43373493975903615,0.0,0.43373493975903615,0.43373493975903615,0.43373493975903615,0.43373493975903615,1
