target,f1,mcc,true_positives,false_positives,false_negatives,total_rows
2g3q,0.45714285714285713,0.37731998405911443,8,2,17,70
2kwu,0.47368421052631576,0.3911555669383437,9,2,18,73
2kwv,0.3902439024390244,0.34049720539744355,8,1,24,73
2mbb,0.45454545454545453,0.2492240899093898,10,7,17,73
2mbh,0.43902439024390244,0.42447117835019144,9,0,23,73
2n1a,0.1,0.045778481157074745,2,2,34,91
5vf0,0.3076923076923077,0.27255405754769874,6,1,26,72
6h8c,0.3103448275862069,0.14851514266304922,9,7,33,108
