target,f1,mcc,true_positives,false_positives,false_negatives,total_rows
2lox,0.46153846153846156,0.387897404328554,15,2,33,112
2m14,0.26229508196721313,0.21668917357367953,8,2,43,112
2mkr,0.34615384615384615,0.333681891700403,9,1,33,107
2n0y,0.36,0.2947695671950565,9,3,29,108
2n23,0.22580645161290322,0.258431187490726,7,0,48,108
2ruk,0.46153846153846156,0.3201689616601697,15,4,31,100
2rvb,0.4810126582278481,0.23844109379096104,19,7,34,100
5urn,0.2857142857142857,0.22692487050943005,9,2,43,108
5xv8,0.36619718309859156,0.09322330597839416,13,10,35,100
