atom_type,mean_f1,median_f1,std_f1,min_f1,max_f1,q1_f1,q3_f1,n_targets
H,0.3515229753034631,0.3288288288288288,0.09286675363754203,0.21621621621621623,0.4878048780487805,0.2765151515151515,0.45,8
N,0.2981216606961874,0.34615384615384615,0.18118268121177253,0.0,0.5217391304347826,0.13122605363984674,0.43559928443649376,8
CA,0.38905661217003595,0.37468671679197996,0.1525433380562772,0.18181818181818182,0.6530612244897959,0.2762820512820513,0.49901120632827956,8
