target,f1,mcc,true_positives,false_positives,false_negatives,total_rows
2ncz,0.425531914893617,0.24668693946041761,10,5,22,76
2nd0,0.3076923076923077,0.09290653376506629,8,5,31,76
2nd1,0.25925925925925924,-0.025044762793230358,7,7,33,76
6bgg,0.18604651162790697,-0.03394124617715523,4,7,28,79
6bnh,0.45454545454545453,0.29102137347030194,10,5,19,76
7jq8,0.5,0.3344925513778801,13,5,21,83
7jyn,0.5333333333333333,0.42873999116270645,12,3,18,83
7jyz,0.5,0.39769618344401697,13,2,24,83
