target,f1,true_positives,false_positives,false_negatives,total_rows
2ncz,0.41509433962264153,11,4,27,76
2nd0,0.2916666666666667,7,6,28,76
2nd1,0.3333333333333333,8,6,26,76
6bgg,0.2,5,6,34,79
6bnh,0.5,11,4,18,76
7jq8,0.5555555555555556,15,3,21,83
7jyn,0.47058823529411764,12,3,24,83
7jyz,0.5384615384615384,14,1,23,83
