atom_type,mean_f1,median_f1,std_f1,min_f1,max_f1,q1_f1,q3_f1,n_targets
H,0.45901639344262296,0.45901639344262296,0.0,0.45901639344262296,0.45901639344262296,0.45901639344262296,0.45901639344262296,1
N,0.3870967741935484,0.3870967741935484,0.0,0.3870967741935484,0.3870967741935484,0.3870967741935484,0.3870967741935484,1
CA,0.3333333333333333,0.3333333333333333,0.0,0.3333333333333333,0.3333333333333333,0.3333333333333333,0.3333333333333333,1
