seq_pos,aa,H,N,CA,HA
1,C,,122.537000,57.694000,4.265000
2,I,8.360000,124.996000,60.956000,3.994000
3,I,8.523000,127.292000,60.724000,4.154000
4,S,8.521000,121.329000,57.861000,4.461000
5,A,8.208000,125.929000,51.936000,4.236000
6,M,8.342000,122.308000,53.414000,3.396000
7,P,,,62.033000,4.251000
8,T,8.305000,114.363000,61.660000,4.233000
9,K,9.075000,127.610000,56.931000,4.157000
10,S,8.910000,121.001000,57.877000,4.504000
11,S,8.754000,117.856000,58.989000,4.299000
12,R,8.634000,125.800000,54.903000,4.060000
13,K,9.040000,124.313000,56.837000,4.025000
14,A,8.581000,123.601000,52.340000,4.172000
15,K,7.892000,120.342000,55.592000,4.147000
16,K,8.402000,125.078000,54.121000,4.482000
17,P,,,62.835000,4.309000
18,A,8.554000,124.800000,52.375000,4.174000
19,Q,8.518000,120.579000,55.557000,4.260000
