seq_pos,aa,H,N,CA,HA
1,G,8.354000,110.559000,,
2,E,8.201000,120.655000,,
3,I,8.205000,121.763000,,
4,S,8.343000,119.764000,,
5,G,8.300000,110.729000,,
6,F,8.127000,119.782000,,
7,G,8.350000,110.240000,,
8,Q,8.133000,119.380000,,
9,V,8.350000,122.529000,,
10,W,9.409000,128.470000,,
11,V,9.233000,120.462000,,
12,Q,7.904000,126.038000,,
13,C,8.948000,129.370000,,
14,S,8.741000,122.686000,,
15,F,8.996000,127.723000,,
16,N,8.309000,113.040000,,
17,C,7.992000,123.509000,,
18,G,7.273000,104.314000,,
19,K,8.788000,123.335000,,
20,W,9.569000,122.033000,,
21,R,9.308000,122.323000,,
22,R,8.235000,125.047000,,
23,L,8.612000,127.852000,,
24,C,8.384000,121.167000,,
25,G,8.387000,110.028000,,
26,N,7.538000,111.933000,,
27,I,7.539000,120.706000,,
28,D,8.220000,125.829000,,
29,S,8.470000,113.734000,,
30,V,7.457000,115.712000,,
31,L,7.360000,124.642000,,
32,D,8.577000,120.182000,,
33,N,8.165000,116.233000,,
34,W,7.804000,121.186000,,
35,S,5.989000,121.288000,,
36,C,8.579000,119.596000,,
37,D,8.024000,111.387000,,
38,Q,7.786000,117.427000,,
39,N,7.992000,121.527000,,
40,T,8.346000,117.065000,,
41,D,7.387000,121.810000,,
42,V,7.922000,121.503000,,
43,Q,8.102000,116.916000,,
44,Y,7.316000,113.878000,,
45,N,7.127000,118.650000,,
46,R,6.890000,112.800000,,
47,C,8.471000,122.570000,,
48,D,7.737000,110.895000,,
49,I,7.311000,124.136000,,
50,E,8.770000,121.655000,,
51,E,9.129000,127.152000,,
52,T,8.303000,117.937000,,
53,W,8.309000,125.791000,,
54,T,7.972000,116.303000,,
55,G,7.187000,109.690000,,
56,L,7.854000,121.188000,,
57,E,7.897000,126.008000,,
