seq_pos,aa,H,N,CA,HA
1,P,,,63.164000,4.481000
2,L,8.579000,122.584000,55.509000,4.352000
3,G,8.461000,109.899000,45.381000,3.988000
4,S,8.225000,115.741000,58.393000,4.431000
5,K,8.341000,123.207000,56.273000,4.295000
6,R,8.255000,122.109000,56.297000,4.222000
7,F,8.361000,120.995000,57.592000,4.705000
8,S,8.190000,116.899000,58.184000,4.487000
9,S,8.507000,117.791000,58.520000,4.515000
10,L,8.068000,124.235000,54.967000,4.412000
11,S,8.274000,117.541000,58.506000,4.370000
12,Y,8.239000,122.271000,58.629000,4.488000
13,K,6.952000,126.832000,54.765000,4.064000
14,S,8.399000,116.118000,55.719000,4.751000
15,R,9.224000,126.684000,57.713000,4.118000
16,E,7.958000,116.866000,58.027000,3.989000
17,E,7.298000,117.327000,57.047000,4.224000
18,D,7.674000,115.870000,50.665000,5.005000
19,P,,,63.536000,4.684000
20,T,8.183000,109.842000,62.097000,4.337000
21,L,6.979000,123.247000,55.718000,4.196000
22,T,8.800000,114.497000,60.095000,4.533000
23,E,8.986000,119.968000,59.320000,4.035000
24,E,8.830000,119.764000,60.004000,4.119000
25,E,7.667000,120.687000,59.266000,3.928000
26,I,8.127000,118.774000,64.902000,4.004000
27,S,8.435000,114.883000,62.092000,4.446000
28,A,7.264000,120.842000,53.386000,4.507000
29,M,8.285000,116.213000,56.342000,4.550000
30,X,8.043000,120.677000,57.664000,4.872000
31,S,9.073000,119.116000,59.217000,4.462000
32,S,8.693000,117.256000,57.230000,5.015000
33,V,8.812000,121.687000,62.606000,4.014000
34,N,8.952000,124.491000,52.392000,4.944000
35,K,8.552000,124.424000,54.273000,4.560000
36,P,,,63.503000,4.422000
37,G,8.017000,115.387000,46.138000,3.757500
