seq_pos,aa,H,N,CA,HA
1,A,,126.172000,52.595000,4.270000
2,H,8.235000,119.410000,56.652000,4.548000
3,H,,,56.652000,4.587000
4,L,8.065000,123.970000,54.914000,4.319000
5,K,8.233000,123.264000,56.652000,4.323000
6,R,8.351000,123.670000,56.073000,4.353000
7,G,8.459000,111.664000,45.062000,3.988000
8,A,8.222000,124.835000,52.596000,4.411000
9,T,8.148000,113.743000,61.289000,4.394000
10,M,8.362000,123.097000,55.493000,4.514000
11,N,8.446000,120.647000,53.175000,4.727000
12,E,8.463000,122.271000,56.938000,4.295000
13,D,8.351000,122.014000,54.334000,4.661000
14,S,8.192000,117.021000,58.391000,4.489000
15,N,8.502000,122.139000,53.175000,4.767000
16,E,8.375000,122.323000,56.812000,4.296000
17,E,8.381000,122.579000,56.601000,4.264000
18,E,8.358000,123.098000,56.580000,4.252000
19,E,8.436000,123.384000,56.662000,4.244000
20,E,8.475000,123.457000,56.655000,4.296000
21,S,8.412000,118.613000,58.391000,4.464000
22,E,8.481000,124.121000,56.652000,4.251000
23,N,8.308000,120.261000,53.175000,4.884000
24,D,7.956000,121.456000,53.755000,4.632000
25,W,7.470000,119.459000,56.073000,4.587000
26,E,9.351000,124.198000,54.914000,4.727000
27,E,8.875000,126.251000,57.232000,4.337000
28,V,8.324000,126.527000,61.868000,4.096000
29,E,8.812000,129.491000,57.232000,4.262000
30,E,8.647000,124.980000,56.073000,4.469000
31,L,8.536000,125.869000,54.914000,4.408000
32,S,8.383000,118.790000,58.391000,4.480000
33,E,8.324000,124.632000,54.334000,4.611000
34,P,,,63.027000,4.455000
35,V,8.269000,122.104000,61.868000,4.094000
36,L,8.353000,127.658000,54.914000,4.402000
37,G,8.309000,110.804000,45.062000,3.953000
38,D,8.215000,121.784000,54.334000,4.653000
39,V,8.140000,122.121000,62.447000,4.126000
40,R,8.406000,125.505000,56.073000,4.353000
41,E,8.386000,122.610000,56.718000,4.309000
42,S,8.363000,117.829000,58.970000,4.498000
43,T,8.148000,116.678000,61.868000,4.355000
44,A,8.165000,126.757000,52.596000,4.276000
45,F,8.019000,119.821000,57.811000,4.651000
46,S,8.107000,118.365000,58.391000,4.472000
47,R,8.305000,124.667000,56.073000,4.450000
48,S,7.977000,123.808000,60.129000,4.297000
