seq_pos,aa,H,N,CA,HA
1,G,,,43.390000,3.995000
2,P,,,63.110000,4.467000
3,L,8.552000,122.511000,55.419000,4.338000
4,G,8.428000,109.901000,45.000000,3.954000
5,S,8.219000,116.901000,56.405000,4.778000
6,P,,,63.182000,4.466000
7,N,8.579000,118.867000,53.280000,4.762000
8,T,8.173000,114.072000,62.200000,4.334000
9,G,8.441000,111.100000,45.173000,3.963000
10,A,8.166000,123.854000,52.279000,4.319000
11,K,8.382000,121.360000,56.454000,4.334000
12,Q,8.461000,121.744000,52.969000,4.864000
13,P,,,60.910000,4.064000
14,P,,,62.730000,4.140000
15,S,8.788000,118.675000,57.834000,4.189000
16,Y,9.240000,124.045000,63.492000,3.586000
17,E,8.742000,115.655000,59.588000,3.835000
18,D,7.597000,117.908000,56.212000,4.463000
19,C,7.761000,116.086000,60.666000,4.370000
20,I,7.187000,115.904000,60.666000,4.277000
21,K,7.322000,128.361000,57.972000,4.072000
