seq_pos,aa,H,N,CA,HA
1,P,,,63.086000,4.447000
2,L,8.527000,122.390000,55.390000,4.293000
3,G,8.410000,109.838000,45.039000,3.953000
4,S,8.156000,116.892000,56.483000,4.762000
5,P,,,63.761000,4.515000
6,E,8.454000,120.437000,56.690000,4.150000
7,F,8.130000,121.014000,57.711000,4.585000
8,H,8.273000,120.893000,55.307000,4.601000
9,M,8.312000,122.007000,55.618000,4.407000
10,V,8.219000,121.733000,62.395000,4.157000
11,S,8.377000,119.341000,58.197000,4.505000
12,L,8.385000,124.819000,55.203000,4.389000
13,I,8.057000,120.508000,61.219000,4.160000
14,N,8.467000,122.226000,53.235000,4.723000
15,E,8.338000,121.331000,56.344000,4.345000
16,G,8.333000,108.933000,44.175000,4.052000
17,P,,,62.600000,4.450000
18,L,8.663000,122.628000,52.810000,4.207000
19,P,,,61.418000,4.130000
20,P,,,63.990000,4.510000
21,G,9.100000,112.662000,45.938000,4.097500
22,W,7.660000,117.398000,56.102000,6.156000
23,E,9.394000,119.169000,55.100000,4.841000
24,I,8.608000,123.103000,60.990000,4.267000
25,R,8.016000,126.943000,53.060000,4.254000
26,Y,8.056000,114.289000,56.344000,5.469000
27,T,9.564000,113.529000,60.804000,4.635000
28,A,9.315000,125.088000,54.961000,4.208000
29,A,7.650000,117.317000,51.746000,4.459000
30,G,8.276000,107.844000,45.454000,3.961500
31,E,7.778000,120.074000,55.597000,4.538000
32,R,8.866000,127.005000,56.344000,4.130000
33,F,8.987000,122.393000,55.964000,4.761000
34,F,9.160000,115.715000,56.794000,5.221000
35,V,9.300000,122.603000,61.219000,4.171000
36,D,8.428000,124.308000,51.177000,3.746000
37,H,8.858000,122.468000,58.689000,4.259000
38,N,8.371000,115.105000,56.102000,4.345000
39,T,6.474000,103.262000,60.804000,4.215000
40,R,7.310000,118.319000,56.586000,4.353000
41,R,7.283000,116.680000,54.547000,4.880000
42,T,8.081000,109.823000,58.764000,5.464000
43,T,9.200000,114.236000,60.043000,4.723000
44,F,9.362000,125.313000,60.285000,5.100000
45,E,8.984000,123.307000,56.379000,4.202000
46,D,8.136000,128.461000,50.329000,4.202000
47,P,,,63.450000,4.290000
48,R,8.255000,120.181000,56.068000,4.255000
