seq_pos,aa,H,N,CA,HA
1,S,9.225000,120.090000,,
2,G,8.515000,107.370000,,
3,A,7.879000,124.680000,,
4,L,7.614000,123.060000,,
5,F,8.407000,119.650000,,
6,L,7.950000,122.950000,,
7,Q,9.840000,117.870000,,
8,H,11.219000,119.520000,,
9,T,10.266000,110.430000,,
10,V,8.422000,109.560000,,
11,K,8.845000,125.730000,,
12,G,9.484000,114.460000,,
13,G,8.219000,108.500000,,
14,K,8.208000,125.840000,,
15,N,11.594000,127.310000,,
16,L,9.526000,122.150000,,
17,G,8.598000,109.620000,,
18,H,7.770000,115.450000,,
19,S,8.501000,115.180000,,
20,G,8.668000,109.080000,,
21,A,7.966000,124.380000,,
22,E,8.718000,125.170000,,
23,Y,6.671000,119.040000,,
24,S,6.389000,122.050000,,
25,Y,7.457000,123.900000,,
26,T,9.402000,111.890000,,
27,D,8.406000,120.450000,,
28,A,7.946000,119.190000,,
29,N,8.206000,117.670000,,
30,I,7.471000,120.640000,,
31,K,8.969000,119.170000,,
32,K,7.236000,117.800000,,
33,N,7.024000,111.530000,,
34,V,7.137000,113.350000,,
35,L,8.169000,127.630000,,
36,W,7.658000,128.180000,,
37,E,9.897000,116.020000,,
38,N,7.981000,115.060000,,
39,N,9.246000,121.720000,,
40,M,8.683000,120.860000,,
41,S,7.238000,113.340000,,
42,E,7.438000,120.680000,,
43,Y,8.296000,122.060000,,
44,T,7.219000,115.370000,,
45,N,6.717000,108.380000,,
46,K,9.543000,115.050000,,
47,K,7.785000,118.530000,,
48,Y,8.024000,119.880000,,
49,I,9.419000,118.030000,,
50,G,9.330000,111.770000,,
51,T,9.014000,115.120000,,
52,F,8.760000,122.220000,,
53,K,8.109000,122.130000,,
54,E,8.789000,128.890000,,
55,R,7.042000,117.370000,,
56,N,8.336000,117.240000,,
57,D,8.330000,125.100000,,
58,L,8.179000,120.210000,,
59,I,8.513000,119.350000,,
60,T,7.782000,117.310000,,
61,Y,7.443000,119.210000,,
62,L,8.857000,119.700000,,
63,K,8.537000,120.430000,,
64,K,6.265000,115.360000,,
65,A,8.210000,119.240000,,
66,T,7.214000,102.270000,,
67,E,6.668000,126.010000,,
