seq_pos,aa,H,N,CA,HA
1,D,8.268000,121.370000,,
2,K,7.759000,118.630000,,
3,I,8.750000,117.150000,,
4,T,8.532000,120.570000,,
5,V,8.346000,124.040000,,
6,H,8.335000,124.620000,,
7,F,9.407000,121.920000,,
8,I,8.919000,122.540000,,
9,N,8.713000,124.600000,,
10,R,8.340000,119.350000,,
11,D,7.521000,115.930000,,
12,G,7.982000,107.930000,,
13,E,7.850000,122.030000,,
14,T,8.516000,118.550000,,
15,L,9.844000,130.880000,,
16,T,8.682000,122.390000,,
17,T,8.628000,122.310000,,
18,K,7.803000,117.740000,,
19,G,8.631000,106.520000,,
20,K,8.678000,121.360000,,
21,I,8.159000,122.370000,,
22,G,8.550000,116.330000,,
23,D,8.010000,122.870000,,
24,S,9.518000,117.370000,,
25,L,7.877000,118.180000,,
26,D,7.706000,120.390000,,
27,V,7.567000,116.400000,,
28,V,7.149000,120.490000,,
29,V,8.274000,117.910000,,
30,Q,8.990000,118.100000,,
31,N,6.905000,111.680000,,
32,N,7.628000,116.720000,,
33,L,7.598000,114.930000,,
34,D,8.426000,122.400000,,
35,I,7.404000,123.200000,,
36,D,8.353000,127.190000,,
37,G,8.901000,113.850000,,
38,F,7.476000,120.590000,,
39,I,8.396000,118.920000,,
40,F,8.511000,127.640000,,
41,E,9.034000,118.940000,,
42,Q,9.443000,125.110000,,
43,H,8.235000,112.160000,,
44,I,6.126000,119.240000,,
45,F,8.491000,119.600000,,
46,E,7.794000,112.500000,,
47,K,7.149000,116.410000,,
48,L,6.539000,118.840000,,
49,E,9.120000,121.860000,,
50,A,8.069000,123.360000,,
51,I,8.277000,124.580000,,
52,T,7.708000,117.410000,,
53,D,8.789000,121.900000,,
54,E,8.725000,117.120000,,
55,E,7.272000,119.150000,,
56,N,8.179000,118.320000,,
57,D,8.138000,117.110000,,
58,M,6.967000,116.200000,,
59,C,6.846000,117.510000,,
60,Y,8.128000,122.240000,,
61,G,8.356000,112.790000,,
62,T,8.683000,117.030000,,
63,D,8.340000,117.010000,,
64,R,7.935000,119.630000,,
65,S,6.684000,119.190000,,
66,R,8.981000,116.650000,,
67,S,7.850000,120.610000,,
68,L,8.879000,121.440000,,
69,T,7.623000,113.520000,,
70,K,8.884000,120.070000,,
71,A,7.702000,119.520000,,
72,M,7.418000,115.220000,,
73,D,7.125000,117.650000,,
74,N,9.890000,122.680000,,
75,M,8.266000,117.680000,,
76,T,8.371000,116.040000,,
77,V,8.904000,121.950000,,
78,R,8.189000,120.610000,,
79,V,8.285000,125.570000,,
