seq_pos,aa,H,N,CA,HA
1,I,8.146000,122.300000,60.711000,
2,S,8.416000,122.129000,56.276000,
3,P,,,,
4,S,8.200000,114.078000,59.788000,
5,A,8.037000,125.897000,54.480000,
6,L,8.093000,118.874000,57.832000,
7,Q,7.977000,117.504000,58.978000,
8,D,8.074000,119.902000,57.198000,
9,L,8.132000,122.471000,58.150000,
10,L,8.379000,118.532000,57.969000,
11,R,7.994000,118.361000,59.212000,
12,T,7.887000,115.106000,65.521000,
13,L,8.020000,121.101000,56.586000,
14,K,7.595000,117.675000,56.789000,
15,S,7.671000,116.134000,56.899000,
16,P,,,63.417000,
17,S,8.441000,116.305000,58.815000,
18,P,,,65.317000,
19,Q,8.308000,117.333000,58.931000,
20,Q,7.969000,121.958000,58.835000,
21,Q,8.231000,118.874000,59.093000,
22,Q,8.031000,118.189000,58.289000,
23,Q,7.966000,119.388000,58.837000,
24,V,7.968000,119.388000,66.631000,
25,L,7.975000,119.560000,58.017000,
26,N,8.225000,117.333000,55.821000,
27,I,7.927000,121.958000,64.805000,
28,L,8.088000,120.245000,57.670000,
29,K,8.177000,116.819000,58.696000,
30,S,8.870000,112.023000,59.421000,
31,N,8.949000,118.703000,51.391000,
32,P,,,65.171000,
33,Q,8.710000,118.361000,58.508000,
34,L,7.868000,121.101000,56.829000,
35,M,7.963000,117.847000,58.204000,
36,A,7.946000,120.073000,54.906000,
37,A,7.630000,119.731000,54.387000,
38,F,8.136000,118.361000,60.061000,
39,I,8.120000,118.361000,63.124000,
40,K,7.899000,121.444000,57.975000,
41,Q,7.928000,118.874000,56.841000,
42,T,7.937000,113.393000,62.353000,
43,A,8.022000,125.726000,52.999000,
44,K,8.059000,119.388000,56.579000,
45,Y,8.039000,121.101000,58.117000,
46,V,7.866000,122.643000,62.018000,
47,A,8.150000,126.753000,52.616000,
48,N,8.249000,117.162000,53.288000,
49,Q,8.102000,120.930000,53.687000,
50,P,,,63.635000,
51,G,8.492000,109.283000,45.406000,
52,M,8.027000,119.731000,55.482000,
53,Q,7.936000,126.068000,57.499000,
