seq_pos,aa,H,N,CA,HA
1,E,8.824000,122.764000,,4.349000
2,T,8.147000,113.957000,,4.347000
3,Q,8.569000,120.934000,,3.981000
4,A,8.248000,121.276000,,3.999000
5,G,8.237000,107.218000,,3.904500
6,I,8.022000,123.534000,,3.804000
7,K,8.233000,118.975000,,3.832000
8,E,7.941000,119.633000,,4.113000
9,E,7.861000,121.681000,,4.125000
10,I,8.631000,120.368000,,3.385000
11,R,7.691000,118.769000,,4.035000
12,R,7.910000,119.106000,,4.029000
13,Q,8.454000,118.934000,,4.180000
14,E,9.021000,119.911000,,3.860000
15,F,7.948000,120.038000,,4.265000
16,L,7.750000,122.068000,,4.023000
17,L,8.699000,120.885000,,3.751000
18,N,8.123000,115.585000,,4.365000
19,S,7.870000,116.443000,,4.009000
20,L,8.185000,122.739000,,4.056000
21,H,8.324000,116.576000,,4.166000
22,R,7.840000,118.970000,,3.985000
23,D,7.918000,119.723000,,4.402000
24,L,7.757000,119.383000,,4.248000
25,Q,7.791000,119.287000,,4.140000
26,G,8.192000,107.967000,,3.924000
27,G,7.971000,107.460000,,3.904000
28,I,7.630000,119.888000,,4.017000
29,K,8.389000,126.491000,,4.252000
30,D,8.188000,123.796000,,4.590000
31,L,8.629000,125.811000,,4.053000
32,S,8.294000,114.762000,,4.249000
33,K,7.741000,122.658000,,3.961000
34,E,7.983000,119.578000,,3.705000
35,E,7.984000,117.929000,,3.931000
36,R,7.675000,119.484000,,4.073000
37,L,7.987000,120.547000,,3.766000
38,W,7.813000,118.541000,,4.449000
39,E,7.936000,119.810000,,4.078000
40,V,8.370000,120.315000,,3.619000
41,Q,8.337000,118.235000,,3.962000
42,R,7.932000,120.520000,,3.924000
43,I,8.128000,122.737000,,3.688000
44,L,8.652000,120.967000,,3.920000
45,T,8.273000,115.318000,,3.747000
46,A,7.612000,123.598000,,4.055000
47,L,8.523000,119.944000,,3.927000
48,K,8.243000,117.068000,,3.778000
49,R,7.573000,118.549000,,4.024000
50,K,7.688000,118.588000,,4.039000
51,L,7.642000,118.548000,,4.157000
52,R,7.723000,118.267000,,4.224000
53,E,7.880000,119.778000,,4.232000
54,A,7.637000,129.477000,,4.047000
