seq_pos,aa,H,N,CA,HA
1,G,,,43.922000,3.766000
2,S,,,58.866000,4.352000
3,E,,,57.502000,4.289000
4,T,,,62.333000,4.263000
5,Q,,,58.888000,3.885000
6,A,8.175000,120.917000,55.045000,3.967000
7,G,8.175000,106.847000,46.682000,3.858000
8,I,7.956000,123.474000,65.014000,3.746000
9,K,8.207000,118.485000,60.579000,3.792000
10,E,7.879000,119.507000,59.039000,4.068000
11,E,7.761000,121.720000,59.054000,4.072000
12,I,8.645000,120.587000,66.377000,3.346000
13,R,7.562000,118.330000,59.724000,4.005000
14,R,7.802000,118.736000,59.847000,3.994000
15,Q,8.437000,118.555000,57.908000,4.138000
16,E,8.920000,119.415000,60.065000,3.816000
17,F,7.829000,119.598000,61.383000,4.218000
18,L,7.664000,121.650000,57.895000,3.985000
19,L,8.708000,121.105000,58.534000,3.712000
20,N,8.130000,115.173000,56.432000,4.343000
21,S,7.644000,116.074000,61.560000,3.958000
22,L,7.934000,123.379000,58.103000,3.986000
23,H,8.198000,116.434000,60.294000,4.085000
24,R,7.666000,118.726000,59.276000,3.933000
25,D,7.840000,119.741000,56.688000,4.313000
26,L,7.802000,118.744000,56.160000,4.188000
27,Q,7.650000,118.323000,57.531000,4.326000
28,G,8.154000,107.830000,45.507000,3.899500
29,G,7.880000,106.714000,45.509000,3.846000
30,I,7.524000,120.092000,60.813000,3.979000
31,K,8.386000,128.446000,55.686000,4.280000
32,D,8.663000,126.279000,53.334000,4.555000
33,L,8.665000,125.947000,58.237000,3.924000
34,S,8.170000,114.004000,61.463000,4.178000
35,K,7.736000,123.141000,59.623000,3.922000
36,E,8.105000,118.712000,60.132000,3.760000
37,E,8.007000,117.992000,59.298000,3.949000
38,R,7.783000,120.920000,58.557000,4.073000
39,L,8.096000,119.652000,58.551000,3.716000
40,W,7.741000,117.170000,61.767000,3.947000
41,E,7.754000,120.406000,59.597000,3.827000
42,V,8.894000,119.473000,66.496000,3.523000
43,Q,7.915000,117.754000,58.285000,3.927000
44,R,8.302000,120.509000,59.442000,3.938000
45,I,8.127000,123.355000,64.942000,3.664000
46,L,8.460000,121.472000,58.883000,3.923000
47,T,8.835000,117.441000,68.342000,3.684000
48,A,7.786000,122.879000,55.393000,4.080000
49,L,8.667000,121.131000,58.156000,3.916000
50,K,8.150000,117.655000,60.243000,3.745000
51,R,7.667000,118.738000,59.604000,3.930000
52,K,7.784000,119.963000,58.501000,3.991000
53,L,7.860000,118.582000,56.851000,3.995000
54,R,7.286000,116.122000,57.091000,4.104000
55,E,7.501000,118.590000,56.335000,4.175000
56,A,7.524000,129.338000,53.930000,4.001000
