seq_pos,aa,H,N,CA,HA
1,P,,,63.089000,4.092000
2,L,8.552000,122.280000,55.453000,4.382000
3,G,8.402000,109.811000,45.099000,3.967000
4,S,8.193000,116.932000,56.467000,4.812000
5,P,,,64.083000,4.565000
6,S,,,58.429000,4.483000
7,V,8.238000,121.875000,62.311000,4.252000
8,T,8.221000,117.435000,61.795000,4.369000
9,E,8.342000,123.467000,56.488000,4.292000
10,A,8.299000,124.975000,52.164000,4.330000
11,S,8.304000,116.597000,56.214000,4.628000
12,P,,,63.060000,4.395000
13,W,8.038000,121.372000,54.944000,4.930000
14,R,8.827000,122.043000,56.617000,4.336000
15,A,8.551000,120.702000,54.460000,4.140000
16,T,7.286000,124.807000,60.544000,4.219000
17,N,7.918000,123.467000,50.640000,4.269000
18,P,,,63.314000,4.135000
19,F,8.568000,116.848000,59.513000,4.144000
20,L,7.332000,120.283000,55.961000,4.393000
21,N,8.010000,117.602000,53.224000,4.613000
22,E,8.344000,121.523000,56.974000,4.373000
23,T,8.295000,115.089000,61.940000,4.398000
24,L,8.639000,122.143000,55.196000,4.237000
25,Q,8.121000,119.864000,56.987000,4.217000
26,D,8.489000,119.864000,54.170000,4.656000
27,V,7.588000,119.446000,61.797000,4.094000
28,Q,8.451000,125.897000,53.138000,4.633000
29,P,,,62.553000,4.486000
30,S,7.858000,115.759000,55.447000,4.734000
31,P,,,64.076000,4.554000
32,I,8.233000,121.037000,58.518000,3.829000
33,N,8.672000,121.624000,49.359000,5.225000
34,P,,,62.553000,4.509000
35,F,7.738000,116.513000,56.981000,4.836000
36,S,7.221000,115.256000,61.794000,4.273000
37,A,8.551000,123.216000,54.464000,4.308000
38,F,7.842000,117.602000,60.541000,4.165000
39,F,7.668000,117.267000,58.997000,4.626000
40,E,8.105000,120.426000,57.653000,4.263000
41,E,8.140000,120.291000,56.969000,4.259000
42,Q,8.058000,119.529000,56.127000,4.282000
43,E,8.254000,121.540000,56.683000,4.275000
44,R,7.880000,127.237000,57.477000,4.209000
