seq_pos,aa,H,N,CA,HA
1,A,7.500000,129.245000,51.696000,4.137000
2,R,,,58.108000,4.186000
3,K,8.495000,119.183000,60.343000,3.841000
4,E,,,58.108000,4.218000
5,V,7.512000,120.226000,67.226000,3.554000
6,I,8.133000,118.972000,66.254000,3.466000
7,R,8.297000,118.206000,61.437000,3.803000
8,N,8.406000,117.119000,56.229000,4.500000
9,K,8.478000,121.244000,61.307000,4.087000
10,I,8.324000,118.318000,66.436000,3.685000
11,R,8.742000,119.320000,60.079000,3.953000
12,A,8.290000,121.132000,55.848000,4.089000
13,I,8.187000,116.507000,64.038000,3.931000
14,G,8.735000,108.208000,48.302000,3.886000
15,K,8.324000,120.296000,60.079000,3.960000
16,M,8.092000,116.895000,58.108000,4.160000
17,A,8.964000,120.657000,54.958000,4.092000
18,R,8.200000,118.402000,59.190000,4.077000
19,V,7.754000,118.994000,66.211000,3.699000
20,F,7.984000,117.529000,59.470000,4.481000
21,S,8.034000,113.698000,60.580000,4.144000
22,V,7.647000,118.114000,63.039000,4.176000
23,L,7.710000,121.936000,55.734000,4.282000
24,R,7.426000,125.013000,57.336000,4.148000
