seq_pos,aa,H,N,CA,HA
1,E,8.137000,120.216000,56.996000,4.134000
2,Q,7.667000,120.437000,55.890000,4.155000
3,V,7.893000,121.118000,62.281000,3.936000
4,F,8.348000,124.325000,57.430000,4.560000
5,A,9.004000,125.853000,51.103000,4.884000
6,V,8.760000,124.512000,64.272000,3.388000
7,E,9.249000,128.262000,57.519000,4.308000
8,S,7.680000,108.972000,57.235000,4.358000
9,I,8.351000,120.433000,60.287000,4.138000
10,R,9.069000,123.386000,56.568000,4.346000
11,K,7.096000,115.532000,55.422000,4.668000
12,K,8.241000,122.427000,55.115000,5.402000
13,R,9.304000,123.553000,54.438000,4.784000
14,V,8.176000,119.507000,60.941000,4.665000
15,R,8.943000,128.571000,54.822000,4.477000
16,K,,,56.940000,3.804000
17,G,8.230000,103.018000,45.323000,3.725000
18,K,7.714000,121.641000,54.320000,4.575000
19,V,8.559000,124.227000,62.905000,4.230000
20,E,8.894000,126.181000,53.848000,4.938000
21,Y,9.292000,117.917000,55.913000,5.384000
22,L,8.099000,127.447000,53.440000,3.710000
23,V,8.761000,127.407000,61.330000,4.008000
24,K,8.098000,124.498000,54.182000,4.469000
25,W,8.551000,130.890000,55.891000,4.868000
26,K,9.371000,125.472000,58.197000,4.249000
27,G,9.215000,113.382000,45.291000,3.767000
28,W,7.664000,119.718000,53.953000,4.940000
29,P,,,62.237000,4.884000
30,P,,,65.775000,4.212000
31,K,,,58.561000,4.197000
32,Y,8.170000,118.266000,58.266000,4.543000
33,S,7.767000,116.432000,61.079000,4.868000
34,T,7.822000,113.493000,59.512000,4.712000
35,W,8.565000,122.619000,56.412000,4.906000
36,E,9.739000,124.821000,51.985000,5.170000
37,P,,,62.354000,4.760000
38,E,8.327000,120.744000,59.906000,3.967000
39,E,9.596000,117.476000,58.691000,4.215000
40,H,8.105000,116.893000,54.719000,4.828000
41,I,7.705000,120.637000,60.027000,4.091000
42,L,8.291000,125.106000,55.948000,4.217000
43,D,7.361000,118.088000,50.584000,5.028000
44,P,,,64.153000,4.268000
45,R,8.262000,118.068000,58.594000,4.039000
46,L,7.597000,118.428000,57.042000,4.024000
47,V,7.009000,118.745000,65.262000,3.428000
48,M,7.797000,119.305000,58.091000,4.128000
49,A,7.776000,120.020000,53.883000,4.152000
50,Y,7.358000,118.846000,60.296000,4.244000
51,E,8.137000,120.386000,57.263000,4.150000
52,E,8.255000,118.309000,58.032000,4.086000
53,K,,,56.393000,4.253000
54,E,8.143000,122.092000,56.430000,4.260000
55,E,8.293000,120.875000,55.556000,3.715000
