seq_pos,aa,H,N,CA,HA
1,K,8.242000,120.370000,56.055000,
2,S,8.444000,118.687000,57.968000,
3,K,8.292000,123.475000,55.565000,
4,D,8.258000,120.780000,53.093000,
5,Y,8.878000,118.773000,56.198000,
6,C,9.326000,115.422000,55.178000,
7,K,9.186000,123.589000,53.791000,
8,V,8.989000,127.642000,63.965000,
9,I,9.027000,126.908000,60.783000,
10,F,7.733000,122.234000,54.249000,
11,P,,,61.777000,
12,Y,8.525000,118.517000,58.750000,
13,E,7.449000,127.743000,54.101000,
14,A,8.388000,127.122000,53.178000,
15,Q,9.301000,120.524000,54.970000,
16,N,7.529000,113.030000,51.890000,
17,D,8.660000,118.000000,56.460000,
18,D,8.565000,117.510000,54.329000,
19,E,7.518000,119.738000,54.629000,
20,L,8.886000,123.823000,53.032000,
21,T,7.863000,120.544000,62.345000,
22,I,9.285000,122.233000,59.323000,
23,K,9.178000,124.443000,53.605000,
24,E,8.823000,120.972000,58.761000,
25,G,8.700000,114.183000,44.705000,
26,D,8.176000,121.954000,55.641000,
27,I,8.224000,120.539000,58.663000,
28,V,8.984000,128.841000,60.823000,
29,T,8.989000,124.846000,62.498000,
30,L,8.849000,130.687000,55.400000,
31,I,8.969000,126.063000,60.718000,
32,N,7.808000,116.241000,53.024000,
33,K,8.634000,123.864000,56.088000,
34,D,7.977000,121.365000,53.344000,
35,C,7.927000,120.628000,58.344000,
36,I,8.255000,121.795000,62.985000,
37,D,7.636000,120.017000,53.050000,
38,V,8.278000,123.695000,63.710000,
39,G,8.701000,114.350000,44.669000,
40,W,7.461000,120.749000,55.703000,
41,W,8.569000,122.320000,53.125000,
42,E,8.530000,118.579000,54.273000,
43,G,9.429000,114.998000,45.381000,
44,E,9.044000,118.542000,54.099000,
45,L,9.043000,125.657000,54.159000,
46,N,9.829000,127.692000,54.078000,
47,G,8.979000,104.700000,45.263000,
48,R,7.897000,121.990000,54.550000,
49,R,,,53.769000,
50,G,8.894000,110.580000,45.469000,
51,V,8.689000,112.191000,59.162000,
52,F,8.845000,117.676000,54.707000,
53,P,,,61.396000,
54,D,7.769000,124.208000,55.639000,
55,N,7.948000,114.031000,52.784000,
56,F,7.700000,120.329000,56.085000,
57,V,7.303000,109.289000,58.078000,
58,K,8.987000,119.343000,53.939000,
59,L,9.109000,127.534000,56.011000,
60,L,8.592000,127.086000,52.473000,
61,P,,,62.815000,
