seq_pos,aa,H,N,CA,HA
1,M,,,85.327000,4.516000
2,S,8.471000,147.261000,88.436000,4.484000
3,G,8.601000,141.077000,75.465000,4.022000
4,G,8.372000,138.894000,75.674000,3.980000
5,D,8.429000,149.637000,85.066000,4.610000
6,D,8.244000,148.885000,84.708000,4.559000
7,D,7.803000,149.563000,83.670000,4.655000
8,W,8.472000,150.172000,87.020000,4.174000
9,T,7.994000,149.503000,92.659000,4.533000
10,H,9.463000,159.135000,87.024000,4.677000
11,L,8.398000,153.300000,83.684000,4.848000
12,S,8.382000,144.018000,86.841000,4.652000
13,S,8.937000,148.575000,89.546000,4.291000
14,K,8.250000,151.908000,86.716000,4.319000
15,E,8.256000,150.679000,87.152000,4.240000
16,V,7.762000,146.718000,91.707000,4.161000
17,D,7.809000,158.093000,86.067000,4.365000
