seq_pos,aa,H,N,CA,HA
1,G,,,57.879000,4.512000
2,S,,,,
3,H,,,56.033000,4.663000
4,M,,,,
5,S,8.437000,117.160000,58.340000,4.429000
6,E,8.458000,123.053000,56.033000,4.311000
7,V,8.150000,121.173000,61.801000,4.050000
8,H,8.495000,125.310000,53.945000,4.914000
9,P,,,63.409000,4.430000
10,S,8.889000,116.533000,58.571000,4.437000
11,R,8.442000,122.803000,55.882000,4.388000
12,L,8.133000,122.552000,54.880000,4.356000
13,Q,8.440000,121.298000,55.341000,4.454000
14,T,8.257000,115.154000,61.339000,4.438000
15,T,8.240000,115.029000,61.967000,4.275000
16,D,8.293000,122.427000,54.880000,4.494000
17,N,8.272000,118.916000,53.330000,4.577000
18,L,8.204000,121.173000,54.200000,4.191000
19,L,7.416000,117.286000,52.415000,4.273000
20,P,,,63.877000,4.271000
21,M,8.932000,116.784000,54.199000,4.841000
22,S,8.956000,119.167000,56.255000,4.771000
23,P,,,65.953000,4.312000
24,E,8.877000,116.283000,59.748000,4.163000
25,E,7.789000,121.298000,59.266000,3.787000
26,F,8.730000,119.543000,59.724000,4.364000
27,D,8.587000,121.549000,57.256000,4.097000
28,E,7.383000,119.793000,58.749000,4.155000
29,V,8.246000,118.540000,66.219000,3.595000
30,S,8.384000,115.154000,61.703000,3.912000
31,R,7.683000,121.549000,58.571000,4.027000
32,I,7.703000,119.167000,63.445000,3.859000
33,V,8.293000,116.157000,63.805000,3.901000
34,G,7.868000,108.258000,44.831000,3.966500
35,S,8.366000,116.408000,58.261000,4.389000
36,V,7.897000,122.928000,61.737000,4.054000
37,E,8.468000,124.057000,55.803000,4.306000
38,F,8.222000,122.427000,59.263000,4.360000
39,D,8.602000,120.044000,56.495000,4.380000
40,S,8.143000,114.527000,59.724000,4.328000
41,M,7.930000,120.044000,56.244000,4.374000
42,M,7.784000,117.035000,55.830000,4.232000
43,N,7.960000,117.537000,53.146000,4.831000
44,T,8.039000,114.026000,61.570000,4.432000
45,V,7.690000,125.812000,63.529000,4.030000
