seq_pos,aa,H,N,CA,HA
1,G,,,43.081000,3.908000
2,S,,,58.053000,4.524000
3,H,,,55.750000,4.721000
4,M,,,55.058000,4.495000
5,V,8.163000,122.854000,59.478000,4.464000
6,P,,,62.667000,4.437000
7,E,8.306000,123.231000,53.568000,4.654000
8,P,,,62.253000,4.490000
9,D,8.272000,118.511000,54.137000,4.456000
10,L,8.463000,121.343000,52.531000,4.356000
11,P,,,62.788000,4.553000
12,H,,,60.326000,3.989000
13,D,8.938000,114.734000,54.581000,4.460000
14,L,7.674000,116.056000,53.478000,4.546000
15,R,7.225000,116.434000,58.744000,3.809000
16,H,,,55.289000,4.703000
17,L,6.982000,120.399000,54.807000,4.071000
18,N,8.789000,121.343000,52.166000,4.857000
19,T,8.585000,115.301000,62.143000,4.522000
20,E,8.415000,125.119000,61.496000,4.337000
21,P,,,64.520000,4.422000
22,M,7.303000,110.769000,55.686000,4.062000
23,E,7.624000,118.699000,59.221000,3.918000
24,I,6.626000,111.524000,62.734000,3.999000
25,F,7.515000,118.322000,55.760000,4.524000
26,R,7.368000,118.888000,58.864000,4.024000
27,N,8.877000,117.000000,53.413000,4.732000
28,S,7.969000,114.356000,60.606000,4.440000
29,V,,,60.803000,4.304000
30,K,8.707000,127.196000,55.058000,4.552000
31,I,8.604000,125.497000,64.066000,3.662000
32,E,9.330000,118.888000,58.096000,4.162000
33,E,7.742000,117.566000,56.441000,4.334000
34,I,7.598000,117.566000,61.047000,4.216000
35,M,8.177000,122.665000,53.461000,4.733000
36,P,,,62.542000,4.743000
37,N,8.374000,117.378000,52.995000,4.752000
38,G,8.314000,108.881000,45.006000,3.965500
39,D,8.157000,121.154000,51.896000,4.939000
40,P,,,63.351000,4.483000
41,L,8.440000,119.644000,55.539000,4.262000
42,L,7.863000,120.399000,54.598000,4.353000
43,A,8.022000,123.420000,52.539000,4.330000
44,G,8.346000,107.559000,45.123000,3.973000
45,Q,8.204000,119.266000,55.686000,4.377000
46,N,8.556000,119.266000,53.216000,4.824000
47,T,8.127000,113.790000,61.564000,4.414000
48,V,8.140000,120.776000,62.146000,4.091000
49,D,8.287000,123.042000,54.308000,4.617000
50,E,8.242000,120.776000,56.521000,4.261000
51,V,8.044000,120.021000,62.472000,3.988000
52,Y,8.148000,122.854000,57.743000,4.598000
53,V,7.868000,121.721000,61.508000,4.114000
54,S,8.237000,119.077000,57.823000,4.422000
55,R,8.284000,123.798000,53.601000,4.701000
56,P,,,63.351000,4.485000
57,S,7.967000,121.343000,59.680000,4.272000
