seq_pos,aa,H,N,CA,HA
1,S,,,57.973000,4.499000
2,H,,,55.559000,4.713000
3,K,8.389000,123.119000,56.386000,4.290000
4,Q,8.533000,122.121000,55.760000,4.390000
5,T,8.281000,116.639000,61.724000,4.316000
6,L,8.328000,125.001000,55.093000,4.381000
7,L,8.264000,123.073000,54.936000,4.410000
8,S,8.499000,117.150000,57.757000,4.410000
9,D,8.416000,122.632000,54.678000,4.575000
10,E,8.486000,121.842000,58.488000,4.155000
11,D,8.301000,120.309000,55.901000,4.470000
12,A,8.114000,122.864000,55.422000,3.986000
13,E,8.105000,117.931000,59.175000,4.010000
14,L,7.813000,119.867000,56.960000,4.062000
15,V,8.491000,118.357000,67.142000,3.365000
16,E,7.411000,117.103000,59.203000,4.015000
17,I,7.574000,120.727000,63.982000,3.830000
18,V,8.294000,119.635000,66.364000,3.360000
19,K,8.780000,118.009000,60.096000,3.784000
20,E,7.567000,117.452000,58.728000,4.084000
21,R,8.156000,119.635000,61.243000,4.053500
22,L,8.436000,115.686000,56.667000,4.106000
23,R,7.404000,118.427000,59.004000,4.164500
24,N,7.322000,114.083000,51.014000,5.064000
25,P,,,63.698000,4.521000
26,K,8.672000,121.210000,52.767000,4.980000
27,P,,,63.859000,4.467000
28,V,9.036000,124.322000,61.506000,4.155000
29,R,8.437000,129.461000,55.189000,5.195000
30,V,8.822000,123.375000,59.055000,4.889000
31,T,7.855000,109.507000,59.052000,4.730000
32,L,8.841000,121.099000,57.892000,3.773000
33,D,7.983000,113.851000,55.837000,4.431000
34,E,7.561000,117.508000,55.918000,4.320000
35,L,7.219000,126.929000,56.109000,4.130000
