seq_pos,aa,H,N,CA,HA
1,V,8.398000,,60.781000,5.045000
2,C,9.217000,128.514000,57.354000,5.017000
3,A,7.577000,121.274000,52.672000,4.294000
4,A,9.064000,125.546000,53.048000,4.553000
5,Q,9.013000,123.087000,58.528000,4.099000
6,N,8.406000,115.683000,51.765000,4.883000
7,C,7.743000,122.794000,59.497000,4.975000
8,Q,9.862000,133.013000,56.768000,4.190000
9,R,10.074000,122.014000,55.345000,4.152000
10,P,,,62.703000,4.278000
11,C,8.488000,118.868000,58.146000,4.519000
12,K,7.827000,122.032000,56.836000,4.231000
13,D,8.348000,119.433000,55.877000,4.429000
14,K,7.898000,119.751000,55.647000,4.448000
15,V,7.977000,122.186000,61.261000,3.990000
16,D,7.749000,122.699000,54.120000,5.082000
17,W,9.513000,123.857000,57.700000,5.604000
18,V,10.238000,121.049000,61.089000,4.670000
19,Q,8.584000,130.340000,53.063000,4.635000
20,C,8.740000,126.319000,60.617000,4.588000
21,D,9.742000,130.603000,55.185000,5.079000
22,G,10.762000,116.158000,45.351000,3.846000
23,G,8.904000,109.769000,45.209000,4.119500
24,C,7.639000,119.776000,60.097000,4.465000
25,D,8.209000,117.501000,56.107000,4.283000
26,E,9.023000,123.133000,58.185000,4.372000
27,W,8.452000,118.126000,57.211000,4.967000
28,F,9.699000,119.283000,56.712000,4.994000
29,H,9.676000,124.436000,56.723000,4.400000
30,Q,8.537000,124.297000,60.606000,3.486000
31,V,8.688000,113.575000,64.333000,4.060000
32,C,6.893000,120.368000,62.650000,4.151000
33,V,7.137000,106.615000,60.138000,4.564000
34,G,7.506000,110.034000,47.029000,3.902000
35,V,7.621000,119.403000,61.084000,4.300000
36,S,8.007000,122.814000,55.564000,4.861000
37,P,,,65.551000,4.337000
38,E,8.520000,116.621000,59.321000,4.126000
39,M,7.707000,120.129000,58.076000,4.169000
40,A,8.214000,121.551000,54.188000,4.148000
41,E,7.823000,115.185000,57.775000,4.377000
42,N,7.817000,115.082000,54.343000,4.845000
43,E,8.140000,119.186000,55.221000,4.572000
44,D,8.392000,121.008000,53.829000,5.044000
45,Y,9.307000,124.739000,58.416000,4.508000
46,I,7.204000,128.235000,58.308000,4.464000
47,C,9.441000,131.299000,58.247000,4.132000
48,I,7.753000,113.316000,63.078000,3.968000
49,N,8.884000,121.756000,55.405000,4.729000
50,C,8.179000,123.907000,61.889000,4.121000
51,A,7.298000,128.056000,54.764000,3.802000
