seq_pos,aa,H,N,CA,HA
1,S,,,,
2,V,8.368000,119.964000,60.705000,5.250000
3,C,9.183000,128.120000,56.558000,5.172000
4,A,7.110000,117.697000,52.987000,4.234000
5,A,9.154000,125.563000,53.029000,4.565000
6,Q,8.946000,122.944000,58.555000,4.098000
7,N,8.399000,115.700000,51.808000,4.848000
8,C,7.655000,122.410000,59.479000,4.947000
9,Q,9.901000,133.116000,56.730000,4.193000
10,R,10.013000,121.692000,55.426000,4.138000
11,P,,,63.005000,4.178000
12,C,8.662000,120.690000,58.103000,4.629000
13,K,7.138000,121.573000,55.401000,4.406000
14,D,8.395000,118.919000,57.107000,4.301000
15,K,7.593000,117.259000,55.491000,4.818000
16,V,8.811000,123.375000,61.679000,4.083000
17,D,7.938000,124.698000,54.991000,5.639000
18,W,9.636000,123.330000,56.881000,5.793000
19,V,10.592000,122.558000,60.297000,5.409000
20,Q,8.359000,132.425000,53.251000,4.728000
21,C,8.618000,128.017000,61.339000,4.601000
22,D,10.211000,128.881000,56.782000,4.926000
23,G,11.136000,117.638000,45.651000,3.791000
24,G,8.906000,109.634000,45.165000,4.086500
25,C,7.599000,119.707000,60.192000,4.450000
26,D,8.156000,118.432000,56.106000,4.364000
27,E,9.181000,122.798000,58.179000,4.379000
28,W,8.472000,117.567000,57.313000,4.934000
29,F,9.792000,120.754000,56.788000,4.865000
30,H,9.889000,124.925000,57.127000,4.383000
31,Q,8.636000,124.356000,60.702000,3.563000
32,V,8.975000,114.507000,64.568000,4.096000
33,C,6.770000,120.275000,62.799000,4.139000
34,V,7.144000,106.458000,60.218000,4.599000
35,G,7.519000,110.261000,47.173000,3.925500
36,V,7.556000,117.579000,60.273000,4.480000
37,S,8.097000,122.439000,55.675000,4.846000
38,P,,,65.685000,4.467000
39,E,8.536000,116.083000,59.711000,4.080000
40,M,7.578000,119.520000,58.112000,4.224000
41,A,8.324000,121.259000,54.797000,3.975000
42,E,7.833000,112.040000,58.268000,4.273000
43,N,7.688000,113.488000,54.854000,4.764000
44,E,7.861000,118.109000,54.576000,4.777000
45,D,8.707000,123.334000,54.764000,4.755000
46,Y,9.868000,124.561000,58.409000,4.671000
47,I,7.520000,128.737000,58.279000,4.344000
48,C,9.142000,130.912000,58.302000,4.126000
49,I,7.748000,113.518000,63.096000,3.956000
50,N,8.859000,121.721000,55.433000,4.709000
51,C,8.213000,123.810000,62.048000,4.113000
52,A,7.258000,128.008000,54.913000,3.798000
