seq_pos,aa,H,N,CA,HA
1,L,7.390000,124.400000,51.280000,4.070000
2,P,,,60.360000,4.350000
3,A,8.290000,120.700000,49.010000,4.390000
4,X,6.820000,112.700000,53.540000,3.740000
