seq_pos,aa,H,N,CA,HA
1,S,,,58.624000,4.570000
2,V,8.341000,121.954000,62.793000,4.151000
3,E,8.521000,124.722000,56.955000,4.291000
4,K,8.323000,122.689000,56.688000,4.313000
5,L,8.369000,123.373000,55.480000,4.500000
6,T,,,62.000000,4.558000
7,A,8.649000,124.857000,55.552000,4.458000
8,D,8.286000,115.621000,57.733000,4.457000
9,A,7.887000,122.756000,55.014000,4.182000
10,E,8.390000,121.999000,59.105000,4.256000
11,L,8.395000,119.939000,58.407000,3.808000
12,Q,7.761000,117.305000,58.674000,4.008000
13,R,7.752000,121.241000,59.770000,4.053000
14,L,8.478000,120.898000,58.251000,3.974000
15,K,8.437000,123.214000,60.242000,3.368000
16,N,8.137000,117.923000,56.318000,4.270000
17,E,8.110000,120.249000,59.659000,4.146000
18,R,7.925000,119.801000,59.564000,4.057000
19,H,8.316000,117.802000,58.397000,4.574000
20,E,8.400000,121.996000,59.105000,4.268000
21,E,8.285000,119.798000,58.841000,4.204000
22,A,8.037000,122.418000,54.158000,4.270000
23,E,8.039000,119.517000,58.023000,4.291000
24,L,7.962000,120.617000,57.213000,4.226000
25,E,8.093000,119.473000,58.095000,4.140000
26,R,7.954000,120.670000,57.677000,4.210000
27,L,8.038000,120.818000,56.096000,4.270000
28,K,7.944000,119.960000,57.168000,4.270000
29,S,8.030000,115.496000,58.590000,4.466000
30,E,8.157000,122.569000,56.654000,4.291000
31,Y,7.618000,125.071000,59.163000,4.401000
