seq_pos,aa,H,N,CA,HA
1,S,,,57.727000,4.487000
2,H,,,55.844000,4.636000
3,M,8.230000,121.881000,54.903000,4.430000
4,A,8.269000,126.758000,51.255000,4.586000
5,P,,,61.257000,4.705000
6,E,8.468000,121.693000,56.550000,4.150000
7,D,8.574000,120.873000,51.255000,5.200000
8,P,,,63.610000,4.465000
9,N,8.301000,117.190000,53.558000,4.809000
10,E,7.366000,122.354000,60.800000,3.641000
11,E,8.618000,120.391000,59.139000,3.933000
12,A,8.280000,122.378000,55.205000,4.180000
13,V,7.773000,116.653000,66.199000,3.974000
14,S,8.288000,115.328000,60.786000,4.620000
15,Q,7.775000,119.350000,57.492000,4.190000
16,I,7.217000,117.427000,61.492000,3.788000
17,F,8.370000,117.389000,55.374000,4.407000
18,P,,,62.669000,4.784000
19,D,9.127000,123.618000,57.927000,4.261000
20,S,8.624000,112.914000,,4.816000
21,V,7.380000,123.280000,64.316000,3.958000
22,M,7.638000,117.825000,55.844000,4.266000
23,L,8.102000,119.633000,56.786000,4.132000
24,A,7.464000,120.682000,84.840000,4.197000
25,V,7.668000,112.530000,62.434000,4.258000
26,Q,7.806000,121.794000,56.786000,4.308000
27,E,8.340000,120.410000,56.315000,4.349000
28,G,8.295000,109.255000,45.792000,4.064000
29,I,7.889000,119.126000,60.786000,4.166000
30,D,8.442000,123.665000,55.255000,4.577000
31,L,8.141000,122.359000,55.205000,4.292000
32,L,8.840000,120.762000,54.903000,4.256000
33,T,7.728000,113.606000,61.220000,4.226000
34,F,8.181000,123.600000,55.138000,4.825000
35,P,,,62.900000,4.765000
36,P,,,62.434000,4.422000
37,A,8.370000,125.277000,50.263000,4.429000
38,P,,,63.140000,4.388000
39,G,8.503000,109.831000,74.671000,3.938000
40,S,8.800000,116.937000,56.800000,4.748000
41,P,,,63.140000,4.441000
42,E,7.948000,125.966000,57.727000,4.820000
