seq_pos,aa,H,N,CA,HA
1,R,8.270000,117.300000,59.900000,3.860000
2,G,9.370000,105.000000,47.200000,3.625000
3,Q,6.980000,117.350000,59.100000,3.830000
4,I,7.760000,119.650000,65.600000,3.480000
5,L,7.830000,119.200000,58.250000,3.820000
6,W,7.650000,119.200000,61.100000,4.120000
7,F,8.400000,117.800000,59.700000,4.390000
8,R,8.360000,120.800000,59.600000,4.140000
9,G,8.330000,106.400000,47.200000,3.640000
10,L,9.090000,120.900000,58.500000,4.150000
11,N,8.380000,116.900000,56.700000,4.440000
12,R,7.900000,120.100000,60.200000,3.980000
13,I,8.230000,120.350000,63.800000,3.840000
14,Q,8.830000,118.700000,60.000000,3.990000
15,T,8.140000,117.500000,67.400000,3.890000
16,Q,8.320000,120.650000,60.600000,4.100000
17,I,8.690000,119.400000,66.150000,3.470000
18,K,7.950000,120.280000,60.050000,3.900000
19,V,8.280000,120.660000,65.900000,3.430000
20,V,8.420000,119.990000,68.390000,3.580000
21,K,8.300000,119.290000,59.980000,4.050000
22,A,7.690000,123.910000,54.950000,3.900000
23,F,7.920000,118.200000,61.260000,4.120000
24,H,7.960000,117.760000,57.200000,4.530000
25,S,7.980000,116.970000,58.570000,4.340000
26,S,7.860000,124.000000,58.300000,4.170000
