seq_pos,aa,H,N,CA,HA
1,I,8.098000,122.044000,61.618000,4.105000
2,G,8.261000,111.557000,45.242000,3.838000
3,T,7.902000,113.204000,62.183000,3.990000
4,D,7.788000,122.502000,54.312000,4.363000
5,K,8.337000,123.095000,58.199000,4.125000
6,E,8.357000,120.136000,58.606000,4.153000
7,L,8.030000,113.640000,54.307000,4.456000
8,S,7.899000,116.332000,61.667000,4.498000
9,D,8.446000,117.090000,53.780000,4.391000
10,L,7.754000,119.159000,55.429000,4.327000
11,L,7.628000,118.594000,53.159000,4.688000
12,D,,,51.889000,4.771000
13,F,8.322000,123.385000,60.705000,4.161000
14,S,8.395000,115.357000,61.097000,4.303000
15,A,7.453000,119.732000,52.359000,4.340000
16,M,7.451000,116.930000,56.753000,4.101000
17,F,7.793000,117.773000,57.057000,4.790000
18,S,7.750000,121.597000,60.714000,4.283000
