seq_pos,aa,H,N,CA,HA
1,L,,,55.786000,4.414000
2,A,8.431000,125.673000,52.873000,4.312000
3,E,8.390000,119.796000,57.081000,4.260000
4,L,8.128000,122.667000,55.463000,4.304000
5,Y,8.137000,120.346000,58.052000,4.637000
6,G,8.316000,110.460000,45.428000,3.984000
7,S,8.131000,115.363000,58.052000,4.513000
8,D,8.474000,123.461000,52.549000,4.950000
9,P,,,63.879000,4.487000
10,Q,8.556000,119.517000,55.786000,4.414000
11,E,8.226000,121.349000,57.081000,4.486000
12,E,8.179000,120.904000,55.463000,5.052000
13,L,8.644000,124.961000,54.491000,4.721000
14,I,8.304000,126.114000,60.965000,4.930000
15,I,8.899000,128.276000,61.613000,4.543000
