seq_pos,aa,H,N,CA,HA
1,P,,,,4.266000
2,S,8.491000,116.118000,,4.257000
3,E,8.409000,122.503000,,4.073000
4,I,8.041000,120.387000,,3.902000
5,E,8.215000,123.950000,,4.073000
6,Q,8.214500,120.301000,,4.079000
7,G,8.156500,108.313000,,3.684000
8,F,8.026000,119.162000,,4.433000
9,L,8.526500,122.926000,,4.034000
10,P,,,,4.438500
11,K,8.418500,121.287000,,4.026000
12,G,9.158000,114.164000,,3.939000
13,W,7.835000,117.486000,,6.036000
14,E,9.303500,120.357000,,4.674500
15,V,8.519500,122.151000,,4.621000
16,R,7.919000,127.156000,,4.184000
17,H,8.332000,116.091000,,4.921000
18,A,9.300000,127.399000,,4.476000
19,P,,,,4.481000
20,N,7.714500,111.950000,,4.442000
21,G,8.613000,109.071000,,3.864750
22,R,7.823000,124.055000,,4.501500
23,P,,,,4.690000
24,F,8.868500,118.172000,,4.827000
25,F,9.061500,117.154000,,4.944500
26,I,9.224500,123.568000,,4.024000
27,D,8.203500,124.055000,,3.525000
28,H,8.825500,122.882000,,4.152000
29,N,8.332000,115.161000,,4.197000
30,T,6.347000,131.452000,,4.040000
31,K,7.563000,119.279000,,2.107000
32,T,7.248500,107.676000,,4.541500
33,T,8.052000,109.315000,,5.351500
34,T,9.088500,113.743000,,4.601500
35,W,8.964500,125.583000,,5.246500
36,E,8.777500,120.468000,,4.075000
37,D,8.108500,126.890000,,2.235000
38,P,,,,3.786500
39,R,8.281000,118.881000,,3.677000
40,L,7.128000,117.443000,,4.028500
41,K,7.331000,120.003000,,4.041000
42,I,7.945500,124.255000,,4.196000
43,P,,,,4.171000
44,A,8.363500,125.145000,,4.047000
45,H,7.877500,122.616000,,4.273000
