seq_pos,aa,H,N,CA,HA
1,P,,,61.932000,4.288000
2,S,8.461500,116.394500,57.070000,4.358250
3,E,8.395500,122.771500,,4.177000
4,I,8.034000,120.660000,59.987000,3.999750
5,E,8.202000,124.285500,,4.154500
6,Q,8.203250,120.611500,54.154000,4.151750
7,G,8.135000,108.624500,42.486000,3.758750
8,F,8.004750,119.368500,55.126000,4.531750
9,L,8.497000,123.138000,52.209000,4.139250
10,P,,,59.015000,4.401375
11,K,8.398250,121.512500,56.098000,4.126750
12,G,9.160500,114.419000,43.459000,4.048687
13,W,7.794500,117.687000,53.181000,6.167375
14,E,9.279000,120.173000,53.181000,4.774000
15,V,8.507750,121.961000,57.070000,4.744625
16,R,7.938500,127.685500,52.209000,4.263000
17,H,8.262500,116.316500,55.126000,5.029000
18,A,9.321000,127.666000,49.292000,4.585500
19,P,,,63.876000,4.383750
20,N,7.695750,112.197500,51.237000,4.554000
21,G,8.594750,109.459000,43.459000,3.948500
22,R,7.743500,124.604000,52.209000,4.613375
23,P,,,59.987000,4.776000
24,F,8.889750,118.699500,53.181000,4.996250
25,F,9.108000,117.439500,55.126000,5.068875
26,I,9.181000,123.933000,58.043000,4.088375
27,D,8.189500,124.177000,49.292000,3.691250
28,H,8.673500,123.113000,,4.240125
29,N,8.305250,115.284500,53.181000,4.305000
30,T,6.317250,129.104000,59.015000,4.127750
31,K,7.531750,119.498000,54.154000,2.044750
32,T,7.124250,107.904500,57.070000,4.616875
33,T,7.958250,109.415000,57.070000,5.464625
34,T,9.018250,113.843000,57.556000,4.694375
35,W,8.918750,125.726500,56.098000,5.400875
36,E,8.734500,120.631000,54.154000,4.153250
37,D,8.064250,127.209500,49.292000,2.304500
38,P,,,60.959000,4.020000
39,R,8.260500,119.222000,55.126000,3.779000
40,L,7.107250,117.676500,,4.142000
41,K,7.297750,120.224500,54.154000,4.143250
42,I,7.915500,124.489000,56.098000,4.282250
43,P,,,,9.014500
44,A,8.344750,125.376000,51.237000,4.154000
45,H,7.846750,122.941500,55.126000,4.361750
