seq_pos,aa,H,N,CA,HA
1,G,,,44.170000,3.720000
2,A,,,52.490000,4.380000
3,M,,,55.530000,4.520000
4,G,,,45.120000,3.970000
5,R,,,53.850000,4.650000
6,P,,,63.060000,4.460000
7,K,,,56.760000,4.270000
8,T,,,61.630000,4.150000
9,L,7.870000,124.470000,54.660000,4.490000
10,F,7.480000,117.340000,56.510000,4.970000
11,E,9.100000,121.270000,52.830000,4.940000
12,P,,,63.730000,3.960000
13,G,9.310000,112.780000,44.810000,3.980000
14,E,7.800000,120.560000,56.620000,4.430000
15,M,8.590000,121.730000,54.650000,5.230000
16,V,8.990000,116.350000,58.670000,5.080000
17,R,8.980000,121.270000,58.670000,5.050000
18,V,8.750000,127.210000,62.900000,4.320000
19,N,9.080000,125.890000,52.510000,5.080000
20,D,7.350000,116.780000,53.740000,4.970000
21,G,8.350000,108.360000,45.180000,4.125000
22,P,,,64.510000,4.210000
23,F,,,55.820000,4.460000
24,A,7.300000,121.290000,54.120000,3.530000
25,D,8.940000,114.140000,57.160000,4.220000
26,F,8.360000,119.690000,58.490000,4.670000
27,N,8.610000,117.840000,51.960000,5.720000
28,G,8.780000,106.190000,45.570000,4.145000
29,V,7.860000,118.290000,60.030000,4.900000
30,V,9.030000,126.440000,64.920000,3.710000
31,E,9.510000,129.100000,57.320000,4.670000
32,E,7.590000,115.730000,55.370000,4.630000
33,V,8.830000,122.120000,61.770000,4.250000
34,D,8.740000,126.550000,52.020000,5.000000
35,Y,8.820000,122.650000,61.770000,4.320000
36,E,8.440000,120.210000,59.230000,4.180000
37,K,7.470000,115.670000,55.110000,4.330000
38,S,7.450000,113.860000,58.220000,2.520000
39,R,7.680000,117.440000,53.210000,5.190000
40,L,9.330000,121.410000,53.470000,5.020000
41,K,8.440000,120.210000,55.250000,5.150000
42,V,9.210000,124.940000,59.170000,4.760000
43,S,9.160000,120.950000,57.390000,4.810000
44,V,8.700000,125.240000,,
45,S,8.650000,119.420000,57.390000,4.840000
46,I,8.350000,126.400000,,
47,G,,,44.590000,4.105000
48,R,7.830000,119.640000,,
49,A,,,52.420000,4.550000
50,T,,,60.130000,4.810000
51,P,,,62.930000,4.640000
52,V,9.120000,123.960000,62.210000,4.160000
53,E,,,55.040000,5.310000
54,L,8.960000,125.260000,53.780000,4.850000
55,D,8.740000,119.900000,54.480000,5.160000
56,F,8.130000,121.660000,58.830000,4.140000
57,S,8.550000,109.690000,60.210000,4.420000
58,Q,7.840000,119.120000,56.280000,4.750000
59,V,7.380000,110.610000,58.710000,5.300000
60,E,8.730000,117.960000,53.750000,4.880000
61,K,8.780000,122.290000,57.950000,4.380000
62,A,7.920000,131.760000,53.410000,4.200000
