seq_pos,aa,H,N,CA,HA
1,K,,,56.810000,4.356000
2,N,,,53.210000,5.267000
3,E,8.723000,119.960000,56.850000,4.019000
4,D,8.211000,118.220000,53.990000,4.477000
5,E,7.231000,116.179000,53.976000,4.084000
6,C,8.170000,122.270000,57.740000,4.068000
7,A,9.020000,111.380000,54.700000,3.956000
8,V,9.006000,119.630000,65.264000,4.032000
9,C,8.051000,117.354000,59.240000,4.894000
10,R,8.048000,116.850000,57.300000,4.039000
11,D,8.332000,120.130000,51.330000,5.346000
12,G,8.438000,128.950000,43.860000,4.016500
13,G,8.605000,109.340000,44.100000,4.157000
14,E,8.755000,125.320000,56.880000,4.231000
15,L,8.062000,125.640000,52.978000,4.862000
16,I,9.308000,120.280000,59.710000,4.733000
17,C,,,59.370000,4.554000
18,C,8.624000,126.140000,61.740000,4.794000
19,D,8.295000,120.443000,56.560000,4.948000
20,G,10.512000,113.090000,,4.105000
21,C,7.968000,124.059000,57.530000,4.974000
22,P,,,63.750000,4.785000
23,R,8.732000,120.290000,58.830000,4.041000
24,A,8.595000,124.400000,50.490000,5.357000
25,F,8.846000,113.607000,57.024000,5.645000
26,H,8.652000,121.180000,58.470000,4.941000
27,L,8.956000,124.560000,59.014000,3.816000
28,A,8.285000,114.361000,53.413000,4.314000
29,C,7.579000,115.617000,61.300000,4.344000
30,L,6.744000,120.667000,55.203000,4.082000
31,S,7.940000,113.406000,54.150000,4.732000
32,P,,,62.310000,5.069000
33,P,,,63.425000,4.292000
34,L,7.337000,120.941000,53.705000,4.560000
35,R,8.662000,118.789000,56.633000,4.233000
36,E,7.336000,115.407000,54.096000,4.454000
37,I,8.614000,124.029000,59.650000,3.855000
38,P,,,62.950000,4.467000
39,S,8.509000,116.580000,58.960000,4.347000
40,G,8.351000,111.340000,45.250000,4.174000
41,T,,,62.600000,4.348000
42,W,8.966000,128.820000,59.882000,4.331000
43,R,6.771000,124.265000,53.157000,5.156000
44,C,9.197000,124.586000,57.513000,3.681000
45,S,8.213000,111.881000,61.653000,3.924000
46,S,8.232000,119.204000,61.961000,4.317000
47,C,8.350000,125.925000,65.055000,3.896000
48,L,8.038000,119.740000,56.670000,3.959000
49,Q,7.650000,118.400000,56.890000,4.145000
50,A,7.720000,122.740000,53.080000,4.301000
51,T,7.913000,112.960000,62.346000,4.281000
52,V,8.054000,123.078000,62.503000,4.083000
53,Q,8.429000,125.400000,55.820000,4.342000
54,E,8.097000,128.690000,58.290000,4.085000
