seq_pos,aa,H,N,CA,HA
1,G,,,43.232000,3.882000
2,S,8.764000,116.654000,56.665000,4.822000
3,P,,,63.686000,4.414000
4,E,8.547000,119.620000,56.957000,4.148000
5,F,8.098000,119.216000,57.530000,4.637000
6,D,8.349000,121.466000,54.282000,4.609000
7,S,8.266000,116.004000,58.417000,4.387000
8,A,8.393000,125.120000,52.863000,4.302000
9,E,8.266000,118.732000,56.604000,4.220000
10,E,8.353000,121.265000,56.401000,4.258000
11,K,8.332000,122.140000,55.626000,4.359000
12,L,8.406000,124.314000,52.807000,4.467000
13,P,,,62.690000,4.447000
14,F,7.475000,118.569000,55.432000,4.096000
15,P,,,62.940000,4.742000
16,P,,,64.083000,4.277000
17,D,8.437000,113.468000,53.882000,4.391000
18,I,7.024000,117.218000,58.674000,4.028000
19,D,8.801000,126.637000,50.639000,4.864000
20,P,,,64.376000,3.605000
21,Q,7.979000,112.299000,58.874000,4.069000
22,V,7.290000,116.880000,65.435000,3.595000
23,F,7.549000,118.636000,62.018000,3.772000
24,Y,7.924000,111.843000,60.294000,4.302000
25,E,7.579000,116.731000,56.299000,4.187000
26,L,7.236000,118.683000,52.726000,4.113000
27,P,,,62.499000,4.456000
28,E,9.250000,125.682000,60.347000,3.713000
29,E,9.529000,116.022000,59.689000,4.011000
30,V,6.931000,119.056000,64.813000,3.800000
31,Q,7.837000,118.144000,59.365000,3.451000
32,K,8.054000,114.920000,59.619000,3.950000
33,E,7.438000,120.466000,59.156000,3.991000
34,L,8.139000,119.847000,57.392000,3.534000
35,M,8.069000,115.122000,58.190000,4.055000
36,A,7.744000,119.547000,54.852000,4.197000
37,E,7.601000,119.224000,58.868000,4.143000
38,W,8.633000,121.155000,58.374000,4.696000
39,E,8.512000,119.328000,59.090000,4.141000
40,R,7.885000,119.176000,58.584000,4.151000
41,A,8.169000,120.644000,53.535000,4.290000
42,G,8.038000,105.773000,45.719000,3.953000
43,A,7.927000,122.105000,52.659000,4.270000
44,A,8.050000,121.003000,52.180000,4.297000
45,R,8.145000,120.351000,53.998000,4.613000
46,P,,,63.247000,4.445000
47,S,8.481000,115.382000,58.278000,4.390000
48,A,8.384000,125.055000,52.382000,4.316000
49,H,8.377000,117.339000,55.198000,4.671000
50,R,8.239000,127.354000,57.590000,4.166000
