seq_pos,aa,H,N,CA,HA
1,G,,,43.403000,3.923000
2,S,8.809000,113.768000,58.447000,4.532000
3,D,8.686000,120.187000,54.455000,4.699000
4,T,8.204000,111.886000,61.810000,4.391000
5,S,8.401000,115.891000,58.784000,4.434000
6,D,8.386000,120.145000,54.224000,4.637000
7,L,8.117000,121.099000,53.305000,4.574000
8,P,,,62.876000,4.446000
9,L,8.337000,119.929000,55.513000,4.198000
10,Q,8.351000,118.477000,55.754000,4.250000
11,A,8.188000,122.523000,51.934000,4.264000
12,L,8.028000,119.385000,52.491000,4.279000
13,P,,,62.509000,4.360000
14,E,8.585000,120.123000,57.813000,4.022000
15,G,8.741000,109.183000,45.242000,3.910500
16,V,7.260000,116.463000,62.173000,3.909000
17,D,8.791000,125.810000,54.014000,4.548000
18,Q,9.096000,125.654000,59.324000,3.840000
19,E,8.253000,116.428000,58.798000,4.054000
20,V,7.851000,118.218000,66.212000,3.283000
21,F,8.299000,115.860000,62.072000,3.689000
22,K,7.666000,111.612000,58.342000,3.807000
23,Q,7.515000,113.708000,55.021000,4.224000
24,L,7.056000,117.311000,52.345000,4.326000
25,P,,,62.082000,4.438000
26,A,8.883000,123.111000,55.372000,4.018000
27,D,8.903000,112.752000,56.406000,4.337000
28,I,7.198000,120.535000,63.944000,3.805000
29,Q,8.139000,116.944000,59.959000,3.632000
30,E,8.002000,114.113000,59.264000,4.050000
31,E,7.646000,119.382000,59.423000,4.011000
32,I,8.173000,117.774000,64.241000,3.816000
33,L,8.383000,116.633000,57.271000,4.090000
34,S,8.190000,110.734000,59.639000,4.448000
35,G,8.007000,108.167000,46.182000,4.024000
36,K,8.083000,117.662000,56.428000,4.366000
37,S,8.204000,113.150000,58.795000,4.398000
38,R,8.526000,121.095000,56.688000,4.285000
39,E,8.763000,118.990000,57.519000,4.138000
40,N,8.426000,116.728000,53.308000,4.688000
41,L,8.227000,120.630000,55.332000,4.304000
42,K,8.207000,118.607000,56.667000,4.284000
43,G,8.383000,107.468000,45.278000,3.968000
44,K,8.320000,118.800000,56.500000,4.333000
45,G,8.586000,108.073000,45.296000,3.992000
46,S,8.264000,113.546000,58.379000,4.478000
47,L,8.456000,122.135000,55.255000,4.448000
48,S,7.932000,119.382000,59.938000,4.255000
