seq_pos,aa,H,N,CA,HA
1,G,,,43.626000,3.870000
2,S,,,58.751000,4.497000
3,Q,8.675000,122.166000,56.596000,4.298000
4,E,8.453000,121.085000,56.928000,4.287000
5,D,8.277000,120.965000,54.709000,4.617000
6,S,8.204000,115.975000,58.918000,4.412000
7,D,8.458000,122.600000,55.000000,4.653000
8,S,8.227000,116.313000,59.550000,4.344000
9,E,8.393000,122.385000,57.366000,4.228000
10,L,7.967000,120.782000,56.036000,4.112000
11,E,8.097000,119.612000,58.003000,3.976000
12,Q,8.001000,118.767000,56.772000,4.074000
13,Y,7.840000,119.616000,58.683000,4.270000
14,F,7.895000,118.796000,58.176000,4.451000
15,T,7.796000,113.859000,62.197000,4.063000
16,A,7.899000,125.392000,52.590000,4.082000
17,R,7.832000,119.538000,55.834000,4.156000
18,W,7.513000,126.543000,58.394000,4.443000
