seq_pos,aa,H,N,CA,HA
1,T,7.990000,117.300000,58.800000,
2,M,8.250000,124.400000,50.500000,
3,G,8.370000,108.900000,42.400000,
4,L,7.920000,121.600000,52.400000,
5,V,8.050000,120.800000,59.400000,
6,D,8.300000,124.200000,51.500000,
7,S,8.130000,116.200000,55.500000,
8,N,8.370000,121.400000,48.800000,
9,A,8.260000,125.700000,47.500000,
10,E,8.550000,120.500000,54.100000,
11,S,8.240000,116.300000,55.600000,
12,Q,8.300000,122.200000,53.100000,
13,E,8.250000,121.700000,53.900000,
14,K,8.270000,122.800000,53.200000,
15,K,8.220000,124.000000,51.300000,
16,L,8.260000,122.700000,52.300000,
17,K,8.180000,123.200000,51.200000,
18,A,8.350000,126.600000,49.600000,
19,S,8.260000,116.700000,53.500000,
20,E,8.480000,120.400000,54.200000,
21,T,8.040000,115.600000,59.500000,
22,K,8.190000,123.900000,53.800000,
23,K,8.180000,122.400000,53.600000,
24,A,8.210000,125.300000,49.800000,
25,R,8.250000,120.400000,53.700000,
26,D,8.230000,121.500000,51.600000,
27,A,8.180000,124.700000,50.100000,
28,S,8.270000,114.600000,56.200000,
29,I,7.820000,121.900000,58.600000,
30,I,7.980000,124.500000,58.400000,
31,E,8.340000,125.300000,53.800000,
32,K,8.290000,122.300000,53.800000,
33,G,8.370000,110.000000,42.500000,
34,E,8.250000,120.400000,53.800000,
35,E,8.490000,121.600000,54.200000,
36,H,8.300000,120.100000,53.500000,
37,L,7.980000,122.900000,52.700000,
38,I,7.950000,121.600000,58.900000,
39,E,8.320000,124.100000,54.500000,
40,A,8.140000,123.800000,50.500000,
41,H,8.120000,118.400000,54.300000,
42,K,8.050000,121.700000,55.100000,
43,E,8.380000,120.600000,54.900000,
44,S,8.130000,116.200000,56.800000,
45,M,8.060000,121.000000,53.600000,
46,R,8.080000,121.500000,54.500000,
47,A,8.050000,123.800000,50.300000,
48,L,7.850000,119.800000,52.600000,
49,G,8.050000,107.900000,42.400000,
50,F,7.760000,119.500000,54.800000,
51,K,8.160000,123.900000,53.400000,
52,I,7.620000,127.300000,60.000000,
