seq_pos,aa,H,N,CA,HA
1,G,,,,3.988000
2,P,,,63.319000,4.488000
3,G,8.732000,109.710000,45.219000,4.035500
4,S,8.254000,114.511000,59.043000,4.415000
5,E,9.241000,124.125000,61.031000,3.720000
6,E,8.318000,118.693000,60.708000,3.987000
7,V,7.678000,117.376000,66.243000,3.758000
8,S,8.019000,116.402000,63.079000,3.762000
9,A,8.489000,122.461000,56.122000,3.648000
10,M,7.617000,115.429000,59.386000,4.750000
11,V,7.975000,119.879000,66.811000,3.554000
12,I,7.272000,119.244000,66.113000,3.331000
13,Q,8.996000,119.577000,60.398000,3.801000
14,R,8.816000,117.433000,59.981000,4.111000
15,A,7.960000,122.443000,55.261000,4.207000
16,F,9.383000,121.241000,62.286000,4.486000
17,R,8.773000,118.824000,61.393000,3.744000
18,R,7.983000,119.962000,60.011000,4.114000
19,H,7.906000,120.592000,58.782000,4.553000
20,L,8.290000,119.072000,57.635000,3.587000
21,L,7.636000,120.055000,57.726000,4.132000
22,Q,8.088000,118.114000,58.440000,4.027000
23,R,8.004000,118.258000,58.362000,4.054000
24,S,7.846000,114.751000,60.176000,4.339000
25,L,7.791000,122.118000,56.114000,4.271000
26,K,7.834000,119.452000,56.931000,4.224000
27,H,8.152000,118.465000,55.898000,4.627000
28,A,8.148000,124.074000,52.836000,4.294000
29,S,8.183000,114.332000,58.489000,4.397000
30,F,8.124000,121.467000,57.640000,4.695000
31,L,7.716000,127.980000,56.848000,4.197000
