seq_pos,aa,H,N,CA,HA
1,S,8.098000,,,4.426000
2,Y,8.251000,,,4.624000
3,E,7.908000,,57.035000,4.275000
4,T,7.901000,113.376000,61.439000,4.391000
5,D,8.246000,122.261000,54.476000,4.618000
6,H,8.209000,116.508000,56.267000,4.892000
7,Q,8.595000,119.228000,54.745000,4.328000
8,D,7.981000,117.016000,52.485000,4.481000
9,Y,6.416000,112.948000,53.592000,4.462000
10,C,8.349000,121.426000,57.211000,3.961000
11,E,8.801000,130.573000,57.531000,4.113000
12,V,8.820000,119.129000,65.444000,3.995000
13,C,7.945000,116.836000,58.742000,5.011000
14,Q,8.454000,117.161000,58.301000,4.070000
15,Q,8.416000,118.402000,54.273000,4.845000
16,G,8.573000,108.173000,44.041000,4.171500
17,G,8.668000,110.692000,44.715000,4.131500
18,E,8.891000,125.737000,56.600000,4.326000
19,I,7.893000,119.280000,59.162000,4.629000
20,I,9.189000,121.444000,59.767000,4.308000
21,L,8.432000,123.720000,53.762000,4.624000
22,C,8.528000,125.169000,61.240000,4.645000
23,D,9.230000,127.666000,57.986000,5.008000
24,T,10.045000,113.406000,61.564000,4.551000
25,C,8.289000,128.016000,58.854000,4.846000
26,P,,,64.055000,4.220000
27,R,9.196000,121.255000,58.344000,3.787000
28,A,7.078000,119.885000,50.016000,5.564000
29,Y,8.862000,114.788000,57.397000,5.473000
30,H,9.517000,120.449000,57.812000,4.956000
31,M,9.379000,125.337000,60.388000,3.985000
32,V,8.174000,111.873000,64.151000,4.045000
33,C,6.912000,118.786000,62.251000,4.210000
34,L,7.478000,120.422000,56.358000,4.310000
35,D,8.033000,117.028000,52.092000,4.782000
36,P,,,64.357000,4.419000
37,D,8.308000,116.733000,54.221000,4.702000
38,M,7.701000,122.495000,56.958000,4.146000
39,E,8.577000,124.628000,57.060000,4.237000
40,K,7.693000,119.280000,54.799000,4.360000
41,A,8.438000,126.779000,50.633000,4.288000
42,P,,,63.378000,4.231000
43,E,8.390000,121.555000,55.944000,4.379000
44,G,8.316000,110.846000,44.740000,3.969500
45,K,8.186000,122.338000,56.682000,4.418000
46,W,9.782000,129.570000,59.114000,4.661000
47,S,7.304000,122.730000,56.923000,5.106000
48,C,9.121000,128.696000,57.030000,3.461000
49,P,,,65.344000,4.192000
50,H,8.241000,119.267000,60.458000,4.161000
51,C,8.250000,124.155000,65.144000,3.829000
52,E,8.310000,118.638000,58.890000,3.911000
53,K,7.565000,119.075000,58.016000,4.103000
54,E,7.822000,118.445000,56.862000,4.170000
55,G,7.871000,108.526000,45.530000,3.928000
56,I,7.854000,120.736000,61.290000,4.122000
57,Q,7.924000,129.444000,57.176000,4.185000
