seq_pos,aa,H,N,CA,HA
1,N,8.531000,119.697000,53.439000,4.665000
2,Q,8.345000,120.495000,56.006000,4.279000
3,E,8.393000,121.647000,56.677000,4.198000
4,F,8.140000,119.996000,57.282000,4.658000
5,D,8.365000,122.057000,54.227000,4.630000
6,S,8.238000,116.413000,58.381000,4.414000
7,E,8.521000,122.606000,56.608000,4.277000
8,E,8.428000,122.174000,56.489000,4.305000
9,E,8.321000,121.365000,56.545000,4.339000
10,T,8.305000,116.377000,61.704000,4.395000
11,V,8.291000,122.870000,62.223000,4.145000
12,E,8.540000,124.767000,56.513000,4.273000
13,D,8.362000,121.808000,54.531000,4.594000
14,S,8.224000,115.830000,58.410000,4.406000
15,L,8.242000,123.717000,55.185000,4.391000
16,V,8.033000,120.824000,62.305000,4.097000
17,E,8.490000,124.701000,56.419000,4.284000
18,D,8.339000,121.736000,54.328000,4.563000
19,S,8.160000,115.684000,58.275000,4.372000
20,E,8.303000,122.546000,56.484000,4.239000
