seq_pos,aa,H,N,CA,HA
1,G,8.005000,110.167000,41.884000,3.926000
2,P,,,60.170000,4.260000
3,L,8.585000,122.542000,51.060000,3.962000
4,P,,,59.649000,4.288000
5,D,8.296000,119.934000,53.826000,4.198000
6,G,8.645000,112.914000,42.827000,3.729500
7,W,7.717000,117.959000,53.630000,5.602000
8,E,9.347000,121.108000,52.556000,4.557000
9,Q,8.818000,125.179000,53.077000,4.320000
10,A,8.546000,131.427000,48.196000,4.191000
11,M,7.887000,116.730000,51.450000,5.348000
12,T,9.457000,116.448000,58.608000,4.488000
13,Q,9.451000,,55.940000,3.964000
14,D,7.491000,115.321000,51.385000,4.610000
15,G,7.822000,108.485000,43.446000,3.779000
16,E,7.542000,119.367000,52.979000,4.299000
17,I,8.546000,126.460000,58.934000,4.436000
18,Y,8.340000,123.977000,53.467000,4.321000
19,Y,8.737000,115.680000,54.736000,5.008000
20,I,9.236000,122.209000,58.023000,4.209000
21,N,8.279000,124.734000,47.871000,3.945000
22,H,8.478000,121.953000,56.493000,4.051000
23,K,7.924000,118.804000,56.786000,3.841000
24,N,6.562000,113.401000,48.814000,4.400000
25,K,7.091000,116.448000,53.956000,2.672000
26,T,7.314000,108.459000,57.242000,4.575000
27,T,7.919000,109.143000,56.624000,5.236000
28,S,9.221000,111.967000,54.410000,4.549000
29,W,9.053000,125.179000,55.582000,4.955000
30,L,7.815000,119.679000,51.645000,4.241000
31,D,7.976000,125.068000,48.001000,2.744000
32,P,,,60.300000,3.642000
33,R,8.149000,119.005000,54.964000,3.624000
34,L,7.055000,117.575000,51.938000,3.990000
