seq_pos,aa,H,N,CA,HA
1,D,7.991000,116.906000,51.651000,4.222000
2,V,7.178000,,,4.021000
3,P,,,60.697000,4.134000
4,L,8.385000,121.868000,50.677000,4.008000
5,P,,,,4.270000
6,A,8.264000,123.489000,51.341000,3.986000
7,G,8.639000,110.098000,42.648000,3.704500
8,W,7.566000,117.088000,53.649000,5.507000
9,E,9.269000,121.774000,52.752000,4.527000
10,M,8.886000,125.905000,52.513000,4.228000
11,A,8.269000,130.249000,48.066000,4.150000
12,K,7.941000,115.539000,51.873000,5.245000
13,T,9.140000,113.631000,58.608000,4.232000
14,S,8.473000,,55.875000,4.065000
15,S,8.219000,117.908000,55.972000,4.405000
16,G,7.972000,110.557000,42.827000,3.743000
17,Q,7.394000,120.665000,53.435000,4.221000
18,R,8.807000,126.673000,53.858000,4.239000
19,Y,8.616000,120.212000,53.305000,4.467000
20,F,8.851000,115.961000,54.899000,5.102000
21,L,9.285000,123.131000,58.153000,4.531000
22,N,8.273000,124.516000,,3.691000
23,H,8.502000,,,4.076000
24,I,8.024000,,60.821000,3.611000
25,D,6.873000,116.653000,50.507000,4.352000
26,Q,7.575000,115.219000,53.955000,3.620000
27,T,7.632000,108.818000,56.981000,4.413000
28,T,8.056000,108.934000,56.851000,5.298000
29,T,9.007000,113.003000,56.981000,4.633000
30,W,8.685000,125.589000,55.485000,4.886000
31,Q,8.453000,119.992000,,4.017000
32,D,8.417000,119.992000,51.320000,2.364000
33,P,,,59.975000,3.786000
34,R,8.351000,124.821000,53.337000,3.718000
35,K,6.954000,,55.420000,3.735000
36,A,7.594000,122.425000,50.799000,3.762000
