seq_pos,aa,H,N,CA,HA
1,G,,,43.407000,4.022000
2,P,,,63.126000,4.510000
3,L,8.554000,122.375000,55.521000,4.387000
4,S,,,,
5,G,,,45.392000,4.036000
6,M,8.446000,109.953000,,
7,S,,,,
8,T,8.267000,115.540000,58.479000,4.546000
9,S,,,58.539000,4.548000
10,G,8.471000,117.634000,,
11,C,8.376000,120.862000,58.539000,4.561000
12,G,,,,
13,K,,,,
14,Q,8.495000,123.996000,56.269000,4.451000
15,T,,,61.678000,
16,Q,8.197000,116.666000,,4.459000
17,S,,,,
18,M,9.637000,117.098000,57.783000,4.543000
19,W,,,57.620000,4.551000
20,G,9.194000,124.633000,,
21,A,,,,
22,R,9.139000,122.622000,,3.983000
23,D,7.743000,116.437000,57.323000,4.386000
24,R,8.110000,121.907000,,
25,P,,,59.824000,3.992000
26,V,,,,
27,D,8.233000,123.264000,66.711000,3.209000
28,R,,,,
29,K,8.234000,119.465000,60.635000,4.017000
30,E,,,,
31,W,7.964000,119.747000,59.064000,4.099000
32,A,,,,
33,Q,7.958000,122.811000,54.764000,4.166000
34,A,,,,
35,H,8.623000,120.271000,54.323000,4.162000
36,A,,,,
37,D,7.736000,120.162000,53.674000,4.278000
38,Q,,,,
39,L,7.652000,115.793000,56.010000,4.321000
40,R,,,,
41,F,7.707000,120.399000,56.409000,4.377000
42,R,,,,
43,D,7.899000,127.684000,57.173000,4.236000
