seq_pos,aa,H,N,CA,HA
1,S,,,,
2,A,,,52.280000,4.436000
3,L,7.977000,119.855000,55.145000,4.404000
4,K,8.108000,121.532000,55.957000,4.300000
5,G,,,45.329000,4.040000
6,V,7.778000,120.515000,62.017000,4.252000
7,S,,,58.269000,4.497000
8,Q,,,57.448000,4.237000
9,D,8.416000,118.272000,55.747000,4.598000
10,L,,,56.354000,4.362000
11,L,,,57.173000,4.156000
12,E,8.264000,117.681000,55.391000,4.053000
13,R,7.918000,120.251000,,4.186000
14,I,,,63.381000,3.895000
15,R,,,,
16,A,8.040000,122.153000,53.793000,4.173000
17,K,7.901000,119.829000,58.081000,4.180000
18,E,8.258000,120.670000,57.893000,4.195000
19,A,8.034000,122.769000,53.793000,4.173000
20,Q,7.957000,117.541000,57.293000,4.203000
21,K,7.973000,120.530000,57.378000,4.242000
22,Q,8.055000,119.041000,57.039000,4.287000
23,L,7.975000,121.434000,,4.286000
24,A,,,53.302000,4.309000
25,Q,8.013000,117.507000,55.867000,4.390000
26,M,8.091000,120.069000,55.926000,4.491000
27,T,7.993000,114.768000,61.734000,4.284000
28,R,7.989000,123.342000,,4.309000
