seq_pos,aa,H,N,CA,HA
1,P,,,63.269000,4.503000
2,R,8.503000,121.415000,55.996000,4.311000
3,R,8.321000,121.897000,55.716000,4.395000
4,G,8.685000,109.784000,45.136000,3.901000
5,R,8.623000,121.897000,57.561000,4.280000
6,G,8.926000,109.682000,46.027000,4.006000
7,G,8.263000,109.428000,46.742000,3.866000
8,F,9.266000,125.427000,57.707000,4.599000
9,Q,8.949000,119.281000,59.684000,3.631000
10,R,7.864000,116.666000,59.807000,3.991000
11,I,7.782000,119.789000,62.009000,4.201000
12,V,8.357000,122.253000,67.647000,3.734000
13,R,8.298000,118.850000,59.681000,4.133000
14,L,7.970000,121.135000,58.080000,4.213000
15,V,8.538000,119.459000,67.505000,3.614000
16,G,8.392000,106.914000,47.388000,3.965000
17,V,8.157000,123.116000,66.693000,3.806000
18,I,8.427000,120.094000,66.073000,3.914000
19,R,8.486000,119.307000,59.290000,3.896000
20,D,8.192000,119.764000,56.786000,4.472000
21,W,8.797000,122.786000,57.503000,4.562000
22,A,8.591000,119.916000,53.795000,4.135000
23,N,7.911000,114.634000,53.666000,4.567000
24,K,8.022000,119.231000,56.400000,4.087000
25,N,8.233000,117.580000,53.061000,4.711000
26,F,8.128000,121.364000,56.465000,4.663000
27,R,8.181000,127.433000,57.299000,4.209000
