seq_pos,aa,H,N,CA,HA
1,P,,,63.216000,4.502000
2,R,8.480000,121.999000,56.043000,4.286000
3,R,8.404000,122.351000,56.050000,4.357000
4,G,8.454000,110.055000,45.048000,3.973000
5,R,8.310000,120.678000,56.115000,4.426000
6,G,9.826000,112.806000,45.865000,3.998000
7,G,8.609000,108.286000,47.385000,3.842000
8,F,8.978000,123.827000,58.364000,4.452000
9,Q,9.137000,121.313000,59.985000,3.579000
10,R,7.811000,116.996000,59.711000,3.982000
11,I,7.805000,120.018000,62.075000,4.011000
12,V,8.210000,120.907000,67.387000,3.761000
13,R,8.327000,119.612000,59.102000,4.149000
14,L,8.210000,121.922000,58.665000,4.185000
15,V,8.409000,117.758000,67.060000,3.637000
16,G,8.333000,107.473000,47.478000,3.977000
17,V,8.063000,122.583000,66.239000,3.954000
18,I,7.934000,119.637000,66.291000,3.919000
19,R,8.597000,117.224000,59.424000,3.957000
20,D,8.357000,120.094000,56.840000,4.545000
21,W,7.987000,121.415000,58.137000,4.686000
22,A,7.917000,119.256000,53.823000,4.137000
23,N,8.046000,115.142000,53.530000,4.730000
24,K,7.999000,120.348000,56.926000,4.144000
25,N,8.245000,117.961000,53.042000,4.703000
26,F,8.128000,120.323000,57.508000,4.674000
27,R,7.835000,126.392000,57.385000,4.148000
