seq_pos,aa,H,N,CA,HA
1,G,,,43.440000,3.977000
2,P,,,63.064000,4.457000
3,H,8.536000,119.871000,56.012000,4.655000
4,M,8.344000,122.524000,55.390000,4.507000
5,I,8.304000,122.607000,61.155000,4.216000
6,S,8.442000,120.153000,58.465000,4.457000
7,G,8.468000,110.866000,45.491000,3.978000
8,L,8.057000,121.311000,55.254000,4.384000
9,S,8.301000,116.752000,58.482000,4.474000
10,V,8.082000,121.969000,62.519000,4.130000
11,I,8.130000,124.453000,61.155000,4.149000
12,K,8.359000,125.812000,56.557000,4.283000
13,Q,8.411000,121.878000,56.187000,4.302000
14,E,8.466000,122.374000,56.879000,4.305000
15,V,8.119000,120.329000,62.800000,4.049000
16,E,8.391000,123.835000,56.996000,4.230000
17,R,8.255000,121.915000,56.218000,4.320000
18,L,8.267000,123.052000,55.245000,4.330000
19,G,8.346000,109.092000,45.395000,3.948000
20,N,8.314000,118.277000,53.490000,4.698000
21,D,8.421000,119.904000,54.363000,4.586000
22,V,7.882000,118.639000,62.255000,4.035000
23,F,8.223000,122.033000,57.318000,4.618000
24,E,8.273000,121.922000,56.767000,4.267000
25,W,7.850000,120.736000,56.697000,4.680000
26,E,8.027000,122.552000,57.093000,4.151000
27,D,8.141000,120.965000,54.152000,4.628000
28,D,8.241000,120.962000,54.630000,4.602000
29,E,8.519000,121.292000,56.767000,4.305000
30,S,8.323000,116.111000,58.514000,4.423000
31,D,8.278000,122.546000,54.410000,4.617000
32,E,8.217000,120.743000,57.273000,4.250000
33,I,8.073000,120.905000,60.199000,3.975000
34,A,7.726000,132.760000,53.488000,4.242000
