seq_pos,aa,H,N,CA,HA
1,L,10.263000,128.585000,55.533000,3.779000
2,K,8.861000,115.210000,56.947000,3.798000
3,V,6.777000,117.710000,63.221000,3.490000
4,L,7.802000,120.709000,55.392000,3.886000
5,V,8.710000,111.964000,64.212000,3.827000
6,K,7.163000,119.833000,57.786000,3.882000
7,A,7.803000,120.555000,53.207000,4.395000
8,V,8.295000,116.827000,64.502000,3.578000
9,L,8.910000,121.446000,56.264000,4.003000
10,F,7.935000,118.793000,58.812000,4.165000
11,A,7.687000,117.951000,52.859000,3.636000
12,C,8.557000,115.303000,61.415000,4.077000
13,M,8.502000,120.601000,56.156000,3.930000
14,L,7.168000,118.166000,52.975000,3.930000
15,M,7.258000,117.255000,54.169000,4.032000
16,R,8.051000,122.437000,53.310000,4.091000
17,K,7.932000,128.142000,54.802000,4.146000
