seq_pos,aa,H,N,CA,HA
1,I,,,61.194000,
2,L,8.243000,126.349000,55.212000,4.372000
3,E,8.640000,123.191000,56.974000,4.314000
4,R,8.307000,121.703000,56.161000,4.372000
5,E,8.553000,122.357000,56.974000,4.314000
6,S,8.326000,116.353000,58.679000,4.444000
7,E,8.430000,122.770000,56.974000,4.314000
8,K,,,56.443000,
9,E,8.459000,122.132000,56.722000,
10,S,8.371000,117.099000,58.265000,
11,S,8.409000,117.859000,58.293000,
12,N,8.496000,120.907000,53.414000,
13,E,,,56.864000,
14,N,8.454000,119.502000,53.394000,
15,D,,,54.605000,
16,D,8.259000,120.495000,54.452000,4.567000
17,L,8.038000,121.642000,55.826000,4.231000
18,E,8.294000,120.920000,57.278000,4.202000
19,V,7.954000,120.421000,63.066000,4.037000
20,L,8.128000,124.228000,55.274000,4.359000
21,S,8.061000,116.084000,58.661000,4.411000
22,E,8.373000,122.929000,57.815000,4.279000
23,E,8.380000,118.383000,57.058000,4.282000
24,L,7.725000,120.695000,55.396000,4.213000
25,F,7.484000,115.047000,58.760000,4.310000
26,E,8.878000,120.366000,53.871000,4.775000
27,D,8.871000,123.391000,55.638000,4.754000
28,V,8.935000,126.842000,59.320000,4.485000
29,P,,,63.686000,4.549000
30,T,8.597000,113.786000,60.400000,4.514000
31,K,7.764000,120.766000,55.748000,4.515000
32,S,8.710000,118.796000,58.660000,4.450000
33,Q,8.601000,122.846000,55.870000,4.421000
34,I,8.166000,121.772000,61.222000,4.184000
35,S,8.374000,120.193000,58.201000,4.523000
36,K,8.420000,124.077000,56.571000,4.359000
37,E,8.449000,121.869000,56.858000,4.282000
38,A,8.244000,124.346000,52.680000,4.336000
39,E,8.313000,120.022000,56.509000,4.387000
40,D,8.506000,121.350000,54.347000,4.651000
41,N,8.370000,119.403000,53.954000,4.662000
42,D,,,54.842000,
43,S,8.196000,116.057000,58.689000,4.406000
44,R,8.116000,122.433000,56.228000,4.317000
45,K,8.124000,122.478000,56.203000,4.317000
