seq_pos,aa,H,N,CA,HA
1,M,,,53.496000,4.387000
2,K,7.684000,126.040000,,
3,M,,,51.252000,4.538000
4,W,7.686000,124.579000,54.260000,4.552000
5,K,8.983000,120.748000,50.494000,4.717000
6,P,,,60.972000,3.757000
7,G,9.372000,114.722000,41.873000,3.950000
8,D,7.875000,121.253000,53.191000,4.522000
9,E,8.543000,121.105000,53.057000,4.822000
10,C,8.627000,115.944000,53.649000,4.854000
11,F,8.936000,116.503000,55.141000,5.049000
12,A,9.195000,122.486000,47.387000,5.404000
13,L,7.362000,123.611000,52.469000,3.364000
14,Y,9.326000,131.717000,52.496000,4.809000
15,W,8.312000,128.045000,55.777000,3.935000
16,E,3.785000,116.959000,57.063000,2.739000
17,D,6.511000,111.935000,49.150000,4.392000
18,N,8.091000,116.485000,52.221000,3.902000
19,K,7.514000,116.593000,51.825000,4.362000
20,F,8.267000,118.347000,55.573000,4.865000
21,Y,8.726000,117.867000,54.084000,4.949000
22,R,9.110000,122.076000,54.620000,4.175000
23,A,9.307000,127.941000,48.488000,5.014000
24,E,8.267000,118.347000,51.193000,4.973000
25,V,8.840000,124.034000,62.184000,3.402000
26,E,9.368000,131.333000,54.201000,4.476000
27,A,7.681000,117.488000,49.142000,4.314000
28,L,8.860000,122.399000,50.734000,4.540000
29,H,7.867000,123.783000,,
30,S,7.731000,109.799000,,
31,S,,,57.135000,4.191000
32,G,8.017000,108.532000,43.284000,3.972000
33,M,8.057000,113.817000,53.230000,4.637000
34,T,7.014000,107.993000,55.762000,3.936000
35,A,9.110000,122.076000,47.732000,4.796000
36,V,8.656000,120.263000,59.314000,4.674000
37,V,9.082000,120.768000,54.971000,4.873000
38,K,8.534000,121.105000,50.850000,4.425000
39,F,8.511000,126.314000,57.189000,4.325000
40,I,7.677000,124.308000,61.510000,3.475000
41,D,9.043000,119.217000,,
42,Y,,,,4.683000
43,G,8.036000,106.446000,43.136000,3.663500
44,N,8.520000,114.398000,50.263000,4.672000
45,Y,8.650000,120.716000,53.901000,5.584000
46,E,8.822000,118.075000,51.210000,4.868000
47,E,8.892000,122.692000,52.847000,5.015000
48,V,9.280000,125.296000,56.932000,4.585000
49,L,8.628000,123.816000,52.625000,4.349000
50,L,8.183000,123.131000,55.206000,3.729000
51,S,7.731000,109.799000,57.025000,4.228000
52,N,7.952000,120.726000,49.901000,5.134000
53,I,7.162000,115.439000,57.761000,5.011000
54,K,9.245000,122.864000,,
55,P,,,59.942000,4.870000
56,I,8.363000,118.715000,58.905000,3.910000
57,L,8.034000,124.451000,52.007000,4.251000
