seq_pos,aa,H,N,CA,HA
1,Q,8.840000,122.880000,,
2,I,8.220000,115.100000,,
3,F,8.570000,119.340000,,
4,V,9.200000,121.290000,,
5,K,8.900000,128.090000,,
6,T,8.650000,115.500000,,
7,L,9.040000,121.320000,,
8,G,7.750000,109.310000,,
9,K,7.190000,121.970000,,
10,T,8.550000,120.640000,,
11,I,9.480000,127.750000,,
12,T,8.650000,121.640000,,
13,L,8.700000,124.580000,,
14,E,8.040000,122.540000,,
15,V,8.850000,117.590000,,
16,S,6.950000,103.480000,,
17,D,8.190000,123.780000,,
18,T,7.800000,109.100000,,
19,I,8.690000,120.080000,,
20,E,8.480000,121.730000,,
21,N,7.850000,121.460000,,
22,V,8.030000,122.370000,,
23,K,8.470000,119.060000,,
24,A,7.970000,123.090000,,
25,K,7.780000,120.340000,,
26,I,8.210000,121.440000,,
27,Q,8.510000,123.780000,,
28,D,7.940000,119.810000,,
29,K,7.350000,115.550000,,
30,E,8.640000,114.430000,,
31,G,8.420000,108.960000,,
32,I,6.070000,120.040000,,
33,D,8.440000,113.670000,,
34,Q,7.740000,116.930000,,
35,Q,7.400000,118.180000,,
36,R,8.410000,123.230000,,
37,L,8.770000,124.610000,,
38,I,9.060000,122.520000,,
39,F,8.660000,125.220000,,
40,A,8.900000,133.410000,,
41,G,7.970000,102.880000,,
42,K,7.880000,123.520000,,
43,L,8.470000,125.700000,,
44,E,8.320000,123.360000,,
45,D,8.080000,120.540000,,
46,G,8.620000,117.520000,,
47,R,7.390000,119.470000,,
48,T,8.760000,108.900000,,
49,L,8.070000,118.110000,,
50,S,8.390000,113.470000,,
51,D,7.850000,124.620000,,
52,Y,7.170000,115.850000,,
53,N,8.070000,116.000000,,
54,I,7.170000,118.960000,,
55,Q,7.540000,125.000000,,
56,K,8.410000,120.650000,,
57,E,9.240000,114.740000,,
58,S,7.590000,115.060000,,
59,T,8.530000,118.640000,,
60,L,9.320000,127.900000,,
61,H,9.090000,119.720000,,
62,L,8.280000,124.590000,,
63,V,9.090000,126.610000,,
64,L,8.030000,123.140000,,
65,R,8.460000,123.620000,,
66,L,8.480000,121.110000,,
67,R,8.440000,121.330000,,
68,G,7.860000,115.170000,,
