seq_pos,aa,H,N,CA,HA
1,Q,8.260000,123.150000,58.097000,4.229000
2,L,8.110000,120.050000,57.942000,4.060000
3,N,8.090000,115.900000,56.395000,4.288000
4,A,7.840000,122.890000,55.566000,4.257000
5,M,7.990000,119.210000,59.205000,4.044000
6,A,8.360000,121.420000,55.138000,3.722000
7,H,8.200000,117.430000,60.274000,4.404000
8,Q,7.840000,118.610000,59.205000,4.044000
9,I,7.850000,118.710000,64.380000,3.787000
10,Q,8.600000,120.500000,58.783000,3.921000
11,E,7.450000,115.720000,58.640000,3.822000
12,M,6.800000,115.080000,57.142000,3.966000
13,F,7.870000,113.750000,54.842000,4.920000
14,P,,,64.672000,4.550000
15,Q,9.500000,116.900000,56.395000,4.288000
16,V,7.766000,124.440000,59.856000,4.163000
17,P,,,63.024000,4.350000
18,Y,8.830000,126.320000,62.552000,3.716000
19,H,8.680000,113.220000,59.205000,4.044000
20,L,6.600000,119.450000,56.665000,3.945000
21,V,7.180000,120.890000,66.861000,3.157000
22,L,8.100000,118.710000,57.911000,3.651000
23,Q,7.550000,115.520000,58.842000,3.853000
24,D,7.390000,119.110000,58.388000,4.426000
25,L,8.400000,118.990000,56.395000,4.288000
26,Q,8.030000,116.850000,58.640000,3.793000
27,L,7.230000,117.030000,56.395000,4.288000
28,T,8.870000,110.740000,63.125000,3.903000
29,R,9.030000,117.784000,56.056000,3.583000
30,S,7.971000,110.880000,56.313000,4.739000
31,V,9.060000,129.980000,66.214000,3.498000
32,E,9.270000,123.360000,60.820000,4.001000
33,I,7.980000,119.880000,64.200000,4.128000
34,T,8.250000,118.020000,68.233000,4.192000
35,T,8.350000,117.400000,68.808000,3.589000
36,D,7.490000,122.260000,58.101000,4.365000
37,N,8.490000,116.340000,55.179000,4.200000
38,I,8.000000,121.110000,65.314000,3.495000
39,L,8.410000,121.930000,58.176000,3.877000
40,E,8.370000,114.530000,54.966000,4.237000
41,G,7.630000,107.200000,46.524000,3.886000
42,R,8.300000,116.830000,57.709000,4.099000
43,I,7.130000,117.930000,60.485000,4.025000
44,Q,8.340000,125.410000,55.179000,4.200000
45,V,8.180000,122.810000,59.913000,4.181000
46,P,,,63.024000,4.310000
47,F,8.115000,121.190000,55.344000,4.797000
48,P,,,63.457000,4.421000
49,T,7.790000,119.528000,63.051000,4.114000
