seq_pos,aa,H,N,CA,HA
1,S,,,59.944000,4.296000
2,Q,8.410000,123.385000,58.097000,4.229000
3,L,8.076000,120.385000,57.942000,4.060000
4,N,8.065000,116.259000,56.395000,4.288000
5,A,7.794000,123.646000,55.566000,4.257000
6,M,8.017000,119.285000,59.205000,4.044000
7,A,8.380000,121.432000,55.138000,3.722000
8,H,8.175000,117.343000,60.274000,4.404000
9,Q,7.744000,119.628000,59.205000,4.044000
10,I,7.872000,119.253000,64.380000,3.787000
11,Q,8.553000,120.605000,58.783000,3.921000
12,E,7.591000,115.249000,58.640000,3.822000
13,M,7.108000,116.395000,57.142000,3.966000
14,F,8.013000,116.963000,54.842000,5.006000
15,P,,,64.672000,4.550000
16,Q,9.008000,116.710000,56.395000,4.288000
17,V,7.794000,123.646000,59.856000,4.163000
18,P,,,63.024000,4.350000
19,Y,8.869000,126.248000,62.552000,3.716000
20,H,8.683000,113.562000,59.205000,4.044000
21,L,6.542000,119.401000,56.665000,3.945000
22,V,7.182000,121.166000,66.861000,3.157000
23,L,8.054000,118.919000,57.911000,3.651000
24,Q,7.525000,115.648000,58.842000,3.853000
25,D,7.378000,119.287000,58.388000,4.426000
26,L,8.391000,119.364000,56.395000,4.288000
27,Q,8.013000,116.963000,58.640000,3.793000
28,L,7.219000,117.374000,56.395000,4.288000
29,T,8.867000,110.969000,63.125000,3.903000
30,R,8.971000,117.708000,56.056000,3.583000
31,S,7.971000,111.144000,56.313000,4.739000
32,V,8.973000,130.478000,66.214000,3.498000
33,E,8.835000,123.403000,60.820000,3.874000
34,I,7.842000,119.851000,64.200000,4.128000
35,T,8.139000,118.037000,68.233000,4.192000
36,T,8.320000,117.782000,68.808000,3.589000
37,D,7.506000,122.320000,58.101000,4.365000
38,N,8.365000,117.655000,55.179000,4.200000
39,I,7.934000,121.485000,65.314000,3.495000
40,L,8.557000,123.021000,58.176000,3.877000
41,E,8.395000,114.619000,54.966000,4.237000
42,G,7.645000,107.387000,46.524000,3.886000
43,R,8.238000,117.278000,57.709000,4.099000
44,I,7.126000,118.354000,60.485000,4.025000
45,Q,8.257000,125.219000,55.179000,4.200000
46,V,8.172000,123.037000,59.913000,4.181000
47,P,,,63.024000,4.310000
48,F,8.113000,121.530000,55.344000,4.797000
49,P,,,63.457000,4.421000
50,T,7.744000,119.628000,63.051000,4.114000
