seq_pos,aa,H,N,CA,HA
1,M,,,54.395000,
2,Q,9.138000,123.249000,54.405000,
3,I,8.228000,114.989000,59.635000,
4,F,8.998000,118.659000,54.925000,
5,V,9.318000,119.899000,60.285000,
6,K,8.858000,128.529000,54.435000,
7,T,9.348000,118.409000,60.755000,
8,L,,,57.385000,
9,T,7.828000,106.649000,61.235000,
10,G,7.918000,110.429000,45.405000,
11,K,7.438000,122.879000,55.805000,
12,T,9.268000,122.349000,62.585000,
13,I,9.538000,126.239000,59.395000,
14,T,9.128000,119.779000,61.235000,
15,L,9.058000,124.679000,52.285000,
16,E,8.278000,123.039000,53.745000,
17,V,9.078000,117.909000,58.355000,
18,E,8.428000,118.459000,52.455000,
19,P,,,65.265000,
20,S,7.388000,104.219000,57.505000,
21,D,8.328000,125.279000,55.495000,
22,T,8.368000,110.609000,59.825000,
23,I,8.828000,121.579000,62.145000,
24,E,,,56.825000,
25,N,8.248000,122.729000,56.365000,
26,V,8.388000,123.179000,61.645000,
27,K,8.848000,120.069000,58.955000,
28,A,8.068000,124.449000,52.845000,
29,K,8.018000,121.239000,59.525000,
30,I,,,,
31,Q,8.848000,124.019000,,
32,D,8.438000,120.989000,57.115000,
33,K,,,,
34,E,8.738000,115.189000,,
35,G,8.768000,110.689000,45.885000,
36,P,,,,
37,D,8.918000,115.639000,,
38,Q,8.038000,117.279000,56.695000,
39,Q,7.888000,120.869000,56.415000,
40,I,,,,
41,F,8.748000,122.899000,57.205000,
42,A,9.178000,135.359000,52.425000,
43,G,8.618000,103.959000,45.505000,
44,K,8.068000,122.929000,54.305000,
45,Q,8.958000,123.199000,55.945000,
46,L,8.518000,125.589000,53.705000,
47,E,,,56.575000,
48,D,8.678000,121.749000,55.425000,
49,G,,,45.325000,
50,R,7.738000,121.019000,54.335000,
51,T,9.018000,109.079000,59.425000,
52,L,8.318000,118.289000,58.455000,
53,S,8.938000,114.529000,60.765000,
54,D,8.118000,125.279000,57.055000,
55,Y,7.418000,116.899000,58.095000,
56,N,8.258000,116.969000,53.965000,
57,I,,,62.305000,
58,Q,8.078000,126.059000,53.545000,
59,K,8.878000,120.929000,57.495000,
60,E,9.678000,115.739000,57.795000,
61,S,7.988000,116.799000,60.925000,
62,T,9.218000,117.569000,62.155000,
63,L,9.558000,128.739000,53.905000,
64,H,9.198000,116.689000,55.145000,
65,L,8.408000,124.369000,54.235000,
66,V,8.888000,117.569000,59.535000,
67,L,8.758000,123.919000,55.405000,
68,R,8.478000,123.859000,56.115000,
69,L,8.798000,126.139000,54.745000,
70,R,8.928000,123.899000,56.555000,
71,G,8.848000,112.369000,45.355000,
72,G,8.338000,115.919000,46.145000,
