seq_pos,aa,H,N,CA,HA
1,M,,,54.675000,
2,Q,9.108000,124.939000,55.515000,
3,I,8.818000,125.429000,60.695000,
4,F,8.978000,127.339000,57.825000,
5,V,8.518000,126.589000,61.535000,
6,K,8.758000,127.559000,56.375000,
7,T,8.778000,119.209000,61.935000,
8,L,8.928000,126.589000,55.235000,
9,T,8.598000,115.389000,61.625000,
10,G,8.668000,112.439000,45.315000,
11,K,8.508000,122.029000,55.935000,
12,T,8.808000,119.129000,62.285000,
13,I,8.838000,126.459000,60.735000,
14,T,8.858000,122.519000,61.805000,
15,L,8.838000,127.439000,54.785000,
16,E,8.838000,124.229000,56.085000,
17,V,8.688000,123.209000,61.645000,
18,E,8.998000,127.799000,54.185000,
19,P,,,63.205000,
20,S,8.918000,117.589000,58.305000,
21,D,8.788000,123.409000,54.205000,
22,T,8.538000,115.869000,61.925000,
23,I,8.638000,124.639000,61.585000,
24,E,8.858000,125.339000,56.875000,
25,N,8.828000,121.719000,53.545000,
26,V,8.538000,122.449000,63.065000,
27,K,8.658000,125.759000,56.685000,
28,A,8.608000,125.979000,52.765000,
29,K,8.568000,122.219000,56.465000,
30,I,8.588000,124.339000,61.295000,
31,Q,8.848000,125.899000,55.835000,
32,D,8.818000,123.529000,54.675000,
33,K,8.668000,122.489000,56.465000,
34,E,8.718000,122.389000,56.505000,
35,G,8.668000,111.119000,45.245000,
36,I,8.428000,122.819000,58.575000,
37,P,,,63.835000,
38,D,8.908000,119.739000,54.885000,
39,Q,8.438000,121.549000,56.655000,
40,Q,8.588000,121.589000,57.015000,
41,F,,,,
42,A,8.798000,129.829000,52.765000,
43,G,8.028000,108.179000,45.695000,
44,K,8.348000,122.179000,56.555000,
45,Q,,,,
46,L,8.608000,124.259000,55.715000,
47,E,8.648000,123.419000,56.665000,
48,D,8.778000,121.929000,54.755000,
49,G,8.668000,110.219000,45.905000,
50,R,8.218000,121.699000,56.505000,
51,T,8.738000,116.839000,62.555000,
52,L,8.708000,125.549000,56.005000,
53,S,8.678000,116.849000,59.125000,
54,D,,,,
55,Y,8.408000,121.779000,59.295000,
56,N,8.588000,121.009000,53.955000,
57,L,,,56.075000,
58,H,8.638000,119.509000,56.155000,
59,L,8.308000,123.809000,56.145000,
60,V,8.628000,117.829000,63.435000,
61,R,,,56.495000,
62,G,8.608000,111.159000,,
