seq_pos,aa,H,N,CA,HA
1,D,8.150000,121.043000,52.225000,4.545000
2,A,8.242000,124.425000,50.805000,4.588000
3,G,8.379000,107.424000,43.189000,3.923000
4,N,8.152000,118.674000,51.024000,4.754000
5,I,9.623000,123.402000,60.498000,4.050000
6,L,8.858000,123.673000,50.279000,4.411000
7,P,,,60.601000,
8,S,8.916000,120.069000,60.038000,4.402000
9,D,8.911000,119.269000,54.393000,4.388000
10,I,7.175000,121.423000,61.864000,3.874000
11,M,8.089000,119.407000,57.090000,3.909000
12,D,8.229000,116.671000,55.440000,4.289000
13,F,7.290000,118.549000,57.243000,4.320000
14,V,8.106000,117.171000,63.476000,3.922000
15,L,8.361000,119.806000,55.035000,3.954000
16,K,7.739000,117.264000,55.662000,4.141000
17,N,7.396000,115.917000,51.600000,4.805000
18,T,7.473000,115.043000,57.466000,4.775000
