seq_pos,aa,H,N,CA,HA
1,A,8.632800,124.128300,,
2,M,8.558500,120.174300,,
3,G,8.500500,110.908200,,
4,A,8.115600,123.653800,,
5,K,8.365200,121.217700,,
6,E,8.564700,121.399900,,
7,Y,8.763500,119.298100,,
8,C,9.420200,115.294600,,
9,R,9.089400,122.653200,,
10,T,9.137800,118.055900,,
11,L,9.265600,124.819100,,
12,F,7.430800,114.933800,,
13,Y,8.182100,120.813100,,
14,T,7.392500,123.950800,,
15,G,8.252900,115.169500,,
16,T,8.942100,115.493900,,
17,N,7.526000,116.214900,,
18,E,8.942200,118.593600,,
19,D,8.422000,117.524300,,
20,E,7.541200,118.876600,,
21,L,8.533500,121.939200,,
22,T,7.446400,113.530200,,
23,F,8.780400,119.952500,,
24,R,9.666000,121.279500,,
25,E,9.323200,121.632800,,
26,G,8.152600,112.928900,,
27,E,7.991300,120.484900,,
28,I,8.426700,121.150300,,
29,I,9.022400,127.479800,,
30,H,8.539100,126.091400,,
31,L,8.764900,133.794200,,
32,I,8.750200,126.797900,,
33,S,7.651900,109.590700,,
34,K,8.733900,125.074900,,
35,E,8.290400,120.573000,,
36,T,8.881600,114.315200,,
37,G,8.629800,111.243700,,
38,E,7.592300,120.254500,,
39,A,8.700800,129.562200,,
40,G,8.862800,109.662500,,
41,W,7.455400,119.753900,,
42,W,8.632300,123.529400,,
43,K,8.759500,118.019300,,
44,G,9.581000,114.599600,,
45,E,8.930800,119.397900,,
46,L,9.010000,127.479800,,
47,N,9.867600,127.616500,,
48,G,9.323700,105.278900,,
49,K,7.821400,122.509000,,
50,E,8.631900,122.997200,,
51,G,9.067400,109.648800,,
52,V,8.991900,112.324400,,
53,F,8.941500,115.782200,,
54,D,7.824100,122.551500,,
55,N,7.869800,113.882900,,
56,F,7.915200,119.198300,,
57,A,7.882600,122.259400,,
58,V,8.471200,114.512300,,
59,Q,9.352200,127.904800,,
60,I,8.513700,122.236800,,
61,S,8.069800,124.782700,,
