seq_pos,aa,H,N,CA,HA
1,Q,8.944800,122.408100,,
2,I,8.299400,114.614500,,
3,F,8.578900,118.379400,,
4,V,9.295500,120.953700,,
5,K,8.879000,127.447300,,
6,T,8.744300,115.299400,,
7,L,9.033800,120.684700,,
8,T,7.669400,105.748600,,
9,G,7.833300,108.810000,,
10,K,7.259000,121.382700,,
11,T,8.651400,120.278200,,
12,I,9.540300,127.477300,,
13,T,8.750100,121.612800,,
14,L,8.729100,124.946400,,
15,E,8.140800,122.226600,,
16,V,8.941500,117.284700,,
17,E,8.659000,118.996900,,
18,S,7.034800,103.079800,,
19,D,8.002600,123.134200,,
20,T,7.893400,108.684300,,
21,I,8.543100,120.935500,,
22,E,9.760000,120.830000,,
23,N,7.926600,121.025800,,
24,V,8.103400,121.828000,,
25,K,8.577000,118.641400,,
26,A,8.055300,123.565500,,
27,K,7.872500,119.910000,,
28,I,8.262100,120.937300,,
29,Q,8.571900,123.250200,,
30,D,8.051500,119.468400,,
31,K,7.447200,115.157100,,
32,E,8.718600,113.856200,,
33,G,8.507400,108.551400,,
34,I,6.147000,119.942800,,
35,D,8.540200,113.228400,,
36,Q,7.760600,116.603600,,
37,Q,7.438200,117.236100,,
38,R,8.381200,122.252800,,
39,L,8.872600,123.938800,,
40,I,9.146800,122.125600,,
41,F,8.894800,125.527400,,
42,A,9.033200,132.645600,,
43,G,8.264900,102.801500,,
44,K,7.955900,121.141300,,
45,Q,8.692800,122.737500,,
46,L,8.575300,125.579800,,
47,E,8.406300,122.984500,,
48,D,8.163100,120.141600,,
49,G,8.289600,108.220500,,
50,R,7.486600,119.053000,,
51,T,8.832800,108.478900,,
52,L,8.140800,117.730500,,
53,S,8.493000,113.174600,,
54,D,7.937200,124.176400,,
55,Y,7.263800,115.426100,,
56,N,8.155300,115.640800,,
57,I,7.229200,118.536600,,
58,Q,7.631700,124.612400,,
59,K,8.495400,120.190200,,
60,E,9.302400,114.252400,,
61,S,7.654400,114.586400,,
62,T,8.734900,117.176200,,
63,L,9.359300,127.151700,,
64,H,9.110700,118.491600,,
65,L,8.721200,125.248600,,
66,V,9.190900,126.564100,,
67,L,8.065000,123.126700,,
68,R,8.737200,123.575800,,
69,L,8.287900,123.544400,,
70,R,8.486300,121.620300,,
71,G,8.479300,109.865300,,
72,G,8.238400,114.902700,,
