seq_pos,aa,H,N,CA,HA
1,F,8.181000,120.646000,57.794000,
2,Q,8.200000,122.713000,55.362000,
3,G,7.562000,109.262000,44.402000,
4,S,8.195000,115.355000,58.467000,
5,E,8.554000,122.469000,56.789000,
