seq_pos,aa,H,N,CA,HA
1,Y,7.929000,120.385000,58.120000,4.425000
2,D,8.213000,120.820000,54.487000,4.641000
3,S,8.009000,115.251000,59.054000,4.325000
4,E,8.198000,121.662000,56.168000,4.291000
5,E,8.216000,121.057000,56.512000,4.268000
6,F,7.733000,117.297000,58.260000,4.398000
7,E,8.962000,119.476000,53.648000,4.749000
8,D,8.887000,123.588000,55.523000,4.736000
9,V,8.583000,123.375000,62.119000,4.276000
10,T,8.296000,118.694000,61.672000,4.393000
11,D,8.308000,119.986000,54.386000,4.601000
12,G,8.342000,109.026000,45.273000,3.877000
13,N,8.337000,118.494000,53.204000,4.692000
14,E,8.486000,121.383000,56.736000,4.273000
15,V,8.124000,121.271000,61.924000,4.082000
