seq_pos,aa,H,N,CA,HA
1,D,8.628000,122.515000,54.340000,4.650000
2,G,8.530000,109.641000,45.579000,3.956000
3,G,8.387000,108.879000,45.388000,3.863500
4,T,8.192000,113.007000,61.902000,4.172000
5,T,7.979000,115.291000,61.912000,4.428000
6,F,8.984000,122.586000,62.715000,3.678000
7,E,,,60.104000,3.590000
8,H,7.629000,118.645000,58.979000,4.311000
9,L,8.291000,121.826000,57.689000,3.859000
10,W,9.264000,122.242000,59.799000,3.681000
11,S,7.807000,112.323000,61.035000,4.222000
12,S,7.181000,115.087000,58.947000,4.346000
13,L,6.958000,122.467000,56.754000,3.359000
14,E,7.547000,122.905000,53.819000,4.541000
15,P,,,63.077000,3.961000
16,D,7.738000,125.509000,55.694000,4.253000
