seq_pos,aa,H,N,CA,HA
1,K,9.290000,126.912000,,
2,V,8.502000,123.215000,,
3,V,8.673000,126.289000,,
4,Y,9.039000,124.652000,,
5,V,9.626000,128.845000,,
6,S,9.115000,123.385000,,
7,D,7.501000,116.029000,,
8,G,8.187000,108.839000,,
9,T,8.005000,118.632000,,
10,R,8.839000,126.867000,,
11,R,8.667000,122.503000,,
12,E,8.668000,124.006000,,
13,L,9.411000,125.614000,,
14,A,8.556000,131.700000,,
15,D,8.000000,118.244000,,
16,G,8.931000,109.810000,,
17,V,7.473000,123.387000,,
18,S,8.905000,122.116000,,
19,L,8.577000,119.398000,,
20,A,8.138000,120.858000,,
21,A,7.030000,119.558000,,
22,V,8.419000,115.905000,,
23,S,7.942000,114.624000,,
24,N,7.236000,117.272000,,
25,G,7.564000,106.440000,,
26,I,7.722000,121.647000,,
27,Y,7.184000,121.673000,,
28,I,7.560000,120.398000,,
29,Y,9.088000,117.536000,,
30,V,8.797000,127.224000,,
31,N,8.460000,127.845000,,
32,E,9.276000,124.765000,,
33,A,8.485000,121.289000,,
34,F,8.828000,113.832000,,
35,T,7.537000,113.646000,,
36,D,8.670000,117.585000,,
37,K,7.519000,117.471000,,
38,V,7.066000,116.959000,,
39,A,8.494000,126.216000,,
40,A,8.664000,124.976000,,
41,N,8.621000,120.555000,,
42,E,8.671000,116.559000,,
43,R,8.146000,121.949000,,
44,E,8.240000,121.325000,,
45,I,8.479000,118.537000,,
46,G,7.807000,104.506000,,
47,M,7.648000,120.740000,,
48,E,7.023000,112.782000,,
49,V,7.231000,114.703000,,
50,T,8.327000,111.893000,,
51,A,7.787000,124.770000,,
52,E,8.086000,116.868000,,
53,L,8.606000,130.153000,,
54,K,9.852000,129.448000,,
55,N,8.818000,110.161000,,
56,S,8.179000,121.159000,,
57,R,9.557000,120.529000,,
58,I,7.052000,119.365000,,
59,I,8.492000,128.231000,,
60,M,8.301000,125.731000,,
61,T,7.297000,115.502000,,
62,E,8.316000,116.271000,,
63,L,7.851000,117.558000,,
64,D,7.118000,117.425000,,
65,G,9.827000,118.049000,,
66,I,8.053000,121.427000,,
67,V,8.791000,118.006000,,
68,D,8.999000,124.128000,,
69,V,9.110000,124.106000,,
70,D,8.765000,118.417000,,
71,Q,8.566000,118.338000,,
72,W,7.944000,126.085000,,
