seq_pos,aa,H,N,CA,HA
1,M,8.853900,126.640000,57.995000,4.277000
2,D,8.793900,,,4.300000
3,V,7.708100,120.160000,65.391000,3.709000
4,F,7.913800,120.150000,60.690000,4.396000
5,M,8.288800,116.990000,57.317000,4.265000
6,K,8.139000,,,4.130000
7,G,8.280700,107.760000,46.852000,3.866000
8,L,7.991800,121.180000,57.048000,4.158000
9,K,8.110000,,,4.210000
10,A,8.212600,123.230000,54.124000,4.221000
11,K,8.110000,,,4.127000
12,E,8.120000,,,4.190000
13,G,8.351100,108.550000,46.143000,3.953000
14,V,7.916900,120.050000,63.957000,4.012000
15,V,8.017800,121.980000,63.749000,3.950000
16,A,8.176300,123.230000,53.182000,4.251000
17,A,8.043600,122.470000,53.046000,4.254000
18,A,8.059100,122.900000,52.654000,4.241000
