seq_pos,aa,H,N,CA,HA
1,S,8.648000,115.471000,,4.482000
2,G,8.891000,110.844000,,3.856000
3,S,8.320000,115.464000,,4.235000
4,G,8.571000,107.189000,,3.585000
5,A,9.225000,122.629000,,3.585000
6,S,8.291000,119.024000,,4.127000
7,K,8.321000,127.760000,,4.266000
8,A,8.200000,125.595000,,4.219000
9,T,8.107000,111.647000,,4.080000
10,S,8.216000,115.520000,,4.157000
11,F,8.877000,123.128000,,4.018000
12,A,8.068000,123.710000,,4.157000
13,E,7.934000,122.703000,,4.142000
14,Y,7.394000,116.589000,,4.343000
15,W,7.996000,118.490000,,4.034000
16,N,8.470000,110.763000,,4.328000
17,L,8.449000,111.233000,,3.771000
18,L,7.456000,113.116000,,4.018000
19,S,8.003000,111.251000,,3.972000
20,A,7.442000,123.375000,,4.111000
21,G,7.879000,106.566000,,3.740000
22,G,8.033000,107.532000,,3.740000
23,V,7.950000,117.804000,,3.987000
24,C,8.748000,125.300000,,4.961000
25,P,,,,4.420000
26,K,8.125000,120.668000,,4.096000
27,I,7.550000,121.619000,,4.204000
28,L,8.593000,128.057000,,4.358000
29,Q,8.817000,126.353000,,4.358000
30,R,8.659000,127.641000,,4.266000
31,C,8.149000,126.180000,,4.940000
32,R,7.952000,117.135000,,4.575000
33,R,9.221000,117.368000,,4.266000
34,D,9.062000,124.250000,,4.559000
35,S,8.009000,111.255000,,3.957000
36,D,7.592000,120.379000,,4.374000
37,C,7.686000,117.086000,,4.668000
38,P,,,,4.670000
39,G,8.425000,107.269000,,3.716000
40,A,8.198000,125.640000,,4.219000
41,C,8.167000,117.393000,,4.358000
42,I,8.879000,114.105000,,4.250000
43,C,9.260000,120.771000,,4.745000
44,R,7.988000,128.339000,,4.111000
45,G,8.891000,108.569000,,3.740000
46,N,7.648000,115.750000,,4.482000
47,G,8.275000,107.292000,,3.655000
48,Y,7.170000,116.570000,,5.054000
49,C,8.631000,119.842000,,5.286000
50,G,9.644000,109.310000,,4.026000
