seq_pos,aa,H,N,CA,HA
1,D,8.373000,119.667000,54.093000,4.680000
2,T,7.932000,112.528000,61.570000,4.394000
3,Q,8.493000,122.034000,57.066000,4.230000
4,D,8.350000,120.475000,55.704000,4.504000
5,D,8.222000,120.312000,55.881000,4.465000
6,F,8.231000,120.994000,60.513000,4.261000
7,L,8.035000,119.658000,56.844000,4.055000
8,K,7.778000,119.090000,58.327000,3.939000
9,W,7.660000,120.165000,58.947000,4.353000
10,W,8.158000,121.173000,58.688000,3.962000
11,R,7.808000,118.781000,56.736000,4.086000
12,S,7.848000,115.910000,59.200000,4.249000
13,E,8.208000,122.201000,,4.089000
14,E,8.063000,120.042000,56.999000,4.079000
15,A,7.919000,123.727000,52.563000,4.180000
16,Q,8.078000,118.623000,55.713000,4.230000
17,D,8.284000,120.925000,54.356000,4.585000
18,M,8.284000,121.220000,55.283000,4.505000
19,G,8.080000,115.777000,46.218000,3.737000
