seq_pos,aa,H,N,CA,HA
1,D,,,,4.485000
2,L,9.057000,,,3.893000
3,L,7.942000,117.944000,57.887000,4.092000
4,N,7.896000,,,3.902000
5,L,7.188000,116.848000,56.560000,3.770000
6,F,7.176000,,,3.907000
7,N,7.437000,,,4.521000
8,Q,7.795000,,,4.386000
