seq_pos,aa,H,N,CA,HA
1,Q,8.940600,122.735600,,
2,I,8.287700,114.912800,,
3,F,8.603700,119.078400,,
4,V,9.226400,120.982400,,
5,K,8.762600,127.930800,,
6,T,8.817100,116.793100,,
7,L,8.895800,121.070800,,
8,T,7.726500,106.176200,,
9,G,7.841800,110.090900,,
10,K,7.207700,121.602600,,
11,T,8.655000,120.698800,,
12,I,9.443300,126.843400,,
13,T,8.705400,121.255900,,
14,L,8.748000,125.382400,,
15,E,8.142200,122.698000,,
16,V,8.939800,117.827300,,
17,E,8.663300,119.497200,,
18,S,7.032500,103.558700,,
19,D,8.001900,123.687200,,
20,T,7.901000,109.164000,,
21,I,8.554100,121.549600,,
22,E,9.761200,121.356200,,
23,N,7.927100,121.473600,,
24,V,8.105600,122.282700,,
25,K,8.596600,119.057900,,
26,A,8.058700,124.068400,,
27,K,7.850900,120.339000,,
28,I,8.267500,121.384500,,
29,Q,8.577000,123.775000,,
30,D,8.010600,119.875000,,
31,K,7.413400,115.601200,,
32,E,8.733200,114.394700,,
33,G,8.512800,108.992600,,
34,I,6.151200,120.421200,,
35,D,8.546400,113.653700,,
36,Q,7.801600,116.931600,,
37,Q,7.460400,118.058600,,
38,R,8.403600,122.720600,,
39,L,8.889100,124.533600,,
40,I,9.234200,122.907500,,
41,F,8.961700,126.465400,,
42,A,8.925400,133.363000,,
43,G,8.391600,103.133000,,
44,K,7.846000,121.357000,,
45,Q,8.608100,121.921400,,
46,L,8.623500,125.913600,,
47,E,8.438600,123.365200,,
48,D,8.169200,120.711900,,
49,G,8.232200,108.523600,,
50,R,7.481100,119.545100,,
51,T,8.839900,108.974500,,
52,L,8.135100,118.239100,,
53,S,8.494200,113.607600,,
54,D,7.947200,124.708500,,
55,Y,7.260300,115.930600,,
56,N,8.161700,116.046400,,
57,I,7.248900,119.077300,,
58,Q,7.650100,125.086800,,
59,K,8.494900,120.691300,,
60,E,9.304700,114.763400,,
61,S,7.646900,114.997100,,
62,T,8.743400,117.891900,,
63,L,9.299200,127.277200,,
64,H,8.980700,118.469500,,
65,L,8.131000,123.527200,,
66,V,9.145800,125.207000,,
67,L,7.918200,123.384500,,
68,R,8.724800,123.798100,,
69,L,8.705200,125.294600,,
70,R,8.548300,122.515400,,
71,G,8.529400,110.493400,,
72,G,8.155700,115.159700,,
