seq_pos,aa,H,N,CA,HA
1,V,7.198500,104.242200,,
2,D,9.214900,128.606000,,
3,Y,9.324200,120.149500,,
4,I,9.417600,119.250400,,
5,V,8.531400,126.150000,,
6,E,9.240300,129.289000,,
7,Y,7.724600,117.500000,,
8,D,8.026300,118.963600,,
9,Y,8.134200,118.309800,,
10,D,7.806700,128.419200,,
11,A,7.785400,123.084200,,
12,V,8.516700,118.591300,,
13,H,7.048900,115.145400,,
14,D,8.822900,120.694800,,
15,D,8.444300,115.885600,,
16,E,7.761600,119.643000,,
17,L,8.924400,120.686500,,
18,T,7.462000,117.227600,,
19,I,9.268900,121.475200,,
20,R,8.809300,124.940500,,
21,V,7.994000,118.299700,,
22,G,8.689800,114.572200,,
23,E,8.075700,120.004800,,
24,I,7.972100,119.376000,,
25,I,9.321000,128.357200,,
26,R,8.654700,123.620200,,
27,N,8.607900,117.451900,,
28,V,8.661000,120.580000,,
29,K,9.384000,127.372400,,
30,K,8.492800,121.810000,,
31,L,7.653400,123.340800,,
32,Q,8.434800,118.367800,,
33,E,7.336100,119.345300,,
34,E,8.352100,126.251300,,
35,G,8.510400,111.343800,,
36,W,7.727200,119.200100,,
37,L,8.401800,123.024900,,
38,E,8.457300,117.575900,,
39,G,8.765200,110.793200,,
40,E,9.039400,118.958000,,
41,L,9.032400,127.681100,,
42,N,9.582300,126.687000,,
43,G,8.983900,104.038600,,
44,R,7.714400,120.103700,,
45,R,8.565200,121.839900,,
46,G,8.661900,109.691500,,
47,M,8.861500,117.199800,,
48,F,8.829400,116.717500,,
49,D,8.175600,120.485200,,
50,N,8.721100,110.039700,,
51,F,7.535700,117.961200,,
52,V,7.464300,109.980500,,
53,K,9.156200,120.357000,,
54,E,8.676800,128.689100,,
55,I,8.439500,127.139900,,
56,K,8.346300,128.733700,,
57,R,8.535500,123.677700,,
58,E,8.678900,122.606500,,
59,T,8.085500,114.006800,,
60,E,8.021400,128.003000,,
