seq_pos,aa,H,N,CA,HA
1,T,,,62.068000,
2,N,8.445000,121.618000,53.568000,4.681000
3,K,8.003000,120.707000,56.388000,4.561000
4,L,9.201000,125.553000,51.660000,4.288000
5,P,,,63.001000,4.738000
6,V,9.132000,125.984000,61.329000,4.045000
7,S,8.054000,121.443000,56.895000,5.419000
8,I,9.650000,128.603000,57.639000,4.694000
9,P,,,63.341000,4.531000
10,L,8.550000,125.904000,56.773000,3.952000
11,A,8.247000,116.856000,53.696000,4.203000
12,S,7.650000,111.099000,59.684000,4.401000
13,V,7.312000,109.928000,59.465000,4.607000
14,V,9.255000,119.666000,60.957000,4.230000
15,L,8.829000,128.822000,52.488000,4.335000
16,P,,,62.992000,4.342000
17,S,8.509000,117.423000,59.127000,4.326000
18,R,8.493000,122.328000,56.778000,4.285000
19,A,8.093000,123.798000,52.928000,4.338000
20,E,8.190000,119.271000,57.107000,4.194000
21,R,8.157000,120.960000,56.479000,4.292000
22,A,8.167000,124.386000,52.333000,4.303000
23,R,8.188000,120.178000,56.229000,4.374000
24,S,8.383000,117.603000,58.347000,4.539000
25,T,7.818000,120.688000,63.327000,4.189000
