seq_pos,aa,H,N,CA,HA
1,L,,,55.530000,4.455000
2,S,8.499000,116.499000,58.540000,4.464000
3,G,8.500000,111.203000,45.640000,3.997000
4,G,8.289000,108.954000,45.417000,3.970000
5,E,8.420000,120.403000,56.839000,4.290000
6,L,8.241000,122.306000,55.325000,4.349000
7,D,8.352000,121.486000,53.912000,4.697000
8,K,8.977000,123.048000,59.074000,3.940000
9,W,8.343000,117.761000,60.308000,4.142000
10,E,7.894000,120.308000,59.061000,4.077000
11,K,7.670000,115.545000,58.595000,3.996000
12,I,7.220000,115.037000,62.380000,4.015000
13,R,7.829000,120.262000,58.887000,4.161000
14,L,7.833000,118.504000,55.134000,4.334000
15,R,7.728000,120.658000,54.074000,4.615000
16,P,,,63.755000,4.441000
17,G,8.548000,109.359000,45.501000,3.972000
18,G,8.317000,108.546000,45.437000,3.956000
19,K,8.142000,120.526000,56.100000,4.316000
20,K,8.313000,122.018000,56.333000,4.186000
21,Q,8.247000,120.780000,55.345000,4.297000
22,Y,8.449000,120.841000,57.599000,4.566000
23,K,,,,
24,L,,,57.730000,3.987000
25,K,,,,
26,H,7.307000,115.348000,58.819000,4.488000
27,I,7.603000,120.151000,62.101000,3.929000
28,V,8.264000,121.813000,66.961000,3.815000
29,W,8.060000,120.260000,59.716000,4.601000
30,A,8.264000,121.666000,54.588000,4.162000
31,S,8.393000,113.223000,61.128000,4.111000
32,R,7.555000,121.198000,57.451000,4.247000
33,E,7.753000,117.419000,56.712000,4.270000
34,L,7.601000,120.103000,55.329000,4.271000
35,E,8.105000,120.987000,56.579000,4.277000
36,R,7.851000,127.249000,57.350000,4.161000
