seq_pos,aa,H,N,CA,HA
1,G,,,43.379000,3.860000
2,S,,,58.397000,4.472000
3,M,8.627000,122.147000,55.552000,4.490000
4,N,8.497000,119.930000,53.237000,4.654000
5,Q,8.322000,121.523000,53.724000,4.593000
6,P,,,63.157000,4.378000
7,Q,8.576000,121.005000,55.785000,4.245000
8,R,8.449000,122.928000,55.996000,4.287000
9,M,8.471000,122.430000,54.941000,4.450000
10,A,8.398000,127.153000,50.487000,4.541000
11,P,,,62.855000,4.438000
12,V,8.373000,120.652000,62.403000,4.090000
13,G,8.605000,112.483000,45.328000,4.000000
14,T,8.164000,113.531000,62.130000,4.309000
15,D,8.537000,122.439000,55.262000,4.510000
16,K,8.288000,122.807000,57.893000,4.118000
17,E,8.221000,119.492000,58.252000,4.112000
18,L,7.998000,119.493000,56.422000,4.147000
19,S,8.068000,114.728000,60.881000,4.113000
20,D,8.301000,121.206000,55.995000,4.448000
21,L,7.807000,119.944000,56.439000,4.142000
22,L,7.878000,119.558000,56.055000,4.076000
23,D,7.990000,119.509000,54.927000,4.464000
24,F,8.204000,121.219000,59.229000,4.466000
25,S,8.326000,115.500000,60.758000,4.108000
26,M,7.889000,119.723000,55.949000,4.363000
27,M,7.656000,117.872000,56.102000,4.186000
28,F,7.682000,118.702000,54.795000,4.804000
29,P,,,62.820000,4.461000
30,L,8.284000,123.391000,52.911000,4.539000
31,P,,,62.880000,4.438000
32,V,8.344000,120.844000,62.241000,4.140000
33,T,8.326000,118.041000,61.407000,4.373000
34,N,8.526000,121.367000,53.218000,4.709000
35,G,8.449000,109.437000,45.370000,3.922000
36,K,8.261000,120.614000,56.300000,4.303000
37,G,8.484000,110.011000,45.122000,3.896000
38,R,8.105000,121.698000,53.702000,4.619000
39,P,,,64.736000,4.284000
