seq_pos,aa,H,N,CA,HA
1,D,8.081000,118.476000,54.500000,4.552000
2,L,7.853000,121.684000,55.300000,4.261000
3,D,8.210000,121.129000,55.217000,4.518000
4,E,8.410000,121.013000,57.200000,4.196000
5,S,8.176000,116.183000,59.437000,4.252000
6,W,7.969000,121.163000,57.362000,4.593000
7,D,8.031000,120.311000,56.667000,4.441000
8,Y,7.918000,117.085000,58.816000,4.425000
9,I,7.252000,120.334000,61.500000,3.900000
10,F,7.536000,119.202000,58.859000,4.387000
11,E,8.163000,120.288000,56.117000,4.486000
12,T,8.365000,116.476000,62.228000,4.485000
13,T,8.283000,117.496000,61.991000,4.390000
