seq_pos,aa,H,N,CA,HA
1,V,8.670000,120.450000,,
2,T,7.680000,113.400000,,
3,K,9.100000,121.990000,,
4,E,8.780000,117.640000,,
5,Q,7.810000,122.080000,,
6,V,7.380000,120.010000,,
7,E,8.460000,117.250000,,
8,A,8.260000,114.290000,,
9,S,8.280000,114.790000,,
10,L,7.920000,118.290000,,
11,T,8.380000,116.370000,,
12,S,7.960000,115.120000,,
13,K,7.410000,116.040000,,
14,L,7.790000,114.410000,,
15,K,7.370000,116.470000,,
16,I,7.870000,116.660000,,
17,H,6.900000,118.500000,,
18,L,7.570000,128.240000,,
19,E,8.630000,126.080000,,
20,V,8.910000,127.080000,,
21,I,9.050000,126.130000,,
22,D,9.090000,127.040000,,
23,I,7.870000,123.130000,,
24,S,9.110000,119.350000,,
25,G,8.360000,111.920000,,
26,G,7.830000,107.070000,,
27,C,7.330000,116.900000,,
28,G,8.860000,111.520000,,
29,S,8.180000,111.930000,,
30,S,7.210000,116.190000,,
31,F,7.930000,118.460000,,
32,E,9.370000,122.210000,,
33,V,8.720000,118.450000,,
34,E,8.800000,123.690000,,
35,V,8.440000,119.950000,,
36,V,8.140000,127.960000,,
37,S,8.200000,117.330000,,
38,E,9.830000,131.470000,,
39,Q,8.160000,117.520000,,
40,F,6.830000,113.280000,,
41,E,7.410000,121.160000,,
42,G,8.960000,114.950000,,
43,K,7.870000,118.690000,,
44,R,9.230000,125.420000,,
45,L,6.910000,118.200000,,
46,L,8.530000,115.690000,,
47,E,8.210000,120.890000,,
48,R,7.930000,119.720000,,
49,H,8.250000,117.120000,,
50,R,7.930000,120.360000,,
51,M,8.110000,120.720000,,
52,V,8.100000,119.090000,,
53,N,7.970000,116.860000,,
54,A,8.520000,121.140000,,
55,A,7.560000,121.200000,,
56,L,6.930000,116.130000,,
57,E,6.960000,120.170000,,
58,E,8.550000,116.270000,,
59,E,8.970000,121.850000,,
60,M,8.700000,115.950000,,
61,K,7.370000,116.980000,,
62,E,7.720000,115.490000,,
63,I,7.400000,120.570000,,
64,H,9.120000,126.620000,,
65,A,7.400000,120.570000,,
66,L,8.500000,124.530000,,
67,S,8.800000,122.060000,,
68,I,8.850000,129.110000,,
69,K,8.640000,130.030000,,
70,K,7.160000,113.930000,,
71,A,8.790000,129.180000,,
72,Q,8.290000,120.840000,,
73,T,8.840000,111.780000,,
74,Q,7.450000,116.810000,,
75,Q,8.420000,114.280000,,
76,W,7.630000,120.580000,,
77,K,7.720000,120.810000,,
