seq_pos,aa,H,N,CA,HA
1,V,8.670000,120.410000,,
2,T,7.680000,113.400000,,
3,K,9.110000,121.990000,,
4,E,8.780000,117.640000,,
5,Q,7.810000,122.080000,,
6,V,7.400000,120.000000,,
7,E,8.460000,117.250000,,
8,A,8.250000,124.290000,,
9,S,8.280000,114.790000,,
10,L,7.910000,118.300000,,
11,T,8.380000,116.370000,,
12,S,7.960000,115.120000,,
13,K,7.390000,116.010000,,
14,L,7.780000,114.340000,,
15,K,7.370000,116.470000,,
16,I,7.870000,116.760000,,
17,H,6.900000,118.500000,,
18,L,7.570000,128.240000,,
19,E,8.620000,125.990000,,
20,V,8.900000,127.000000,,
21,I,9.060000,126.180000,,
22,D,9.090000,127.040000,,
23,I,7.870000,123.160000,,
24,S,9.110000,119.350000,,
25,G,8.370000,111.770000,,
26,G,7.830000,107.070000,,
27,C,7.340000,116.850000,,
28,G,8.860000,111.550000,,
29,S,8.190000,111.940000,,
30,S,7.220000,116.250000,,
31,F,7.930000,118.420000,,
32,E,9.360000,121.990000,,
33,V,8.740000,118.310000,,
34,E,8.780000,123.560000,,
35,V,8.440000,120.010000,,
36,V,8.120000,127.840000,,
37,S,8.180000,117.470000,,
38,E,9.830000,131.470000,,
39,Q,8.160000,117.520000,,
40,F,6.830000,113.280000,,
41,E,7.400000,120.960000,,
42,G,8.960000,114.950000,,
43,K,7.850000,118.680000,,
44,R,9.210000,125.330000,,
45,L,6.910000,118.200000,,
46,L,8.520000,116.000000,,
47,E,8.220000,120.860000,,
48,R,7.940000,119.230000,,
49,H,8.300000,117.470000,,
50,R,7.930000,120.360000,,
51,M,8.110000,120.720000,,
52,V,8.090000,119.340000,,
53,N,7.960000,116.940000,,
54,A,8.470000,121.060000,,
55,A,7.570000,121.340000,,
56,L,6.930000,116.000000,,
57,E,6.950000,120.170000,,
58,E,8.550000,116.270000,,
59,E,8.980000,121.900000,,
60,M,8.690000,115.950000,,
61,K,7.370000,116.980000,,
62,E,7.720000,115.490000,,
63,I,7.390000,120.540000,,
64,H,9.130000,126.530000,,
65,A,7.390000,120.540000,,
66,L,8.470000,124.390000,,
67,S,8.800000,122.190000,,
68,I,8.870000,129.470000,,
69,K,8.640000,130.030000,,
70,K,7.140000,114.170000,,
71,A,8.790000,129.180000,,
72,Q,8.240000,120.750000,,
73,T,8.840000,111.710000,,
74,Q,7.450000,116.810000,,
75,Q,8.410000,114.250000,,
76,W,7.620000,120.620000,,
77,K,7.720000,120.970000,,
