seq_pos,aa,H,N,CA,HA
1,S,,,58.430000,4.580000
2,S,8.520000,118.000000,58.300000,4.560000
3,S,8.350000,118.160000,56.090000,4.860000
4,P,,,63.950000,4.630000
5,I,7.640000,117.530000,59.750000,4.710000
6,Q,8.270000,125.250000,54.630000,4.790000
7,G,8.130000,111.330000,46.280000,3.460000
8,S,6.990000,109.860000,57.290000,4.550000
9,W,8.650000,122.320000,58.020000,5.080000
10,T,9.840000,118.410000,61.130000,4.910000
11,W,8.620000,128.470000,55.850000,4.710000
12,E,8.220000,126.980000,55.450000,4.370000
13,N,9.220000,124.480000,53.900000,4.180000
14,G,7.670000,101.870000,45.960000,3.410000
15,K,6.820000,117.090000,54.810000,4.470000
16,W,9.270000,125.330000,58.370000,5.350000
17,T,10.010000,125.740000,61.700000,5.600000
18,W,9.670000,135.300000,57.920000,4.300000
19,K,7.550000,126.230000,54.360000,5.240000
20,G,8.500000,111.110000,45.920000,4.015000
21,I,8.490000,120.660000,59.070000,5.460000
22,I,9.210000,125.740000,59.250000,5.510000
23,R,8.300000,126.290000,55.720000,4.740000
24,L,9.980000,127.920000,54.490000,4.510000
25,E,8.620000,121.370000,55.540000,4.520000
26,Q,8.220000,125.880000,57.790000,4.120000
