seq_pos,aa,H,N,CA,HA
1,A,8.304000,126.686000,52.562000,4.523000
2,V,7.872000,118.179000,62.065000,3.991000
3,D,8.107000,123.079000,54.414000,4.404000
4,L,7.782000,121.827000,54.941000,4.122000
5,Y,7.972000,121.643000,57.274000,4.488000
6,V,7.770000,116.085000,59.412000,3.942000
7,C,7.352000,125.869000,58.177000,3.687000
8,L,8.618000,131.350000,57.097000,3.837000
9,L,8.416000,118.835000,56.444000,4.379000
10,C,8.083000,117.699000,58.518000,4.987000
11,G,7.964000,113.759000,46.379000,3.871500
12,S,8.396000,116.224000,56.714000,4.799000
13,G,8.995000,115.779000,44.964000,4.110000
14,N,8.100000,117.359000,52.580000,4.755000
15,D,9.018000,117.365000,55.882000,4.273000
16,E,9.270000,117.886000,59.903000,3.803000
17,D,8.963000,118.832000,55.433000,4.357000
18,R,8.036000,119.537000,54.828000,4.305000
19,L,7.184000,122.512000,54.516000,4.128000
20,L,8.663000,127.850000,53.501000,4.085000
21,L,8.139000,123.988000,53.510000,
22,C,8.955000,129.096000,60.241000,4.669000
23,D,9.120000,130.207000,56.716000,4.548000
24,G,9.925000,113.572000,46.091000,4.009000
25,C,7.754000,120.909000,58.591000,4.750000
26,D,8.124000,119.370000,56.240000,4.630000
27,D,8.655000,123.056000,55.577000,4.784000
28,S,8.048000,114.384000,56.956000,5.805000
29,Y,8.524000,119.063000,56.301000,5.348000
30,H,9.094000,122.478000,57.819000,5.073000
31,T,8.774000,113.249000,64.925000,3.540000
32,F,6.404000,111.508000,56.120000,4.614000
33,C,7.242000,123.999000,61.911000,4.333000
34,L,6.373000,119.805000,55.500000,3.905000
35,I,7.902000,118.573000,57.800000,4.187000
36,P,,,62.879000,
37,L,7.545000,120.513000,53.509000,4.409000
38,H,,,57.627000,4.348000
39,D,7.611000,117.422000,52.254000,4.740000
40,V,8.531000,123.018000,60.735000,3.820000
41,P,,,62.910000,4.345000
42,K,8.483000,122.040000,55.928000,4.265000
43,G,8.103000,110.439000,44.732000,3.933500
44,D,8.253000,121.630000,54.611000,4.542000
45,W,9.050000,126.420000,60.012000,4.336000
46,R,6.581000,125.212000,52.612000,4.915000
47,C,8.982000,126.478000,56.747000,3.573000
48,P,,,65.437000,
49,K,7.800000,119.965000,59.630000,4.006000
50,C,8.513000,125.452000,65.376000,3.771000
51,L,8.181000,120.480000,56.974000,3.869000
52,A,7.422000,121.422000,53.684000,4.098000
53,Q,7.545000,117.550000,56.722000,4.110000
54,E,7.861000,120.736000,57.168000,4.136000
