seq_pos,aa,H,N,CA,HA
1,A,8.362000,126.125000,,4.806000
2,V,7.927000,118.426000,,3.931000
3,D,7.897000,,,
4,L,7.493000,117.182000,55.279000,4.113000
5,Y,7.458000,118.773000,57.874000,4.538000
6,V,7.785000,118.252000,59.373000,3.976000
7,C,7.531000,125.429000,58.415000,3.839000
8,L,8.453000,130.689000,57.173000,3.891000
9,L,8.521000,118.705000,56.415000,4.504000
10,C,8.143000,117.143000,58.541000,5.045000
11,G,7.936000,112.839000,46.276000,3.935500
12,S,8.546000,115.704000,,4.839000
13,G,9.167000,115.910000,44.994000,3.694000
14,N,8.113000,117.682000,,4.599000
15,D,9.087000,117.820000,56.114000,4.320000
16,E,8.859000,115.267000,60.460000,3.720000
17,D,9.182000,115.313000,54.579000,4.298000
18,R,7.902000,118.426000,54.783000,4.314000
19,L,7.132000,124.096000,53.950000,4.096000
20,L,8.134000,125.564000,54.405000,4.129000
21,L,7.684000,118.623000,54.580000,4.130000
22,C,8.913000,125.449000,60.667000,4.595000
23,D,9.432000,129.303000,,
24,G,10.289000,114.897000,46.054000,4.129000
25,C,8.128000,121.696000,,4.850000
26,D,,,,4.818000
27,D,8.271000,121.279000,,4.793000
28,S,7.819000,112.885000,56.390000,5.880000
29,Y,8.592000,119.816000,56.183000,5.372000
30,H,8.975000,122.340000,58.016000,5.193000
31,T,8.721000,112.321000,64.792000,3.569000
32,F,6.503000,110.965000,,4.623000
33,C,7.299000,123.523000,61.854000,4.368000
34,L,6.423000,119.082000,55.368000,3.946000
35,I,8.037000,117.875000,57.694000,4.221000
36,P,,,62.027000,5.003000
37,P,,,62.874000,4.386000
38,L,7.666000,119.708000,53.310000,4.486000
39,H,,,57.617000,4.356000
40,D,7.517000,115.261000,,4.794000
41,V,8.773000,123.315000,61.050000,3.707000
42,P,,,62.858000,4.351000
43,K,8.581000,121.135000,56.833000,4.191000
44,G,8.286000,108.616000,43.970000,3.991000
45,D,8.235000,120.253000,,4.638000
46,W,9.548000,124.443000,59.903000,4.494000
47,R,6.761000,124.482000,52.486000,4.966000
48,C,8.955000,124.884000,56.662000,3.709000
49,P,,,65.401000,3.961000
50,K,7.769000,118.518000,59.467000,4.053000
51,C,8.367000,124.003000,65.005000,3.823000
52,L,7.987000,119.215000,55.872000,3.935000
53,A,7.336000,120.997000,52.818000,4.190000
54,Q,7.637000,117.963000,55.666000,4.238000
55,E,7.776000,126.928000,58.187000,4.009000
