seq_pos,aa,H,N,CA,HA
1,V,8.310000,122.820000,62.222000,4.183000
2,T,8.520000,121.314000,62.765000,4.286000
3,K,8.568000,125.656000,55.333000,4.797000
4,V,8.961000,118.244000,59.547000,4.408000
5,D,8.246000,121.607000,52.630000,5.072000
6,C,8.959000,127.326000,57.078000,4.503000
7,P,,,64.302000,4.463000
8,V,9.495000,124.271000,65.208000,3.958000
9,C,8.610000,118.647000,58.935000,4.927000
10,G,7.896000,112.890000,46.283000,3.962000
11,V,8.178000,122.115000,63.229000,3.956000
12,N,8.226000,124.559000,53.921000,5.123000
13,I,9.115000,125.672000,57.498000,4.691000
14,P,,,63.423000,4.489000
15,E,8.899000,125.541000,59.664000,3.858000
16,S,8.251000,111.930000,60.059000,4.236000
17,H,8.179000,120.021000,55.625000,4.957000
18,I,7.463000,120.964000,63.186000,4.038000
19,N,8.370000,120.749000,57.149000,4.452000
20,K,8.008000,120.087000,58.158000,4.166000
21,H,8.362000,119.248000,60.072000,4.183000
22,L,8.750000,119.954000,58.146000,3.920000
23,D,7.502000,117.139000,57.272000,4.372000
24,S,7.219000,111.282000,59.270000,4.483000
25,C,8.057000,126.819000,63.382000,3.910000
26,L,8.198000,119.262000,55.844000,4.286000
27,S,7.810000,114.923000,58.958000,4.365000
