seq_pos,aa,H,N,CA,HA
1,Q,8.471000,122.569000,55.730000,4.366000
2,V,8.319000,122.497000,62.116000,4.194000
3,T,8.544000,121.902000,62.854000,4.266000
4,K,8.658000,126.406000,55.287000,4.824000
5,V,9.049000,115.133000,58.397000,4.562000
6,D,8.241000,120.131000,52.027000,5.196000
7,C,8.959000,126.182000,57.180000,4.288000
8,P,,,63.745000,4.151000
9,V,9.503000,124.265000,64.952000,3.819000
10,C,8.421000,118.345000,58.752000,4.879000
11,G,7.822000,113.039000,46.117000,3.903000
12,V,8.170000,122.128000,63.236000,3.931000
13,N,8.157000,125.100000,53.727000,5.305000
14,I,9.296000,124.695000,57.771000,4.800000
15,P,,,63.370000,4.493000
16,E,8.964000,126.299000,59.968000,3.758000
17,S,8.312000,112.128000,60.183000,4.215000
18,H,8.109000,120.226000,55.335000,4.987000
19,I,7.576000,119.955000,62.250000,4.141000
20,N,8.467000,121.785000,58.829000,4.292000
21,K,8.044000,120.745000,58.495000,4.125000
22,H,8.417000,118.175000,60.119000,4.189000
23,L,8.832000,120.394000,57.981000,3.781000
24,D,7.695000,117.206000,57.433000,4.239000
25,S,7.084000,112.049000,59.899000,4.490000
26,C,8.394000,127.419000,63.304000,3.796000
27,L,8.173000,114.322000,55.666000,4.104000
28,S,7.858000,114.496000,58.244000,4.419000
29,R,8.098000,125.493000,,
