seq_pos,aa,H,N,CA,HA
1,H,,,56.178000,4.650000
2,M,,,55.668000,4.450000
3,G,8.423000,110.404000,45.269000,3.947000
4,A,8.191000,124.042000,52.493000,4.282000
5,A,8.243000,122.851000,52.383000,4.283000
6,A,8.167000,123.014000,52.266000,4.299000
7,L,8.137000,121.468000,54.962000,4.428000
8,R,8.661000,121.900000,56.074000,4.551000
9,S,7.916000,113.434000,56.024000,4.699000
10,C,8.173000,125.462000,56.159000,4.672000
11,P,,,64.257000,4.476000
12,M,9.132000,120.537000,57.426000,4.549000
13,C,8.331000,118.266000,58.945000,4.943000
14,Q,7.789000,115.660000,58.046000,4.010000
15,K,8.222000,122.955000,57.336000,3.975000
16,E,8.367000,123.884000,55.676000,4.075000
17,F,8.177000,123.877000,55.622000,4.714000
18,A,8.433000,128.636000,50.993000,4.554000
19,P,,,64.969000,4.355000
20,R,7.660000,111.683000,56.305000,4.207000
21,L,7.556000,121.417000,55.717000,4.393000
22,T,9.120000,114.867000,60.644000,4.455000
23,Q,8.869000,120.923000,58.336000,3.726000
24,L,7.761000,118.215000,57.972000,4.189000
25,D,7.539000,120.786000,57.532000,4.347000
26,V,7.805000,123.699000,66.764000,2.900000
27,D,8.895000,120.628000,57.678000,4.357000
28,S,8.284000,115.786000,61.454000,4.287000
29,H,7.831000,121.227000,60.442000,4.252000
30,L,8.845000,119.378000,58.555000,3.996000
31,A,7.889000,118.429000,54.722000,4.104000
32,Q,7.391000,117.277000,57.351000,4.204000
33,C,8.167000,122.933000,64.265000,3.901000
34,L,8.225000,120.457000,56.760000,4.207000
35,A,7.641000,122.336000,53.767000,4.200000
36,E,8.057000,117.925000,56.975000,4.272000
37,S,8.077000,115.753000,58.600000,4.538000
38,T,8.136000,115.550000,61.816000,4.428000
39,E,8.265000,122.776000,56.435000,4.317000
40,D,8.390000,121.819000,54.232000,4.587000
41,V,7.996000,120.623000,62.013000,3.991000
42,T,7.915000,117.870000,61.280000,4.307000
43,W,7.620000,128.689000,58.413000,4.543000
