seq_pos,aa,H,N,CA,HA
1,H,,,,
2,M,8.448000,122.082000,54.967000,4.412000
3,G,8.459000,110.366000,44.584000,3.951000
4,A,8.253000,124.049000,51.884000,4.297000
5,A,8.322000,123.132000,51.851000,4.281000
6,A,8.231000,123.675000,51.585000,4.263000
7,L,8.104000,121.187000,54.534000,4.389000
8,R,8.797000,121.721000,55.761000,4.486000
9,S,7.555000,112.067000,55.374000,4.265000
10,C,7.980000,124.756000,55.881000,4.198000
11,P,,,63.891000,4.289000
12,M,8.777000,119.495000,57.472000,4.258000
13,C,8.280000,118.342000,58.426000,4.883000
14,Q,7.680000,115.275000,57.446000,3.891000
15,K,8.187000,123.016000,56.823000,3.885000
16,E,8.422000,124.246000,55.638000,3.852000
17,F,7.998000,124.027000,54.443000,4.660000
18,A,8.304000,129.037000,50.459000,4.514000
19,P,,,64.247000,4.300000
20,R,7.599000,111.617000,55.705000,4.163000
21,L,7.512000,121.114000,55.270000,4.319000
22,T,9.058000,114.258000,59.968000,4.360000
23,Q,8.835000,120.754000,58.284000,3.713000
24,L,7.899000,118.814000,57.811000,4.142000
25,D,7.553000,120.208000,56.819000,4.211000
26,V,7.880000,123.015000,66.385000,2.807000
27,D,8.369000,120.893000,57.496000,4.036000
28,S,7.894000,112.819000,,
29,H,7.619000,120.983000,60.141000,4.037000
30,L,8.657000,118.614000,57.531000,3.728000
31,A,8.296000,119.459000,54.601000,3.767000
32,Q,7.537000,117.648000,58.477000,3.878000
33,C,8.265000,119.676000,65.538000,3.848000
34,L,8.764000,122.036000,57.022000,4.238000
35,A,8.169000,121.371000,54.240000,3.896000
36,E,7.374000,114.105000,55.830000,4.208000
37,S,7.486000,115.555000,58.229000,4.423000
38,T,8.894000,120.165000,63.523000,4.148000
39,E,7.962000,119.436000,54.035000,4.471000
40,D,8.748000,122.486000,54.124000,4.489000
41,V,7.506000,120.843000,61.108000,4.307000
42,T,8.259000,117.225000,60.110000,4.310000
43,W,7.657000,126.730000,58.562000,4.586000
