seq_pos,aa,H,N,CA,HA
1,S,,,54.657000,4.791000
2,M,7.506000,121.815000,56.014000,4.469000
3,E,8.479000,121.746000,56.984000,4.216000
4,Q,8.283000,120.360000,56.023000,4.290000
5,G,8.273000,108.725000,45.259000,3.859500
6,F,8.013000,119.228000,57.204000,4.634000
7,L,8.470000,123.647000,52.639000,4.256000
8,P,,,62.015000,4.442000
9,K,8.445000,121.478000,58.233000,4.196000
10,G,9.071000,113.615000,45.879000,4.081000
11,W,7.906000,118.746000,56.650000,5.834000
12,E,9.347000,121.833000,54.909000,4.810000
13,V,8.545000,123.137000,60.025000,4.637000
14,R,8.246000,127.139000,53.582000,4.314000
15,H,8.197000,115.693000,56.284000,4.956000
16,A,9.095000,127.216000,50.955000,4.681000
17,P,,,65.484000,4.363000
18,N,7.732000,112.324000,,4.656000
19,G,8.577000,108.672000,45.235000,4.037500
20,R,7.813000,123.427000,54.550000,4.724000
21,P,,,62.371000,4.798000
22,F,8.362000,117.250000,55.689000,4.606000
23,F,8.775000,117.735000,56.924000,5.212000
24,I,9.092000,122.391000,59.986000,4.321000
25,D,8.182000,124.611000,51.384000,3.677000
26,H,8.719000,122.958000,58.504000,4.234000
27,N,8.437000,116.109000,55.791000,4.477000
28,T,6.738000,104.932000,61.128000,4.317000
29,K,8.023000,119.758000,56.996000,3.793000
30,T,7.462000,111.267000,60.997000,4.574000
31,T,8.294000,115.966000,60.597000,5.197000
32,T,9.181000,118.179000,59.370000,4.813000
33,W,8.700000,124.933000,57.917000,5.063000
34,E,8.650000,122.061000,55.664000,4.354000
35,D,8.210000,126.259000,50.762000,2.823000
36,P,,,63.465000,4.029000
37,R,8.376000,118.747000,57.102000,3.889000
38,L,7.312000,117.856000,54.773000,4.237000
39,K,7.448000,120.141000,55.716000,4.257000
40,I,7.975000,124.111000,58.570000,4.350000
41,P,,,63.445000,4.347000
42,A,7.945000,130.261000,53.715000,4.117000
