seq_pos,aa,H,N,CA,HA
1,L,7.752000,120.830000,53.010000,4.713000
2,P,,,63.580000,4.520000
3,S,8.310000,115.350000,58.490000,4.440000
4,Q,8.356000,121.810000,55.850000,4.440000
5,A,8.240000,124.430000,52.880000,4.239000
6,M,8.268000,118.630000,55.650000,4.483000
7,D,8.205000,120.450000,55.230000,4.505000
8,D,8.210000,119.550000,54.650000,4.590000
9,L,8.001000,120.800000,55.390000,4.305000
10,M,8.088000,118.720000,55.400000,4.485000
11,L,7.950000,121.830000,54.680000,4.453000
12,S,8.590000,117.880000,55.550000,4.875000
13,P,,,64.450000,4.345000
14,D,8.101000,117.110000,55.390000,4.480000
15,D,7.862000,119.620000,55.390000,4.502000
16,I,7.620000,119.210000,62.740000,3.380000
17,E,8.065000,119.710000,58.450000,4.049000
18,Q,7.801000,116.780000,56.920000,4.232000
19,W,7.865000,119.620000,57.750000,4.526000
20,F,7.943000,116.350000,57.620000,4.726000
21,T,7.770000,115.610000,61.980000,4.404000
22,E,8.278000,122.470000,56.150000,4.380000
23,D,8.362000,122.810000,52.170000,4.920000
24,P,,,63.430000,4.490000
25,G,8.064000,115.030000,46.150000,3.795000
