seq_pos,aa,H,N,CA,HA
1,G,,,43.292000,3.896000
2,G,8.640000,111.336000,45.265000,4.015000
3,G,8.366000,109.011000,45.157000,3.960000
4,G,8.257000,108.691000,45.002000,3.871500
5,Y,8.018000,119.836000,57.619000,4.591000
6,D,8.342000,122.165000,54.129000,4.608000
7,V,7.952000,119.695000,63.193000,4.102000
8,E,8.423000,123.971000,56.560000,4.240000
9,M,8.272000,121.398000,55.308000,4.448000
10,E,8.418000,122.421000,56.570000,4.278000
11,S,8.316000,116.907000,57.903000,4.438000
12,E,8.483000,123.235000,56.455000,4.288000
13,E,8.372000,121.851000,56.672000,4.239000
14,E,8.423000,122.350000,56.520000,4.271000
15,S,8.321000,117.007000,58.007000,4.248000
16,D,8.416000,122.912000,54.392000,4.644000
17,D,8.295000,120.726000,54.234000,4.612000
18,D,8.242000,120.500000,54.774000,4.539000
19,G,8.306000,108.120000,45.581000,3.780000
20,F,7.891000,118.575000,58.325000,4.535000
21,V,8.913000,116.726000,60.702000,4.336000
22,E,8.495000,124.082000,56.821000,4.355000
23,V,8.334000,123.039000,62.138000,4.084000
24,D,7.956000,130.084000,55.438000,4.423000
