seq_pos,aa,H,N,CA,HA
1,D,8.621000,122.413000,54.582000,4.671000
2,T,8.114000,113.872000,62.030000,4.286000
3,Q,8.372000,122.215000,56.384000,4.288000
4,D,8.269000,121.295000,55.011000,4.549000
5,D,8.236000,120.922000,55.370000,4.440000
6,F,8.092000,119.725000,59.219000,4.405000
7,L,7.896000,120.070000,55.846000,4.167000
8,K,7.823000,119.870000,55.792000,3.570000
9,W,7.403000,120.769000,58.198000,4.329000
10,W,7.348000,120.764000,57.812000,4.226000
11,R,7.318000,120.786000,56.262000,4.161000
12,S,7.836000,115.787000,58.741000,4.329000
13,E,8.485000,122.289000,57.565000,4.196000
14,E,8.222000,120.374000,56.918000,4.203000
15,A,8.069000,123.937000,52.780000,4.248000
16,Q,8.163000,118.851000,56.109000,4.259000
17,D,8.255000,120.904000,54.538000,4.579000
18,M,8.198000,120.807000,55.373000,4.483000
19,G,8.034000,115.885000,46.290000,3.730000
