seq_pos,aa,H,N,CA,HA
1,T,,,61.924000,
2,Q,8.599000,123.168000,56.055000,
3,G,8.501000,110.797000,45.294000,
4,G,8.256000,108.622000,45.157000,3.923000
5,R,8.106000,121.553000,53.697000,4.645000
6,P,,,62.996000,4.397000
7,S,8.057000,114.612000,57.226000,4.609000
8,L,8.669000,130.246000,53.553000,4.260000
9,I,8.346000,124.219000,60.373000,4.365000
10,A,9.001000,134.173000,50.937000,4.313000
11,R,7.359000,121.862000,54.339000,5.133000
12,I,9.360000,125.405000,58.009000,4.457000
13,P,,,63.261000,4.371000
14,V,8.573000,127.019000,65.676000,3.700000
15,A,8.779000,121.337000,54.837000,4.093000
16,R,7.268000,114.002000,57.911000,4.151000
17,I,7.288000,117.961000,64.106000,3.527000
18,L,7.736000,116.253000,55.126000,4.170000
19,G,7.668000,107.270000,45.212000,
20,D,7.887000,119.933000,53.435000,
21,P,,,63.499000,4.393000
22,E,8.488000,120.788000,56.168000,4.268000
23,E,8.278000,121.942000,56.437000,4.282000
24,E,8.016000,127.354000,57.848000,4.082000
