seq_pos,aa,H,N,CA,HA
1,G,,,43.809000,3.895000
2,S,8.644000,122.205000,58.693000,4.528000
3,M,,,55.733000,4.559000
4,E,8.419000,121.860000,56.428000,4.297000
5,G,8.439000,109.819000,45.664000,3.990000
6,I,7.954000,119.730000,61.243000,4.300000
7,S,8.455000,120.412000,58.475000,4.577000
8,I,8.130000,121.730000,61.264000,4.293000
9,Y,8.295000,123.837000,58.028000,4.745000
10,T,8.092000,115.760000,61.264000,4.483000
11,S,8.254000,117.340000,58.713000,4.467000
12,D,8.409000,121.955000,54.486000,4.630000
13,N,8.278000,117.959000,53.561000,4.693000
14,Y,8.124000,120.918000,58.685000,4.579000
15,T,7.906000,116.346000,61.911000,4.277000
16,E,8.329000,122.821000,57.153000,4.253000
17,E,8.415000,121.622000,57.125000,4.273000
18,M,8.377000,121.167000,56.104000,4.445000
19,G,8.432000,110.029000,45.720000,4.046000
20,S,8.303000,115.489000,58.685000,4.490000
21,G,8.486000,110.756000,45.848000,3.941000
22,D,8.166000,120.332000,54.568000,4.603000
23,Y,8.149000,120.434000,58.685000,4.495000
24,D,8.267000,121.701000,54.974000,4.600000
25,S,8.193000,116.413000,59.323000,4.339000
26,M,8.252000,120.969000,56.062000,4.460000
27,K,8.010000,121.283000,56.367000,4.325000
28,E,8.285000,122.804000,54.486000,4.550000
29,P,,,63.625000,4.358000
30,A,8.356000,123.407000,52.829000,4.264000
31,F,8.096000,118.876000,57.722000,4.605000
32,R,8.109000,123.120000,56.062000,4.289000
33,E,8.460000,122.701000,57.099000,4.220000
34,E,8.597000,122.102000,57.282000,4.274000
35,N,8.443000,119.428000,53.541000,4.685000
36,A,8.245000,124.288000,53.207000,4.255000
37,N,8.294000,116.895000,53.622000,4.656000
38,F,8.048000,120.124000,58.075000,4.626000
39,N,8.319000,120.389000,53.622000,4.706000
40,K,7.775000,126.311000,58.028000,4.148000
