seq_pos,aa,H,N,CA,HA
1,G,,,45.251000,3.930000
2,L,7.983000,121.542000,52.284000,4.563000
3,P,,,61.200000,4.758000
4,P,,,64.042000,4.472000
5,G,9.018000,113.830000,45.830000,4.053000
6,W,7.694000,118.923000,56.292000,6.000000
7,E,9.367000,121.415000,55.098000,4.758000
8,E,8.873000,126.940000,54.945000,4.665000
9,K,8.418000,128.576000,54.167000,4.376000
10,Q,7.901000,116.724000,54.560000,5.366000
11,D,9.127000,124.800000,52.600000,4.855000
12,D,8.524000,117.818000,56.194000,4.423000
13,R,8.229000,119.990000,55.300000,4.490000
14,G,8.140000,109.964000,45.430000,3.945000
15,R,8.825000,124.871000,56.063000,4.457000
16,S,8.854000,122.965000,59.856000,5.245000
17,Y,8.840000,120.834000,55.689000,4.680000
18,Y,9.009000,118.070000,57.585000,5.199000
19,V,9.292000,124.250000,61.003000,4.206000
20,D,8.200000,125.668000,51.144000,3.701000
21,H,8.789000,124.047000,58.737000,4.270000
22,N,8.300000,117.400000,55.692000,4.440000
23,S,6.846000,111.903000,57.983000,4.282000
24,K,7.710000,120.494000,56.838000,4.135000
25,T,7.247000,110.416000,60.400000,4.680000
26,T,8.117000,112.268000,59.600000,5.457000
27,T,9.118000,115.637000,59.477000,4.758000
28,W,8.773000,126.550000,58.400000,5.180000
29,S,8.597000,117.395000,58.340000,4.540000
30,K,8.356000,130.255000,54.550000,2.720000
31,P,,,62.149000,4.046000
32,T,7.920000,114.635000,61.022000,4.132000
33,M,8.335000,123.471000,55.304000,4.380000
34,Q,8.355000,123.085000,55.676000,4.380000
35,D,7.967000,129.012000,56.062000,4.330000
