seq_pos,aa,H,N,CA,HA
1,G,8.364000,111.909000,45.449000,3.915000
2,L,7.981000,121.975000,52.250000,4.540000
3,P,,,61.200000,4.700000
4,P,,,64.040000,4.414000
5,G,8.878000,113.440000,45.460000,3.990000
6,W,7.665000,119.937000,56.830000,5.566000
7,E,9.194000,122.950000,55.300000,4.630000
8,E,8.751000,127.188000,55.307000,4.548000
9,K,8.444000,128.411000,54.170000,4.318000
10,Q,7.926000,117.310000,54.560000,5.190000
11,D,8.960000,124.496000,52.650000,4.911000
12,D,8.487000,118.260000,56.000000,4.449000
13,R,8.267000,120.200000,55.000000,4.470000
14,G,8.190000,109.972000,45.400000,3.935000
15,R,8.658000,124.040000,56.070000,4.494000
16,S,8.723000,121.540000,59.487000,5.135000
17,Y,8.512000,120.900000,55.700000,4.392000
18,Y,8.694000,118.453000,57.093000,5.199000
19,V,8.980000,123.096000,60.617000,4.450000
20,D,8.048000,126.236000,51.513000,3.756000
21,H,8.639000,124.507000,58.724000,4.209000
22,N,8.258000,117.758000,55.300000,4.547000
23,S,,,58.351000,4.361000
24,K,8.023000,120.643000,56.836000,3.881000
25,T,7.503000,113.963000,61.338000,4.460000
26,T,8.260000,118.007000,61.015000,5.211000
27,T,9.180000,119.453000,59.882000,4.790000
28,W,8.580000,125.784000,58.335000,4.882000
29,S,8.297000,118.326000,57.210000,4.604000
30,K,8.363000,128.842000,54.548000,2.910000
31,P,,,62.200000,4.090000
32,T,7.948000,114.599000,61.012000,4.180000
33,M,8.350000,123.290000,55.320000,4.345000
34,E,8.350000,123.080000,55.654000,4.370000
35,D,7.974000,128.996000,55.800000,4.339000
