seq_pos,aa,H,N,CA,HA
1,G,,,43.501000,3.901000
2,S,,,58.364000,4.525000
3,M,8.592000,123.174000,55.804000,4.486000
4,A,8.337000,125.785000,52.809000,4.293000
5,E,8.274000,120.731000,56.377000,4.256000
6,A,8.271000,125.716000,52.413000,4.345000
7,S,8.259000,117.161000,56.354000,4.724000
8,P,,,63.385000,4.414000
9,H,8.489000,120.170000,53.492000,4.980000
10,P,,,63.443000,4.546000
11,G,8.635000,110.263000,45.211000,4.002000
12,R,8.229000,121.025000,55.356000,4.782000
13,Y,8.692000,121.353000,57.049000,5.328000
14,F,9.415000,122.456000,57.019000,4.884000
15,C,7.942000,128.438000,58.328000,4.653000
16,H,8.971000,126.467000,58.736000,4.323000
17,C,9.195000,123.882000,61.704000,4.442000
18,C,9.794000,124.898000,,3.998000
19,S,7.950000,114.055000,58.868000,3.755000
20,V,6.438000,111.916000,59.032000,4.458000
21,E,8.346000,123.431000,56.818000,5.023000
22,I,8.537000,117.751000,58.945000,4.741000
23,V,8.203000,124.220000,59.718000,4.586000
24,P,,,62.661000,4.059000
25,R,8.635000,121.370000,56.052000,4.255000
26,L,8.521000,127.914000,52.938000,4.173000
27,P,,,63.667000,4.340000
28,D,8.752000,122.078000,56.355000,4.387000
29,Y,8.666000,117.607000,60.437000,3.449000
30,I,6.761000,111.804000,57.569000,4.775000
31,C,8.783000,126.875000,56.402000,4.408000
32,P,,,64.040000,4.382000
33,R,9.604000,124.131000,58.190000,4.301000
34,C,8.549000,119.758000,58.710000,4.839000
35,E,7.868000,118.109000,58.518000,4.078000
36,S,8.786000,117.224000,59.277000,4.437000
37,G,8.511000,111.095000,45.241000,4.263500
38,F,8.850000,126.409000,55.269000,5.151000
39,I,7.972000,117.377000,58.687000,5.356000
40,E,9.131000,124.869000,54.656000,4.885000
41,E,8.844000,127.840000,56.505000,3.848000
42,L,8.188000,133.545000,56.363000,4.147000
