seq_pos,aa,H,N,CA,HA
1,G,,,43.501000,4.012000
2,S,,,58.487000,4.634000
3,M,8.610000,123.111000,55.819000,4.615000
4,A,8.361000,125.727000,52.835000,4.415000
5,E,8.301000,120.728000,56.407000,4.368000
6,A,8.311000,125.711000,52.439000,4.461000
7,S,8.285000,117.113000,56.392000,4.848000
8,P,,,63.367000,4.534000
9,H,8.523000,120.118000,53.536000,5.088000
10,P,,,63.535000,4.627000
11,G,8.652000,110.202000,45.270000,4.114000
12,R,8.320000,120.708000,55.524000,4.951000
13,Y,8.662000,120.662000,56.744000,5.420000
14,F,9.458000,121.892000,56.909000,4.932000
15,C,7.847000,127.548000,57.571000,4.932000
16,H,9.230000,126.180000,59.643000,4.370000
17,C,8.998000,123.256000,61.739000,4.338000
18,C,9.696000,124.783000,62.136000,4.028000
19,S,8.038000,114.378000,58.872000,3.846000
20,V,6.545000,111.467000,58.941000,4.695000
21,E,8.336000,122.406000,56.506000,5.301000
22,I,8.611000,117.814000,58.848000,4.852000
23,V,8.163000,124.372000,59.430000,4.720000
24,P,,,62.349000,4.326000
25,R,8.559000,119.474000,55.929000,4.423000
26,L,8.417000,127.793000,52.858000,4.215000
27,P,,,63.683000,4.266000
28,D,8.620000,121.550000,56.318000,4.533000
29,Y,8.368000,114.752000,60.614000,3.341000
30,I,6.980000,114.886000,57.332000,4.699000
31,C,8.652000,128.629000,55.941000,4.577000
32,P,,,64.074000,4.491000
33,R,9.638000,124.318000,58.509000,4.415000
34,C,8.313000,118.584000,58.567000,4.852000
35,E,8.006000,119.064000,57.889000,4.253000
36,S,8.596000,117.186000,58.007000,5.094000
37,G,8.626000,107.077000,44.802000,4.097000
38,F,8.276000,123.617000,57.258000,4.141000
39,I,7.726000,115.140000,57.928000,5.912000
40,E,9.056000,121.115000,54.517000,5.002000
41,E,9.279000,128.638000,56.707000,3.749000
42,L,8.119000,132.328000,56.082000,4.298000
