seq_pos,aa,H,N,CA,HA
1,N,,118.270000,53.460000,4.760000
2,L,8.300000,122.490000,55.658000,4.386000
3,Q,8.584000,125.534000,57.542000,4.332000
4,S,8.377000,121.896000,58.498000,4.445000
5,S,8.420000,123.252000,58.897000,4.475000
6,I,8.126000,122.209000,61.610000,4.198000
7,V,8.224000,125.020000,62.556000,4.049000
8,K,8.391000,125.698000,55.978000,4.255000
9,F,8.279000,126.780000,59.298000,4.627000
10,K,8.248000,,57.558000,4.255000
11,K,8.382000,121.078000,57.945000,4.432000
12,P,,,62.847000,4.425000
13,L,8.416000,123.508000,53.438000,4.572000
14,P,,,63.018000,4.428000
15,L,8.486000,121.778000,55.598000,4.362000
16,T,8.128000,114.398000,61.858000,4.305000
17,Q,8.517000,123.208000,53.708000,4.421000
18,P,,,63.164000,4.387000
19,G,8.647000,110.528000,45.298000,4.048000
