seq_pos,aa,H,N,CA,HA
1,S,,,58.300000,4.505000
2,L,8.257000,125.080000,55.300000,4.380000
3,G,8.170000,109.800000,44.200000,4.020000
4,P,,,62.400000,4.474000
5,L,8.683000,123.920000,53.400000,4.120000
6,P,,,61.200000,4.530000
7,P,,,64.000000,4.360000
8,G,8.788000,113.500000,45.300000,3.887500
9,W,7.644000,119.410000,56.700000,5.395000
10,E,9.383000,122.300000,55.000000,4.707000
11,E,8.688000,125.847000,55.100000,4.580000
12,R,8.504000,127.130000,53.700000,4.360000
13,T,8.080000,114.815000,61.700000,4.760000
14,H,9.710000,128.550000,55.700000,5.019000
15,T,,,64.800000,3.950000
16,D,8.490000,121.150000,53.450000,4.550000
17,G,8.162000,109.580000,45.000000,3.965000
18,R,8.186000,122.570000,57.200000,4.400000
19,V,8.350000,123.560000,61.600000,4.790000
20,F,8.620000,122.500000,55.300000,4.760000
21,F,8.691000,117.108000,56.660000,5.435000
22,I,9.245000,121.800000,59.100000,4.960000
23,N,8.358000,125.030000,50.790000,4.340000
24,H,8.610000,125.140000,58.660000,4.216000
25,N,8.348000,118.770000,56.000000,4.420000
26,I,6.740000,,60.330000,4.375000
27,K,7.520000,120.828000,57.000000,3.740000
28,K,7.420000,120.225000,54.800000,4.764000
29,T,8.350000,119.610000,60.880000,5.290000
30,Q,9.440000,120.480000,54.570000,4.920000
31,W,8.710000,121.480000,58.200000,4.896000
32,E,8.072000,119.300000,57.200000,4.240000
33,D,8.350000,125.850000,50.720000,3.102000
34,P,,,63.100000,3.930000
35,R,8.577000,119.678000,57.200000,3.873000
36,M,7.477000,118.110000,55.000000,4.380000
37,Q,7.680000,121.700000,55.500000,4.288000
38,N,7.980000,126.940000,54.800000,4.430000
