seq_pos,aa,H,N,CA,HA
1,A,8.288000,125.197000,,
2,S,8.254000,114.995000,,
3,S,8.338000,117.674000,,
4,E,8.433000,122.592000,,
5,Y,8.133000,119.099000,,
6,I,8.925000,116.275000,,
7,R,8.744000,123.877000,,
8,V,9.019000,122.858000,,
9,T,8.773000,118.505000,,
10,E,8.700000,121.644000,,
11,D,8.007000,119.444000,,
12,E,9.193000,126.040000,,
13,N,9.081000,116.945000,,
14,D,8.097000,121.428000,,
15,E,8.598000,123.037000,,
16,I,9.239000,119.116000,,
17,I,9.494000,126.297000,,
18,S,7.910000,114.758000,,
19,E,9.327000,118.095000,,
20,D,9.028000,122.267000,,
21,D,7.654000,115.655000,,
22,G,8.229000,107.744000,,
23,T,7.924000,113.319000,,
24,V,8.630000,117.597000,,
25,L,8.594000,125.964000,,
26,L,8.802000,125.660000,,
27,S,8.840000,112.772000,,
28,T,7.519000,121.080000,,
29,V,7.472000,121.392000,,
30,T,9.480000,112.880000,,
31,A,7.296000,122.486000,,
32,Q,7.017000,111.351000,,
33,F,8.317000,117.549000,,
34,G,8.751000,111.187000,,
35,A,8.146000,122.656000,,
36,C,9.028000,112.966000,,
37,G,7.396000,105.604000,,
38,L,8.869000,117.877000,,
39,R,9.563000,120.301000,,
40,Y,9.102000,116.395000,,
41,R,9.076000,122.013000,,
42,N,8.608000,127.800000,,
43,V,7.957000,116.646000,,
44,Q,8.390000,114.939000,,
45,C,7.807000,117.922000,,
46,M,9.002000,122.228000,,
47,R,9.150000,123.316000,,
48,R,9.464000,132.091000,,
49,V,9.297000,127.482000,,
50,E,9.476000,127.524000,,
51,G,8.229000,102.627000,,
52,I,8.293000,123.978000,,
53,L,9.315000,128.497000,,
54,A,8.375000,125.399000,,
55,G,7.995000,107.905000,,
56,W,8.476000,119.801000,,
57,G,8.575000,103.157000,,
58,L,6.970000,118.399000,,
59,V,7.806000,118.324000,,
60,Y,8.942000,127.294000,,
61,V,9.549000,122.762000,,
62,V,7.874000,121.588000,,
63,N,7.784000,121.063000,,
64,K,8.419000,121.657000,,
65,D,7.913000,126.685000,,
