seq_pos,aa,H,N,CA,HA
1,K,8.215000,120.922000,58.158000,
2,Q,8.252000,119.434000,58.334000,
3,E,8.724000,120.909000,60.335000,
4,E,7.990000,119.254000,60.475000,
5,A,8.397000,123.391000,56.210000,
