seq_pos,aa,H,N,CA,HA
1,P,,,63.529000,4.472000
2,G,,,45.360000,3.986000
3,S,8.179000,115.924000,58.812000,4.387000
4,K,8.456000,124.096000,57.287000,4.268000
5,R,8.189000,120.715000,57.229000,4.279000
6,K,8.292000,121.311000,57.732000,4.235000
7,Q,8.347000,119.967000,58.255000,4.041000
8,E,8.876000,120.732000,60.468000,3.669000
9,E,7.934000,119.109000,60.518000,3.947000
10,V,7.814000,116.473000,66.214000,3.598000
11,S,7.973000,115.895000,63.040000,4.091000
12,A,8.348000,123.361000,56.155000,3.586000
13,I,7.676000,117.173000,65.074000,4.315000
14,I,7.671000,119.870000,65.554000,3.540000
15,I,7.441000,119.970000,66.208000,3.285000
16,Q,9.105000,120.401000,60.163000,3.760000
17,R,9.081000,117.024000,60.019000,4.050000
18,A,7.983000,122.810000,55.271000,4.154000
19,Y,9.325000,122.236000,62.042000,4.520000
20,R,8.652000,118.222000,61.147000,3.790000
21,R,7.934000,119.497000,59.977000,4.058000
22,Y,7.881000,123.132000,60.813000,4.299000
23,L,8.441000,120.413000,57.458000,3.529000
24,L,7.496000,118.616000,57.235000,4.030000
25,K,7.616000,118.783000,58.163000,4.051000
26,Q,7.734000,116.972000,56.439000,4.051000
27,K,7.740000,119.342000,56.937000,4.175000
28,V,7.643000,118.304000,62.432000,4.056000
29,K,8.051000,125.120000,56.275000,4.296000
30,K,7.918000,128.570000,57.717000,
