seq_pos,aa,H,N,CA,HA
1,D,8.603000,122.441000,54.685000,
2,T,7.999000,113.332000,61.942000,
3,D,8.221000,122.524000,54.746000,
4,S,8.475000,116.818000,58.711000,
