seq_pos,aa,H,N,CA,HA
1,M,8.211000,121.993000,,
2,E,8.396000,121.589000,,
3,K,8.283000,122.025000,,
4,L,8.232000,124.606000,,
5,D,8.162000,120.345000,,
6,L,8.105000,118.022000,,
7,T,8.276000,116.000000,,
8,I,7.910000,118.052000,,
9,F,7.333000,112.714000,,
10,G,7.505000,110.016000,,
11,D,7.751000,120.549000,,
12,A,8.288000,,,
13,T,7.657000,117.675000,,
14,N,8.988000,116.107000,,
15,G,7.968000,108.624000,,
16,L,7.965000,118.893000,,
17,I,7.485000,120.006000,,
18,M,7.696000,117.300000,,
19,K,7.929000,121.317000,,
20,F,8.600000,120.500000,,
21,K,8.470000,120.597000,,
22,S,7.760000,112.203000,,
23,Q,7.912000,115.615000,,
24,S,8.447000,113.871000,,
25,I,7.262000,116.419000,,
26,D,7.959000,123.129000,,
27,T,8.617000,115.503000,,
28,G,7.997000,107.393000,,
29,V,8.531000,124.827000,,
30,I,7.994000,120.609000,,
31,R,8.046000,120.443000,,
32,R,7.917000,118.546000,,
33,V,8.690000,121.492000,,
34,S,8.089000,114.743000,,
35,Q,7.330000,118.245000,,
36,F,8.282000,113.855000,,
37,H,7.178000,118.492000,,
38,H,8.267000,117.648000,,
39,D,8.792000,115.809000,,
40,L,7.859000,121.691000,,
41,G,7.998000,105.865000,,
42,A,7.108000,119.471000,,
43,F,7.397000,115.213000,,
44,Y,7.825000,117.772000,,
45,D,8.494000,126.268000,,
46,I,8.203000,123.177000,,
47,K,7.952000,126.792000,,
