seq_pos,aa,H,N,CA,HA
1,D,,,54.787000,
2,V,8.261000,120.454000,62.391000,
3,Q,8.330000,123.067000,55.124000,
4,V,8.586000,123.552000,62.336000,
5,T,6.715000,113.707000,58.785000,
6,E,9.159000,122.111000,60.387000,
7,D,8.443000,116.616000,57.423000,
8,A,7.849000,121.555000,54.951000,
9,V,7.943000,116.698000,67.722000,
10,R,8.758000,119.567000,60.161000,
11,R,7.814000,118.489000,59.578000,
12,Y,7.675000,117.248000,61.356000,
13,L,8.341000,115.594000,56.563000,
14,T,7.973000,111.610000,63.473000,
15,R,7.443000,122.162000,58.376000,
16,K,7.874000,117.087000,54.443000,
17,P,,,62.214000,
18,M,8.928000,121.146000,54.789000,
19,T,9.035000,113.538000,60.149000,
20,T,9.080000,116.088000,67.938000,
21,K,8.008000,120.659000,59.995000,
22,D,7.956000,120.006000,57.343000,
23,L,8.003000,120.560000,57.890000,
24,L,8.488000,119.552000,58.610000,
25,K,7.597000,116.920000,58.842000,
26,K,7.328000,115.625000,55.901000,
27,F,7.547000,117.104000,58.092000,
28,Q,8.212000,120.858000,56.852000,
29,K,8.160000,118.988000,,
30,T,8.054000,111.247000,62.043000,
31,G,8.500000,110.596000,45.625000,
32,L,8.108000,121.158000,54.020000,
33,S,8.758000,116.981000,57.487000,
34,S,,,61.830000,
35,E,8.708000,121.297000,59.667000,
36,Q,7.994000,118.350000,58.591000,
37,T,8.229000,117.108000,67.443000,
38,V,8.095000,120.701000,67.107000,
39,N,7.611000,118.309000,56.334000,
40,V,8.263000,121.489000,66.221000,
41,L,8.463000,120.274000,58.072000,
42,A,8.185000,119.907000,55.547000,
43,Q,7.549000,117.445000,58.710000,
44,I,8.152000,121.615000,65.357000,
45,L,8.793000,119.228000,58.376000,
46,K,7.556000,118.664000,59.221000,
47,R,7.408000,118.151000,58.834000,
48,L,8.208000,117.084000,56.158000,
49,N,7.822000,112.618000,53.391000,
50,P,,,62.243000,
51,E,8.378000,120.172000,57.273000,
52,R,8.424000,123.065000,54.788000,
53,K,8.914000,123.772000,54.780000,
54,M,8.777000,124.848000,54.320000,
55,I,8.423000,126.394000,61.194000,
56,N,9.413000,126.371000,54.845000,
57,D,8.695000,109.670000,56.147000,
58,K,7.856000,117.806000,54.740000,
59,M,9.129000,128.502000,56.815000,
60,H,9.346000,126.593000,54.913000,
61,F,9.045000,120.302000,56.110000,
62,S,8.772000,113.197000,57.781000,
63,L,7.415000,123.003000,53.331000,
64,K,8.481000,121.409000,56.455000,
65,E,8.064000,126.347000,58.032000,
