seq_pos,aa,H,N,CA,HA
1,S,,,59.346000,4.565000
2,T,8.233000,114.998000,62.786000,4.317000
3,V,8.070000,123.051000,60.793000,3.700000
4,P,,,63.120000,4.176000
5,V,7.913000,115.904000,61.976000,4.226000
6,A,9.383000,131.745000,51.926000,4.618000
7,P,,,62.494000,4.896000
8,P,,,64.258000,4.534000
9,R,8.162000,116.732000,56.033000,4.172000
10,R,8.479000,121.035000,58.001000,4.119000
11,R,8.535000,119.265000,57.194000,4.213000
12,R,8.293000,120.055000,57.236000,4.259000
13,G,8.476000,108.057000,46.456000,3.906000
14,R,8.135000,118.432000,56.953000,4.313000
15,N,8.531000,117.838000,54.387000,4.679000
16,L,8.291000,121.186000,56.425000,4.378000
17,T,7.695000,117.504000,64.088000,4.125000
