seq_pos,aa,H,N,CA,HA
1,G,8.241000,108.558000,,3.825000
2,K,8.291000,122.884000,,4.475000
3,G,8.254000,115.762000,,3.874000
4,K,8.111000,119.817000,,4.459000
5,W,8.099000,121.061000,,4.604000
6,K,8.132000,123.722000,,4.322000
7,R,8.389000,124.595000,,4.357000
8,K,7.958000,123.221000,,4.239000
9,S,8.586000,110.528000,,5.655000
10,G,8.188000,116.526000,,4.279000
11,G,8.298000,108.584000,,4.011000
12,G,8.560000,110.515000,,3.941000
