seq_pos,aa,H,N,CA,HA
1,P,,,63.355000,4.465000
2,A,8.358000,123.696000,52.801000,4.242000
3,N,7.853000,123.316000,53.265000,4.670000
4,S,8.010000,115.394000,58.611000,4.347000
5,F,8.210000,121.620000,62.998000,4.322000
6,H,8.064000,119.864000,57.454000,4.627000
7,F,8.994000,119.724000,60.171000,4.486000
8,K,7.902000,122.208000,60.457000,4.183000
9,E,8.110000,117.513000,58.881000,3.968000
10,A,7.782000,122.478000,55.800000,4.184000
11,W,7.997000,118.362000,61.015000,4.136000
12,K,7.941000,116.946000,60.274000,3.939000
13,H,8.603000,118.054000,59.127000,4.395000
14,A,7.948000,121.520000,55.332000,4.079000
15,I,8.473000,117.788000,66.020000,3.712000
16,Q,7.917000,117.373000,58.881000,3.968000
17,K,7.799000,118.066000,58.587000,4.056000
18,A,8.250000,121.056000,53.924000,4.057000
19,K,7.696000,115.786000,57.531000,4.102000
20,H,7.751000,117.139000,55.531000,4.640000
21,M,7.822000,121.094000,59.214000,4.671000
22,P,,,63.355000,4.465000
23,D,8.085000,120.137000,52.563000,4.326000
24,P,,,63.836000,4.226000
25,W,7.823000,118.586000,56.660000,4.676000
26,A,7.291000,129.264000,53.924000,4.057000
