seq_pos,aa,H,N,CA,HA
1,L,9.403000,128.585000,55.533000,3.779000
2,K,8.841000,115.210000,56.947000,3.749000
3,V,6.876000,117.710000,63.221000,3.476000
4,L,7.670000,120.709000,55.392000,3.854000
5,V,8.606000,111.964000,64.212000,3.768000
6,K,7.112000,119.833000,57.786000,4.014000
7,A,7.838000,120.555000,53.207000,4.161000
8,V,8.265000,116.827000,64.502000,3.557000
9,L,8.760000,121.446000,56.264000,4.003000
10,F,7.948000,118.793000,58.812000,4.184000
11,A,7.738000,117.951000,52.859000,3.715000
12,C,8.567000,115.303000,61.415000,4.070000
13,M,8.462000,120.601000,56.156000,3.919000
14,L,7.196000,118.166000,52.975000,3.930000
15,M,7.270000,117.255000,54.169000,4.048000
16,R,7.981000,122.437000,53.310000,4.048000
17,K,7.923000,128.142000,54.802000,4.184000
