seq_pos,aa,H,N,CA,HA
1,G,,,43.151000,3.862000
2,S,,,56.466000,4.841000
3,P,,,63.621000,4.414000
4,G,8.330000,108.831000,44.880000,3.824000
5,Y,7.993000,120.531000,55.770000,4.829000
6,P,,,63.548000,4.408000
7,N,8.435000,118.189000,53.326000,4.693000
8,G,8.315000,108.937000,45.423000,3.943000
9,L,8.022000,121.388000,55.243000,4.336000
10,L,8.212000,122.306000,54.869000,4.388000
11,S,8.358000,116.400000,58.399000,4.382000
12,G,8.506000,111.162000,45.409000,3.976000
13,D,8.210000,120.367000,54.494000,4.599000
14,E,8.481000,120.562000,57.069000,4.140000
15,D,8.200000,120.261000,54.191000,4.522000
16,F,8.141000,120.629000,58.101000,4.525000
17,S,8.245000,116.182000,59.125000,4.375000
18,S,8.238000,117.392000,58.591000,4.468000
19,I,7.943000,121.739000,61.696000,4.113000
20,A,8.163000,126.303000,52.933000,4.267000
21,D,8.101000,118.615000,54.870000,4.522000
22,M,8.044000,119.677000,56.032000,4.304000
23,D,8.208000,120.848000,54.326000,4.533000
24,F,8.239000,121.509000,58.856000,4.446000
25,S,8.261000,116.108000,60.022000,4.229000
26,A,8.082000,125.073000,53.246000,4.263000
27,L,7.857000,119.451000,55.808000,4.243000
28,L,7.897000,120.507000,55.561000,4.267000
29,S,8.002000,114.914000,58.521000,4.408000
30,Q,8.172000,121.506000,55.833000,4.384000
31,I,8.063000,121.116000,61.117000,4.244000
32,S,8.321000,120.140000,58.070000,4.549000
33,S,8.001000,123.538000,59.922000,4.285000
