seq_pos,aa,H,N,CA,HA
1,Q,8.425000,122.686000,55.753000,4.311000
2,V,8.221000,122.334000,61.805000,4.136000
3,T,8.488000,121.970000,62.883000,4.186000
4,K,8.602000,126.511000,55.291000,4.753000
5,V,8.951000,114.886000,58.298000,4.495000
6,D,8.197000,119.941000,52.073000,5.107000
7,C,8.894000,126.039000,57.277000,4.228000
8,P,,,63.669000,4.096000
9,V,9.465000,124.381000,64.980000,3.749000
10,C,8.350000,118.170000,58.615000,4.804000
11,G,7.759000,112.996000,46.151000,3.831500
12,V,8.113000,122.125000,63.111000,3.861000
13,N,8.085000,124.951000,53.768000,5.223000
14,I,9.230000,124.685000,57.736000,4.725000
15,P,,,63.281000,4.422000
16,E,8.900000,126.229000,59.916000,3.682000
17,S,8.284000,112.189000,60.189000,4.144000
18,H,8.022000,119.565000,55.120000,4.958000
19,I,7.534000,119.881000,62.282000,4.087000
20,N,8.428000,121.798000,58.796000,4.211000
21,K,7.995000,120.520000,58.584000,4.058000
22,H,8.345000,117.993000,60.124000,4.123000
23,L,8.827000,120.157000,58.034000,3.722000
24,D,7.679000,117.325000,57.655000,4.160000
25,S,6.969000,112.420000,60.210000,4.348000
26,C,8.627000,128.076000,63.731000,3.693000
27,L,8.457000,114.859000,56.649000,3.994000
28,S,7.358000,113.571000,58.970000,4.400000
29,R,7.813000,122.490000,57.416000,4.169000
30,E,8.303000,121.006000,57.178000,4.155000
31,E,8.282000,121.540000,57.314000,4.140000
32,K,8.151000,121.523000,56.780000,4.208000
33,K,8.101000,121.763000,57.246000,4.152000
34,E,8.369000,121.006000,57.272000,4.175000
35,S,8.168000,,58.584000,4.354000
36,L,8.141000,124.235000,55.361000,4.284000
37,R,8.107000,120.756000,56.668000,4.241000
38,S,8.129000,115.811000,58.592000,4.393000
39,S,8.210000,117.662000,58.558000,4.406000
40,V,7.854000,,63.063000,4.054000
41,H,8.138000,,55.816000,4.552000
42,K,8.233000,123.900000,56.499000,4.243000
43,R,7.975000,128.136000,57.549000,4.083000
