seq_pos,aa,H,N,CA,HA
1,I,8.118000,123.481000,61.460000,4.065000
2,E,8.517000,124.244000,57.793000,4.231000
3,N,8.489000,119.262000,54.346000,4.625000
4,D,8.363000,121.105000,56.202000,4.598000
5,E,8.539000,122.480000,59.249000,3.900000
6,A,7.635000,120.208000,54.734000,3.209000
7,F,8.115000,115.997000,61.840000,3.857000
8,A,8.000000,121.706000,55.120000,4.044000
9,I,7.362000,117.373000,64.575000,3.681000
10,L,7.465000,117.471000,57.438000,3.850000
11,D,8.918000,117.495000,55.625000,4.694000
12,G,7.441000,102.155000,45.508000,4.038500
13,G,7.326000,107.481000,45.508000,4.135500
14,A,8.150000,124.199000,50.843000,4.444000
15,P,,,63.286000,4.422000
16,G,7.749000,114.190000,46.086000,3.700000
