seq_pos,aa,H,N,CA,HA
1,S,,,58.378000,4.554000
2,V,8.339000,121.721000,62.728000,4.141000
3,E,8.520000,124.650000,56.918000,4.258000
4,K,8.315000,122.657000,56.478000,
5,L,8.347000,123.399000,55.528000,4.419000
6,T,8.053000,114.525000,62.208000,4.307000
7,A,8.422000,125.718000,53.168000,4.286000
8,D,8.380000,119.045000,55.828000,4.485000
9,A,8.154000,123.748000,54.338000,4.189000
10,E,8.210000,119.628000,58.078000,4.262000
11,L,7.935000,120.540000,57.158000,4.176000
12,Q,8.058000,118.520000,57.548000,4.095000
13,R,7.994000,120.930000,58.328000,4.178000
14,L,8.112000,120.540000,56.738000,4.179000
15,K,8.105000,120.910000,58.038000,4.180000
16,N,8.397000,119.918000,54.498000,4.635000
17,E,8.517000,121.510000,58.468000,4.178000
18,A,8.141000,122.952000,53.858000,4.300000
19,A,8.081000,122.556000,54.008000,4.275000
20,E,8.268000,119.950000,58.468000,4.182000
21,E,8.305000,120.753000,58.468000,4.106000
22,A,8.143000,122.147000,54.478000,4.234000
23,E,8.000000,119.871000,58.278000,4.286000
24,L,7.993000,120.357000,57.738000,4.132000
25,E,8.102000,118.971000,58.668000,4.082000
26,R,8.008000,121.398000,58.938000,4.125000
27,L,8.139000,119.928000,57.078000,4.117000
28,K,7.967000,119.654000,58.718000,4.102000
29,S,8.053000,115.189000,60.128000,4.351000
30,E,8.165000,122.042000,57.758000,4.234000
31,R,8.080000,120.467000,57.138000,4.250000
32,H,8.337000,119.291000,56.898000,4.621000
33,D,8.376000,120.496000,55.488000,4.515000
34,H,8.354000,119.005000,57.518000,4.493000
35,D,8.428000,120.679000,55.558000,4.495000
36,K,8.196000,122.121000,57.768000,4.196000
37,K,8.192000,121.053000,57.718000,4.179000
38,E,8.301000,121.084000,57.788000,4.179000
39,A,8.149000,123.160000,53.878000,4.159000
40,E,8.164000,119.380000,57.828000,4.143000
41,R,8.094000,121.310000,57.668000,4.178000
42,K,8.239000,121.411000,57.478000,4.186000
43,A,8.058000,122.902000,53.378000,4.260000
44,L,7.910000,119.708000,55.998000,4.255000
45,E,8.169000,120.148000,57.358000,4.185000
46,D,8.248000,120.610000,54.818000,4.575000
47,K,8.020000,120.860000,56.438000,4.294000
48,L,,,55.268000,4.304000
49,A,8.052000,123.900000,52.318000,4.276000
50,D,8.106000,119.614000,54.328000,4.557000
51,Y,7.498000,124.324000,59.048000,
