seq_pos,aa,H,N,CA,HA
1,G,,,,
2,S,8.159000,119.990000,58.417000,
3,V,8.292000,122.460000,62.807000,4.049000
4,E,8.469000,125.220000,56.729000,4.115000
5,K,8.250000,123.290000,56.664000,4.182000
6,L,8.281000,123.840000,55.552000,4.330000
7,T,8.003000,115.190000,62.369000,4.250000
8,A,8.382000,126.260000,53.959000,4.160000
9,D,8.354000,119.600000,56.185000,4.392000
10,A,8.096000,124.390000,54.717000,4.078000
11,E,8.133000,120.700000,58.362000,4.187000
12,L,7.866000,120.850000,57.622000,4.085000
13,Q,7.977000,118.850000,58.087000,3.958000
14,R,7.937000,121.570000,59.210000,4.242000
15,L,7.724000,119.730000,57.440000,
16,K,7.927000,122.400000,59.041000,4.181000
17,N,8.385000,120.610000,55.319000,4.504000
18,E,8.589000,122.750000,59.360000,4.015000
19,A,7.993000,123.020000,54.871000,4.155000
20,A,8.036000,122.750000,52.643000,4.189000
21,E,7.985000,121.720000,59.953000,
22,E,8.267000,121.300000,57.340000,4.087000
23,A,8.035000,123.450000,54.657000,4.088000
24,E,8.238000,120.470000,58.580000,4.004000
25,L,7.951000,121.240000,57.000000,4.330000
26,E,8.020000,119.490000,59.698000,3.937000
27,R,7.808000,121.610000,56.220000,4.245000
28,L,8.527000,122.360000,58.193000,4.085000
29,K,8.487000,124.000000,60.245000,
30,S,8.034000,115.260000,58.759000,4.086000
31,E,8.198000,121.260000,57.852000,4.056000
32,R,8.194000,120.970000,59.580000,
33,H,7.745000,122.600000,59.670000,4.410000
34,D,8.084000,119.650000,58.190000,4.471000
35,H,8.678000,123.090000,58.100000,4.209000
36,D,7.724000,119.730000,57.210000,
37,K,7.966000,122.190000,56.633000,4.177000
38,K,8.061000,122.810000,56.106000,4.188000
39,E,8.612000,121.120000,57.618000,4.031000
40,A,8.034000,123.480000,53.013000,4.190000
41,E,8.238000,120.470000,57.128000,
42,R,8.159000,119.990000,52.341000,4.194000
43,K,8.100000,120.750000,58.268000,4.015000
44,A,7.828000,122.220000,53.904000,4.150000
45,L,7.694000,119.650000,56.425000,4.119000
46,E,7.995000,120.440000,57.852000,4.056000
47,D,8.175000,120.900000,55.179000,4.476000
48,K,7.878000,121.240000,56.719000,4.166000
49,L,8.053000,122.920000,55.423000,4.203000
50,A,7.949000,124.360000,52.450000,4.194000
51,D,8.028000,120.270000,54.341000,4.453000
52,Y,7.446000,125.070000,59.060000,4.303000
