seq_pos,aa,H,N,CA,HA
1,S,,,58.238000,4.547000
2,V,8.258000,120.331000,62.336000,4.067000
3,N,8.383000,121.470000,53.020000,4.673000
4,F,8.072000,119.895000,58.072000,4.627000
5,V,8.005000,120.279000,62.379000,4.071000
6,D,8.225000,122.227000,54.637000,4.485000
7,L,7.939000,120.975000,55.199000,4.216000
8,Y,8.030000,120.533000,57.227000,4.579000
9,V,7.844000,114.914000,59.487000,4.045000
10,C,7.532000,124.918000,58.132000,3.871000
11,M,8.666000,127.888000,56.352000,4.240000
12,F,8.935000,120.159000,59.129000,4.993000
13,C,8.491000,117.765000,59.085000,4.900000
14,G,8.051000,112.169000,46.505000,3.962500
15,R,8.525000,119.286000,55.193000,4.818000
16,G,8.965000,109.404000,44.617000,4.222500
17,N,7.728000,115.364000,52.203000,4.858000
18,N,9.236000,115.914000,55.330000,4.457000
19,E,9.823000,117.252000,60.413000,3.870000
20,D,9.160000,117.934000,55.271000,4.449000
21,K,8.171000,118.558000,54.392000,4.429000
22,L,7.272000,121.480000,54.730000,4.176000
23,L,8.734000,126.922000,53.582000,4.226000
24,L,8.127000,122.828000,53.396000,4.740000
25,C,9.116000,128.035000,60.355000,4.657000
26,D,9.231000,129.838000,56.990000,
27,G,9.999000,112.767000,46.202000,4.101500
28,C,8.025000,120.999000,58.532000,
29,D,8.164000,119.080000,56.408000,4.705000
30,D,8.794000,122.738000,55.740000,4.808000
31,S,8.029000,113.237000,56.550000,5.893000
32,Y,8.526000,118.397000,56.477000,5.475000
33,H,9.124000,121.296000,57.896000,5.060000
34,T,8.885000,113.413000,65.007000,3.623000
35,F,6.513000,111.308000,56.219000,4.730000
36,C,7.525000,123.557000,61.629000,4.400000
37,L,6.500000,119.781000,55.048000,4.105000
38,I,8.129000,118.612000,57.824000,4.253000
39,P,,,62.193000,5.041000
40,P,,,63.940000,4.363000
41,L,7.250000,114.667000,51.798000,4.825000
42,P,,,62.836000,4.445000
43,D,7.660000,121.642000,51.837000,4.728000
44,V,8.768000,121.970000,60.726000,3.892000
45,P,,,62.840000,4.461000
46,K,8.530000,121.227000,56.044000,4.359000
47,G,8.155000,109.848000,44.633000,4.027000
48,D,8.301000,121.467000,54.713000,4.671000
49,W,9.249000,125.718000,59.946000,4.462000
50,R,6.551000,124.312000,52.706000,4.981000
51,C,9.208000,126.476000,57.155000,3.749000
52,P,,,65.384000,4.095000
53,K,8.076000,118.795000,59.045000,4.164000
54,C,8.166000,122.838000,64.215000,3.950000
55,V,7.972000,118.379000,64.032000,3.736000
56,A,7.521000,123.303000,52.879000,4.257000
57,E,7.852000,119.214000,56.438000,4.258000
58,E,7.800000,126.630000,58.349000,4.066000
