seq_pos,aa,H,N,CA,HA
1,A,8.230000,124.741000,,4.369000
2,E,,,,
3,D,,,,4.621000
4,D,8.249000,120.834000,54.411000,4.614000
5,Q,8.224000,119.857000,,
6,A,,,52.767000,4.353000
7,S,,,58.366000,4.444000
8,L,,,55.401000,4.318000
9,A,8.107000,124.518000,52.113000,4.346000
10,L,8.069000,122.725000,,
11,G,10.014000,,47.203000,3.876000
12,W,8.045000,120.238000,60.563000,4.402000
13,E,7.916000,120.488000,59.591000,4.185000
14,I,8.063000,119.978000,64.670000,3.756000
15,L,7.899000,120.709000,58.442000,4.074000
16,R,8.891000,122.348000,60.903000,4.059000
17,Q,8.402000,117.815000,58.586000,4.073000
18,N,7.934000,115.220000,55.879000,4.657000
19,T,7.976000,113.869000,65.255000,4.334000
20,L,8.182000,119.282000,55.174000,4.493000
21,G,8.292000,109.444000,46.454000,
22,H,,119.870000,,4.589000
23,L,7.899000,121.629000,55.138000,4.354000
24,N,8.480000,119.361000,53.023000,4.622000
25,L,8.180000,121.792000,55.609000,
26,G,8.356000,108.349000,45.624000,3.937000
27,L,7.916000,120.921000,,
28,N,8.369000,118.897000,53.250000,4.732000
29,L,8.222000,122.669000,55.243000,4.394000
30,S,8.277000,116.153000,,
31,E,,,56.660000,4.366000
32,G,,,45.313000,
33,D,8.009000,124.191000,,
34,G,,,45.441000,4.006000
35,E,8.242000,120.910000,,
36,E,8.062000,127.109000,,
