seq_pos,aa,H,N,CA,HA
1,D,,,,4.785000
2,T,8.394000,115.766000,62.250000,4.350000
3,S,8.529000,118.557000,59.264000,4.433000
4,R,8.221000,,,4.401000
5,M,8.405000,121.851000,55.690000,4.467000
6,E,8.468000,121.730000,,4.321000
7,E,8.450000,122.285000,,4.346000
8,V,8.216000,122.666000,61.919000,4.227000
9,D,8.061000,129.219000,55.937000,4.416000
