seq_pos,aa,H,N,CA,HA
1,G,,,45.371000,4.053000
2,S,8.480000,116.078000,58.465000,4.437000
3,V,7.480000,121.886000,61.411000,4.323000
