seq_pos,aa,H,N,CA,HA
1,Q,8.520000,122.078000,56.114000,4.256000
2,H,8.291000,120.104000,55.937000,4.602000
3,M,8.359000,121.858000,55.227000,4.444000
4,R,8.606000,123.476000,55.274000,4.545000
5,P,,,63.330000,4.586000
6,R,8.302000,118.123000,52.071000,4.836000
7,F,8.083000,120.188000,58.025000,1.330000
8,N,5.565000,125.581000,51.582000,4.046000
9,R,8.456000,122.797000,58.490000,3.609000
10,E,8.199000,117.269000,57.813000,4.162000
11,N,7.784000,117.164000,51.880000,5.066000
12,K,7.380000,116.437000,56.305000,4.457000
13,S,9.238000,125.096000,55.544000,4.888000
14,P,,,65.588000,3.721000
15,A,8.069000,116.669000,54.969000,4.165000
16,D,7.316000,118.091000,56.666000,4.384000
17,A,8.220000,123.215000,54.894000,4.037000
18,A,8.551000,119.138000,55.315000,3.595000
19,K,7.267000,116.516000,58.896000,4.006000
20,K,7.190000,116.437000,57.728000,4.125000
21,A,7.697000,119.756000,53.355000,4.021000
22,L,7.225000,122.944000,57.190000,4.019000
