seq_pos,aa,H,N,CA,HA
1,G,,,43.593000,3.829000
2,A,,,52.747000,4.348000
3,M,8.471000,119.403000,55.516000,4.460000
4,E,8.371000,122.632000,56.484000,4.308000
5,I,8.219000,123.023000,60.890000,4.119000
6,I,8.226000,125.923000,60.599000,4.165000
7,H,8.529000,124.824000,55.814000,4.688000
8,E,8.543000,123.526000,56.331000,4.306000
9,D,8.563000,122.176000,54.495000,4.591000
10,N,8.435000,118.537000,52.980000,4.718000
11,E,8.217000,121.189000,58.138000,4.053000
12,W,8.212000,117.130000,57.761000,4.149000
13,G,8.487000,110.435000,44.981000,3.934500
14,I,8.448000,119.717000,61.984000,4.388000
15,E,8.513000,127.957000,55.290000,4.607000
16,L,9.015000,129.961000,55.490000,4.416000
17,V,7.536000,121.345000,61.456000,4.498000
18,S,8.585000,118.537000,57.672000,4.630000
19,E,8.560000,126.637000,58.898000,4.087000
