seq_pos,aa,H,N,CA,HA
1,R,,123.855000,56.155000,4.312000
2,R,8.427000,124.063000,56.119000,4.321000
3,R,8.503000,123.995000,56.428000,4.386000
4,T,8.176000,115.954000,61.649000,4.317000
5,E,8.445000,123.567000,56.863000,4.274000
6,A,8.202000,120.352000,52.306000,4.313000
7,L,8.149000,122.242000,55.353000,4.329000
8,G,8.337000,110.643000,44.965000,3.944000
9,D,8.193000,121.875000,54.354000,4.580000
10,A,8.194000,119.925000,52.306000,4.304000
11,E,8.309000,120.982000,56.563000,4.233000
12,E,8.334000,122.505000,56.558000,4.226000
13,D,8.344000,122.742000,54.348000,4.556000
14,E,8.323000,122.378000,56.563000,4.212000
15,D,8.337000,122.506000,54.302000,4.549000
16,D,8.086000,122.181000,54.308000,4.317000
17,E,8.238000,121.355000,56.977000,4.201000
18,D,8.054000,120.219000,53.641000,4.584000
19,F,7.705000,119.923000,57.645000,4.542000
20,V,9.170000,120.418000,60.314000,4.456000
21,E,8.848000,121.826000,57.645000,4.299000
22,V,8.314000,127.811000,59.647000,4.368000
23,P,,,62.984000,4.555000
24,E,8.559000,122.739000,56.977000,4.329000
25,K,8.403000,123.669000,56.310000,4.286000
26,E,8.540000,119.748000,56.869000,4.273000
27,G,8.476000,111.442000,44.965000,3.906000
28,Y,7.983000,121.231000,57.645000,4.559000
29,E,8.193000,121.295000,53.641000,4.515000
30,P,,,62.984000,4.299000
31,H,8.411000,121.049000,55.643000,4.614000
32,I,8.088000,121.503000,58.312000,4.358000
33,P,,,62.984000,4.353000
34,D,8.411000,121.827000,55.643000,4.346000
35,H,8.079000,117.542000,56.977000,4.369000
36,L,7.782000,122.530000,54.308000,4.336000
37,R,7.818000,123.110000,54.975000,4.486000
38,P,,,63.651000,4.352000
39,E,8.630000,120.675000,56.972000,4.184000
40,Y,7.960000,121.817000,58.312000,4.532000
41,G,8.251000,111.678000,45.633000,3.873000
42,L,7.915000,122.444000,55.215000,4.342000
43,E,8.401000,122.584000,56.558000,4.256000
44,A,8.195000,121.849000,52.306000,4.304000
45,A,7.842000,130.635000,53.641000,4.103000
