seq_pos,aa,H,N,CA,HA
1,F,8.072000,121.565000,,4.637000
2,E,8.166000,122.351000,55.873000,4.268000
3,I,8.437000,124.734000,,4.351000
4,P,,,63.317000,4.423000
5,D,8.511000,120.026000,55.730000,4.428000
6,D,8.129000,117.017000,54.005000,4.465000
7,V,7.492000,123.273000,60.614000,4.237000
8,P,,,63.081000,4.351000
9,L,8.528000,122.075000,53.173000,4.171000
10,P,,,62.048000,4.427000
11,A,8.344000,123.364000,53.736000,4.213000
12,G,8.746000,109.862000,45.241000,4.016500
13,W,7.774000,117.264000,56.309000,5.819000
14,E,9.274000,121.762000,,4.696000
15,M,8.983000,126.014000,,4.631000
16,A,8.429000,129.984000,50.471000,4.347000
17,K,8.020000,115.402000,54.388000,5.523000
18,T,9.276000,113.654000,,4.683000
19,S,,,,4.621000
20,G,8.122000,110.340000,45.547000,3.946000
21,Q,7.577000,119.894000,55.753000,4.430000
22,R,8.863000,125.800000,56.328000,4.941000
23,Y,8.755000,120.153000,56.032000,4.832000
24,F,8.921000,115.503000,57.394000,5.228000
25,L,9.442000,121.935000,,4.725000
26,N,8.439000,119.548000,50.556000,3.742000
27,H,8.810000,120.999000,58.317000,4.429000
28,I,8.087000,120.835000,63.641000,3.729000
29,D,6.813000,116.486000,53.106000,4.398000
30,Q,7.406000,115.283000,56.550000,2.169000
31,T,7.385000,108.882000,,4.712000
32,T,8.000000,108.712000,58.776000,5.675000
33,T,8.926000,112.642000,,4.703000
34,W,8.704000,125.691000,58.153000,5.183000
35,Q,8.675000,119.892000,55.782000,4.141000
36,D,8.165000,128.640000,50.462000,2.563000
37,P,,,63.099000,3.943000
38,R,8.418000,118.708000,56.312000,3.907000
39,K,7.317000,118.311000,55.138000,4.275000
40,A,8.207000,124.438000,52.782000,4.115000
41,M,8.229000,118.711000,55.529000,4.376000
42,G,8.359000,110.341000,,3.992000
43,G,8.352000,108.881000,,
44,G,8.396000,108.827000,,
45,G,8.237000,108.446000,,
46,N,8.104000,118.447000,52.785000,4.608000
47,Y,7.874000,120.937000,57.495000,4.344000
48,Q,8.438000,121.599000,,4.301000
49,G,7.777000,108.989000,44.532000,4.153500
50,P,,,61.688000,4.900000
51,P,,,61.186000,3.707000
52,P,,,61.244000,4.183000
53,P,,,61.837000,4.251000
54,Y,8.762000,124.339000,57.390000,3.855000
55,P,,,62.875000,4.249000
56,K,7.884000,123.791000,,
57,H,8.084000,125.691000,,
