seq_pos,aa,H,N,CA,HA
1,S,8.133000,114.007000,,4.490000
2,G,8.122000,110.144000,,4.092000
3,P,,,,4.461000
4,L,8.648000,122.191000,,4.150000
5,P,,,,4.461000
6,D,8.378000,119.879000,,4.416000
7,G,8.795000,112.773000,,3.994000
8,W,7.910000,117.741000,,5.999000
9,E,9.519000,121.266000,,4.729000
10,Q,8.956000,125.626000,,4.499000
11,A,8.694000,109.133000,,4.410000
12,M,8.005000,116.340000,,5.575000
13,T,9.652000,116.387000,,4.658000
14,Q,7.709000,119.386000,,
15,D,7.708000,115.009000,,4.784000
16,G,7.980000,108.139000,,3.977500
17,E,7.709000,119.385000,,4.527000
18,I,8.678000,126.271000,,4.708000
19,Y,8.632000,123.911000,,4.838000
20,Y,9.037000,115.739000,,5.164000
21,I,9.448000,122.587000,,4.289000
22,N,8.622000,124.398000,,3.999000
23,H,8.827000,121.800000,,4.406000
24,K,8.092000,118.428000,,4.072000
25,N,6.704000,113.174000,,4.583000
26,K,7.287000,115.725000,,2.587000
27,T,7.567000,108.360000,,4.824000
28,T,8.062000,108.855000,,5.466000
29,S,9.363000,111.761000,,4.704000
30,W,9.182000,124.947000,,5.267000
31,L,8.532000,119.449000,,4.365000
32,D,8.078000,125.499000,,2.778000
33,P,,,,
34,R,8.383000,118.759000,,3.863000
35,L,7.240000,117.915000,,4.360000
36,D,8.084000,121.088000,,4.692000
37,P,,,,4.354000
38,R,8.366000,120.556000,,4.257000
39,N,,,,4.647000
40,R,8.167000,121.405000,,4.347000
41,Q,8.482000,122.604000,,4.594000
42,P,,,,4.791000
43,P,,,,3.837000
44,P,,,,4.274000
45,Y,8.614000,123.733000,,3.873000
46,P,,,,4.210000
47,L,7.644000,122.856000,,4.404000
48,T,8.041000,114.871000,,4.325000
49,A,7.916000,110.015000,,
