seq_pos,aa,H,N,CA,HA
1,M,,,55.590000,4.446000
2,N,8.413000,120.255000,53.508000,4.605000
3,R,8.147000,120.741000,54.843000,4.132000
4,L,7.895000,122.306000,53.709000,5.288000
5,G,9.139000,108.512000,45.901000,4.360500
6,I,9.078000,121.189000,59.601000,4.786000
7,I,8.632000,124.831000,62.458000,4.110000
8,Y,9.542000,132.719000,57.890000,4.735000
9,E,7.428000,116.471000,56.276000,4.432000
10,I,8.830000,126.354000,61.040000,4.531000
11,Q,8.709000,127.562000,54.465000,4.561000
12,G,9.111000,117.118000,47.513000,3.799000
13,M,8.958000,125.806000,54.746000,4.719000
14,K,8.158000,122.274000,55.568000,5.023000
15,A,9.091000,122.921000,50.020000,5.251000
16,V,8.908000,121.848000,61.062000,4.840000
17,V,9.163000,120.519000,57.475000,5.428000
18,L,7.945000,122.832000,52.965000,4.629000
19,T,9.211000,115.406000,59.986000,5.579000
20,S,8.375000,112.553000,59.722000,3.613000
21,E,7.511000,117.826000,54.264000,3.984000
22,G,7.913000,105.046000,46.072000,3.320000
23,E,7.472000,115.096000,54.781000,4.367000
24,F,6.208000,119.026000,57.440000,5.707000
25,L,8.777000,121.857000,53.090000,4.795000
26,I,9.167000,121.049000,60.210000,5.000000
27,I,9.224000,118.985000,58.060000,5.419000
28,R,8.325000,120.249000,57.072000,4.350000
29,R,7.943000,124.702000,55.412000,4.353000
30,R,8.198000,125.552000,54.662000,4.764000
31,K,8.713000,121.525000,59.196000,3.972000
32,D,8.577000,116.572000,54.603000,4.556000
33,M,7.399000,118.110000,57.666000,4.484000
34,K,7.788000,119.915000,54.516000,4.552000
35,V,8.467000,120.787000,65.627000,3.300000
36,G,9.580000,116.381000,45.247000,3.888500
37,Q,7.574000,117.197000,55.992000,4.411000
38,Q,8.773000,120.452000,55.492000,5.336000
39,V,9.778000,120.476000,59.070000,4.832000
40,S,8.435000,117.150000,56.490000,5.554000
41,F,8.186000,119.472000,55.995000,4.979000
42,E,9.282000,118.914000,53.992000,4.780000
43,N,9.093000,121.188000,56.796000,4.441000
44,E,9.061000,117.222000,59.054000,4.140000
45,D,7.998000,117.381000,55.606000,4.580000
46,I,7.437000,119.826000,62.907000,4.067000
47,Y,9.126000,129.511000,57.998000,4.464000
48,N,8.613000,123.259000,52.928000,4.765000
49,V,8.097000,121.819000,62.459000,4.115000
50,R,8.286000,122.845000,56.127000,4.398000
51,G,8.237000,109.932000,45.349000,3.960500
52,K,7.879000,125.862000,57.826000,4.178000
