seq_pos,aa,H,N,CA,HA
1,M,,,55.655000,4.449000
2,N,8.456000,120.416000,53.509000,4.600000
3,R,8.273000,121.300000,54.865000,4.190000
4,L,7.998000,119.708000,53.484000,5.402000
5,G,8.758000,107.489000,45.833000,4.141500
6,I,8.457000,119.660000,58.685000,5.048000
7,I,8.706000,125.154000,62.488000,4.147000
8,Y,9.940000,134.390000,59.693000,4.576000
9,E,7.782000,116.199000,55.914000,4.437000
10,I,8.878000,124.623000,60.953000,4.447000
11,Q,8.651000,127.435000,54.200000,4.576000
12,G,8.978000,115.956000,47.614000,3.771000
13,M,8.916000,125.277000,55.086000,4.651000
14,K,8.161000,121.779000,55.285000,4.887000
15,A,9.069000,123.151000,50.224000,4.984000
16,V,9.011000,122.548000,61.602000,4.716000
17,V,9.660000,126.898000,59.197000,4.995000
18,L,8.839000,126.481000,52.857000,4.834000
19,T,9.333000,119.526000,60.984000,4.929000
20,S,9.133000,117.392000,61.201000,4.201000
21,E,7.891000,117.905000,56.850000,4.361000
22,G,8.074000,108.071000,45.580000,3.736000
23,E,7.145000,118.703000,54.678000,4.394000
24,F,8.699000,121.545000,57.183000,5.574000
25,L,9.188000,123.666000,52.999000,4.801000
26,I,8.551000,121.338000,60.200000,4.952000
27,I,9.196000,119.779000,58.515000,5.316000
28,R,8.249000,120.146000,57.191000,4.276000
29,R,7.931000,124.490000,56.114000,4.233000
30,R,8.164000,126.059000,54.540000,4.758000
31,K,8.712000,121.901000,59.201000,3.975000
32,D,8.590000,116.605000,54.558000,4.512000
33,M,7.378000,118.037000,57.542000,4.512000
34,K,7.652000,119.956000,54.680000,4.501000
35,V,8.549000,121.507000,65.422000,3.299000
36,G,9.176000,115.455000,44.743000,3.970000
37,Q,7.621000,119.451000,55.590000,4.361000
38,Q,8.692000,123.266000,55.564000,5.102000
39,V,9.250000,121.789000,59.288000,4.801000
40,S,8.352000,117.275000,56.035000,5.585000
41,F,8.601000,120.709000,56.119000,4.995000
42,E,9.230000,119.223000,54.235000,4.716000
43,N,8.997000,120.885000,56.571000,4.490000
44,E,8.954000,117.144000,58.776000,4.158000
45,D,8.050000,117.755000,55.529000,4.608000
46,I,7.480000,119.638000,62.571000,4.072000
47,Y,9.108000,128.649000,58.757000,4.437000
48,N,8.242000,120.773000,52.910000,4.726000
49,V,8.137000,120.814000,62.473000,4.104000
50,R,8.440000,124.861000,56.568000,4.308000
51,G,8.396000,111.179000,45.292000,3.943000
52,K,7.848000,125.915000,57.597000,4.168000
