seq_pos,aa,H,N,CA,HA
1,Y,8.359000,119.546000,,
2,I,9.116000,116.451000,,
3,K,8.542000,123.425000,,
4,L,9.040000,124.727000,,
5,K,8.682000,120.920000,,
6,V,9.127000,124.262000,,
7,I,9.020000,127.883000,,
8,G,8.523000,113.045000,,
9,Q,8.799000,120.659000,,
10,D,8.398000,118.498000,,
11,S,8.015000,111.167000,,
12,S,8.115000,117.617000,,
13,E,8.632000,121.737000,,
14,I,8.851000,125.384000,,
15,H,8.620000,125.835000,,
16,F,9.217000,119.383000,,
17,K,8.795000,123.717000,,
18,V,9.101000,120.416000,,
19,K,8.643000,122.419000,,
20,M,8.614000,119.546000,,
21,T,6.926000,100.433000,,
22,T,7.408000,122.706000,,
23,H,8.777000,126.624000,,
24,L,9.368000,123.846000,,
25,K,8.546000,121.378000,,
26,K,7.504000,114.313000,,
27,L,6.746000,120.261000,,
28,K,7.590000,118.742000,,
29,E,8.556000,117.726000,,
30,S,8.077000,115.546000,,
31,Y,8.881000,122.695000,,
32,C,8.726000,116.997000,,
33,Q,8.253000,118.754000,,
34,R,8.069000,120.065000,,
35,Q,7.869000,114.689000,,
36,G,7.959000,109.676000,,
37,V,7.719000,112.174000,,
38,M,9.040000,124.727000,,
39,N,8.444000,113.171000,,
40,S,7.981000,113.150000,,
41,L,7.309000,121.050000,,
42,R,9.031000,120.277000,,
43,F,8.957000,122.730000,,
44,L,9.749000,124.374000,,
45,F,9.054000,119.713000,,
46,E,9.426000,129.256000,,
47,G,8.830000,103.267000,,
48,Q,8.037000,120.807000,,
49,R,8.683000,124.239000,,
50,I,9.011000,126.843000,,
51,A,11.039000,139.525000,,
52,D,8.733000,120.244000,,
53,N,7.917000,109.973000,,
54,H,7.245000,120.321000,,
55,T,7.199000,108.584000,,
56,K,8.107000,115.387000,,
57,E,8.027000,121.209000,,
58,L,7.501000,114.933000,,
59,G,7.684000,108.134000,,
60,M,7.657000,117.781000,,
61,E,9.392000,121.176000,,
62,E,9.370000,118.984000,,
63,D,8.205000,120.551000,,
64,V,8.215000,116.656000,,
65,I,9.228000,127.493000,,
66,E,8.901000,125.986000,,
67,V,7.801000,119.808000,,
68,Y,8.582000,124.293000,,
69,Q,8.740000,120.954000,,
70,E,8.453000,125.117000,,
71,Q,8.810000,122.657000,,
