seq_pos,aa,H,N,CA,HA
1,A,8.480000,124.030000,,4.360000
2,S,8.240000,115.210000,,4.470000
3,V,8.140000,123.190000,,4.460000
4,P,,,,4.420000
5,T,8.350000,115.870000,,4.340000
6,T,8.080000,117.820000,,4.320000
7,C,8.170000,119.180000,,4.840000
8,C,7.920000,117.810000,,4.450000
9,F,7.900000,,,4.550000
10,N,7.990000,117.910000,,4.820000
11,L,8.480000,122.630000,,4.350000
12,A,8.760000,125.770000,,4.430000
13,N,8.690000,120.000000,,4.990000
14,R,7.630000,120.010000,,4.250000
15,K,7.540000,120.970000,,1.420000
16,I,5.380000,125.800000,,4.180000
17,P,,,,4.140000
18,L,8.060000,124.460000,,3.650000
19,Q,8.600000,113.450000,,4.180000
20,R,7.870000,115.450000,,4.350000
21,L,7.690000,119.350000,,4.360000
22,E,9.190000,120.540000,,4.660000
23,S,8.160000,109.400000,,4.770000
24,Y,8.650000,115.880000,,5.760000
25,R,8.660000,117.880000,,4.510000
26,R,8.930000,121.480000,,4.720000
27,I,8.470000,123.190000,,4.380000
28,T,8.400000,117.000000,,4.480000
29,S,7.840000,117.060000,,4.370000
30,G,8.840000,114.300000,,4.000000
31,K,8.300000,118.800000,,4.280000
32,C,7.570000,117.210000,,5.150000
33,P,,,,4.360000
34,Q,7.150000,112.550000,,4.570000
35,K,8.580000,124.130000,,4.280000
36,A,7.860000,121.840000,,4.740000
37,V,8.380000,118.580000,,4.500000
38,I,8.800000,123.260000,,4.850000
39,F,9.500000,126.840000,,5.300000
40,K,8.900000,123.200000,,5.400000
41,T,9.150000,116.880000,,5.290000
42,K,8.740000,119.830000,,4.240000
43,L,7.660000,118.470000,,4.480000
44,A,8.030000,119.050000,,3.990000
45,K,7.260000,117.050000,,4.570000
46,D,8.370000,123.210000,,5.600000
47,I,9.380000,122.980000,,4.440000
48,C,8.930000,126.710000,,5.330000
49,A,9.680000,125.550000,,4.860000
50,D,8.590000,120.570000,,4.800000
51,P,,,,4.050000
52,K,8.310000,117.600000,,4.000000
53,K,7.580000,118.610000,,4.310000
54,K,8.870000,126.630000,,3.860000
55,W,8.560000,114.940000,,4.560000
56,V,6.260000,126.590000,,2.920000
57,Q,7.460000,120.600000,,3.940000
58,D,9.000000,120.080000,,4.370000
59,S,7.980000,118.630000,,4.220000
60,M,8.120000,121.200000,,3.620000
61,K,7.630000,117.350000,,4.100000
62,Y,7.820000,119.000000,,4.280000
63,L,8.140000,120.060000,,4.000000
64,D,8.770000,120.670000,,4.550000
65,Q,7.590000,117.110000,,4.250000
66,K,7.590000,119.640000,,4.240000
67,S,7.980000,117.180000,,4.770000
68,P,,,,4.540000
69,T,,117.190000,,4.130000
70,P,,,,4.410000
71,K,8.320000,123.640000,,4.610000
