seq_pos,aa,H,N,CA,HA
1,A,8.060000,,,4.920000
2,Y,8.320000,117.600000,,5.820000
3,I,8.420000,121.430000,61.320000,4.300000
4,G,7.710000,113.750000,,2.620000
5,P,,,63.170000,4.240000
6,X,,,,
7,L,7.070000,130.280000,56.300000,4.090000
