seq_pos,aa,H,N,CA,HA
1,G,,,43.190000,3.890000
2,S,8.751000,115.490000,58.110000,4.540000
3,I,8.500000,124.450000,60.750000,4.801000
4,S,8.932000,125.930000,59.020000,4.544000
5,L,8.234000,117.350000,62.560000,4.496000
6,P,,,62.560000,5.067000
7,S,9.163000,115.250000,57.030000,4.787000
8,D,8.796000,115.820000,54.930000,4.337000
9,F,8.117000,116.560000,59.440000,4.883000
10,E,8.676000,126.680000,54.620000,4.201000
11,H,8.998000,124.380000,51.740000,5.061000
12,T,8.066000,119.090000,64.640000,4.013000
13,I,7.370000,117.850000,59.890000,4.370000
14,H,8.876000,125.580000,55.000000,5.474000
15,V,8.383000,127.780000,60.140000,4.910000
16,G,8.647000,114.320000,43.000000,4.099000
17,F,8.605000,119.220000,57.190000,4.930000
18,D,7.982000,128.170000,52.080000,4.588000
19,A,8.571000,126.350000,53.740000,3.867000
20,V,8.265000,117.670000,65.400000,3.743000
21,T,7.363000,107.330000,61.640000,4.291000
22,G,8.407000,111.680000,45.950000,3.783500
23,E,7.126000,117.370000,54.490000,4.498000
24,F,8.790000,118.850000,57.800000,5.477000
25,T,8.977000,114.560000,59.730000,4.690000
26,G,8.786000,109.880000,45.710000,4.103000
27,M,8.133000,118.090000,53.390000,4.307000
28,P,,,62.760000,4.251000
29,E,9.063000,127.110000,59.830000,4.022000
30,Q,9.128000,115.800000,58.550000,4.122000
31,W,7.279000,117.850000,58.090000,4.568000
32,A,8.128000,121.030000,55.250000,4.044000
33,R,7.893000,115.100000,58.420000,4.188000
34,L,7.616000,119.600000,56.890000,4.225000
35,L,7.996000,118.500000,55.950000,4.232000
36,Q,7.759000,117.830000,56.730000,4.382000
37,T,8.074000,112.800000,62.390000,4.418000
38,S,8.226000,116.960000,58.460000,4.548000
39,N,8.449000,120.370000,53.260000,4.798000
40,I,8.127000,120.330000,61.280000,4.269000
41,T,8.274000,118.120000,61.850000,4.380000
42,K,8.404000,123.860000,56.210000,4.407000
43,S,8.417000,117.030000,58.250000,4.514000
44,E,8.523000,122.490000,56.260000,4.359000
45,Q,8.402000,121.820000,55.680000,4.366000
46,K,8.092000,128.510000,57.300000,4.213000
