seq_pos,aa,H,N,CA,HA
1,G,,,43.290000,3.870000
2,P,,144.840000,63.260000,4.490000
3,V,8.100000,119.140000,62.040000,4.120000
4,D,8.270000,123.820000,53.990000,4.640000
5,S,8.270000,116.790000,58.550000,4.380000
6,N,8.490000,120.610000,53.440000,4.690000
7,D,8.190000,120.980000,54.300000,4.600000
8,L,8.210000,122.620000,55.260000,4.230000
9,G,8.140000,108.280000,44.210000,4.055000
10,P,,,62.140000,4.520000
11,L,8.690000,122.540000,53.350000,4.100000
12,P,,,61.290000,4.780000
13,P,,,63.860000,4.480000
14,G,9.000000,112.780000,45.420000,4.045000
15,W,7.770000,117.730000,55.880000,6.070000
16,E,9.380000,,54.830000,4.800000
17,E,8.780000,125.830000,54.490000,4.770000
18,R,8.340000,125.410000,54.120000,4.390000
19,T,8.220000,116.190000,62.090000,4.720000
20,H,9.810000,127.670000,54.430000,5.250000
21,T,6.930000,116.980000,64.070000,3.900000
22,D,7.460000,118.970000,52.990000,4.550000
23,G,8.110000,108.330000,44.900000,3.950000
24,R,8.210000,122.160000,56.730000,4.430000
25,V,8.460000,124.220000,61.720000,4.820000
26,F,8.970000,121.000000,54.900000,5.150000
27,F,8.960000,115.770000,57.200000,5.280000
28,I,9.540000,122.410000,60.090000,4.340000
29,N,8.480000,123.550000,50.200000,3.950000
30,H,8.720000,122.810000,58.940000,4.190000
31,N,8.040000,115.590000,55.910000,4.380000
32,I,6.290000,107.500000,59.640000,4.360000
33,K,7.160000,118.400000,56.910000,2.310000
34,K,7.230000,117.330000,54.410000,4.880000
35,T,7.990000,112.380000,58.650000,5.520000
36,Q,9.290000,113.700000,54.860000,4.790000
37,W,9.100000,121.210000,58.270000,5.240000
38,E,8.650000,117.390000,58.230000,4.170000
39,D,8.320000,125.220000,50.270000,2.890000
40,P,,,62.970000,3.990000
41,R,8.630000,119.350000,56.900000,3.910000
42,M,7.310000,116.390000,54.910000,4.390000
43,Q,7.610000,119.810000,55.670000,4.250000
44,N,8.310000,119.780000,53.110000,4.680000
45,V,7.920000,120.200000,61.970000,4.100000
46,A,8.290000,127.630000,52.160000,4.350000
47,I,8.130000,120.740000,60.930000,4.240000
48,T,8.140000,117.600000,61.370000,4.380000
49,G,7.930000,117.590000,46.030000,3.780000
