seq_pos,aa,H,N,CA,HA
1,G,,,43.000000,3.900000
2,S,,115.930000,57.860000,4.610000
3,T,8.310000,116.930000,61.480000,4.380000
4,L,8.270000,126.440000,52.770000,4.620000
5,P,,136.280000,62.430000,4.410000
6,I,8.190000,122.910000,58.340000,4.340000
7,P,,140.500000,62.990000,4.340000
8,G,8.460000,109.060000,44.980000,4.000000
9,T,7.780000,115.170000,59.340000,4.720000
10,P,,139.570000,62.040000,4.910000
11,P,,134.980000,60.930000,3.710000
12,P,,133.830000,62.360000,3.850000
13,N,8.340000,121.360000,52.950000,4.390000
14,Y,9.150000,125.940000,61.950000,3.560000
15,D,8.340000,115.020000,55.280000,4.430000
16,S,7.830000,115.530000,58.180000,4.510000
17,L,6.980000,127.750000,56.410000,3.980000
