seq_pos,aa,H,N,CA,HA
1,E,8.316000,121.366000,,
2,A,8.340000,125.700000,,
3,K,8.355000,122.298000,,
4,S,8.610000,116.969000,,
5,T,8.256000,115.905000,,
6,E,8.372000,123.097000,,
7,D,8.419000,122.191000,,
8,L,8.407000,123.772000,,
9,G,8.467000,108.966000,,
10,D,8.220000,120.478000,,
11,K,8.316000,121.366000,,
12,K,8.419000,122.191000,,
13,E,8.505000,121.938000,,
14,G,8.469000,109.726000,,
15,E,8.227000,119.629000,,
16,Y,8.323000,119.293000,,
17,I,9.164000,116.720000,,
18,K,8.629000,124.368000,,
19,L,8.937000,124.076000,,
20,K,8.643000,120.708000,,
21,V,9.114000,124.112000,,
22,I,9.082000,128.403000,,
23,G,8.467000,113.327000,,
24,Q,8.775000,120.508000,,
25,D,8.345000,118.381000,,
26,S,8.009000,111.110000,,
27,S,8.092000,117.519000,,
28,E,8.615000,121.816000,,
29,I,8.676000,124.481000,,
30,H,8.732000,125.648000,,
31,F,9.101000,120.037000,,
32,K,8.800000,123.819000,,
33,V,9.147000,119.675000,,
34,K,8.632000,122.313000,,
35,M,8.585000,119.981000,,
36,T,7.190000,120.743000,,
37,H,8.854000,126.245000,,
38,L,9.363000,124.944000,,
39,K,8.554000,121.485000,,
40,K,7.521000,114.096000,,
41,L,6.746000,121.967000,,
42,K,7.563000,118.315000,,
43,E,8.515000,118.176000,,
44,S,7.964000,115.703000,,
45,Y,8.843000,122.703000,,
46,C,8.675000,117.448000,,
47,Q,8.323000,119.293000,,
48,R,8.023000,120.181000,,
49,Q,7.809000,114.163000,,
50,G,7.933000,109.753000,,
51,V,7.662000,112.044000,,
52,M,9.014000,124.553000,,
53,N,8.440000,113.273000,,
54,S,7.936000,113.081000,,
55,L,7.272000,121.017000,,
56,R,9.010000,120.290000,,
57,F,8.944000,122.623000,,
58,L,9.749000,124.281000,,
59,F,8.967000,119.453000,,
60,E,9.378000,129.281000,,
61,G,8.859000,103.326000,,
62,Q,7.997000,120.724000,,
63,R,8.831000,125.074000,,
64,I,9.038000,126.964000,,
65,D,8.775000,120.508000,,
66,N,7.765000,109.615000,,
67,H,7.160000,119.912000,,
68,T,7.320000,108.397000,,
69,K,8.082000,115.417000,,
70,E,7.969000,120.856000,,
71,L,7.488000,115.120000,,
72,G,7.655000,108.133000,,
73,M,7.630000,117.771000,,
74,E,9.311000,121.073000,,
75,E,8.323000,119.293000,,
76,E,9.372000,118.946000,,
77,D,8.155000,120.286000,,
78,V,8.204000,116.746000,,
79,I,9.163000,127.407000,,
80,E,8.869000,125.916000,,
81,V,7.779000,119.831000,,
82,Y,8.536000,124.224000,,
83,Q,8.739000,120.841000,,
84,E,8.423000,125.184000,,
85,Q,8.798000,122.986000,,
86,T,8.401000,116.139000,,
87,G,8.519000,111.897000,,
88,G,8.034000,115.397000,,
