seq_pos,aa,H,N,CA,HA
1,E,8.309000,121.327000,,
2,A,8.329000,125.600000,,
3,K,8.339000,122.288000,,
4,S,8.601000,116.930000,,
5,T,8.245000,115.861000,,
6,E,8.364000,123.051000,,
7,D,8.409000,122.158000,,
8,L,8.398000,123.716000,,
9,G,8.462000,108.924000,,
10,D,8.212000,120.448000,,
11,K,8.309000,121.327000,,
12,K,8.409000,122.158000,,
13,E,8.497000,121.882000,,
14,G,8.460000,109.684000,,
15,E,8.223000,119.634000,,
16,Y,8.319000,119.248000,,
17,I,9.150000,116.633000,,
18,K,8.633000,124.365000,,
19,L,8.939000,124.190000,,
20,K,8.631000,120.636000,,
21,V,9.118000,124.126000,,
22,I,9.082000,128.424000,,
23,G,8.437000,113.263000,,
24,Q,8.768000,120.473000,,
25,D,8.338000,118.353000,,
26,S,8.004000,111.066000,,
27,S,8.087000,117.476000,,
28,E,8.605000,121.775000,,
29,I,8.669000,124.447000,,
30,H,8.727000,125.769000,,
31,F,9.095000,120.001000,,
32,K,8.797000,123.759000,,
33,V,9.138000,119.614000,,
34,K,8.624000,122.328000,,
35,M,8.572000,119.944000,,
36,T,7.183000,120.741000,,
37,H,8.841000,126.227000,,
38,L,9.349000,124.914000,,
39,K,8.548000,121.476000,,
40,K,7.519000,114.091000,,
41,L,6.747000,121.954000,,
42,K,7.555000,118.331000,,
43,E,8.507000,118.167000,,
44,S,7.952000,115.652000,,
45,Y,8.836000,122.649000,,
46,C,8.669000,117.423000,,
47,Q,8.319000,119.248000,,
48,R,8.019000,120.137000,,
49,Q,7.797000,114.122000,,
50,G,7.925000,109.686000,,
51,V,7.657000,111.994000,,
52,M,9.009000,124.533000,,
53,N,8.437000,113.263000,,
54,S,7.928000,113.035000,,
55,L,7.269000,121.007000,,
56,R,9.004000,120.320000,,
57,F,8.939000,122.645000,,
58,L,9.746000,124.337000,,
59,F,8.975000,119.478000,,
60,E,9.384000,129.271000,,
61,G,8.862000,103.289000,,
62,Q,7.992000,120.677000,,
63,R,8.829000,125.129000,,
64,I,9.025000,126.944000,,
65,D,8.768000,120.473000,,
66,N,7.758000,109.592000,,
67,H,7.154000,119.884000,,
68,T,7.315000,108.395000,,
69,K,8.023000,115.352000,,
70,E,7.960000,120.838000,,
71,L,7.475000,115.037000,,
72,G,7.651000,108.160000,,
73,M,7.645000,117.885000,,
74,E,9.304000,121.055000,,
75,E,8.319000,119.248000,,
76,E,9.363000,118.943000,,
77,D,8.149000,120.250000,,
78,V,8.192000,116.723000,,
79,I,9.165000,127.411000,,
80,E,8.870000,125.922000,,
81,V,7.776000,119.839000,,
82,Y,8.527000,124.152000,,
83,Q,8.737000,120.835000,,
84,E,8.413000,125.177000,,
85,Q,8.795000,122.970000,,
86,T,8.391000,116.078000,,
87,G,8.512000,111.848000,,
88,G,8.023000,115.352000,,
