seq_pos,aa,H,N,CA,HA
1,E,8.307000,121.403000,,
2,A,8.335000,125.800000,,
3,K,8.346000,122.086000,,
4,S,8.605000,117.001000,,
5,T,8.253000,115.951000,,
6,E,8.365000,122.960000,,
7,D,8.415000,122.220000,,
8,L,8.400000,123.816000,,
9,G,8.457000,108.999000,,
10,D,8.213000,120.501000,,
11,K,8.307000,121.403000,,
12,K,8.415000,122.220000,,
13,E,8.498000,121.979000,,
14,G,8.463000,109.762000,,
15,E,8.220000,119.661000,,
16,Y,8.317000,119.301000,,
17,I,9.160000,116.770000,,
18,K,8.614000,124.310000,,
19,L,8.923000,123.990000,,
20,K,8.636000,120.753000,,
21,V,9.100000,124.144000,,
22,I,9.069000,128.361000,,
23,G,8.473000,113.356000,,
24,Q,8.771000,120.562000,,
25,D,8.337000,118.415000,,
26,S,7.999000,111.152000,,
27,S,8.085000,117.561000,,
28,E,8.614000,121.830000,,
29,I,8.669000,124.507000,,
30,H,8.727000,125.533000,,
31,F,9.088000,120.071000,,
32,K,8.790000,123.886000,,
33,V,9.144000,119.773000,,
34,K,8.625000,122.318000,,
35,M,8.574000,120.011000,,
36,T,7.184000,120.745000,,
37,H,8.853000,126.192000,,
38,L,9.361000,124.984000,,
39,K,8.548000,121.489000,,
40,K,7.511000,114.093000,,
41,L,6.735000,121.951000,,
42,K,7.551000,118.314000,,
43,E,8.503000,118.170000,,
44,S,7.962000,115.722000,,
45,Y,8.834000,122.729000,,
46,C,8.669000,117.476000,,
47,Q,8.328000,119.167000,,
48,R,8.011000,120.241000,,
49,Q,7.802000,114.202000,,
50,G,7.926000,109.814000,,
51,V,7.652000,112.041000,,
52,M,9.007000,124.575000,,
53,N,8.433000,113.273000,,
54,S,7.929000,113.126000,,
55,L,7.262000,121.020000,,
56,R,9.001000,120.266000,,
57,F,8.934000,122.592000,,
58,L,9.738000,124.295000,,
59,F,8.956000,119.446000,,
60,E,9.372000,129.286000,,
61,G,8.868000,103.370000,,
62,Q,7.986000,120.747000,,
63,R,8.822000,125.081000,,
64,I,9.033000,127.000000,,
65,D,8.771000,120.562000,,
66,N,7.757000,109.624000,,
67,H,7.155000,119.944000,,
68,T,7.308000,108.396000,,
69,K,8.081000,115.430000,,
70,E,7.986000,120.747000,,
71,L,7.484000,115.144000,,
72,G,7.646000,108.161000,,
73,M,7.628000,117.785000,,
74,E,9.300000,121.082000,,
75,E,8.328000,119.167000,,
76,E,9.362000,118.998000,,
77,D,8.147000,120.282000,,
78,V,8.191000,116.753000,,
79,I,9.155000,127.406000,,
80,E,8.858000,125.905000,,
81,V,7.769000,119.813000,,
82,Y,8.534000,124.284000,,
83,Q,8.725000,120.853000,,
84,E,8.416000,125.196000,,
85,Q,8.787000,122.994000,,
86,T,8.398000,116.185000,,
87,G,8.514000,111.935000,,
88,G,8.031000,115.427000,,
