seq_pos,aa,H,N,CA,HA
1,E,8.307000,121.383000,,
2,A,8.334000,125.700000,,
3,K,8.342000,122.044000,,
4,S,8.602000,116.982000,,
5,T,8.249000,115.921000,,
6,E,8.363000,122.930000,,
7,D,8.412000,122.201000,,
8,L,8.399000,123.788000,,
9,G,8.457000,108.978000,,
10,D,8.212000,120.485000,,
11,K,8.307000,121.383000,,
12,K,8.412000,122.201000,,
13,E,8.496000,121.954000,,
14,G,8.460000,109.736000,,
15,E,8.220000,119.648000,,
16,Y,8.316000,119.288000,,
17,I,9.158000,116.764000,,
18,K,8.616000,124.336000,,
19,L,8.923000,124.039000,,
20,K,8.633000,120.728000,,
21,V,9.104000,124.135000,,
22,I,9.068000,128.378000,,
23,G,8.470000,113.333000,,
24,Q,8.768000,120.522000,,
25,D,8.337000,118.396000,,
26,S,8.000000,111.125000,,
27,S,8.084000,117.540000,,
28,E,8.612000,121.816000,,
29,I,8.668000,124.497000,,
30,H,8.726000,125.591000,,
31,F,9.091000,120.052000,,
32,K,8.790000,123.855000,,
33,V,9.140000,119.725000,,
34,K,8.625000,122.306000,,
35,M,8.572000,119.998000,,
36,T,7.183000,120.745000,,
37,H,8.849000,126.212000,,
38,L,9.358000,124.965000,,
39,K,8.548000,121.490000,,
40,K,7.513000,114.090000,,
41,L,6.737000,121.951000,,
42,K,7.550000,118.326000,,
43,E,8.503000,118.178000,,
44,S,7.957000,115.695000,,
45,Y,8.835000,122.705000,,
46,C,8.669000,117.465000,,
47,Q,8.328000,119.176000,,
48,R,8.013000,120.207000,,
49,Q,7.799000,114.175000,,
50,G,7.924000,109.779000,,
51,V,7.653000,112.032000,,
52,M,9.006000,124.562000,,
53,N,8.432000,113.268000,,
54,S,7.928000,113.102000,,
55,L,7.263000,121.012000,,
56,R,9.002000,120.281000,,
57,F,8.936000,122.606000,,
58,L,9.737000,124.300000,,
59,F,8.959000,119.449000,,
60,E,9.372000,129.264000,,
61,G,8.866000,103.351000,,
62,Q,7.986000,120.727000,,
63,R,8.823000,125.086000,,
64,I,9.031000,126.991000,,
65,D,8.768000,120.522000,,
66,N,7.758000,109.620000,,
67,H,7.154000,119.917000,,
68,T,7.310000,108.407000,,
69,K,8.082000,115.429000,,
70,E,7.986000,120.727000,,
71,L,7.481000,115.126000,,
72,G,7.646000,108.142000,,
73,M,7.625000,117.766000,,
74,E,9.302000,121.084000,,
75,E,8.328000,119.176000,,
76,E,9.364000,118.970000,,
77,D,8.146000,120.307000,,
78,V,8.194000,116.751000,,
79,I,9.153000,127.411000,,
80,E,8.857000,125.914000,,
81,V,7.769000,119.821000,,
82,Y,8.531000,124.243000,,
83,Q,8.728000,120.836000,,
84,E,8.414000,125.186000,,
85,Q,8.787000,122.992000,,
86,T,8.394000,116.153000,,
87,G,8.511000,111.909000,,
88,G,8.026000,115.405000,,
