seq_pos,aa,H,N,CA,HA
1,E,8.304000,121.390000,,
2,A,8.330000,125.700000,,
3,K,8.340000,122.058000,,
4,S,8.600000,116.993000,,
5,T,8.247000,115.934000,,
6,E,8.360000,122.944000,,
7,D,8.410000,122.211000,,
8,L,8.395000,123.798000,,
9,G,8.455000,108.984000,,
10,D,8.209000,120.494000,,
11,K,8.304000,121.390000,,
12,K,8.410000,122.211000,,
13,E,8.494000,121.962000,,
14,G,8.458000,109.750000,,
15,E,8.217000,119.658000,,
16,Y,8.313000,119.296000,,
17,I,9.154000,116.745000,,
18,K,8.613000,124.340000,,
19,L,8.922000,124.053000,,
20,K,8.631000,120.735000,,
21,V,9.100000,124.138000,,
22,I,9.067000,128.383000,,
23,G,8.472000,113.353000,,
24,Q,8.763000,120.537000,,
25,D,8.334000,118.410000,,
26,S,7.998000,111.146000,,
27,S,8.081000,117.552000,,
28,E,8.608000,121.829000,,
29,I,8.664000,124.497000,,
30,H,8.722000,125.594000,,
31,F,9.087000,120.064000,,
32,K,8.787000,123.846000,,
33,V,9.138000,119.728000,,
34,K,8.620000,122.320000,,
35,M,8.571000,120.009000,,
36,T,7.178000,120.759000,,
37,H,8.846000,126.217000,,
38,L,9.353000,124.962000,,
39,K,8.544000,121.506000,,
40,K,7.511000,114.105000,,
41,L,6.736000,121.964000,,
42,K,7.546000,118.342000,,
43,E,8.501000,118.184000,,
44,S,7.954000,115.706000,,
45,Y,8.831000,122.711000,,
46,C,8.665000,117.463000,,
47,Q,8.322000,119.184000,,
48,R,8.011000,120.213000,,
49,Q,7.797000,114.196000,,
50,G,7.921000,109.796000,,
51,V,7.649000,112.048000,,
52,M,9.001000,124.563000,,
53,N,8.428000,113.286000,,
54,S,7.925000,113.120000,,
55,L,7.262000,121.017000,,
56,R,8.998000,120.293000,,
57,F,8.932000,122.619000,,
58,L,9.736000,124.317000,,
59,F,8.961000,119.461000,,
60,E,9.373000,129.288000,,
61,G,8.861000,103.347000,,
62,Q,7.985000,120.744000,,
63,R,8.820000,125.106000,,
64,I,9.025000,126.992000,,
65,D,8.763000,120.537000,,
66,N,7.754000,109.639000,,
67,H,7.152000,119.932000,,
68,T,7.306000,108.414000,,
69,K,8.080000,115.444000,,
70,E,7.985000,120.744000,,
71,L,7.477000,115.125000,,
72,G,7.644000,108.173000,,
73,M,7.628000,117.793000,,
74,E,9.295000,121.077000,,
75,E,8.322000,119.184000,,
76,E,9.362000,119.002000,,
77,D,8.143000,120.299000,,
78,V,8.187000,116.751000,,
79,I,9.151000,127.417000,,
80,E,8.855000,125.926000,,
81,V,7.766000,119.833000,,
82,Y,8.527000,124.260000,,
83,Q,8.725000,120.856000,,
84,E,8.412000,125.201000,,
85,Q,8.785000,122.999000,,
86,T,8.392000,116.167000,,
87,G,8.508000,111.923000,,
88,G,8.026000,115.420000,,
