seq_pos,aa,H,N,CA,HA
1,E,8.308000,121.369000,,
2,A,8.332000,125.700000,,
3,K,8.355000,122.301000,,
4,S,8.601000,116.972000,,
5,T,8.248000,115.907000,,
6,E,8.364000,123.097000,,
7,D,8.411000,122.196000,,
8,L,8.399000,123.774000,,
9,G,8.459000,108.959000,,
10,D,8.211000,120.477000,,
11,K,8.308000,121.369000,,
12,K,8.411000,122.196000,,
13,E,8.497000,121.939000,,
14,G,8.461000,109.727000,,
15,E,8.220000,119.638000,,
16,Y,8.318000,119.258000,,
17,I,9.156000,116.736000,,
18,K,8.621000,124.359000,,
19,L,8.928000,124.088000,,
20,K,8.634000,120.699000,,
21,V,9.104000,124.126000,,
22,I,9.072000,128.404000,,
23,G,8.467000,113.327000,,
24,Q,8.769000,120.512000,,
25,D,8.337000,118.383000,,
26,S,8.001000,111.118000,,
27,S,8.085000,117.526000,,
28,E,8.609000,121.813000,,
29,I,8.668000,124.478000,,
30,H,8.725000,125.653000,,
31,F,9.091000,120.045000,,
32,K,8.791000,123.833000,,
33,V,9.139000,119.693000,,
34,K,8.628000,122.323000,,
35,M,8.574000,120.000000,,
36,T,7.180000,120.741000,,
37,H,8.846000,126.241000,,
38,L,9.353000,124.974000,,
39,K,8.547000,121.486000,,
40,K,7.511000,114.079000,,
41,L,6.740000,121.970000,,
42,K,7.553000,118.327000,,
43,E,8.503000,118.180000,,
44,S,7.956000,115.693000,,
45,Y,8.834000,122.685000,,
46,C,8.669000,117.448000,,
47,Q,8.323000,119.221000,,
48,R,8.014000,120.194000,,
49,Q,7.796000,114.169000,,
50,G,7.924000,109.752000,,
51,V,7.655000,112.022000,,
52,M,9.007000,124.560000,,
53,N,8.433000,113.267000,,
54,S,7.927000,113.087000,,
55,L,7.262000,121.014000,,
56,R,9.002000,120.288000,,
57,F,8.933000,122.643000,,
58,L,9.741000,124.280000,,
59,F,8.959000,119.446000,,
60,E,9.369000,129.271000,,
61,G,8.869000,103.346000,,
62,Q,7.986000,120.721000,,
63,R,8.822000,125.077000,,
64,I,9.028000,126.981000,,
65,D,8.769000,120.512000,,
66,N,7.755000,109.614000,,
67,H,7.153000,119.910000,,
68,T,7.310000,108.424000,,
69,K,8.082000,115.417000,,
70,E,7.962000,120.868000,,
71,L,7.478000,115.118000,,
72,G,7.644000,108.128000,,
73,M,7.625000,117.769000,,
74,E,9.304000,121.065000,,
75,E,8.323000,119.221000,,
76,E,9.360000,118.950000,,
77,D,8.148000,120.296000,,
78,V,8.197000,116.757000,,
79,I,9.155000,127.385000,,
80,E,8.858000,125.906000,,
81,V,7.772000,119.835000,,
82,Y,8.530000,124.217000,,
83,Q,8.731000,120.841000,,
84,E,8.412000,125.189000,,
85,Q,8.791000,122.987000,,
86,T,8.394000,116.140000,,
87,G,8.512000,111.896000,,
88,G,8.026000,115.395000,,
