seq_pos,aa,H,N,CA,HA
1,E,8.128000,120.853000,,
2,A,8.151000,125.180000,,
3,K,8.157000,121.471000,,
4,S,8.422000,116.459000,,
5,T,8.066000,115.385000,,
6,E,8.183000,122.420000,,
7,D,8.230000,121.680000,,
8,L,8.217000,123.248000,,
9,G,8.281000,108.449000,,
10,D,8.030000,119.967000,,
11,K,8.128000,120.853000,,
12,K,8.230000,121.680000,,
13,E,8.317000,121.416000,,
14,G,8.281000,109.212000,,
15,E,8.042000,119.149000,,
16,Y,8.137000,118.771000,,
17,I,8.973000,116.201000,,
18,K,8.445000,123.889000,,
19,L,8.752000,123.669000,,
20,K,8.450000,120.156000,,
21,V,8.931000,123.646000,,
22,I,8.893000,127.927000,,
23,G,8.256000,112.782000,,
24,Q,8.586000,119.981000,,
25,D,8.156000,117.880000,,
26,S,7.822000,110.594000,,
27,S,7.905000,117.009000,,
28,E,8.424000,121.302000,,
29,I,8.487000,123.977000,,
30,H,8.543000,125.229000,,
31,F,8.915000,119.537000,,
32,K,8.613000,123.305000,,
33,V,8.957000,119.139000,,
34,K,8.443000,121.828000,,
35,M,8.391000,119.477000,,
36,T,7.003000,120.251000,,
37,H,8.663000,125.764000,,
38,L,9.173000,124.432000,,
39,K,8.365000,120.985000,,
40,K,7.336000,113.612000,,
41,L,6.562000,121.465000,,
42,K,7.374000,117.838000,,
43,E,8.327000,117.685000,,
44,S,7.774000,115.184000,,
45,Y,8.654000,122.175000,,
46,C,8.486000,116.943000,,
47,Q,8.137000,118.771000,,
48,R,7.837000,119.658000,,
49,Q,7.615000,113.661000,,
50,G,7.741000,109.230000,,
51,V,7.474000,111.515000,,
52,M,8.826000,124.047000,,
53,N,8.256000,112.782000,,
54,S,7.747000,112.563000,,
55,L,7.086000,120.522000,,
56,R,8.823000,119.831000,,
57,F,8.762000,122.152000,,
58,L,9.562000,123.815000,,
59,F,8.788000,118.977000,,
60,E,9.198000,128.780000,,
61,G,8.686000,102.824000,,
62,Q,7.808000,120.203000,,
63,R,8.646000,124.611000,,
64,I,8.843000,126.463000,,
65,D,8.586000,119.981000,,
66,N,7.576000,109.116000,,
67,H,6.973000,119.391000,,
68,T,7.132000,107.908000,,
69,K,7.906000,114.952000,,
70,E,7.808000,120.203000,,
71,L,7.295000,114.573000,,
72,G,7.469000,107.651000,,
73,M,7.455000,117.346000,,
74,E,9.125000,120.544000,,
75,E,8.137000,118.771000,,
76,E,9.177000,118.462000,,
77,D,7.969000,119.792000,,
78,V,8.009000,116.256000,,
79,I,8.980000,126.912000,,
80,E,8.685000,125.439000,,
81,V,7.591000,119.334000,,
82,Y,8.345000,123.694000,,
83,Q,8.554000,120.354000,,
84,E,8.232000,124.704000,,
85,Q,8.614000,122.489000,,
86,T,8.213000,115.609000,,
87,G,8.332000,111.373000,,
88,G,7.846000,114.881000,,
