seq_pos,aa,H,N,CA,HA
1,E,8.307000,121.366000,,
2,A,8.330000,125.690000,,
3,K,8.338000,122.001000,,
4,S,8.601000,116.962000,,
5,T,8.248000,115.900000,,
6,E,8.362000,122.927000,,
7,D,8.410000,122.186000,,
8,L,8.397000,123.761000,,
9,G,8.458000,108.960000,,
10,D,8.212000,120.469000,,
11,K,8.307000,121.366000,,
12,K,8.410000,122.186000,,
13,E,8.497000,121.932000,,
14,G,8.461000,109.719000,,
15,E,8.219000,119.641000,,
16,Y,8.316000,119.273000,,
17,I,9.157000,116.734000,,
18,K,8.619000,124.356000,,
19,L,8.927000,124.078000,,
20,K,8.633000,120.693000,,
21,V,9.107000,124.138000,,
22,I,9.071000,128.395000,,
23,G,8.469000,113.326000,,
24,Q,8.770000,120.517000,,
25,D,8.336000,118.382000,,
26,S,8.000000,111.105000,,
27,S,8.084000,117.518000,,
28,E,8.609000,121.797000,,
29,I,8.668000,124.487000,,
30,H,8.727000,125.659000,,
31,F,9.089000,120.027000,,
32,K,8.791000,123.837000,,
33,V,9.139000,119.686000,,
34,K,8.625000,122.315000,,
35,M,8.572000,119.992000,,
36,T,7.181000,120.743000,,
37,H,8.848000,126.224000,,
38,L,9.352000,124.949000,,
39,K,8.546000,121.475000,,
40,K,7.512000,114.085000,,
41,L,6.738000,121.950000,,
42,K,7.553000,118.311000,,
43,E,8.503000,118.168000,,
44,S,7.954000,115.690000,,
45,Y,8.834000,122.684000,,
46,C,8.668000,117.445000,,
47,Q,8.324000,119.203000,,
48,R,8.015000,120.178000,,
49,Q,7.796000,114.150000,,
50,G,7.922000,109.736000,,
51,V,7.653000,112.010000,,
52,M,9.008000,124.552000,,
53,N,8.433000,113.270000,,
54,S,7.927000,113.077000,,
55,L,7.263000,121.013000,,
56,R,9.000000,120.278000,,
57,F,8.938000,122.621000,,
58,L,9.740000,124.296000,,
59,F,8.959000,119.452000,,
60,E,9.370000,129.268000,,
61,G,8.870000,103.338000,,
62,Q,7.986000,120.712000,,
63,R,8.823000,125.080000,,
64,I,9.026000,126.984000,,
65,D,8.770000,120.517000,,
66,N,7.755000,109.613000,,
67,H,7.153000,119.911000,,
68,T,7.311000,108.410000,,
69,K,8.082000,115.426000,,
70,E,7.986000,120.712000,,
71,L,7.478000,115.113000,,
72,G,7.645000,108.139000,,
73,M,7.623000,117.763000,,
74,E,9.305000,121.068000,,
75,E,8.324000,119.203000,,
76,E,9.361000,118.943000,,
77,D,8.145000,120.282000,,
78,V,8.194000,116.748000,,
79,I,9.156000,127.385000,,
80,E,8.858000,125.920000,,
81,V,7.770000,119.812000,,
82,Y,8.528000,124.212000,,
83,Q,8.730000,120.839000,,
84,E,8.411000,125.182000,,
85,Q,8.790000,122.982000,,
86,T,8.393000,116.130000,,
87,G,8.511000,111.888000,,
88,G,8.025000,115.386000,,
