seq_pos,aa,H,N,CA,HA
1,E,8.317000,121.375000,,
2,A,8.341000,125.710000,,
3,K,8.349000,122.017000,,
4,S,8.612000,116.974000,,
5,T,8.258000,115.912000,,
6,E,8.374000,122.927000,,
7,D,8.421000,122.195000,,
8,L,8.408000,123.776000,,
9,G,8.469000,108.966000,,
10,D,8.221000,120.482000,,
11,K,8.317000,121.375000,,
12,K,8.421000,122.195000,,
13,E,8.506000,121.944000,,
14,G,8.471000,109.732000,,
15,E,8.230000,119.650000,,
16,Y,8.326000,119.282000,,
17,I,9.162000,116.724000,,
18,K,8.632000,124.371000,,
19,L,8.938000,124.102000,,
20,K,8.640000,120.690000,,
21,V,9.117000,124.125000,,
22,I,9.080000,128.422000,,
23,G,8.477000,113.342000,,
24,Q,8.776000,120.510000,,
25,D,8.347000,118.393000,,
26,S,8.011000,111.110000,,
27,S,8.094000,117.526000,,
28,E,8.617000,121.815000,,
29,I,8.679000,124.482000,,
30,H,8.734000,125.662000,,
31,F,9.097000,120.046000,,
32,K,8.801000,123.829000,,
33,V,9.148000,119.680000,,
34,K,8.634000,122.320000,,
35,M,8.582000,120.005000,,
36,T,7.192000,120.753000,,
37,H,8.856000,126.226000,,
38,L,9.361000,124.946000,,
39,K,8.556000,121.493000,,
40,K,7.523000,114.104000,,
41,L,6.750000,121.972000,,
42,K,7.564000,118.334000,,
43,E,8.514000,118.194000,,
44,S,7.965000,115.694000,,
45,Y,8.843000,122.689000,,
46,C,8.676000,117.465000,,
47,Q,8.326000,119.282000,,
48,R,8.024000,120.189000,,
49,Q,7.808000,114.177000,,
50,G,7.931000,109.755000,,
51,V,7.663000,112.032000,,
52,M,9.015000,124.557000,,
53,N,8.444000,113.283000,,
54,S,7.938000,113.092000,,
55,L,7.274000,121.013000,,
56,R,9.012000,120.302000,,
57,F,8.944000,122.630000,,
58,L,9.749000,124.310000,,
59,F,8.973000,119.463000,,
60,E,9.386000,129.287000,,
61,G,8.874000,103.339000,,
62,Q,7.997000,120.722000,,
63,R,8.834000,125.112000,,
64,I,9.034000,126.975000,,
65,D,8.776000,120.510000,,
66,N,7.765000,109.623000,,
67,H,7.163000,119.916000,,
68,T,7.321000,108.403000,,
69,K,8.094000,115.444000,,
70,E,7.997000,120.722000,,
71,L,7.488000,115.098000,,
72,G,7.658000,108.170000,,
73,M,7.644000,117.821000,,
74,E,9.313000,121.075000,,
75,E,8.326000,119.282000,,
76,E,9.370000,118.995000,,
77,D,8.157000,120.295000,,
78,V,8.199000,116.747000,,
79,I,9.167000,127.415000,,
80,E,8.869000,125.930000,,
81,V,7.780000,119.830000,,
82,Y,8.537000,124.230000,,
83,Q,8.739000,120.852000,,
84,E,8.423000,125.201000,,
85,Q,8.800000,122.996000,,
86,T,8.404000,116.141000,,
87,G,8.522000,111.898000,,
88,G,8.036000,115.395000,,
