seq_pos,aa,H,N,CA,HA
1,E,8.316000,121.369000,,
2,A,8.342000,125.700000,,
3,K,8.361000,122.298000,,
4,S,8.611000,116.962000,,
5,T,8.257000,115.902000,,
6,E,8.373000,123.090000,,
7,D,8.419000,122.188000,,
8,L,8.407000,123.764000,,
9,G,8.468000,108.959000,,
10,D,8.220000,120.470000,,
11,K,8.316000,121.369000,,
12,K,8.419000,122.188000,,
13,E,8.505000,121.930000,,
14,G,8.470000,109.724000,,
15,E,8.229000,119.626000,,
16,Y,8.325000,119.269000,,
17,I,9.167000,116.730000,,
18,K,8.630000,124.353000,,
19,L,8.935000,124.089000,,
20,K,8.646000,120.702000,,
21,V,9.113000,124.123000,,
22,I,9.081000,128.405000,,
23,G,8.477000,113.327000,,
24,Q,8.774000,120.483000,,
25,D,8.346000,118.389000,,
26,S,8.010000,111.109000,,
27,S,8.093000,117.521000,,
28,E,8.618000,121.812000,,
29,I,8.676000,124.481000,,
30,H,8.734000,125.654000,,
31,F,9.099000,120.053000,,
32,K,8.800000,123.826000,,
33,V,9.147000,119.690000,,
34,K,8.630000,122.299000,,
35,M,8.581000,119.970000,,
36,T,7.192000,120.745000,,
37,H,8.851000,126.210000,,
38,L,9.363000,124.950000,,
39,K,8.554000,121.477000,,
40,K,7.523000,114.103000,,
41,L,6.747000,121.950000,,
42,K,7.563000,118.316000,,
43,E,8.514000,118.164000,,
44,S,7.964000,115.697000,,
45,Y,8.842000,122.691000,,
46,C,8.675000,117.439000,,
47,Q,8.325000,119.269000,,
48,R,8.023000,120.184000,,
49,Q,7.810000,114.168000,,
50,G,7.935000,109.751000,,
51,V,7.663000,112.017000,,
52,M,9.012000,124.544000,,
53,N,8.444000,113.275000,,
54,S,7.938000,113.075000,,
55,L,7.273000,121.005000,,
56,R,9.013000,120.286000,,
57,F,8.942000,122.622000,,
58,L,9.748000,124.305000,,
59,F,8.968000,119.442000,,
60,E,9.381000,129.270000,,
61,G,8.879000,103.341000,,
62,Q,7.996000,120.727000,,
63,R,8.831000,125.072000,,
64,I,9.034000,126.969000,,
65,D,8.774000,120.483000,,
66,N,7.765000,109.609000,,
67,H,7.161000,119.903000,,
68,T,7.321000,108.406000,,
69,K,8.084000,115.417000,,
70,E,7.971000,120.848000,,
71,L,7.488000,115.106000,,
72,G,7.654000,108.131000,,
73,M,7.633000,117.770000,,
74,E,9.316000,121.072000,,
75,E,8.325000,119.269000,,
76,E,9.369000,118.946000,,
77,D,8.155000,120.285000,,
78,V,8.204000,116.733000,,
79,I,9.166000,127.384000,,
80,E,8.868000,125.887000,,
81,V,7.782000,119.838000,,
82,Y,8.540000,124.201000,,
83,Q,8.737000,120.834000,,
84,E,8.424000,125.198000,,
85,Q,8.799000,122.981000,,
86,T,8.402000,116.135000,,
87,G,8.520000,111.893000,,
88,G,8.035000,115.394000,,
