seq_pos,aa,H,N,CA,HA
1,E,8.309000,121.336000,,
2,A,8.329000,125.600000,,
3,K,8.338000,122.294000,,
4,S,8.600000,116.932000,,
5,T,8.245000,115.863000,,
6,E,8.363000,123.050000,,
7,D,8.408000,122.158000,,
8,L,8.397000,123.720000,,
9,G,8.461000,108.929000,,
10,D,8.211000,120.446000,,
11,K,8.309000,121.336000,,
12,K,8.408000,122.158000,,
13,E,8.496000,121.891000,,
14,G,8.460000,109.686000,,
15,E,8.221000,119.630000,,
16,Y,8.320000,119.257000,,
17,I,9.153000,116.681000,,
18,K,8.635000,124.398000,,
19,L,8.933000,124.157000,,
20,K,8.633000,120.648000,,
21,V,9.116000,124.120000,,
22,I,9.077000,128.420000,,
23,G,8.435000,113.259000,,
24,Q,8.768000,120.464000,,
25,D,8.338000,118.355000,,
26,S,8.002000,111.073000,,
27,S,8.086000,117.486000,,
28,E,8.605000,121.782000,,
29,I,8.667000,124.450000,,
30,H,8.731000,125.749000,,
31,F,9.093000,119.995000,,
32,K,8.794000,123.786000,,
33,V,9.135000,119.620000,,
34,K,8.626000,122.333000,,
35,M,8.574000,119.950000,,
36,T,7.183000,120.726000,,
37,H,8.845000,126.228000,,
38,L,9.355000,124.922000,,
39,K,8.547000,121.472000,,
40,K,7.518000,114.086000,,
41,L,6.744000,121.932000,,
42,K,7.556000,118.329000,,
43,E,8.506000,118.171000,,
44,S,7.951000,115.657000,,
45,Y,8.836000,122.655000,,
46,C,8.668000,117.437000,,
47,Q,8.320000,119.257000,,
48,R,8.016000,120.132000,,
49,Q,7.794000,114.119000,,
50,G,7.922000,109.693000,,
51,V,7.654000,111.995000,,
52,M,9.009000,124.540000,,
53,N,8.435000,113.259000,,
54,S,7.927000,113.042000,,
55,L,7.268000,121.006000,,
56,R,9.003000,120.299000,,
57,F,8.939000,122.646000,,
58,L,9.739000,124.296000,,
59,F,8.966000,119.462000,,
60,E,9.377000,129.267000,,
61,G,8.867000,103.311000,,
62,Q,7.990000,120.684000,,
63,R,8.826000,125.098000,,
64,I,9.023000,126.951000,,
65,D,8.768000,120.464000,,
66,N,7.757000,109.600000,,
67,H,7.154000,119.903000,,
68,T,7.316000,108.407000,,
69,K,8.023000,115.354000,,
70,E,7.960000,120.844000,,
71,L,7.476000,115.072000,,
72,G,7.649000,108.117000,,
73,M,7.632000,117.797000,,
74,E,9.312000,121.036000,,
75,E,8.320000,119.257000,,
76,E,9.357000,118.935000,,
77,D,8.148000,120.265000,,
78,V,8.195000,116.737000,,
79,I,9.161000,127.407000,,
80,E,8.862000,125.916000,,
81,V,7.774000,119.816000,,
82,Y,8.528000,124.158000,,
83,Q,8.737000,120.841000,,
84,E,8.412000,125.176000,,
85,Q,8.794000,122.969000,,
86,T,8.390000,116.087000,,
87,G,8.511000,111.853000,,
88,G,8.023000,115.354000,,
