seq_pos,aa,H,N,CA,HA
1,E,8.117000,120.848000,,
2,A,8.136000,125.157000,,
3,K,8.144000,121.456000,,
4,S,8.409000,116.442000,,
5,T,8.055000,115.372000,,
6,E,8.172000,122.395000,,
7,D,8.217000,121.667000,,
8,L,8.206000,123.236000,,
9,G,8.269000,108.437000,,
10,D,8.020000,119.955000,,
11,K,8.117000,120.848000,,
12,K,8.217000,121.667000,,
13,E,8.306000,121.399000,,
14,G,8.269000,109.196000,,
15,E,8.029000,119.121000,,
16,Y,8.127000,118.775000,,
17,I,8.965000,116.212000,,
18,K,8.435000,123.886000,,
19,L,8.740000,123.632000,,
20,K,8.442000,120.165000,,
21,V,8.918000,123.617000,,
22,I,8.886000,127.925000,,
23,G,8.244000,112.762000,,
24,Q,8.576000,119.980000,,
25,D,8.146000,117.871000,,
26,S,7.811000,110.582000,,
27,S,7.893000,116.990000,,
28,E,8.415000,121.295000,,
29,I,8.477000,123.958000,,
30,H,8.537000,125.230000,,
31,F,8.900000,119.515000,,
32,K,8.602000,123.305000,,
33,V,8.943000,119.127000,,
34,K,8.435000,121.804000,,
35,M,8.383000,119.466000,,
36,T,6.989000,120.243000,,
37,H,8.657000,125.725000,,
38,L,9.160000,124.439000,,
39,K,8.358000,120.986000,,
40,K,7.324000,113.583000,,
41,L,6.549000,121.469000,,
42,K,7.362000,117.842000,,
43,E,8.313000,117.679000,,
44,S,7.762000,115.171000,,
45,Y,8.643000,122.153000,,
46,C,8.478000,116.943000,,
47,Q,8.127000,118.775000,,
48,R,7.825000,119.648000,,
49,Q,7.605000,113.641000,,
50,G,7.730000,109.204000,,
51,V,7.463000,111.501000,,
52,M,8.817000,124.048000,,
53,N,8.244000,112.762000,,
54,S,7.735000,112.559000,,
55,L,7.074000,120.503000,,
56,R,8.812000,119.800000,,
57,F,8.747000,122.137000,,
58,L,9.548000,123.773000,,
59,F,8.767000,118.949000,,
60,E,9.180000,128.760000,,
61,G,8.679000,102.825000,,
62,Q,7.793000,120.184000,,
63,R,8.633000,124.582000,,
64,I,8.836000,126.454000,,
65,D,8.576000,119.980000,,
66,N,7.567000,109.101000,,
67,H,6.962000,119.394000,,
68,T,7.122000,107.909000,,
69,K,7.892000,114.926000,,
70,E,7.793000,120.184000,,
71,L,7.285000,114.579000,,
72,G,7.456000,107.617000,,
73,M,7.432000,117.268000,,
74,E,9.116000,120.566000,,
75,E,8.127000,118.775000,,
76,E,9.169000,118.449000,,
77,D,7.956000,119.787000,,
78,V,8.005000,116.238000,,
79,I,8.966000,126.888000,,
80,E,8.672000,125.412000,,
81,V,7.580000,119.321000,,
82,Y,8.335000,123.693000,,
83,Q,8.541000,120.332000,,
84,E,8.220000,124.673000,,
85,Q,8.602000,122.474000,,
86,T,8.200000,115.600000,,
87,G,8.320000,111.363000,,
88,G,7.832000,114.862000,,
