_Atom_chem_shift.Ambiguity_code,_Atom_chem_shift.Ambiguity_set_ID,_Atom_chem_shift.Assembly_atom_ID,_Atom_chem_shift.Assign_fig_of_merit,_Atom_chem_shift.Assigned_chem_shift_list_ID,_Atom_chem_shift.Atom_ID,_Atom_chem_shift.Atom_isotope_number,_Atom_chem_shift.Atom_type,_Atom_chem_shift.Auth_asym_ID,_Atom_chem_shift.Auth_atom_ID,_Atom_chem_shift.Auth_comp_ID,_Atom_chem_shift.Auth_entity_assembly_ID,_Atom_chem_shift.Auth_seq_ID,_Atom_chem_shift.Comp_ID,_Atom_chem_shift.Comp_index_ID,_Atom_chem_shift.Details,_Atom_chem_shift.Entity_ID,_Atom_chem_shift.Entity_assembly_ID,_Atom_chem_shift.Entity_assembly_asym_ID,_Atom_chem_shift.Entry_ID,_Atom_chem_shift.ID,_Atom_chem_shift.Occupancy,_Atom_chem_shift.Resonance_ID,_Atom_chem_shift.Seq_ID,_Atom_chem_shift.Val,_Atom_chem_shift.Val_err,__tags_order__
.,.,.,.,1,H,1,H,.,H,GLN,.,4,GLN,16,.,1,1,.,50949,1,.,.,16,8.221,0.00,_Atom_chem_shift.ID	_Atom_chem_shift.Assembly_atom_ID	_Atom_chem_shift.Entity_assembly_ID	_Atom_chem_shift.Entity_assembly_asym_ID	_Atom_chem_shift.Entity_ID	_Atom_chem_shift.Comp_index_ID	_Atom_chem_shift.Seq_ID	_Atom_chem_shift.Comp_ID	_Atom_chem_shift.Atom_ID	_Atom_chem_shift.Atom_type	_Atom_chem_shift.Atom_isotope_number	_Atom_chem_shift.Val	_Atom_chem_shift.Val_err	_Atom_chem_shift.Assign_fig_of_merit	_Atom_chem_shift.Ambiguity_code	_Atom_chem_shift.Ambiguity_set_ID	_Atom_chem_shift.Occupancy	_Atom_chem_shift.Resonance_ID	_Atom_chem_shift.Auth_entity_assembly_ID	_Atom_chem_shift.Auth_asym_ID	_Atom_chem_shift.Auth_seq_ID	_Atom_chem_shift.Auth_comp_ID	_Atom_chem_shift.Auth_atom_ID	_Atom_chem_shift.Details	_Atom_chem_shift.Entry_ID	_Atom_chem_shift.Assigned_chem_shift_list_ID
.,.,.,.,1,N,15,N,.,N,GLN,.,4,GLN,16,.,1,1,.,50949,2,.,.,16,119.661,0.00,_Atom_chem_shift.ID	_Atom_chem_shift.Assembly_atom_ID	_Atom_chem_shift.Entity_assembly_ID	_Atom_chem_shift.Entity_assembly_asym_ID	_Atom_chem_shift.Entity_ID	_Atom_chem_shift.Comp_index_ID	_Atom_chem_shift.Seq_ID	_Atom_chem_shift.Comp_ID	_Atom_chem_shift.Atom_ID	_Atom_chem_shift.Atom_type	_Atom_chem_shift.Atom_isotope_number	_Atom_chem_shift.Val	_Atom_chem_shift.Val_err	_Atom_chem_shift.Assign_fig_of_merit	_Atom_chem_shift.Ambiguity_code	_Atom_chem_shift.Ambiguity_set_ID	_Atom_chem_shift.Occupancy	_Atom_chem_shift.Resonance_ID	_Atom_chem_shift.Auth_entity_assembly_ID	_Atom_chem_shift.Auth_asym_ID	_Atom_chem_shift.Auth_seq_ID	_Atom_chem_shift.Auth_comp_ID	_Atom_chem_shift.Auth_atom_ID	_Atom_chem_shift.Details	_Atom_chem_shift.Entry_ID	_Atom_chem_shift.Assigned_chem_shift_list_ID
.,.,.,.,1,H,1,H,.,H,GLU,.,5,GLU,17,.,1,1,.,50949,3,.,.,17,8.348,0.00,_Atom_chem_shift.ID	_Atom_chem_shift.Assembly_atom_ID	_Atom_chem_shift.Entity_assembly_ID	_Atom_chem_shift.Entity_assembly_asym_ID	_Atom_chem_shift.Entity_ID	_Atom_chem_shift.Comp_index_ID	_Atom_chem_shift.Seq_ID	_Atom_chem_shift.Comp_ID	_Atom_chem_shift.Atom_ID	_Atom_chem_shift.Atom_type	_Atom_chem_shift.Atom_isotope_number	_Atom_chem_shift.Val	_Atom_chem_shift.Val_err	_Atom_chem_shift.Assign_fig_of_merit	_Atom_chem_shift.Ambiguity_code	_Atom_chem_shift.Ambiguity_set_ID	_Atom_chem_shift.Occupancy	_Atom_chem_shift.Resonance_ID	_Atom_chem_shift.Auth_entity_assembly_ID	_Atom_chem_shift.Auth_asym_ID	_Atom_chem_shift.Auth_seq_ID	_Atom_chem_shift.Auth_comp_ID	_Atom_chem_shift.Auth_atom_ID	_Atom_chem_shift.Details	_Atom_chem_shift.Entry_ID	_Atom_chem_shift.Assigned_chem_shift_list_ID
.,.,.,.,1,N,15,N,.,N,GLU,.,5,GLU,17,.,1,1,.,50949,4,.,.,17,122.112,0.00,_Atom_chem_shift.ID	_Atom_chem_shift.Assembly_atom_ID	_Atom_chem_shift.Entity_assembly_ID	_Atom_chem_shift.Entity_assembly_asym_ID	_Atom_chem_shift.Entity_ID	_Atom_chem_shift.Comp_index_ID	_Atom_chem_shift.Seq_ID	_Atom_chem_shift.Comp_ID	_Atom_chem_shift.Atom_ID	_Atom_chem_shift.Atom_type	_Atom_chem_shift.Atom_isotope_number	_Atom_chem_shift.Val	_Atom_chem_shift.Val_err	_Atom_chem_shift.Assign_fig_of_merit	_Atom_chem_shift.Ambiguity_code	_Atom_chem_shift.Ambiguity_set_ID	_Atom_chem_shift.Occupancy	_Atom_chem_shift.Resonance_ID	_Atom_chem_shift.Auth_entity_assembly_ID	_Atom_chem_shift.Auth_asym_ID	_Atom_chem_shift.Auth_seq_ID	_Atom_chem_shift.Auth_comp_ID	_Atom_chem_shift.Auth_atom_ID	_Atom_chem_shift.Details	_Atom_chem_shift.Entry_ID	_Atom_chem_shift.Assigned_chem_shift_list_ID
.,.,.,.,1,H,1,H,.,H,ALA,.,6,ALA,18,.,1,1,.,50949,5,.,.,18,8.222,0.00,_Atom_chem_shift.ID	_Atom_chem_shift.Assembly_atom_ID	_Atom_chem_shift.Entity_assembly_ID	_Atom_chem_shift.Entity_assembly_asym_ID	_Atom_chem_shift.Entity_ID	_Atom_chem_shift.Comp_index_ID	_Atom_chem_shift.Seq_ID	_Atom_chem_shift.Comp_ID	_Atom_chem_shift.Atom_ID	_Atom_chem_shift.Atom_type	_Atom_chem_shift.Atom_isotope_number	_Atom_chem_shift.Val	_Atom_chem_shift.Val_err	_Atom_chem_shift.Assign_fig_of_merit	_Atom_chem_shift.Ambiguity_code	_Atom_chem_shift.Ambiguity_set_ID	_Atom_chem_shift.Occupancy	_Atom_chem_shift.Resonance_ID	_Atom_chem_shift.Auth_entity_assembly_ID	_Atom_chem_shift.Auth_asym_ID	_Atom_chem_shift.Auth_seq_ID	_Atom_chem_shift.Auth_comp_ID	_Atom_chem_shift.Auth_atom_ID	_Atom_chem_shift.Details	_Atom_chem_shift.Entry_ID	_Atom_chem_shift.Assigned_chem_shift_list_ID
.,.,.,.,1,N,15,N,.,N,ALA,.,6,ALA,18,.,1,1,.,50949,6,.,.,18,125.178,0.00,_Atom_chem_shift.ID	_Atom_chem_shift.Assembly_atom_ID	_Atom_chem_shift.Entity_assembly_ID	_Atom_chem_shift.Entity_assembly_asym_ID	_Atom_chem_shift.Entity_ID	_Atom_chem_shift.Comp_index_ID	_Atom_chem_shift.Seq_ID	_Atom_chem_shift.Comp_ID	_Atom_chem_shift.Atom_ID	_Atom_chem_shift.Atom_type	_Atom_chem_shift.Atom_isotope_number	_Atom_chem_shift.Val	_Atom_chem_shift.Val_err	_Atom_chem_shift.Assign_fig_of_merit	_Atom_chem_shift.Ambiguity_code	_Atom_chem_shift.Ambiguity_set_ID	_Atom_chem_shift.Occupancy	_Atom_chem_shift.Resonance_ID	_Atom_chem_shift.Auth_entity_assembly_ID	_Atom_chem_shift.Auth_asym_ID	_Atom_chem_shift.Auth_seq_ID	_Atom_chem_shift.Auth_comp_ID	_Atom_chem_shift.Auth_atom_ID	_Atom_chem_shift.Details	_Atom_chem_shift.Entry_ID	_Atom_chem_shift.Assigned_chem_shift_list_ID
.,.,.,.,1,H,1,H,.,H,LYS,.,7,LYS,19,.,1,1,.,50949,7,.,.,19,8.266,0.00,_Atom_chem_shift.ID	_Atom_chem_shift.Assembly_atom_ID	_Atom_chem_shift.Entity_assembly_ID	_Atom_chem_shift.Entity_assembly_asym_ID	_Atom_chem_shift.Entity_ID	_Atom_chem_shift.Comp_index_ID	_Atom_chem_shift.Seq_ID	_Atom_chem_shift.Comp_ID	_Atom_chem_shift.Atom_ID	_Atom_chem_shift.Atom_type	_Atom_chem_shift.Atom_isotope_number	_Atom_chem_shift.Val	_Atom_chem_shift.Val_err	_Atom_chem_shift.Assign_fig_of_merit	_Atom_chem_shift.Ambiguity_code	_Atom_chem_shift.Ambiguity_set_ID	_Atom_chem_shift.Occupancy	_Atom_chem_shift.Resonance_ID	_Atom_chem_shift.Auth_entity_assembly_ID	_Atom_chem_shift.Auth_asym_ID	_Atom_chem_shift.Auth_seq_ID	_Atom_chem_shift.Auth_comp_ID	_Atom_chem_shift.Auth_atom_ID	_Atom_chem_shift.Details	_Atom_chem_shift.Entry_ID	_Atom_chem_shift.Assigned_chem_shift_list_ID
.,.,.,.,1,N,15,N,.,N,LYS,.,7,LYS,19,.,1,1,.,50949,8,.,.,19,122.126,0.00,_Atom_chem_shift.ID	_Atom_chem_shift.Assembly_atom_ID	_Atom_chem_shift.Entity_assembly_ID	_Atom_chem_shift.Entity_assembly_asym_ID	_Atom_chem_shift.Entity_ID	_Atom_chem_shift.Comp_index_ID	_Atom_chem_shift.Seq_ID	_Atom_chem_shift.Comp_ID	_Atom_chem_shift.Atom_ID	_Atom_chem_shift.Atom_type	_Atom_chem_shift.Atom_isotope_number	_Atom_chem_shift.Val	_Atom_chem_shift.Val_err	_Atom_chem_shift.Assign_fig_of_merit	_Atom_chem_shift.Ambiguity_code	_Atom_chem_shift.Ambiguity_set_ID	_Atom_chem_shift.Occupancy	_Atom_chem_shift.Resonance_ID	_Atom_chem_shift.Auth_entity_assembly_ID	_Atom_chem_shift.Auth_asym_ID	_Atom_chem_shift.Auth_seq_ID	_Atom_chem_shift.Auth_comp_ID	_Atom_chem_shift.Auth_atom_ID	_Atom_chem_shift.Details	_Atom_chem_shift.Entry_ID	_Atom_chem_shift.Assigned_chem_shift_list_ID
.,.,.,.,1,H,1,H,.,H,THR,.,10,THR,22,.,1,1,.,50949,9,.,.,22,8.218,0.00,_Atom_chem_shift.ID	_Atom_chem_shift.Assembly_atom_ID	_Atom_chem_shift.Entity_assembly_ID	_Atom_chem_shift.Entity_assembly_asym_ID	_Atom_chem_shift.Entity_ID	_Atom_chem_shift.Comp_index_ID	_Atom_chem_shift.Seq_ID	_Atom_chem_shift.Comp_ID	_Atom_chem_shift.Atom_ID	_Atom_chem_shift.Atom_type	_Atom_chem_shift.Atom_isotope_number	_Atom_chem_shift.Val	_Atom_chem_shift.Val_err	_Atom_chem_shift.Assign_fig_of_merit	_Atom_chem_shift.Ambiguity_code	_Atom_chem_shift.Ambiguity_set_ID	_Atom_chem_shift.Occupancy	_Atom_chem_shift.Resonance_ID	_Atom_chem_shift.Auth_entity_assembly_ID	_Atom_chem_shift.Auth_asym_ID	_Atom_chem_shift.Auth_seq_ID	_Atom_chem_shift.Auth_comp_ID	_Atom_chem_shift.Auth_atom_ID	_Atom_chem_shift.Details	_Atom_chem_shift.Entry_ID	_Atom_chem_shift.Assigned_chem_shift_list_ID
.,.,.,.,1,N,15,N,.,N,THR,.,10,THR,22,.,1,1,.,50949,10,.,.,22,115.559,0.00,_Atom_chem_shift.ID	_Atom_chem_shift.Assembly_atom_ID	_Atom_chem_shift.Entity_assembly_ID	_Atom_chem_shift.Entity_assembly_asym_ID	_Atom_chem_shift.Entity_ID	_Atom_chem_shift.Comp_index_ID	_Atom_chem_shift.Seq_ID	_Atom_chem_shift.Comp_ID	_Atom_chem_shift.Atom_ID	_Atom_chem_shift.Atom_type	_Atom_chem_shift.Atom_isotope_number	_Atom_chem_shift.Val	_Atom_chem_shift.Val_err	_Atom_chem_shift.Assign_fig_of_merit	_Atom_chem_shift.Ambiguity_code	_Atom_chem_shift.Ambiguity_set_ID	_Atom_chem_shift.Occupancy	_Atom_chem_shift.Resonance_ID	_Atom_chem_shift.Auth_entity_assembly_ID	_Atom_chem_shift.Auth_asym_ID	_Atom_chem_shift.Auth_seq_ID	_Atom_chem_shift.Auth_comp_ID	_Atom_chem_shift.Auth_atom_ID	_Atom_chem_shift.Details	_Atom_chem_shift.Entry_ID	_Atom_chem_shift.Assigned_chem_shift_list_ID
.,.,.,.,1,H,1,H,.,H,GLU,.,11,GLU,23,.,1,1,.,50949,11,.,.,23,8.356,0.00,_Atom_chem_shift.ID	_Atom_chem_shift.Assembly_atom_ID	_Atom_chem_shift.Entity_assembly_ID	_Atom_chem_shift.Entity_assembly_asym_ID	_Atom_chem_shift.Entity_ID	_Atom_chem_shift.Comp_index_ID	_Atom_chem_shift.Seq_ID	_Atom_chem_shift.Comp_ID	_Atom_chem_shift.Atom_ID	_Atom_chem_shift.Atom_type	_Atom_chem_shift.Atom_isotope_number	_Atom_chem_shift.Val	_Atom_chem_shift.Val_err	_Atom_chem_shift.Assign_fig_of_merit	_Atom_chem_shift.Ambiguity_code	_Atom_chem_shift.Ambiguity_set_ID	_Atom_chem_shift.Occupancy	_Atom_chem_shift.Resonance_ID	_Atom_chem_shift.Auth_entity_assembly_ID	_Atom_chem_shift.Auth_asym_ID	_Atom_chem_shift.Auth_seq_ID	_Atom_chem_shift.Auth_comp_ID	_Atom_chem_shift.Auth_atom_ID	_Atom_chem_shift.Details	_Atom_chem_shift.Entry_ID	_Atom_chem_shift.Assigned_chem_shift_list_ID
.,.,.,.,1,N,15,N,.,N,GLU,.,11,GLU,23,.,1,1,.,50949,12,.,.,23,122.901,0.00,_Atom_chem_shift.ID	_Atom_chem_shift.Assembly_atom_ID	_Atom_chem_shift.Entity_assembly_ID	_Atom_chem_shift.Entity_assembly_asym_ID	_Atom_chem_shift.Entity_ID	_Atom_chem_shift.Comp_index_ID	_Atom_chem_shift.Seq_ID	_Atom_chem_shift.Comp_ID	_Atom_chem_shift.Atom_ID	_Atom_chem_shift.Atom_type	_Atom_chem_shift.Atom_isotope_number	_Atom_chem_shift.Val	_Atom_chem_shift.Val_err	_Atom_chem_shift.Assign_fig_of_merit	_Atom_chem_shift.Ambiguity_code	_Atom_chem_shift.Ambiguity_set_ID	_Atom_chem_shift.Occupancy	_Atom_chem_shift.Resonance_ID	_Atom_chem_shift.Auth_entity_assembly_ID	_Atom_chem_shift.Auth_asym_ID	_Atom_chem_shift.Auth_seq_ID	_Atom_chem_shift.Auth_comp_ID	_Atom_chem_shift.Auth_atom_ID	_Atom_chem_shift.Details	_Atom_chem_shift.Entry_ID	_Atom_chem_shift.Assigned_chem_shift_list_ID
.,.,.,.,1,H,1,H,.,H,ASP,.,12,ASP,24,.,1,1,.,50949,13,.,.,24,8.383,0.00,_Atom_chem_shift.ID	_Atom_chem_shift.Assembly_atom_ID	_Atom_chem_shift.Entity_assembly_ID	_Atom_chem_shift.Entity_assembly_asym_ID	_Atom_chem_shift.Entity_ID	_Atom_chem_shift.Comp_index_ID	_Atom_chem_shift.Seq_ID	_Atom_chem_shift.Comp_ID	_Atom_chem_shift.Atom_ID	_Atom_chem_shift.Atom_type	_Atom_chem_shift.Atom_isotope_number	_Atom_chem_shift.Val	_Atom_chem_shift.Val_err	_Atom_chem_shift.Assign_fig_of_merit	_Atom_chem_shift.Ambiguity_code	_Atom_chem_shift.Ambiguity_set_ID	_Atom_chem_shift.Occupancy	_Atom_chem_shift.Resonance_ID	_Atom_chem_shift.Auth_entity_assembly_ID	_Atom_chem_shift.Auth_asym_ID	_Atom_chem_shift.Auth_seq_ID	_Atom_chem_shift.Auth_comp_ID	_Atom_chem_shift.Auth_atom_ID	_Atom_chem_shift.Details	_Atom_chem_shift.Entry_ID	_Atom_chem_shift.Assigned_chem_shift_list_ID
.,.,.,.,1,N,15,N,.,N,ASP,.,12,ASP,24,.,1,1,.,50949,14,.,.,24,121.980,0.00,_Atom_chem_shift.ID	_Atom_chem_shift.Assembly_atom_ID	_Atom_chem_shift.Entity_assembly_ID	_Atom_chem_shift.Entity_assembly_asym_ID	_Atom_chem_shift.Entity_ID	_Atom_chem_shift.Comp_index_ID	_Atom_chem_shift.Seq_ID	_Atom_chem_shift.Comp_ID	_Atom_chem_shift.Atom_ID	_Atom_chem_shift.Atom_type	_Atom_chem_shift.Atom_isotope_number	_Atom_chem_shift.Val	_Atom_chem_shift.Val_err	_Atom_chem_shift.Assign_fig_of_merit	_Atom_chem_shift.Ambiguity_code	_Atom_chem_shift.Ambiguity_set_ID	_Atom_chem_shift.Occupancy	_Atom_chem_shift.Resonance_ID	_Atom_chem_shift.Auth_entity_assembly_ID	_Atom_chem_shift.Auth_asym_ID	_Atom_chem_shift.Auth_seq_ID	_Atom_chem_shift.Auth_comp_ID	_Atom_chem_shift.Auth_atom_ID	_Atom_chem_shift.Details	_Atom_chem_shift.Entry_ID	_Atom_chem_shift.Assigned_chem_shift_list_ID
.,.,.,.,1,H,1,H,.,H,LEU,.,13,LEU,25,.,1,1,.,50949,15,.,.,25,8.350,0.00,_Atom_chem_shift.ID	_Atom_chem_shift.Assembly_atom_ID	_Atom_chem_shift.Entity_assembly_ID	_Atom_chem_shift.Entity_assembly_asym_ID	_Atom_chem_shift.Entity_ID	_Atom_chem_shift.Comp_index_ID	_Atom_chem_shift.Seq_ID	_Atom_chem_shift.Comp_ID	_Atom_chem_shift.Atom_ID	_Atom_chem_shift.Atom_type	_Atom_chem_shift.Atom_isotope_number	_Atom_chem_shift.Val	_Atom_chem_shift.Val_err	_Atom_chem_shift.Assign_fig_of_merit	_Atom_chem_shift.Ambiguity_code	_Atom_chem_shift.Ambiguity_set_ID	_Atom_chem_shift.Occupancy	_Atom_chem_shift.Resonance_ID	_Atom_chem_shift.Auth_entity_assembly_ID	_Atom_chem_shift.Auth_asym_ID	_Atom_chem_shift.Auth_seq_ID	_Atom_chem_shift.Auth_comp_ID	_Atom_chem_shift.Auth_atom_ID	_Atom_chem_shift.Details	_Atom_chem_shift.Entry_ID	_Atom_chem_shift.Assigned_chem_shift_list_ID
.,.,.,.,1,N,15,N,.,N,LEU,.,13,LEU,25,.,1,1,.,50949,16,.,.,25,123.522,0.00,_Atom_chem_shift.ID	_Atom_chem_shift.Assembly_atom_ID	_Atom_chem_shift.Entity_assembly_ID	_Atom_chem_shift.Entity_assembly_asym_ID	_Atom_chem_shift.Entity_ID	_Atom_chem_shift.Comp_index_ID	_Atom_chem_shift.Seq_ID	_Atom_chem_shift.Comp_ID	_Atom_chem_shift.Atom_ID	_Atom_chem_shift.Atom_type	_Atom_chem_shift.Atom_isotope_number	_Atom_chem_shift.Val	_Atom_chem_shift.Val_err	_Atom_chem_shift.Assign_fig_of_merit	_Atom_chem_shift.Ambiguity_code	_Atom_chem_shift.Ambiguity_set_ID	_Atom_chem_shift.Occupancy	_Atom_chem_shift.Resonance_ID	_Atom_chem_shift.Auth_entity_assembly_ID	_Atom_chem_shift.Auth_asym_ID	_Atom_chem_shift.Auth_seq_ID	_Atom_chem_shift.Auth_comp_ID	_Atom_chem_shift.Auth_atom_ID	_Atom_chem_shift.Details	_Atom_chem_shift.Entry_ID	_Atom_chem_shift.Assigned_chem_shift_list_ID
.,.,.,.,1,H,1,H,.,H,GLY,.,14,GLY,26,.,1,1,.,50949,17,.,.,26,8.440,0.00,_Atom_chem_shift.ID	_Atom_chem_shift.Assembly_atom_ID	_Atom_chem_shift.Entity_assembly_ID	_Atom_chem_shift.Entity_assembly_asym_ID	_Atom_chem_shift.Entity_ID	_Atom_chem_shift.Comp_index_ID	_Atom_chem_shift.Seq_ID	_Atom_chem_shift.Comp_ID	_Atom_chem_shift.Atom_ID	_Atom_chem_shift.Atom_type	_Atom_chem_shift.Atom_isotope_number	_Atom_chem_shift.Val	_Atom_chem_shift.Val_err	_Atom_chem_shift.Assign_fig_of_merit	_Atom_chem_shift.Ambiguity_code	_Atom_chem_shift.Ambiguity_set_ID	_Atom_chem_shift.Occupancy	_Atom_chem_shift.Resonance_ID	_Atom_chem_shift.Auth_entity_assembly_ID	_Atom_chem_shift.Auth_asym_ID	_Atom_chem_shift.Auth_seq_ID	_Atom_chem_shift.Auth_comp_ID	_Atom_chem_shift.Auth_atom_ID	_Atom_chem_shift.Details	_Atom_chem_shift.Entry_ID	_Atom_chem_shift.Assigned_chem_shift_list_ID
.,.,.,.,1,N,15,N,.,N,GLY,.,14,GLY,26,.,1,1,.,50949,18,.,.,26,108.847,0.00,_Atom_chem_shift.ID	_Atom_chem_shift.Assembly_atom_ID	_Atom_chem_shift.Entity_assembly_ID	_Atom_chem_shift.Entity_assembly_asym_ID	_Atom_chem_shift.Entity_ID	_Atom_chem_shift.Comp_index_ID	_Atom_chem_shift.Seq_ID	_Atom_chem_shift.Comp_ID	_Atom_chem_shift.Atom_ID	_Atom_chem_shift.Atom_type	_Atom_chem_shift.Atom_isotope_number	_Atom_chem_shift.Val	_Atom_chem_shift.Val_err	_Atom_chem_shift.Assign_fig_of_merit	_Atom_chem_shift.Ambiguity_code	_Atom_chem_shift.Ambiguity_set_ID	_Atom_chem_shift.Occupancy	_Atom_chem_shift.Resonance_ID	_Atom_chem_shift.Auth_entity_assembly_ID	_Atom_chem_shift.Auth_asym_ID	_Atom_chem_shift.Auth_seq_ID	_Atom_chem_shift.Auth_comp_ID	_Atom_chem_shift.Auth_atom_ID	_Atom_chem_shift.Details	_Atom_chem_shift.Entry_ID	_Atom_chem_shift.Assigned_chem_shift_list_ID
.,.,.,.,1,H,1,H,.,H,ASP,.,15,ASP,27,.,1,1,.,50949,19,.,.,27,8.211,0.00,_Atom_chem_shift.ID	_Atom_chem_shift.Assembly_atom_ID	_Atom_chem_shift.Entity_assembly_ID	_Atom_chem_shift.Entity_assembly_asym_ID	_Atom_chem_shift.Entity_ID	_Atom_chem_shift.Comp_index_ID	_Atom_chem_shift.Seq_ID	_Atom_chem_shift.Comp_ID	_Atom_chem_shift.Atom_ID	_Atom_chem_shift.Atom_type	_Atom_chem_shift.Atom_isotope_number	_Atom_chem_shift.Val	_Atom_chem_shift.Val_err	_Atom_chem_shift.Assign_fig_of_merit	_Atom_chem_shift.Ambiguity_code	_Atom_chem_shift.Ambiguity_set_ID	_Atom_chem_shift.Occupancy	_Atom_chem_shift.Resonance_ID	_Atom_chem_shift.Auth_entity_assembly_ID	_Atom_chem_shift.Auth_asym_ID	_Atom_chem_shift.Auth_seq_ID	_Atom_chem_shift.Auth_comp_ID	_Atom_chem_shift.Auth_atom_ID	_Atom_chem_shift.Details	_Atom_chem_shift.Entry_ID	_Atom_chem_shift.Assigned_chem_shift_list_ID
.,.,.,.,1,N,15,N,.,N,ASP,.,15,ASP,27,.,1,1,.,50949,20,.,.,27,120.445,0.00,_Atom_chem_shift.ID	_Atom_chem_shift.Assembly_atom_ID	_Atom_chem_shift.Entity_assembly_ID	_Atom_chem_shift.Entity_assembly_asym_ID	_Atom_chem_shift.Entity_ID	_Atom_chem_shift.Comp_index_ID	_Atom_chem_shift.Seq_ID	_Atom_chem_shift.Comp_ID	_Atom_chem_shift.Atom_ID	_Atom_chem_shift.Atom_type	_Atom_chem_shift.Atom_isotope_number	_Atom_chem_shift.Val	_Atom_chem_shift.Val_err	_Atom_chem_shift.Assign_fig_of_merit	_Atom_chem_shift.Ambiguity_code	_Atom_chem_shift.Ambiguity_set_ID	_Atom_chem_shift.Occupancy	_Atom_chem_shift.Resonance_ID	_Atom_chem_shift.Auth_entity_assembly_ID	_Atom_chem_shift.Auth_asym_ID	_Atom_chem_shift.Auth_seq_ID	_Atom_chem_shift.Auth_comp_ID	_Atom_chem_shift.Auth_atom_ID	_Atom_chem_shift.Details	_Atom_chem_shift.Entry_ID	_Atom_chem_shift.Assigned_chem_shift_list_ID
.,.,.,.,1,H,1,H,.,H,LYS,.,16,LYS,28,.,1,1,.,50949,21,.,.,28,8.260,0.00,_Atom_chem_shift.ID	_Atom_chem_shift.Assembly_atom_ID	_Atom_chem_shift.Entity_assembly_ID	_Atom_chem_shift.Entity_assembly_asym_ID	_Atom_chem_shift.Entity_ID	_Atom_chem_shift.Comp_index_ID	_Atom_chem_shift.Seq_ID	_Atom_chem_shift.Comp_ID	_Atom_chem_shift.Atom_ID	_Atom_chem_shift.Atom_type	_Atom_chem_shift.Atom_isotope_number	_Atom_chem_shift.Val	_Atom_chem_shift.Val_err	_Atom_chem_shift.Assign_fig_of_merit	_Atom_chem_shift.Ambiguity_code	_Atom_chem_shift.Ambiguity_set_ID	_Atom_chem_shift.Occupancy	_Atom_chem_shift.Resonance_ID	_Atom_chem_shift.Auth_entity_assembly_ID	_Atom_chem_shift.Auth_asym_ID	_Atom_chem_shift.Auth_seq_ID	_Atom_chem_shift.Auth_comp_ID	_Atom_chem_shift.Auth_atom_ID	_Atom_chem_shift.Details	_Atom_chem_shift.Entry_ID	_Atom_chem_shift.Assigned_chem_shift_list_ID
.,.,.,.,1,N,15,N,.,N,LYS,.,16,LYS,28,.,1,1,.,50949,22,.,.,28,121.340,0.00,_Atom_chem_shift.ID	_Atom_chem_shift.Assembly_atom_ID	_Atom_chem_shift.Entity_assembly_ID	_Atom_chem_shift.Entity_assembly_asym_ID	_Atom_chem_shift.Entity_ID	_Atom_chem_shift.Comp_index_ID	_Atom_chem_shift.Seq_ID	_Atom_chem_shift.Comp_ID	_Atom_chem_shift.Atom_ID	_Atom_chem_shift.Atom_type	_Atom_chem_shift.Atom_isotope_number	_Atom_chem_shift.Val	_Atom_chem_shift.Val_err	_Atom_chem_shift.Assign_fig_of_merit	_Atom_chem_shift.Ambiguity_code	_Atom_chem_shift.Ambiguity_set_ID	_Atom_chem_shift.Occupancy	_Atom_chem_shift.Resonance_ID	_Atom_chem_shift.Auth_entity_assembly_ID	_Atom_chem_shift.Auth_asym_ID	_Atom_chem_shift.Auth_seq_ID	_Atom_chem_shift.Auth_comp_ID	_Atom_chem_shift.Auth_atom_ID	_Atom_chem_shift.Details	_Atom_chem_shift.Entry_ID	_Atom_chem_shift.Assigned_chem_shift_list_ID
.,.,.,.,1,H,1,H,.,H,LYS,.,17,LYS,29,.,1,1,.,50949,23,.,.,29,8.260,0.00,_Atom_chem_shift.ID	_Atom_chem_shift.Assembly_atom_ID	_Atom_chem_shift.Entity_assembly_ID	_Atom_chem_shift.Entity_assembly_asym_ID	_Atom_chem_shift.Entity_ID	_Atom_chem_shift.Comp_index_ID	_Atom_chem_shift.Seq_ID	_Atom_chem_shift.Comp_ID	_Atom_chem_shift.Atom_ID	_Atom_chem_shift.Atom_type	_Atom_chem_shift.Atom_isotope_number	_Atom_chem_shift.Val	_Atom_chem_shift.Val_err	_Atom_chem_shift.Assign_fig_of_merit	_Atom_chem_shift.Ambiguity_code	_Atom_chem_shift.Ambiguity_set_ID	_Atom_chem_shift.Occupancy	_Atom_chem_shift.Resonance_ID	_Atom_chem_shift.Auth_entity_assembly_ID	_Atom_chem_shift.Auth_asym_ID	_Atom_chem_shift.Auth_seq_ID	_Atom_chem_shift.Auth_comp_ID	_Atom_chem_shift.Auth_atom_ID	_Atom_chem_shift.Details	_Atom_chem_shift.Entry_ID	_Atom_chem_shift.Assigned_chem_shift_list_ID
.,.,.,.,1,N,15,N,.,N,LYS,.,17,LYS,29,.,1,1,.,50949,24,.,.,29,121.340,0.00,_Atom_chem_shift.ID	_Atom_chem_shift.Assembly_atom_ID	_Atom_chem_shift.Entity_assembly_ID	_Atom_chem_shift.Entity_assembly_asym_ID	_Atom_chem_shift.Entity_ID	_Atom_chem_shift.Comp_index_ID	_Atom_chem_shift.Seq_ID	_Atom_chem_shift.Comp_ID	_Atom_chem_shift.Atom_ID	_Atom_chem_shift.Atom_type	_Atom_chem_shift.Atom_isotope_number	_Atom_chem_shift.Val	_Atom_chem_shift.Val_err	_Atom_chem_shift.Assign_fig_of_merit	_Atom_chem_shift.Ambiguity_code	_Atom_chem_shift.Ambiguity_set_ID	_Atom_chem_shift.Occupancy	_Atom_chem_shift.Resonance_ID	_Atom_chem_shift.Auth_entity_assembly_ID	_Atom_chem_shift.Auth_asym_ID	_Atom_chem_shift.Auth_seq_ID	_Atom_chem_shift.Auth_comp_ID	_Atom_chem_shift.Auth_atom_ID	_Atom_chem_shift.Details	_Atom_chem_shift.Entry_ID	_Atom_chem_shift.Assigned_chem_shift_list_ID
.,.,.,.,1,H,1,H,.,H,GLU,.,18,GLU,30,.,1,1,.,50949,25,.,.,30,8.470,0.00,_Atom_chem_shift.ID	_Atom_chem_shift.Assembly_atom_ID	_Atom_chem_shift.Entity_assembly_ID	_Atom_chem_shift.Entity_assembly_asym_ID	_Atom_chem_shift.Entity_ID	_Atom_chem_shift.Comp_index_ID	_Atom_chem_shift.Seq_ID	_Atom_chem_shift.Comp_ID	_Atom_chem_shift.Atom_ID	_Atom_chem_shift.Atom_type	_Atom_chem_shift.Atom_isotope_number	_Atom_chem_shift.Val	_Atom_chem_shift.Val_err	_Atom_chem_shift.Assign_fig_of_merit	_Atom_chem_shift.Ambiguity_code	_Atom_chem_shift.Ambiguity_set_ID	_Atom_chem_shift.Occupancy	_Atom_chem_shift.Resonance_ID	_Atom_chem_shift.Auth_entity_assembly_ID	_Atom_chem_shift.Auth_asym_ID	_Atom_chem_shift.Auth_seq_ID	_Atom_chem_shift.Auth_comp_ID	_Atom_chem_shift.Auth_atom_ID	_Atom_chem_shift.Details	_Atom_chem_shift.Entry_ID	_Atom_chem_shift.Assigned_chem_shift_list_ID
.,.,.,.,1,N,15,N,.,N,GLU,.,18,GLU,30,.,1,1,.,50949,26,.,.,30,121.763,0.00,_Atom_chem_shift.ID	_Atom_chem_shift.Assembly_atom_ID	_Atom_chem_shift.Entity_assembly_ID	_Atom_chem_shift.Entity_assembly_asym_ID	_Atom_chem_shift.Entity_ID	_Atom_chem_shift.Comp_index_ID	_Atom_chem_shift.Seq_ID	_Atom_chem_shift.Comp_ID	_Atom_chem_shift.Atom_ID	_Atom_chem_shift.Atom_type	_Atom_chem_shift.Atom_isotope_number	_Atom_chem_shift.Val	_Atom_chem_shift.Val_err	_Atom_chem_shift.Assign_fig_of_merit	_Atom_chem_shift.Ambiguity_code	_Atom_chem_shift.Ambiguity_set_ID	_Atom_chem_shift.Occupancy	_Atom_chem_shift.Resonance_ID	_Atom_chem_shift.Auth_entity_assembly_ID	_Atom_chem_shift.Auth_asym_ID	_Atom_chem_shift.Auth_seq_ID	_Atom_chem_shift.Auth_comp_ID	_Atom_chem_shift.Auth_atom_ID	_Atom_chem_shift.Details	_Atom_chem_shift.Entry_ID	_Atom_chem_shift.Assigned_chem_shift_list_ID
.,.,.,.,1,H,1,H,.,H,GLY,.,19,GLY,31,.,1,1,.,50949,27,.,.,31,8.426,0.00,_Atom_chem_shift.ID	_Atom_chem_shift.Assembly_atom_ID	_Atom_chem_shift.Entity_assembly_ID	_Atom_chem_shift.Entity_assembly_asym_ID	_Atom_chem_shift.Entity_ID	_Atom_chem_shift.Comp_index_ID	_Atom_chem_shift.Seq_ID	_Atom_chem_shift.Comp_ID	_Atom_chem_shift.Atom_ID	_Atom_chem_shift.Atom_type	_Atom_chem_shift.Atom_isotope_number	_Atom_chem_shift.Val	_Atom_chem_shift.Val_err	_Atom_chem_shift.Assign_fig_of_merit	_Atom_chem_shift.Ambiguity_code	_Atom_chem_shift.Ambiguity_set_ID	_Atom_chem_shift.Occupancy	_Atom_chem_shift.Resonance_ID	_Atom_chem_shift.Auth_entity_assembly_ID	_Atom_chem_shift.Auth_asym_ID	_Atom_chem_shift.Auth_seq_ID	_Atom_chem_shift.Auth_comp_ID	_Atom_chem_shift.Auth_atom_ID	_Atom_chem_shift.Details	_Atom_chem_shift.Entry_ID	_Atom_chem_shift.Assigned_chem_shift_list_ID
.,.,.,.,1,N,15,N,.,N,GLY,.,19,GLY,31,.,1,1,.,50949,28,.,.,31,109.580,0.00,_Atom_chem_shift.ID	_Atom_chem_shift.Assembly_atom_ID	_Atom_chem_shift.Entity_assembly_ID	_Atom_chem_shift.Entity_assembly_asym_ID	_Atom_chem_shift.Entity_ID	_Atom_chem_shift.Comp_index_ID	_Atom_chem_shift.Seq_ID	_Atom_chem_shift.Comp_ID	_Atom_chem_shift.Atom_ID	_Atom_chem_shift.Atom_type	_Atom_chem_shift.Atom_isotope_number	_Atom_chem_shift.Val	_Atom_chem_shift.Val_err	_Atom_chem_shift.Assign_fig_of_merit	_Atom_chem_shift.Ambiguity_code	_Atom_chem_shift.Ambiguity_set_ID	_Atom_chem_shift.Occupancy	_Atom_chem_shift.Resonance_ID	_Atom_chem_shift.Auth_entity_assembly_ID	_Atom_chem_shift.Auth_asym_ID	_Atom_chem_shift.Auth_seq_ID	_Atom_chem_shift.Auth_comp_ID	_Atom_chem_shift.Auth_atom_ID	_Atom_chem_shift.Details	_Atom_chem_shift.Entry_ID	_Atom_chem_shift.Assigned_chem_shift_list_ID
.,.,.,.,1,H,1,H,.,H,TYR,.,21,TYR,33,.,1,1,.,50949,29,.,.,33,8.311,0.00,_Atom_chem_shift.ID	_Atom_chem_shift.Assembly_atom_ID	_Atom_chem_shift.Entity_assembly_ID	_Atom_chem_shift.Entity_assembly_asym_ID	_Atom_chem_shift.Entity_ID	_Atom_chem_shift.Comp_index_ID	_Atom_chem_shift.Seq_ID	_Atom_chem_shift.Comp_ID	_Atom_chem_shift.Atom_ID	_Atom_chem_shift.Atom_type	_Atom_chem_shift.Atom_isotope_number	_Atom_chem_shift.Val	_Atom_chem_shift.Val_err	_Atom_chem_shift.Assign_fig_of_merit	_Atom_chem_shift.Ambiguity_code	_Atom_chem_shift.Ambiguity_set_ID	_Atom_chem_shift.Occupancy	_Atom_chem_shift.Resonance_ID	_Atom_chem_shift.Auth_entity_assembly_ID	_Atom_chem_shift.Auth_asym_ID	_Atom_chem_shift.Auth_seq_ID	_Atom_chem_shift.Auth_comp_ID	_Atom_chem_shift.Auth_atom_ID	_Atom_chem_shift.Details	_Atom_chem_shift.Entry_ID	_Atom_chem_shift.Assigned_chem_shift_list_ID
.,.,.,.,1,N,15,N,.,N,TYR,.,21,TYR,33,.,1,1,.,50949,30,.,.,33,118.996,0.00,_Atom_chem_shift.ID	_Atom_chem_shift.Assembly_atom_ID	_Atom_chem_shift.Entity_assembly_ID	_Atom_chem_shift.Entity_assembly_asym_ID	_Atom_chem_shift.Entity_ID	_Atom_chem_shift.Comp_index_ID	_Atom_chem_shift.Seq_ID	_Atom_chem_shift.Comp_ID	_Atom_chem_shift.Atom_ID	_Atom_chem_shift.Atom_type	_Atom_chem_shift.Atom_isotope_number	_Atom_chem_shift.Val	_Atom_chem_shift.Val_err	_Atom_chem_shift.Assign_fig_of_merit	_Atom_chem_shift.Ambiguity_code	_Atom_chem_shift.Ambiguity_set_ID	_Atom_chem_shift.Occupancy	_Atom_chem_shift.Resonance_ID	_Atom_chem_shift.Auth_entity_assembly_ID	_Atom_chem_shift.Auth_asym_ID	_Atom_chem_shift.Auth_seq_ID	_Atom_chem_shift.Auth_comp_ID	_Atom_chem_shift.Auth_atom_ID	_Atom_chem_shift.Details	_Atom_chem_shift.Entry_ID	_Atom_chem_shift.Assigned_chem_shift_list_ID
.,.,.,.,1,H,1,H,.,H,ILE,.,22,ILE,34,.,1,1,.,50949,31,.,.,34,9.184,0.00,_Atom_chem_shift.ID	_Atom_chem_shift.Assembly_atom_ID	_Atom_chem_shift.Entity_assembly_ID	_Atom_chem_shift.Entity_assembly_asym_ID	_Atom_chem_shift.Entity_ID	_Atom_chem_shift.Comp_index_ID	_Atom_chem_shift.Seq_ID	_Atom_chem_shift.Comp_ID	_Atom_chem_shift.Atom_ID	_Atom_chem_shift.Atom_type	_Atom_chem_shift.Atom_isotope_number	_Atom_chem_shift.Val	_Atom_chem_shift.Val_err	_Atom_chem_shift.Assign_fig_of_merit	_Atom_chem_shift.Ambiguity_code	_Atom_chem_shift.Ambiguity_set_ID	_Atom_chem_shift.Occupancy	_Atom_chem_shift.Resonance_ID	_Atom_chem_shift.Auth_entity_assembly_ID	_Atom_chem_shift.Auth_asym_ID	_Atom_chem_shift.Auth_seq_ID	_Atom_chem_shift.Auth_comp_ID	_Atom_chem_shift.Auth_atom_ID	_Atom_chem_shift.Details	_Atom_chem_shift.Entry_ID	_Atom_chem_shift.Assigned_chem_shift_list_ID
.,.,.,.,1,N,15,N,.,N,ILE,.,22,ILE,34,.,1,1,.,50949,32,.,.,34,116.310,0.00,_Atom_chem_shift.ID	_Atom_chem_shift.Assembly_atom_ID	_Atom_chem_shift.Entity_assembly_ID	_Atom_chem_shift.Entity_assembly_asym_ID	_Atom_chem_shift.Entity_ID	_Atom_chem_shift.Comp_index_ID	_Atom_chem_shift.Seq_ID	_Atom_chem_shift.Comp_ID	_Atom_chem_shift.Atom_ID	_Atom_chem_shift.Atom_type	_Atom_chem_shift.Atom_isotope_number	_Atom_chem_shift.Val	_Atom_chem_shift.Val_err	_Atom_chem_shift.Assign_fig_of_merit	_Atom_chem_shift.Ambiguity_code	_Atom_chem_shift.Ambiguity_set_ID	_Atom_chem_shift.Occupancy	_Atom_chem_shift.Resonance_ID	_Atom_chem_shift.Auth_entity_assembly_ID	_Atom_chem_shift.Auth_asym_ID	_Atom_chem_shift.Auth_seq_ID	_Atom_chem_shift.Auth_comp_ID	_Atom_chem_shift.Auth_atom_ID	_Atom_chem_shift.Details	_Atom_chem_shift.Entry_ID	_Atom_chem_shift.Assigned_chem_shift_list_ID
.,.,.,.,1,H,1,H,.,H,LYS,.,23,LYS,35,.,1,1,.,50949,33,.,.,35,8.769,0.00,_Atom_chem_shift.ID	_Atom_chem_shift.Assembly_atom_ID	_Atom_chem_shift.Entity_assembly_ID	_Atom_chem_shift.Entity_assembly_asym_ID	_Atom_chem_shift.Entity_ID	_Atom_chem_shift.Comp_index_ID	_Atom_chem_shift.Seq_ID	_Atom_chem_shift.Comp_ID	_Atom_chem_shift.Atom_ID	_Atom_chem_shift.Atom_type	_Atom_chem_shift.Atom_isotope_number	_Atom_chem_shift.Val	_Atom_chem_shift.Val_err	_Atom_chem_shift.Assign_fig_of_merit	_Atom_chem_shift.Ambiguity_code	_Atom_chem_shift.Ambiguity_set_ID	_Atom_chem_shift.Occupancy	_Atom_chem_shift.Resonance_ID	_Atom_chem_shift.Auth_entity_assembly_ID	_Atom_chem_shift.Auth_asym_ID	_Atom_chem_shift.Auth_seq_ID	_Atom_chem_shift.Auth_comp_ID	_Atom_chem_shift.Auth_atom_ID	_Atom_chem_shift.Details	_Atom_chem_shift.Entry_ID	_Atom_chem_shift.Assigned_chem_shift_list_ID
.,.,.,.,1,N,15,N,.,N,LYS,.,23,LYS,35,.,1,1,.,50949,34,.,.,35,124.054,0.00,_Atom_chem_shift.ID	_Atom_chem_shift.Assembly_atom_ID	_Atom_chem_shift.Entity_assembly_ID	_Atom_chem_shift.Entity_assembly_asym_ID	_Atom_chem_shift.Entity_ID	_Atom_chem_shift.Comp_index_ID	_Atom_chem_shift.Seq_ID	_Atom_chem_shift.Comp_ID	_Atom_chem_shift.Atom_ID	_Atom_chem_shift.Atom_type	_Atom_chem_shift.Atom_isotope_number	_Atom_chem_shift.Val	_Atom_chem_shift.Val_err	_Atom_chem_shift.Assign_fig_of_merit	_Atom_chem_shift.Ambiguity_code	_Atom_chem_shift.Ambiguity_set_ID	_Atom_chem_shift.Occupancy	_Atom_chem_shift.Resonance_ID	_Atom_chem_shift.Auth_entity_assembly_ID	_Atom_chem_shift.Auth_asym_ID	_Atom_chem_shift.Auth_seq_ID	_Atom_chem_shift.Auth_comp_ID	_Atom_chem_shift.Auth_atom_ID	_Atom_chem_shift.Details	_Atom_chem_shift.Entry_ID	_Atom_chem_shift.Assigned_chem_shift_list_ID
.,.,.,.,1,H,1,H,.,H,LEU,.,24,LEU,36,.,1,1,.,50949,35,.,.,36,9.080,0.00,_Atom_chem_shift.ID	_Atom_chem_shift.Assembly_atom_ID	_Atom_chem_shift.Entity_assembly_ID	_Atom_chem_shift.Entity_assembly_asym_ID	_Atom_chem_shift.Entity_ID	_Atom_chem_shift.Comp_index_ID	_Atom_chem_shift.Seq_ID	_Atom_chem_shift.Comp_ID	_Atom_chem_shift.Atom_ID	_Atom_chem_shift.Atom_type	_Atom_chem_shift.Atom_isotope_number	_Atom_chem_shift.Val	_Atom_chem_shift.Val_err	_Atom_chem_shift.Assign_fig_of_merit	_Atom_chem_shift.Ambiguity_code	_Atom_chem_shift.Ambiguity_set_ID	_Atom_chem_shift.Occupancy	_Atom_chem_shift.Resonance_ID	_Atom_chem_shift.Auth_entity_assembly_ID	_Atom_chem_shift.Auth_asym_ID	_Atom_chem_shift.Auth_seq_ID	_Atom_chem_shift.Auth_comp_ID	_Atom_chem_shift.Auth_atom_ID	_Atom_chem_shift.Details	_Atom_chem_shift.Entry_ID	_Atom_chem_shift.Assigned_chem_shift_list_ID
.,.,.,.,1,N,15,N,.,N,LEU,.,24,LEU,36,.,1,1,.,50949,36,.,.,36,123.827,0.00,_Atom_chem_shift.ID	_Atom_chem_shift.Assembly_atom_ID	_Atom_chem_shift.Entity_assembly_ID	_Atom_chem_shift.Entity_assembly_asym_ID	_Atom_chem_shift.Entity_ID	_Atom_chem_shift.Comp_index_ID	_Atom_chem_shift.Seq_ID	_Atom_chem_shift.Comp_ID	_Atom_chem_shift.Atom_ID	_Atom_chem_shift.Atom_type	_Atom_chem_shift.Atom_isotope_number	_Atom_chem_shift.Val	_Atom_chem_shift.Val_err	_Atom_chem_shift.Assign_fig_of_merit	_Atom_chem_shift.Ambiguity_code	_Atom_chem_shift.Ambiguity_set_ID	_Atom_chem_shift.Occupancy	_Atom_chem_shift.Resonance_ID	_Atom_chem_shift.Auth_entity_assembly_ID	_Atom_chem_shift.Auth_asym_ID	_Atom_chem_shift.Auth_seq_ID	_Atom_chem_shift.Auth_comp_ID	_Atom_chem_shift.Auth_atom_ID	_Atom_chem_shift.Details	_Atom_chem_shift.Entry_ID	_Atom_chem_shift.Assigned_chem_shift_list_ID
.,.,.,.,1,H,1,H,.,H,LYS,.,25,LYS,37,.,1,1,.,50949,37,.,.,37,8.445,0.00,_Atom_chem_shift.ID	_Atom_chem_shift.Assembly_atom_ID	_Atom_chem_shift.Entity_assembly_ID	_Atom_chem_shift.Entity_assembly_asym_ID	_Atom_chem_shift.Entity_ID	_Atom_chem_shift.Comp_index_ID	_Atom_chem_shift.Seq_ID	_Atom_chem_shift.Comp_ID	_Atom_chem_shift.Atom_ID	_Atom_chem_shift.Atom_type	_Atom_chem_shift.Atom_isotope_number	_Atom_chem_shift.Val	_Atom_chem_shift.Val_err	_Atom_chem_shift.Assign_fig_of_merit	_Atom_chem_shift.Ambiguity_code	_Atom_chem_shift.Ambiguity_set_ID	_Atom_chem_shift.Occupancy	_Atom_chem_shift.Resonance_ID	_Atom_chem_shift.Auth_entity_assembly_ID	_Atom_chem_shift.Auth_asym_ID	_Atom_chem_shift.Auth_seq_ID	_Atom_chem_shift.Auth_comp_ID	_Atom_chem_shift.Auth_atom_ID	_Atom_chem_shift.Details	_Atom_chem_shift.Entry_ID	_Atom_chem_shift.Assigned_chem_shift_list_ID
.,.,.,.,1,N,15,N,.,N,LYS,.,25,LYS,37,.,1,1,.,50949,38,.,.,37,120.700,0.00,_Atom_chem_shift.ID	_Atom_chem_shift.Assembly_atom_ID	_Atom_chem_shift.Entity_assembly_ID	_Atom_chem_shift.Entity_assembly_asym_ID	_Atom_chem_shift.Entity_ID	_Atom_chem_shift.Comp_index_ID	_Atom_chem_shift.Seq_ID	_Atom_chem_shift.Comp_ID	_Atom_chem_shift.Atom_ID	_Atom_chem_shift.Atom_type	_Atom_chem_shift.Atom_isotope_number	_Atom_chem_shift.Val	_Atom_chem_shift.Val_err	_Atom_chem_shift.Assign_fig_of_merit	_Atom_chem_shift.Ambiguity_code	_Atom_chem_shift.Ambiguity_set_ID	_Atom_chem_shift.Occupancy	_Atom_chem_shift.Resonance_ID	_Atom_chem_shift.Auth_entity_assembly_ID	_Atom_chem_shift.Auth_asym_ID	_Atom_chem_shift.Auth_seq_ID	_Atom_chem_shift.Auth_comp_ID	_Atom_chem_shift.Auth_atom_ID	_Atom_chem_shift.Details	_Atom_chem_shift.Entry_ID	_Atom_chem_shift.Assigned_chem_shift_list_ID
.,.,.,.,1,H,1,H,.,H,VAL,.,26,VAL,38,.,1,1,.,50949,39,.,.,38,9.093,0.00,_Atom_chem_shift.ID	_Atom_chem_shift.Assembly_atom_ID	_Atom_chem_shift.Entity_assembly_ID	_Atom_chem_shift.Entity_assembly_asym_ID	_Atom_chem_shift.Entity_ID	_Atom_chem_shift.Comp_index_ID	_Atom_chem_shift.Seq_ID	_Atom_chem_shift.Comp_ID	_Atom_chem_shift.Atom_ID	_Atom_chem_shift.Atom_type	_Atom_chem_shift.Atom_isotope_number	_Atom_chem_shift.Val	_Atom_chem_shift.Val_err	_Atom_chem_shift.Assign_fig_of_merit	_Atom_chem_shift.Ambiguity_code	_Atom_chem_shift.Ambiguity_set_ID	_Atom_chem_shift.Occupancy	_Atom_chem_shift.Resonance_ID	_Atom_chem_shift.Auth_entity_assembly_ID	_Atom_chem_shift.Auth_asym_ID	_Atom_chem_shift.Auth_seq_ID	_Atom_chem_shift.Auth_comp_ID	_Atom_chem_shift.Auth_atom_ID	_Atom_chem_shift.Details	_Atom_chem_shift.Entry_ID	_Atom_chem_shift.Assigned_chem_shift_list_ID
.,.,.,.,1,N,15,N,.,N,VAL,.,26,VAL,38,.,1,1,.,50949,40,.,.,38,123.845,0.00,_Atom_chem_shift.ID	_Atom_chem_shift.Assembly_atom_ID	_Atom_chem_shift.Entity_assembly_ID	_Atom_chem_shift.Entity_assembly_asym_ID	_Atom_chem_shift.Entity_ID	_Atom_chem_shift.Comp_index_ID	_Atom_chem_shift.Seq_ID	_Atom_chem_shift.Comp_ID	_Atom_chem_shift.Atom_ID	_Atom_chem_shift.Atom_type	_Atom_chem_shift.Atom_isotope_number	_Atom_chem_shift.Val	_Atom_chem_shift.Val_err	_Atom_chem_shift.Assign_fig_of_merit	_Atom_chem_shift.Ambiguity_code	_Atom_chem_shift.Ambiguity_set_ID	_Atom_chem_shift.Occupancy	_Atom_chem_shift.Resonance_ID	_Atom_chem_shift.Auth_entity_assembly_ID	_Atom_chem_shift.Auth_asym_ID	_Atom_chem_shift.Auth_seq_ID	_Atom_chem_shift.Auth_comp_ID	_Atom_chem_shift.Auth_atom_ID	_Atom_chem_shift.Details	_Atom_chem_shift.Entry_ID	_Atom_chem_shift.Assigned_chem_shift_list_ID
.,.,.,.,1,H,1,H,.,H,ILE,.,27,ILE,39,.,1,1,.,50949,41,.,.,39,8.988,0.00,_Atom_chem_shift.ID	_Atom_chem_shift.Assembly_atom_ID	_Atom_chem_shift.Entity_assembly_ID	_Atom_chem_shift.Entity_assembly_asym_ID	_Atom_chem_shift.Entity_ID	_Atom_chem_shift.Comp_index_ID	_Atom_chem_shift.Seq_ID	_Atom_chem_shift.Comp_ID	_Atom_chem_shift.Atom_ID	_Atom_chem_shift.Atom_type	_Atom_chem_shift.Atom_isotope_number	_Atom_chem_shift.Val	_Atom_chem_shift.Val_err	_Atom_chem_shift.Assign_fig_of_merit	_Atom_chem_shift.Ambiguity_code	_Atom_chem_shift.Ambiguity_set_ID	_Atom_chem_shift.Occupancy	_Atom_chem_shift.Resonance_ID	_Atom_chem_shift.Auth_entity_assembly_ID	_Atom_chem_shift.Auth_asym_ID	_Atom_chem_shift.Auth_seq_ID	_Atom_chem_shift.Auth_comp_ID	_Atom_chem_shift.Auth_atom_ID	_Atom_chem_shift.Details	_Atom_chem_shift.Entry_ID	_Atom_chem_shift.Assigned_chem_shift_list_ID
.,.,.,.,1,N,15,N,.,N,ILE,.,27,ILE,39,.,1,1,.,50949,42,.,.,39,127.699,0.00,_Atom_chem_shift.ID	_Atom_chem_shift.Assembly_atom_ID	_Atom_chem_shift.Entity_assembly_ID	_Atom_chem_shift.Entity_assembly_asym_ID	_Atom_chem_shift.Entity_ID	_Atom_chem_shift.Comp_index_ID	_Atom_chem_shift.Seq_ID	_Atom_chem_shift.Comp_ID	_Atom_chem_shift.Atom_ID	_Atom_chem_shift.Atom_type	_Atom_chem_shift.Atom_isotope_number	_Atom_chem_shift.Val	_Atom_chem_shift.Val_err	_Atom_chem_shift.Assign_fig_of_merit	_Atom_chem_shift.Ambiguity_code	_Atom_chem_shift.Ambiguity_set_ID	_Atom_chem_shift.Occupancy	_Atom_chem_shift.Resonance_ID	_Atom_chem_shift.Auth_entity_assembly_ID	_Atom_chem_shift.Auth_asym_ID	_Atom_chem_shift.Auth_seq_ID	_Atom_chem_shift.Auth_comp_ID	_Atom_chem_shift.Auth_atom_ID	_Atom_chem_shift.Details	_Atom_chem_shift.Entry_ID	_Atom_chem_shift.Assigned_chem_shift_list_ID
.,.,.,.,1,H,1,H,.,H,GLY,.,28,GLY,40,.,1,1,.,50949,43,.,.,40,8.474,0.00,_Atom_chem_shift.ID	_Atom_chem_shift.Assembly_atom_ID	_Atom_chem_shift.Entity_assembly_ID	_Atom_chem_shift.Entity_assembly_asym_ID	_Atom_chem_shift.Entity_ID	_Atom_chem_shift.Comp_index_ID	_Atom_chem_shift.Seq_ID	_Atom_chem_shift.Comp_ID	_Atom_chem_shift.Atom_ID	_Atom_chem_shift.Atom_type	_Atom_chem_shift.Atom_isotope_number	_Atom_chem_shift.Val	_Atom_chem_shift.Val_err	_Atom_chem_shift.Assign_fig_of_merit	_Atom_chem_shift.Ambiguity_code	_Atom_chem_shift.Ambiguity_set_ID	_Atom_chem_shift.Occupancy	_Atom_chem_shift.Resonance_ID	_Atom_chem_shift.Auth_entity_assembly_ID	_Atom_chem_shift.Auth_asym_ID	_Atom_chem_shift.Auth_seq_ID	_Atom_chem_shift.Auth_comp_ID	_Atom_chem_shift.Auth_atom_ID	_Atom_chem_shift.Details	_Atom_chem_shift.Entry_ID	_Atom_chem_shift.Assigned_chem_shift_list_ID
.,.,.,.,1,N,15,N,.,N,GLY,.,28,GLY,40,.,1,1,.,50949,44,.,.,40,113.235,0.00,_Atom_chem_shift.ID	_Atom_chem_shift.Assembly_atom_ID	_Atom_chem_shift.Entity_assembly_ID	_Atom_chem_shift.Entity_assembly_asym_ID	_Atom_chem_shift.Entity_ID	_Atom_chem_shift.Comp_index_ID	_Atom_chem_shift.Seq_ID	_Atom_chem_shift.Comp_ID	_Atom_chem_shift.Atom_ID	_Atom_chem_shift.Atom_type	_Atom_chem_shift.Atom_isotope_number	_Atom_chem_shift.Val	_Atom_chem_shift.Val_err	_Atom_chem_shift.Assign_fig_of_merit	_Atom_chem_shift.Ambiguity_code	_Atom_chem_shift.Ambiguity_set_ID	_Atom_chem_shift.Occupancy	_Atom_chem_shift.Resonance_ID	_Atom_chem_shift.Auth_entity_assembly_ID	_Atom_chem_shift.Auth_asym_ID	_Atom_chem_shift.Auth_seq_ID	_Atom_chem_shift.Auth_comp_ID	_Atom_chem_shift.Auth_atom_ID	_Atom_chem_shift.Details	_Atom_chem_shift.Entry_ID	_Atom_chem_shift.Assigned_chem_shift_list_ID
.,.,.,.,1,H,1,H,.,H,GLN,.,29,GLN,41,.,1,1,.,50949,45,.,.,41,8.681,0.00,_Atom_chem_shift.ID	_Atom_chem_shift.Assembly_atom_ID	_Atom_chem_shift.Entity_assembly_ID	_Atom_chem_shift.Entity_assembly_asym_ID	_Atom_chem_shift.Entity_ID	_Atom_chem_shift.Comp_index_ID	_Atom_chem_shift.Seq_ID	_Atom_chem_shift.Comp_ID	_Atom_chem_shift.Atom_ID	_Atom_chem_shift.Atom_type	_Atom_chem_shift.Atom_isotope_number	_Atom_chem_shift.Val	_Atom_chem_shift.Val_err	_Atom_chem_shift.Assign_fig_of_merit	_Atom_chem_shift.Ambiguity_code	_Atom_chem_shift.Ambiguity_set_ID	_Atom_chem_shift.Occupancy	_Atom_chem_shift.Resonance_ID	_Atom_chem_shift.Auth_entity_assembly_ID	_Atom_chem_shift.Auth_asym_ID	_Atom_chem_shift.Auth_seq_ID	_Atom_chem_shift.Auth_comp_ID	_Atom_chem_shift.Auth_atom_ID	_Atom_chem_shift.Details	_Atom_chem_shift.Entry_ID	_Atom_chem_shift.Assigned_chem_shift_list_ID
.,.,.,.,1,N,15,N,.,N,GLN,.,29,GLN,41,.,1,1,.,50949,46,.,.,41,120.323,0.00,_Atom_chem_shift.ID	_Atom_chem_shift.Assembly_atom_ID	_Atom_chem_shift.Entity_assembly_ID	_Atom_chem_shift.Entity_assembly_asym_ID	_Atom_chem_shift.Entity_ID	_Atom_chem_shift.Comp_index_ID	_Atom_chem_shift.Seq_ID	_Atom_chem_shift.Comp_ID	_Atom_chem_shift.Atom_ID	_Atom_chem_shift.Atom_type	_Atom_chem_shift.Atom_isotope_number	_Atom_chem_shift.Val	_Atom_chem_shift.Val_err	_Atom_chem_shift.Assign_fig_of_merit	_Atom_chem_shift.Ambiguity_code	_Atom_chem_shift.Ambiguity_set_ID	_Atom_chem_shift.Occupancy	_Atom_chem_shift.Resonance_ID	_Atom_chem_shift.Auth_entity_assembly_ID	_Atom_chem_shift.Auth_asym_ID	_Atom_chem_shift.Auth_seq_ID	_Atom_chem_shift.Auth_comp_ID	_Atom_chem_shift.Auth_atom_ID	_Atom_chem_shift.Details	_Atom_chem_shift.Entry_ID	_Atom_chem_shift.Assigned_chem_shift_list_ID
.,.,.,.,1,H,1,H,.,H,ASP,.,30,ASP,42,.,1,1,.,50949,47,.,.,42,8.369,0.00,_Atom_chem_shift.ID	_Atom_chem_shift.Assembly_atom_ID	_Atom_chem_shift.Entity_assembly_ID	_Atom_chem_shift.Entity_assembly_asym_ID	_Atom_chem_shift.Entity_ID	_Atom_chem_shift.Comp_index_ID	_Atom_chem_shift.Seq_ID	_Atom_chem_shift.Comp_ID	_Atom_chem_shift.Atom_ID	_Atom_chem_shift.Atom_type	_Atom_chem_shift.Atom_isotope_number	_Atom_chem_shift.Val	_Atom_chem_shift.Val_err	_Atom_chem_shift.Assign_fig_of_merit	_Atom_chem_shift.Ambiguity_code	_Atom_chem_shift.Ambiguity_set_ID	_Atom_chem_shift.Occupancy	_Atom_chem_shift.Resonance_ID	_Atom_chem_shift.Auth_entity_assembly_ID	_Atom_chem_shift.Auth_asym_ID	_Atom_chem_shift.Auth_seq_ID	_Atom_chem_shift.Auth_comp_ID	_Atom_chem_shift.Auth_atom_ID	_Atom_chem_shift.Details	_Atom_chem_shift.Entry_ID	_Atom_chem_shift.Assigned_chem_shift_list_ID
.,.,.,.,1,N,15,N,.,N,ASP,.,30,ASP,42,.,1,1,.,50949,48,.,.,42,118.461,0.00,_Atom_chem_shift.ID	_Atom_chem_shift.Assembly_atom_ID	_Atom_chem_shift.Entity_assembly_ID	_Atom_chem_shift.Entity_assembly_asym_ID	_Atom_chem_shift.Entity_ID	_Atom_chem_shift.Comp_index_ID	_Atom_chem_shift.Seq_ID	_Atom_chem_shift.Comp_ID	_Atom_chem_shift.Atom_ID	_Atom_chem_shift.Atom_type	_Atom_chem_shift.Atom_isotope_number	_Atom_chem_shift.Val	_Atom_chem_shift.Val_err	_Atom_chem_shift.Assign_fig_of_merit	_Atom_chem_shift.Ambiguity_code	_Atom_chem_shift.Ambiguity_set_ID	_Atom_chem_shift.Occupancy	_Atom_chem_shift.Resonance_ID	_Atom_chem_shift.Auth_entity_assembly_ID	_Atom_chem_shift.Auth_asym_ID	_Atom_chem_shift.Auth_seq_ID	_Atom_chem_shift.Auth_comp_ID	_Atom_chem_shift.Auth_atom_ID	_Atom_chem_shift.Details	_Atom_chem_shift.Entry_ID	_Atom_chem_shift.Assigned_chem_shift_list_ID
.,.,.,.,1,H,1,H,.,H,SER,.,31,SER,43,.,1,1,.,50949,49,.,.,43,8.023,0.00,_Atom_chem_shift.ID	_Atom_chem_shift.Assembly_atom_ID	_Atom_chem_shift.Entity_assembly_ID	_Atom_chem_shift.Entity_assembly_asym_ID	_Atom_chem_shift.Entity_ID	_Atom_chem_shift.Comp_index_ID	_Atom_chem_shift.Seq_ID	_Atom_chem_shift.Comp_ID	_Atom_chem_shift.Atom_ID	_Atom_chem_shift.Atom_type	_Atom_chem_shift.Atom_isotope_number	_Atom_chem_shift.Val	_Atom_chem_shift.Val_err	_Atom_chem_shift.Assign_fig_of_merit	_Atom_chem_shift.Ambiguity_code	_Atom_chem_shift.Ambiguity_set_ID	_Atom_chem_shift.Occupancy	_Atom_chem_shift.Resonance_ID	_Atom_chem_shift.Auth_entity_assembly_ID	_Atom_chem_shift.Auth_asym_ID	_Atom_chem_shift.Auth_seq_ID	_Atom_chem_shift.Auth_comp_ID	_Atom_chem_shift.Auth_atom_ID	_Atom_chem_shift.Details	_Atom_chem_shift.Entry_ID	_Atom_chem_shift.Assigned_chem_shift_list_ID
.,.,.,.,1,N,15,N,.,N,SER,.,31,SER,43,.,1,1,.,50949,50,.,.,43,111.169,0.00,_Atom_chem_shift.ID	_Atom_chem_shift.Assembly_atom_ID	_Atom_chem_shift.Entity_assembly_ID	_Atom_chem_shift.Entity_assembly_asym_ID	_Atom_chem_shift.Entity_ID	_Atom_chem_shift.Comp_index_ID	_Atom_chem_shift.Seq_ID	_Atom_chem_shift.Comp_ID	_Atom_chem_shift.Atom_ID	_Atom_chem_shift.Atom_type	_Atom_chem_shift.Atom_isotope_number	_Atom_chem_shift.Val	_Atom_chem_shift.Val_err	_Atom_chem_shift.Assign_fig_of_merit	_Atom_chem_shift.Ambiguity_code	_Atom_chem_shift.Ambiguity_set_ID	_Atom_chem_shift.Occupancy	_Atom_chem_shift.Resonance_ID	_Atom_chem_shift.Auth_entity_assembly_ID	_Atom_chem_shift.Auth_asym_ID	_Atom_chem_shift.Auth_seq_ID	_Atom_chem_shift.Auth_comp_ID	_Atom_chem_shift.Auth_atom_ID	_Atom_chem_shift.Details	_Atom_chem_shift.Entry_ID	_Atom_chem_shift.Assigned_chem_shift_list_ID
.,.,.,.,1,H,1,H,.,H,SER,.,32,SER,44,.,1,1,.,50949,51,.,.,44,8.058,0.00,_Atom_chem_shift.ID	_Atom_chem_shift.Assembly_atom_ID	_Atom_chem_shift.Entity_assembly_ID	_Atom_chem_shift.Entity_assembly_asym_ID	_Atom_chem_shift.Entity_ID	_Atom_chem_shift.Comp_index_ID	_Atom_chem_shift.Seq_ID	_Atom_chem_shift.Comp_ID	_Atom_chem_shift.Atom_ID	_Atom_chem_shift.Atom_type	_Atom_chem_shift.Atom_isotope_number	_Atom_chem_shift.Val	_Atom_chem_shift.Val_err	_Atom_chem_shift.Assign_fig_of_merit	_Atom_chem_shift.Ambiguity_code	_Atom_chem_shift.Ambiguity_set_ID	_Atom_chem_shift.Occupancy	_Atom_chem_shift.Resonance_ID	_Atom_chem_shift.Auth_entity_assembly_ID	_Atom_chem_shift.Auth_asym_ID	_Atom_chem_shift.Auth_seq_ID	_Atom_chem_shift.Auth_comp_ID	_Atom_chem_shift.Auth_atom_ID	_Atom_chem_shift.Details	_Atom_chem_shift.Entry_ID	_Atom_chem_shift.Assigned_chem_shift_list_ID
.,.,.,.,1,N,15,N,.,N,SER,.,32,SER,44,.,1,1,.,50949,52,.,.,44,117.233,0.00,_Atom_chem_shift.ID	_Atom_chem_shift.Assembly_atom_ID	_Atom_chem_shift.Entity_assembly_ID	_Atom_chem_shift.Entity_assembly_asym_ID	_Atom_chem_shift.Entity_ID	_Atom_chem_shift.Comp_index_ID	_Atom_chem_shift.Seq_ID	_Atom_chem_shift.Comp_ID	_Atom_chem_shift.Atom_ID	_Atom_chem_shift.Atom_type	_Atom_chem_shift.Atom_isotope_number	_Atom_chem_shift.Val	_Atom_chem_shift.Val_err	_Atom_chem_shift.Assign_fig_of_merit	_Atom_chem_shift.Ambiguity_code	_Atom_chem_shift.Ambiguity_set_ID	_Atom_chem_shift.Occupancy	_Atom_chem_shift.Resonance_ID	_Atom_chem_shift.Auth_entity_assembly_ID	_Atom_chem_shift.Auth_asym_ID	_Atom_chem_shift.Auth_seq_ID	_Atom_chem_shift.Auth_comp_ID	_Atom_chem_shift.Auth_atom_ID	_Atom_chem_shift.Details	_Atom_chem_shift.Entry_ID	_Atom_chem_shift.Assigned_chem_shift_list_ID
.,.,.,.,1,H,1,H,.,H,GLU,.,33,GLU,45,.,1,1,.,50949,53,.,.,45,8.576,0.00,_Atom_chem_shift.ID	_Atom_chem_shift.Assembly_atom_ID	_Atom_chem_shift.Entity_assembly_ID	_Atom_chem_shift.Entity_assembly_asym_ID	_Atom_chem_shift.Entity_ID	_Atom_chem_shift.Comp_index_ID	_Atom_chem_shift.Seq_ID	_Atom_chem_shift.Comp_ID	_Atom_chem_shift.Atom_ID	_Atom_chem_shift.Atom_type	_Atom_chem_shift.Atom_isotope_number	_Atom_chem_shift.Val	_Atom_chem_shift.Val_err	_Atom_chem_shift.Assign_fig_of_merit	_Atom_chem_shift.Ambiguity_code	_Atom_chem_shift.Ambiguity_set_ID	_Atom_chem_shift.Occupancy	_Atom_chem_shift.Resonance_ID	_Atom_chem_shift.Auth_entity_assembly_ID	_Atom_chem_shift.Auth_asym_ID	_Atom_chem_shift.Auth_seq_ID	_Atom_chem_shift.Auth_comp_ID	_Atom_chem_shift.Auth_atom_ID	_Atom_chem_shift.Details	_Atom_chem_shift.Entry_ID	_Atom_chem_shift.Assigned_chem_shift_list_ID
.,.,.,.,1,N,15,N,.,N,GLU,.,33,GLU,45,.,1,1,.,50949,54,.,.,45,122.093,0.00,_Atom_chem_shift.ID	_Atom_chem_shift.Assembly_atom_ID	_Atom_chem_shift.Entity_assembly_ID	_Atom_chem_shift.Entity_assembly_asym_ID	_Atom_chem_shift.Entity_ID	_Atom_chem_shift.Comp_index_ID	_Atom_chem_shift.Seq_ID	_Atom_chem_shift.Comp_ID	_Atom_chem_shift.Atom_ID	_Atom_chem_shift.Atom_type	_Atom_chem_shift.Atom_isotope_number	_Atom_chem_shift.Val	_Atom_chem_shift.Val_err	_Atom_chem_shift.Assign_fig_of_merit	_Atom_chem_shift.Ambiguity_code	_Atom_chem_shift.Ambiguity_set_ID	_Atom_chem_shift.Occupancy	_Atom_chem_shift.Resonance_ID	_Atom_chem_shift.Auth_entity_assembly_ID	_Atom_chem_shift.Auth_asym_ID	_Atom_chem_shift.Auth_seq_ID	_Atom_chem_shift.Auth_comp_ID	_Atom_chem_shift.Auth_atom_ID	_Atom_chem_shift.Details	_Atom_chem_shift.Entry_ID	_Atom_chem_shift.Assigned_chem_shift_list_ID
.,.,.,.,1,H,1,H,.,H,ILE,.,34,ILE,46,.,1,1,.,50949,55,.,.,46,8.683,0.00,_Atom_chem_shift.ID	_Atom_chem_shift.Assembly_atom_ID	_Atom_chem_shift.Entity_assembly_ID	_Atom_chem_shift.Entity_assembly_asym_ID	_Atom_chem_shift.Entity_ID	_Atom_chem_shift.Comp_index_ID	_Atom_chem_shift.Seq_ID	_Atom_chem_shift.Comp_ID	_Atom_chem_shift.Atom_ID	_Atom_chem_shift.Atom_type	_Atom_chem_shift.Atom_isotope_number	_Atom_chem_shift.Val	_Atom_chem_shift.Val_err	_Atom_chem_shift.Assign_fig_of_merit	_Atom_chem_shift.Ambiguity_code	_Atom_chem_shift.Ambiguity_set_ID	_Atom_chem_shift.Occupancy	_Atom_chem_shift.Resonance_ID	_Atom_chem_shift.Auth_entity_assembly_ID	_Atom_chem_shift.Auth_asym_ID	_Atom_chem_shift.Auth_seq_ID	_Atom_chem_shift.Auth_comp_ID	_Atom_chem_shift.Auth_atom_ID	_Atom_chem_shift.Details	_Atom_chem_shift.Entry_ID	_Atom_chem_shift.Assigned_chem_shift_list_ID
.,.,.,.,1,N,15,N,.,N,ILE,.,34,ILE,46,.,1,1,.,50949,56,.,.,46,124.451,0.00,_Atom_chem_shift.ID	_Atom_chem_shift.Assembly_atom_ID	_Atom_chem_shift.Entity_assembly_ID	_Atom_chem_shift.Entity_assembly_asym_ID	_Atom_chem_shift.Entity_ID	_Atom_chem_shift.Comp_index_ID	_Atom_chem_shift.Seq_ID	_Atom_chem_shift.Comp_ID	_Atom_chem_shift.Atom_ID	_Atom_chem_shift.Atom_type	_Atom_chem_shift.Atom_isotope_number	_Atom_chem_shift.Val	_Atom_chem_shift.Val_err	_Atom_chem_shift.Assign_fig_of_merit	_Atom_chem_shift.Ambiguity_code	_Atom_chem_shift.Ambiguity_set_ID	_Atom_chem_shift.Occupancy	_Atom_chem_shift.Resonance_ID	_Atom_chem_shift.Auth_entity_assembly_ID	_Atom_chem_shift.Auth_asym_ID	_Atom_chem_shift.Auth_seq_ID	_Atom_chem_shift.Auth_comp_ID	_Atom_chem_shift.Auth_atom_ID	_Atom_chem_shift.Details	_Atom_chem_shift.Entry_ID	_Atom_chem_shift.Assigned_chem_shift_list_ID
.,.,.,.,1,H,1,H,.,H,HIS,.,35,HIS,47,.,1,1,.,50949,57,.,.,47,8.562,0.00,_Atom_chem_shift.ID	_Atom_chem_shift.Assembly_atom_ID	_Atom_chem_shift.Entity_assembly_ID	_Atom_chem_shift.Entity_assembly_asym_ID	_Atom_chem_shift.Entity_ID	_Atom_chem_shift.Comp_index_ID	_Atom_chem_shift.Seq_ID	_Atom_chem_shift.Comp_ID	_Atom_chem_shift.Atom_ID	_Atom_chem_shift.Atom_type	_Atom_chem_shift.Atom_isotope_number	_Atom_chem_shift.Val	_Atom_chem_shift.Val_err	_Atom_chem_shift.Assign_fig_of_merit	_Atom_chem_shift.Ambiguity_code	_Atom_chem_shift.Ambiguity_set_ID	_Atom_chem_shift.Occupancy	_Atom_chem_shift.Resonance_ID	_Atom_chem_shift.Auth_entity_assembly_ID	_Atom_chem_shift.Auth_asym_ID	_Atom_chem_shift.Auth_seq_ID	_Atom_chem_shift.Auth_comp_ID	_Atom_chem_shift.Auth_atom_ID	_Atom_chem_shift.Details	_Atom_chem_shift.Entry_ID	_Atom_chem_shift.Assigned_chem_shift_list_ID
.,.,.,.,1,N,15,N,.,N,HIS,.,35,HIS,47,.,1,1,.,50949,58,.,.,47,125.791,0.00,_Atom_chem_shift.ID	_Atom_chem_shift.Assembly_atom_ID	_Atom_chem_shift.Entity_assembly_ID	_Atom_chem_shift.Entity_assembly_asym_ID	_Atom_chem_shift.Entity_ID	_Atom_chem_shift.Comp_index_ID	_Atom_chem_shift.Seq_ID	_Atom_chem_shift.Comp_ID	_Atom_chem_shift.Atom_ID	_Atom_chem_shift.Atom_type	_Atom_chem_shift.Atom_isotope_number	_Atom_chem_shift.Val	_Atom_chem_shift.Val_err	_Atom_chem_shift.Assign_fig_of_merit	_Atom_chem_shift.Ambiguity_code	_Atom_chem_shift.Ambiguity_set_ID	_Atom_chem_shift.Occupancy	_Atom_chem_shift.Resonance_ID	_Atom_chem_shift.Auth_entity_assembly_ID	_Atom_chem_shift.Auth_asym_ID	_Atom_chem_shift.Auth_seq_ID	_Atom_chem_shift.Auth_comp_ID	_Atom_chem_shift.Auth_atom_ID	_Atom_chem_shift.Details	_Atom_chem_shift.Entry_ID	_Atom_chem_shift.Assigned_chem_shift_list_ID
.,.,.,.,1,H,1,H,.,H,PHE,.,36,PHE,48,.,1,1,.,50949,59,.,.,48,9.004,0.00,_Atom_chem_shift.ID	_Atom_chem_shift.Assembly_atom_ID	_Atom_chem_shift.Entity_assembly_ID	_Atom_chem_shift.Entity_assembly_asym_ID	_Atom_chem_shift.Entity_ID	_Atom_chem_shift.Comp_index_ID	_Atom_chem_shift.Seq_ID	_Atom_chem_shift.Comp_ID	_Atom_chem_shift.Atom_ID	_Atom_chem_shift.Atom_type	_Atom_chem_shift.Atom_isotope_number	_Atom_chem_shift.Val	_Atom_chem_shift.Val_err	_Atom_chem_shift.Assign_fig_of_merit	_Atom_chem_shift.Ambiguity_code	_Atom_chem_shift.Ambiguity_set_ID	_Atom_chem_shift.Occupancy	_Atom_chem_shift.Resonance_ID	_Atom_chem_shift.Auth_entity_assembly_ID	_Atom_chem_shift.Auth_asym_ID	_Atom_chem_shift.Auth_seq_ID	_Atom_chem_shift.Auth_comp_ID	_Atom_chem_shift.Auth_atom_ID	_Atom_chem_shift.Details	_Atom_chem_shift.Entry_ID	_Atom_chem_shift.Assigned_chem_shift_list_ID
.,.,.,.,1,N,15,N,.,N,PHE,.,36,PHE,48,.,1,1,.,50949,60,.,.,48,119.807,0.00,_Atom_chem_shift.ID	_Atom_chem_shift.Assembly_atom_ID	_Atom_chem_shift.Entity_assembly_ID	_Atom_chem_shift.Entity_assembly_asym_ID	_Atom_chem_shift.Entity_ID	_Atom_chem_shift.Comp_index_ID	_Atom_chem_shift.Seq_ID	_Atom_chem_shift.Comp_ID	_Atom_chem_shift.Atom_ID	_Atom_chem_shift.Atom_type	_Atom_chem_shift.Atom_isotope_number	_Atom_chem_shift.Val	_Atom_chem_shift.Val_err	_Atom_chem_shift.Assign_fig_of_merit	_Atom_chem_shift.Ambiguity_code	_Atom_chem_shift.Ambiguity_set_ID	_Atom_chem_shift.Occupancy	_Atom_chem_shift.Resonance_ID	_Atom_chem_shift.Auth_entity_assembly_ID	_Atom_chem_shift.Auth_asym_ID	_Atom_chem_shift.Auth_seq_ID	_Atom_chem_shift.Auth_comp_ID	_Atom_chem_shift.Auth_atom_ID	_Atom_chem_shift.Details	_Atom_chem_shift.Entry_ID	_Atom_chem_shift.Assigned_chem_shift_list_ID
.,.,.,.,1,H,1,H,.,H,LYS,.,37,LYS,49,.,1,1,.,50949,61,.,.,49,8.704,0.00,_Atom_chem_shift.ID	_Atom_chem_shift.Assembly_atom_ID	_Atom_chem_shift.Entity_assembly_ID	_Atom_chem_shift.Entity_assembly_asym_ID	_Atom_chem_shift.Entity_ID	_Atom_chem_shift.Comp_index_ID	_Atom_chem_shift.Seq_ID	_Atom_chem_shift.Comp_ID	_Atom_chem_shift.Atom_ID	_Atom_chem_shift.Atom_type	_Atom_chem_shift.Atom_isotope_number	_Atom_chem_shift.Val	_Atom_chem_shift.Val_err	_Atom_chem_shift.Assign_fig_of_merit	_Atom_chem_shift.Ambiguity_code	_Atom_chem_shift.Ambiguity_set_ID	_Atom_chem_shift.Occupancy	_Atom_chem_shift.Resonance_ID	_Atom_chem_shift.Auth_entity_assembly_ID	_Atom_chem_shift.Auth_asym_ID	_Atom_chem_shift.Auth_seq_ID	_Atom_chem_shift.Auth_comp_ID	_Atom_chem_shift.Auth_atom_ID	_Atom_chem_shift.Details	_Atom_chem_shift.Entry_ID	_Atom_chem_shift.Assigned_chem_shift_list_ID
.,.,.,.,1,N,15,N,.,N,LYS,.,37,LYS,49,.,1,1,.,50949,62,.,.,49,122.927,0.00,_Atom_chem_shift.ID	_Atom_chem_shift.Assembly_atom_ID	_Atom_chem_shift.Entity_assembly_ID	_Atom_chem_shift.Entity_assembly_asym_ID	_Atom_chem_shift.Entity_ID	_Atom_chem_shift.Comp_index_ID	_Atom_chem_shift.Seq_ID	_Atom_chem_shift.Comp_ID	_Atom_chem_shift.Atom_ID	_Atom_chem_shift.Atom_type	_Atom_chem_shift.Atom_isotope_number	_Atom_chem_shift.Val	_Atom_chem_shift.Val_err	_Atom_chem_shift.Assign_fig_of_merit	_Atom_chem_shift.Ambiguity_code	_Atom_chem_shift.Ambiguity_set_ID	_Atom_chem_shift.Occupancy	_Atom_chem_shift.Resonance_ID	_Atom_chem_shift.Auth_entity_assembly_ID	_Atom_chem_shift.Auth_asym_ID	_Atom_chem_shift.Auth_seq_ID	_Atom_chem_shift.Auth_comp_ID	_Atom_chem_shift.Auth_atom_ID	_Atom_chem_shift.Details	_Atom_chem_shift.Entry_ID	_Atom_chem_shift.Assigned_chem_shift_list_ID
.,.,.,.,1,H,1,H,.,H,VAL,.,38,VAL,50,.,1,1,.,50949,63,.,.,50,9.126,0.00,_Atom_chem_shift.ID	_Atom_chem_shift.Assembly_atom_ID	_Atom_chem_shift.Entity_assembly_ID	_Atom_chem_shift.Entity_assembly_asym_ID	_Atom_chem_shift.Entity_ID	_Atom_chem_shift.Comp_index_ID	_Atom_chem_shift.Seq_ID	_Atom_chem_shift.Comp_ID	_Atom_chem_shift.Atom_ID	_Atom_chem_shift.Atom_type	_Atom_chem_shift.Atom_isotope_number	_Atom_chem_shift.Val	_Atom_chem_shift.Val_err	_Atom_chem_shift.Assign_fig_of_merit	_Atom_chem_shift.Ambiguity_code	_Atom_chem_shift.Ambiguity_set_ID	_Atom_chem_shift.Occupancy	_Atom_chem_shift.Resonance_ID	_Atom_chem_shift.Auth_entity_assembly_ID	_Atom_chem_shift.Auth_asym_ID	_Atom_chem_shift.Auth_seq_ID	_Atom_chem_shift.Auth_comp_ID	_Atom_chem_shift.Auth_atom_ID	_Atom_chem_shift.Details	_Atom_chem_shift.Entry_ID	_Atom_chem_shift.Assigned_chem_shift_list_ID
.,.,.,.,1,N,15,N,.,N,VAL,.,38,VAL,50,.,1,1,.,50949,64,.,.,50,118.695,0.00,_Atom_chem_shift.ID	_Atom_chem_shift.Assembly_atom_ID	_Atom_chem_shift.Entity_assembly_ID	_Atom_chem_shift.Entity_assembly_asym_ID	_Atom_chem_shift.Entity_ID	_Atom_chem_shift.Comp_index_ID	_Atom_chem_shift.Seq_ID	_Atom_chem_shift.Comp_ID	_Atom_chem_shift.Atom_ID	_Atom_chem_shift.Atom_type	_Atom_chem_shift.Atom_isotope_number	_Atom_chem_shift.Val	_Atom_chem_shift.Val_err	_Atom_chem_shift.Assign_fig_of_merit	_Atom_chem_shift.Ambiguity_code	_Atom_chem_shift.Ambiguity_set_ID	_Atom_chem_shift.Occupancy	_Atom_chem_shift.Resonance_ID	_Atom_chem_shift.Auth_entity_assembly_ID	_Atom_chem_shift.Auth_asym_ID	_Atom_chem_shift.Auth_seq_ID	_Atom_chem_shift.Auth_comp_ID	_Atom_chem_shift.Auth_atom_ID	_Atom_chem_shift.Details	_Atom_chem_shift.Entry_ID	_Atom_chem_shift.Assigned_chem_shift_list_ID
.,.,.,.,1,H,1,H,.,H,LYS,.,39,LYS,51,.,1,1,.,50949,65,.,.,51,8.611,0.00,_Atom_chem_shift.ID	_Atom_chem_shift.Assembly_atom_ID	_Atom_chem_shift.Entity_assembly_ID	_Atom_chem_shift.Entity_assembly_asym_ID	_Atom_chem_shift.Entity_ID	_Atom_chem_shift.Comp_index_ID	_Atom_chem_shift.Seq_ID	_Atom_chem_shift.Comp_ID	_Atom_chem_shift.Atom_ID	_Atom_chem_shift.Atom_type	_Atom_chem_shift.Atom_isotope_number	_Atom_chem_shift.Val	_Atom_chem_shift.Val_err	_Atom_chem_shift.Assign_fig_of_merit	_Atom_chem_shift.Ambiguity_code	_Atom_chem_shift.Ambiguity_set_ID	_Atom_chem_shift.Occupancy	_Atom_chem_shift.Resonance_ID	_Atom_chem_shift.Auth_entity_assembly_ID	_Atom_chem_shift.Auth_asym_ID	_Atom_chem_shift.Auth_seq_ID	_Atom_chem_shift.Auth_comp_ID	_Atom_chem_shift.Auth_atom_ID	_Atom_chem_shift.Details	_Atom_chem_shift.Entry_ID	_Atom_chem_shift.Assigned_chem_shift_list_ID
.,.,.,.,1,N,15,N,.,N,LYS,.,39,LYS,51,.,1,1,.,50949,66,.,.,51,122.254,0.00,_Atom_chem_shift.ID	_Atom_chem_shift.Assembly_atom_ID	_Atom_chem_shift.Entity_assembly_ID	_Atom_chem_shift.Entity_assembly_asym_ID	_Atom_chem_shift.Entity_ID	_Atom_chem_shift.Comp_index_ID	_Atom_chem_shift.Seq_ID	_Atom_chem_shift.Comp_ID	_Atom_chem_shift.Atom_ID	_Atom_chem_shift.Atom_type	_Atom_chem_shift.Atom_isotope_number	_Atom_chem_shift.Val	_Atom_chem_shift.Val_err	_Atom_chem_shift.Assign_fig_of_merit	_Atom_chem_shift.Ambiguity_code	_Atom_chem_shift.Ambiguity_set_ID	_Atom_chem_shift.Occupancy	_Atom_chem_shift.Resonance_ID	_Atom_chem_shift.Auth_entity_assembly_ID	_Atom_chem_shift.Auth_asym_ID	_Atom_chem_shift.Auth_seq_ID	_Atom_chem_shift.Auth_comp_ID	_Atom_chem_shift.Auth_atom_ID	_Atom_chem_shift.Details	_Atom_chem_shift.Entry_ID	_Atom_chem_shift.Assigned_chem_shift_list_ID
.,.,.,.,1,H,1,H,.,H,MET,.,40,MET,52,.,1,1,.,50949,67,.,.,52,8.476,0.00,_Atom_chem_shift.ID	_Atom_chem_shift.Assembly_atom_ID	_Atom_chem_shift.Entity_assembly_ID	_Atom_chem_shift.Entity_assembly_asym_ID	_Atom_chem_shift.Entity_ID	_Atom_chem_shift.Comp_index_ID	_Atom_chem_shift.Seq_ID	_Atom_chem_shift.Comp_ID	_Atom_chem_shift.Atom_ID	_Atom_chem_shift.Atom_type	_Atom_chem_shift.Atom_isotope_number	_Atom_chem_shift.Val	_Atom_chem_shift.Val_err	_Atom_chem_shift.Assign_fig_of_merit	_Atom_chem_shift.Ambiguity_code	_Atom_chem_shift.Ambiguity_set_ID	_Atom_chem_shift.Occupancy	_Atom_chem_shift.Resonance_ID	_Atom_chem_shift.Auth_entity_assembly_ID	_Atom_chem_shift.Auth_asym_ID	_Atom_chem_shift.Auth_seq_ID	_Atom_chem_shift.Auth_comp_ID	_Atom_chem_shift.Auth_atom_ID	_Atom_chem_shift.Details	_Atom_chem_shift.Entry_ID	_Atom_chem_shift.Assigned_chem_shift_list_ID
.,.,.,.,1,N,15,N,.,N,MET,.,40,MET,52,.,1,1,.,50949,68,.,.,52,117.949,0.00,_Atom_chem_shift.ID	_Atom_chem_shift.Assembly_atom_ID	_Atom_chem_shift.Entity_assembly_ID	_Atom_chem_shift.Entity_assembly_asym_ID	_Atom_chem_shift.Entity_ID	_Atom_chem_shift.Comp_index_ID	_Atom_chem_shift.Seq_ID	_Atom_chem_shift.Comp_ID	_Atom_chem_shift.Atom_ID	_Atom_chem_shift.Atom_type	_Atom_chem_shift.Atom_isotope_number	_Atom_chem_shift.Val	_Atom_chem_shift.Val_err	_Atom_chem_shift.Assign_fig_of_merit	_Atom_chem_shift.Ambiguity_code	_Atom_chem_shift.Ambiguity_set_ID	_Atom_chem_shift.Occupancy	_Atom_chem_shift.Resonance_ID	_Atom_chem_shift.Auth_entity_assembly_ID	_Atom_chem_shift.Auth_asym_ID	_Atom_chem_shift.Auth_seq_ID	_Atom_chem_shift.Auth_comp_ID	_Atom_chem_shift.Auth_atom_ID	_Atom_chem_shift.Details	_Atom_chem_shift.Entry_ID	_Atom_chem_shift.Assigned_chem_shift_list_ID
.,.,.,.,1,H,1,H,.,H,THR,.,41,THR,53,.,1,1,.,50949,69,.,.,53,7.009,0.00,_Atom_chem_shift.ID	_Atom_chem_shift.Assembly_atom_ID	_Atom_chem_shift.Entity_assembly_ID	_Atom_chem_shift.Entity_assembly_asym_ID	_Atom_chem_shift.Entity_ID	_Atom_chem_shift.Comp_index_ID	_Atom_chem_shift.Seq_ID	_Atom_chem_shift.Comp_ID	_Atom_chem_shift.Atom_ID	_Atom_chem_shift.Atom_type	_Atom_chem_shift.Atom_isotope_number	_Atom_chem_shift.Val	_Atom_chem_shift.Val_err	_Atom_chem_shift.Assign_fig_of_merit	_Atom_chem_shift.Ambiguity_code	_Atom_chem_shift.Ambiguity_set_ID	_Atom_chem_shift.Occupancy	_Atom_chem_shift.Resonance_ID	_Atom_chem_shift.Auth_entity_assembly_ID	_Atom_chem_shift.Auth_asym_ID	_Atom_chem_shift.Auth_seq_ID	_Atom_chem_shift.Auth_comp_ID	_Atom_chem_shift.Auth_atom_ID	_Atom_chem_shift.Details	_Atom_chem_shift.Entry_ID	_Atom_chem_shift.Assigned_chem_shift_list_ID
.,.,.,.,1,N,15,N,.,N,THR,.,41,THR,53,.,1,1,.,50949,70,.,.,53,100.437,0.00,_Atom_chem_shift.ID	_Atom_chem_shift.Assembly_atom_ID	_Atom_chem_shift.Entity_assembly_ID	_Atom_chem_shift.Entity_assembly_asym_ID	_Atom_chem_shift.Entity_ID	_Atom_chem_shift.Comp_index_ID	_Atom_chem_shift.Seq_ID	_Atom_chem_shift.Comp_ID	_Atom_chem_shift.Atom_ID	_Atom_chem_shift.Atom_type	_Atom_chem_shift.Atom_isotope_number	_Atom_chem_shift.Val	_Atom_chem_shift.Val_err	_Atom_chem_shift.Assign_fig_of_merit	_Atom_chem_shift.Ambiguity_code	_Atom_chem_shift.Ambiguity_set_ID	_Atom_chem_shift.Occupancy	_Atom_chem_shift.Resonance_ID	_Atom_chem_shift.Auth_entity_assembly_ID	_Atom_chem_shift.Auth_asym_ID	_Atom_chem_shift.Auth_seq_ID	_Atom_chem_shift.Auth_comp_ID	_Atom_chem_shift.Auth_atom_ID	_Atom_chem_shift.Details	_Atom_chem_shift.Entry_ID	_Atom_chem_shift.Assigned_chem_shift_list_ID
.,.,.,.,1,H,1,H,.,H,THR,.,42,THR,54,.,1,1,.,50949,71,.,.,54,7.175,0.00,_Atom_chem_shift.ID	_Atom_chem_shift.Assembly_atom_ID	_Atom_chem_shift.Entity_assembly_ID	_Atom_chem_shift.Entity_assembly_asym_ID	_Atom_chem_shift.Entity_ID	_Atom_chem_shift.Comp_index_ID	_Atom_chem_shift.Seq_ID	_Atom_chem_shift.Comp_ID	_Atom_chem_shift.Atom_ID	_Atom_chem_shift.Atom_type	_Atom_chem_shift.Atom_isotope_number	_Atom_chem_shift.Val	_Atom_chem_shift.Val_err	_Atom_chem_shift.Assign_fig_of_merit	_Atom_chem_shift.Ambiguity_code	_Atom_chem_shift.Ambiguity_set_ID	_Atom_chem_shift.Occupancy	_Atom_chem_shift.Resonance_ID	_Atom_chem_shift.Auth_entity_assembly_ID	_Atom_chem_shift.Auth_asym_ID	_Atom_chem_shift.Auth_seq_ID	_Atom_chem_shift.Auth_comp_ID	_Atom_chem_shift.Auth_atom_ID	_Atom_chem_shift.Details	_Atom_chem_shift.Entry_ID	_Atom_chem_shift.Assigned_chem_shift_list_ID
.,.,.,.,1,N,15,N,.,N,THR,.,42,THR,54,.,1,1,.,50949,72,.,.,54,120.326,0.00,_Atom_chem_shift.ID	_Atom_chem_shift.Assembly_atom_ID	_Atom_chem_shift.Entity_assembly_ID	_Atom_chem_shift.Entity_assembly_asym_ID	_Atom_chem_shift.Entity_ID	_Atom_chem_shift.Comp_index_ID	_Atom_chem_shift.Seq_ID	_Atom_chem_shift.Comp_ID	_Atom_chem_shift.Atom_ID	_Atom_chem_shift.Atom_type	_Atom_chem_shift.Atom_isotope_number	_Atom_chem_shift.Val	_Atom_chem_shift.Val_err	_Atom_chem_shift.Assign_fig_of_merit	_Atom_chem_shift.Ambiguity_code	_Atom_chem_shift.Ambiguity_set_ID	_Atom_chem_shift.Occupancy	_Atom_chem_shift.Resonance_ID	_Atom_chem_shift.Auth_entity_assembly_ID	_Atom_chem_shift.Auth_asym_ID	_Atom_chem_shift.Auth_seq_ID	_Atom_chem_shift.Auth_comp_ID	_Atom_chem_shift.Auth_atom_ID	_Atom_chem_shift.Details	_Atom_chem_shift.Entry_ID	_Atom_chem_shift.Assigned_chem_shift_list_ID
.,.,.,.,1,H,1,H,.,H,HIS,.,43,HIS,55,.,1,1,.,50949,73,.,.,55,8.710,0.00,_Atom_chem_shift.ID	_Atom_chem_shift.Assembly_atom_ID	_Atom_chem_shift.Entity_assembly_ID	_Atom_chem_shift.Entity_assembly_asym_ID	_Atom_chem_shift.Entity_ID	_Atom_chem_shift.Comp_index_ID	_Atom_chem_shift.Seq_ID	_Atom_chem_shift.Comp_ID	_Atom_chem_shift.Atom_ID	_Atom_chem_shift.Atom_type	_Atom_chem_shift.Atom_isotope_number	_Atom_chem_shift.Val	_Atom_chem_shift.Val_err	_Atom_chem_shift.Assign_fig_of_merit	_Atom_chem_shift.Ambiguity_code	_Atom_chem_shift.Ambiguity_set_ID	_Atom_chem_shift.Occupancy	_Atom_chem_shift.Resonance_ID	_Atom_chem_shift.Auth_entity_assembly_ID	_Atom_chem_shift.Auth_asym_ID	_Atom_chem_shift.Auth_seq_ID	_Atom_chem_shift.Auth_comp_ID	_Atom_chem_shift.Auth_atom_ID	_Atom_chem_shift.Details	_Atom_chem_shift.Entry_ID	_Atom_chem_shift.Assigned_chem_shift_list_ID
.,.,.,.,1,N,15,N,.,N,HIS,.,43,HIS,55,.,1,1,.,50949,74,.,.,55,126.348,0.00,_Atom_chem_shift.ID	_Atom_chem_shift.Assembly_atom_ID	_Atom_chem_shift.Entity_assembly_ID	_Atom_chem_shift.Entity_assembly_asym_ID	_Atom_chem_shift.Entity_ID	_Atom_chem_shift.Comp_index_ID	_Atom_chem_shift.Seq_ID	_Atom_chem_shift.Comp_ID	_Atom_chem_shift.Atom_ID	_Atom_chem_shift.Atom_type	_Atom_chem_shift.Atom_isotope_number	_Atom_chem_shift.Val	_Atom_chem_shift.Val_err	_Atom_chem_shift.Assign_fig_of_merit	_Atom_chem_shift.Ambiguity_code	_Atom_chem_shift.Ambiguity_set_ID	_Atom_chem_shift.Occupancy	_Atom_chem_shift.Resonance_ID	_Atom_chem_shift.Auth_entity_assembly_ID	_Atom_chem_shift.Auth_asym_ID	_Atom_chem_shift.Auth_seq_ID	_Atom_chem_shift.Auth_comp_ID	_Atom_chem_shift.Auth_atom_ID	_Atom_chem_shift.Details	_Atom_chem_shift.Entry_ID	_Atom_chem_shift.Assigned_chem_shift_list_ID
.,.,.,.,1,H,1,H,.,H,LEU,.,44,LEU,56,.,1,1,.,50949,75,.,.,56,9.317,0.00,_Atom_chem_shift.ID	_Atom_chem_shift.Assembly_atom_ID	_Atom_chem_shift.Entity_assembly_ID	_Atom_chem_shift.Entity_assembly_asym_ID	_Atom_chem_shift.Entity_ID	_Atom_chem_shift.Comp_index_ID	_Atom_chem_shift.Seq_ID	_Atom_chem_shift.Comp_ID	_Atom_chem_shift.Atom_ID	_Atom_chem_shift.Atom_type	_Atom_chem_shift.Atom_isotope_number	_Atom_chem_shift.Val	_Atom_chem_shift.Val_err	_Atom_chem_shift.Assign_fig_of_merit	_Atom_chem_shift.Ambiguity_code	_Atom_chem_shift.Ambiguity_set_ID	_Atom_chem_shift.Occupancy	_Atom_chem_shift.Resonance_ID	_Atom_chem_shift.Auth_entity_assembly_ID	_Atom_chem_shift.Auth_asym_ID	_Atom_chem_shift.Auth_seq_ID	_Atom_chem_shift.Auth_comp_ID	_Atom_chem_shift.Auth_atom_ID	_Atom_chem_shift.Details	_Atom_chem_shift.Entry_ID	_Atom_chem_shift.Assigned_chem_shift_list_ID
.,.,.,.,1,N,15,N,.,N,LEU,.,44,LEU,56,.,1,1,.,50949,76,.,.,56,124.208,0.00,_Atom_chem_shift.ID	_Atom_chem_shift.Assembly_atom_ID	_Atom_chem_shift.Entity_assembly_ID	_Atom_chem_shift.Entity_assembly_asym_ID	_Atom_chem_shift.Entity_ID	_Atom_chem_shift.Comp_index_ID	_Atom_chem_shift.Seq_ID	_Atom_chem_shift.Comp_ID	_Atom_chem_shift.Atom_ID	_Atom_chem_shift.Atom_type	_Atom_chem_shift.Atom_isotope_number	_Atom_chem_shift.Val	_Atom_chem_shift.Val_err	_Atom_chem_shift.Assign_fig_of_merit	_Atom_chem_shift.Ambiguity_code	_Atom_chem_shift.Ambiguity_set_ID	_Atom_chem_shift.Occupancy	_Atom_chem_shift.Resonance_ID	_Atom_chem_shift.Auth_entity_assembly_ID	_Atom_chem_shift.Auth_asym_ID	_Atom_chem_shift.Auth_seq_ID	_Atom_chem_shift.Auth_comp_ID	_Atom_chem_shift.Auth_atom_ID	_Atom_chem_shift.Details	_Atom_chem_shift.Entry_ID	_Atom_chem_shift.Assigned_chem_shift_list_ID
.,.,.,.,1,H,1,H,.,H,LYS,.,45,LYS,57,.,1,1,.,50949,77,.,.,57,8.546,0.00,_Atom_chem_shift.ID	_Atom_chem_shift.Assembly_atom_ID	_Atom_chem_shift.Entity_assembly_ID	_Atom_chem_shift.Entity_assembly_asym_ID	_Atom_chem_shift.Entity_ID	_Atom_chem_shift.Comp_index_ID	_Atom_chem_shift.Seq_ID	_Atom_chem_shift.Comp_ID	_Atom_chem_shift.Atom_ID	_Atom_chem_shift.Atom_type	_Atom_chem_shift.Atom_isotope_number	_Atom_chem_shift.Val	_Atom_chem_shift.Val_err	_Atom_chem_shift.Assign_fig_of_merit	_Atom_chem_shift.Ambiguity_code	_Atom_chem_shift.Ambiguity_set_ID	_Atom_chem_shift.Occupancy	_Atom_chem_shift.Resonance_ID	_Atom_chem_shift.Auth_entity_assembly_ID	_Atom_chem_shift.Auth_asym_ID	_Atom_chem_shift.Auth_seq_ID	_Atom_chem_shift.Auth_comp_ID	_Atom_chem_shift.Auth_atom_ID	_Atom_chem_shift.Details	_Atom_chem_shift.Entry_ID	_Atom_chem_shift.Assigned_chem_shift_list_ID
.,.,.,.,1,N,15,N,.,N,LYS,.,45,LYS,57,.,1,1,.,50949,78,.,.,57,121.613,0.00,_Atom_chem_shift.ID	_Atom_chem_shift.Assembly_atom_ID	_Atom_chem_shift.Entity_assembly_ID	_Atom_chem_shift.Entity_assembly_asym_ID	_Atom_chem_shift.Entity_ID	_Atom_chem_shift.Comp_index_ID	_Atom_chem_shift.Seq_ID	_Atom_chem_shift.Comp_ID	_Atom_chem_shift.Atom_ID	_Atom_chem_shift.Atom_type	_Atom_chem_shift.Atom_isotope_number	_Atom_chem_shift.Val	_Atom_chem_shift.Val_err	_Atom_chem_shift.Assign_fig_of_merit	_Atom_chem_shift.Ambiguity_code	_Atom_chem_shift.Ambiguity_set_ID	_Atom_chem_shift.Occupancy	_Atom_chem_shift.Resonance_ID	_Atom_chem_shift.Auth_entity_assembly_ID	_Atom_chem_shift.Auth_asym_ID	_Atom_chem_shift.Auth_seq_ID	_Atom_chem_shift.Auth_comp_ID	_Atom_chem_shift.Auth_atom_ID	_Atom_chem_shift.Details	_Atom_chem_shift.Entry_ID	_Atom_chem_shift.Assigned_chem_shift_list_ID
.,.,.,.,1,H,1,H,.,H,LYS,.,46,LYS,58,.,1,1,.,50949,79,.,.,58,7.595,0.00,_Atom_chem_shift.ID	_Atom_chem_shift.Assembly_atom_ID	_Atom_chem_shift.Entity_assembly_ID	_Atom_chem_shift.Entity_assembly_asym_ID	_Atom_chem_shift.Entity_ID	_Atom_chem_shift.Comp_index_ID	_Atom_chem_shift.Seq_ID	_Atom_chem_shift.Comp_ID	_Atom_chem_shift.Atom_ID	_Atom_chem_shift.Atom_type	_Atom_chem_shift.Atom_isotope_number	_Atom_chem_shift.Val	_Atom_chem_shift.Val_err	_Atom_chem_shift.Assign_fig_of_merit	_Atom_chem_shift.Ambiguity_code	_Atom_chem_shift.Ambiguity_set_ID	_Atom_chem_shift.Occupancy	_Atom_chem_shift.Resonance_ID	_Atom_chem_shift.Auth_entity_assembly_ID	_Atom_chem_shift.Auth_asym_ID	_Atom_chem_shift.Auth_seq_ID	_Atom_chem_shift.Auth_comp_ID	_Atom_chem_shift.Auth_atom_ID	_Atom_chem_shift.Details	_Atom_chem_shift.Entry_ID	_Atom_chem_shift.Assigned_chem_shift_list_ID
.,.,.,.,1,N,15,N,.,N,LYS,.,46,LYS,58,.,1,1,.,50949,80,.,.,58,114.329,0.00,_Atom_chem_shift.ID	_Atom_chem_shift.Assembly_atom_ID	_Atom_chem_shift.Entity_assembly_ID	_Atom_chem_shift.Entity_assembly_asym_ID	_Atom_chem_shift.Entity_ID	_Atom_chem_shift.Comp_index_ID	_Atom_chem_shift.Seq_ID	_Atom_chem_shift.Comp_ID	_Atom_chem_shift.Atom_ID	_Atom_chem_shift.Atom_type	_Atom_chem_shift.Atom_isotope_number	_Atom_chem_shift.Val	_Atom_chem_shift.Val_err	_Atom_chem_shift.Assign_fig_of_merit	_Atom_chem_shift.Ambiguity_code	_Atom_chem_shift.Ambiguity_set_ID	_Atom_chem_shift.Occupancy	_Atom_chem_shift.Resonance_ID	_Atom_chem_shift.Auth_entity_assembly_ID	_Atom_chem_shift.Auth_asym_ID	_Atom_chem_shift.Auth_seq_ID	_Atom_chem_shift.Auth_comp_ID	_Atom_chem_shift.Auth_atom_ID	_Atom_chem_shift.Details	_Atom_chem_shift.Entry_ID	_Atom_chem_shift.Assigned_chem_shift_list_ID
.,.,.,.,1,H,1,H,.,H,LEU,.,47,LEU,59,.,1,1,.,50949,81,.,.,59,6.787,0.00,_Atom_chem_shift.ID	_Atom_chem_shift.Assembly_atom_ID	_Atom_chem_shift.Entity_assembly_ID	_Atom_chem_shift.Entity_assembly_asym_ID	_Atom_chem_shift.Entity_ID	_Atom_chem_shift.Comp_index_ID	_Atom_chem_shift.Seq_ID	_Atom_chem_shift.Comp_ID	_Atom_chem_shift.Atom_ID	_Atom_chem_shift.Atom_type	_Atom_chem_shift.Atom_isotope_number	_Atom_chem_shift.Val	_Atom_chem_shift.Val_err	_Atom_chem_shift.Assign_fig_of_merit	_Atom_chem_shift.Ambiguity_code	_Atom_chem_shift.Ambiguity_set_ID	_Atom_chem_shift.Occupancy	_Atom_chem_shift.Resonance_ID	_Atom_chem_shift.Auth_entity_assembly_ID	_Atom_chem_shift.Auth_asym_ID	_Atom_chem_shift.Auth_seq_ID	_Atom_chem_shift.Auth_comp_ID	_Atom_chem_shift.Auth_atom_ID	_Atom_chem_shift.Details	_Atom_chem_shift.Entry_ID	_Atom_chem_shift.Assigned_chem_shift_list_ID
.,.,.,.,1,N,15,N,.,N,LEU,.,47,LEU,59,.,1,1,.,50949,82,.,.,59,121.465,0.00,_Atom_chem_shift.ID	_Atom_chem_shift.Assembly_atom_ID	_Atom_chem_shift.Entity_assembly_ID	_Atom_chem_shift.Entity_assembly_asym_ID	_Atom_chem_shift.Entity_ID	_Atom_chem_shift.Comp_index_ID	_Atom_chem_shift.Seq_ID	_Atom_chem_shift.Comp_ID	_Atom_chem_shift.Atom_ID	_Atom_chem_shift.Atom_type	_Atom_chem_shift.Atom_isotope_number	_Atom_chem_shift.Val	_Atom_chem_shift.Val_err	_Atom_chem_shift.Assign_fig_of_merit	_Atom_chem_shift.Ambiguity_code	_Atom_chem_shift.Ambiguity_set_ID	_Atom_chem_shift.Occupancy	_Atom_chem_shift.Resonance_ID	_Atom_chem_shift.Auth_entity_assembly_ID	_Atom_chem_shift.Auth_asym_ID	_Atom_chem_shift.Auth_seq_ID	_Atom_chem_shift.Auth_comp_ID	_Atom_chem_shift.Auth_atom_ID	_Atom_chem_shift.Details	_Atom_chem_shift.Entry_ID	_Atom_chem_shift.Assigned_chem_shift_list_ID
.,.,.,.,1,H,1,H,.,H,LYS,.,48,LYS,60,.,1,1,.,50949,83,.,.,60,7.516,0.00,_Atom_chem_shift.ID	_Atom_chem_shift.Assembly_atom_ID	_Atom_chem_shift.Entity_assembly_ID	_Atom_chem_shift.Entity_assembly_asym_ID	_Atom_chem_shift.Entity_ID	_Atom_chem_shift.Comp_index_ID	_Atom_chem_shift.Seq_ID	_Atom_chem_shift.Comp_ID	_Atom_chem_shift.Atom_ID	_Atom_chem_shift.Atom_type	_Atom_chem_shift.Atom_isotope_number	_Atom_chem_shift.Val	_Atom_chem_shift.Val_err	_Atom_chem_shift.Assign_fig_of_merit	_Atom_chem_shift.Ambiguity_code	_Atom_chem_shift.Ambiguity_set_ID	_Atom_chem_shift.Occupancy	_Atom_chem_shift.Resonance_ID	_Atom_chem_shift.Auth_entity_assembly_ID	_Atom_chem_shift.Auth_asym_ID	_Atom_chem_shift.Auth_seq_ID	_Atom_chem_shift.Auth_comp_ID	_Atom_chem_shift.Auth_atom_ID	_Atom_chem_shift.Details	_Atom_chem_shift.Entry_ID	_Atom_chem_shift.Assigned_chem_shift_list_ID
.,.,.,.,1,N,15,N,.,N,LYS,.,48,LYS,60,.,1,1,.,50949,84,.,.,60,117.925,0.00,_Atom_chem_shift.ID	_Atom_chem_shift.Assembly_atom_ID	_Atom_chem_shift.Entity_assembly_ID	_Atom_chem_shift.Entity_assembly_asym_ID	_Atom_chem_shift.Entity_ID	_Atom_chem_shift.Comp_index_ID	_Atom_chem_shift.Seq_ID	_Atom_chem_shift.Comp_ID	_Atom_chem_shift.Atom_ID	_Atom_chem_shift.Atom_type	_Atom_chem_shift.Atom_isotope_number	_Atom_chem_shift.Val	_Atom_chem_shift.Val_err	_Atom_chem_shift.Assign_fig_of_merit	_Atom_chem_shift.Ambiguity_code	_Atom_chem_shift.Ambiguity_set_ID	_Atom_chem_shift.Occupancy	_Atom_chem_shift.Resonance_ID	_Atom_chem_shift.Auth_entity_assembly_ID	_Atom_chem_shift.Auth_asym_ID	_Atom_chem_shift.Auth_seq_ID	_Atom_chem_shift.Auth_comp_ID	_Atom_chem_shift.Auth_atom_ID	_Atom_chem_shift.Details	_Atom_chem_shift.Entry_ID	_Atom_chem_shift.Assigned_chem_shift_list_ID
.,.,.,.,1,H,1,H,.,H,SER,.,50,SER,62,.,1,1,.,50949,85,.,.,62,7.990,0.00,_Atom_chem_shift.ID	_Atom_chem_shift.Assembly_atom_ID	_Atom_chem_shift.Entity_assembly_ID	_Atom_chem_shift.Entity_assembly_asym_ID	_Atom_chem_shift.Entity_ID	_Atom_chem_shift.Comp_index_ID	_Atom_chem_shift.Seq_ID	_Atom_chem_shift.Comp_ID	_Atom_chem_shift.Atom_ID	_Atom_chem_shift.Atom_type	_Atom_chem_shift.Atom_isotope_number	_Atom_chem_shift.Val	_Atom_chem_shift.Val_err	_Atom_chem_shift.Assign_fig_of_merit	_Atom_chem_shift.Ambiguity_code	_Atom_chem_shift.Ambiguity_set_ID	_Atom_chem_shift.Occupancy	_Atom_chem_shift.Resonance_ID	_Atom_chem_shift.Auth_entity_assembly_ID	_Atom_chem_shift.Auth_asym_ID	_Atom_chem_shift.Auth_seq_ID	_Atom_chem_shift.Auth_comp_ID	_Atom_chem_shift.Auth_atom_ID	_Atom_chem_shift.Details	_Atom_chem_shift.Entry_ID	_Atom_chem_shift.Assigned_chem_shift_list_ID
.,.,.,.,1,N,15,N,.,N,SER,.,50,SER,62,.,1,1,.,50949,86,.,.,62,115.645,0.00,_Atom_chem_shift.ID	_Atom_chem_shift.Assembly_atom_ID	_Atom_chem_shift.Entity_assembly_ID	_Atom_chem_shift.Entity_assembly_asym_ID	_Atom_chem_shift.Entity_ID	_Atom_chem_shift.Comp_index_ID	_Atom_chem_shift.Seq_ID	_Atom_chem_shift.Comp_ID	_Atom_chem_shift.Atom_ID	_Atom_chem_shift.Atom_type	_Atom_chem_shift.Atom_isotope_number	_Atom_chem_shift.Val	_Atom_chem_shift.Val_err	_Atom_chem_shift.Assign_fig_of_merit	_Atom_chem_shift.Ambiguity_code	_Atom_chem_shift.Ambiguity_set_ID	_Atom_chem_shift.Occupancy	_Atom_chem_shift.Resonance_ID	_Atom_chem_shift.Auth_entity_assembly_ID	_Atom_chem_shift.Auth_asym_ID	_Atom_chem_shift.Auth_seq_ID	_Atom_chem_shift.Auth_comp_ID	_Atom_chem_shift.Auth_atom_ID	_Atom_chem_shift.Details	_Atom_chem_shift.Entry_ID	_Atom_chem_shift.Assigned_chem_shift_list_ID
.,.,.,.,1,H,1,H,.,H,TYR,.,51,TYR,63,.,1,1,.,50949,87,.,.,63,8.817,0.00,_Atom_chem_shift.ID	_Atom_chem_shift.Assembly_atom_ID	_Atom_chem_shift.Entity_assembly_ID	_Atom_chem_shift.Entity_assembly_asym_ID	_Atom_chem_shift.Entity_ID	_Atom_chem_shift.Comp_index_ID	_Atom_chem_shift.Seq_ID	_Atom_chem_shift.Comp_ID	_Atom_chem_shift.Atom_ID	_Atom_chem_shift.Atom_type	_Atom_chem_shift.Atom_isotope_number	_Atom_chem_shift.Val	_Atom_chem_shift.Val_err	_Atom_chem_shift.Assign_fig_of_merit	_Atom_chem_shift.Ambiguity_code	_Atom_chem_shift.Ambiguity_set_ID	_Atom_chem_shift.Occupancy	_Atom_chem_shift.Resonance_ID	_Atom_chem_shift.Auth_entity_assembly_ID	_Atom_chem_shift.Auth_asym_ID	_Atom_chem_shift.Auth_seq_ID	_Atom_chem_shift.Auth_comp_ID	_Atom_chem_shift.Auth_atom_ID	_Atom_chem_shift.Details	_Atom_chem_shift.Entry_ID	_Atom_chem_shift.Assigned_chem_shift_list_ID
.,.,.,.,1,N,15,N,.,N,TYR,.,51,TYR,63,.,1,1,.,50949,88,.,.,63,122.730,0.00,_Atom_chem_shift.ID	_Atom_chem_shift.Assembly_atom_ID	_Atom_chem_shift.Entity_assembly_ID	_Atom_chem_shift.Entity_assembly_asym_ID	_Atom_chem_shift.Entity_ID	_Atom_chem_shift.Comp_index_ID	_Atom_chem_shift.Seq_ID	_Atom_chem_shift.Comp_ID	_Atom_chem_shift.Atom_ID	_Atom_chem_shift.Atom_type	_Atom_chem_shift.Atom_isotope_number	_Atom_chem_shift.Val	_Atom_chem_shift.Val_err	_Atom_chem_shift.Assign_fig_of_merit	_Atom_chem_shift.Ambiguity_code	_Atom_chem_shift.Ambiguity_set_ID	_Atom_chem_shift.Occupancy	_Atom_chem_shift.Resonance_ID	_Atom_chem_shift.Auth_entity_assembly_ID	_Atom_chem_shift.Auth_asym_ID	_Atom_chem_shift.Auth_seq_ID	_Atom_chem_shift.Auth_comp_ID	_Atom_chem_shift.Auth_atom_ID	_Atom_chem_shift.Details	_Atom_chem_shift.Entry_ID	_Atom_chem_shift.Assigned_chem_shift_list_ID
.,.,.,.,1,H,1,H,.,H,CYS,.,52,CYS,64,.,1,1,.,50949,89,.,.,64,8.682,0.00,_Atom_chem_shift.ID	_Atom_chem_shift.Assembly_atom_ID	_Atom_chem_shift.Entity_assembly_ID	_Atom_chem_shift.Entity_assembly_asym_ID	_Atom_chem_shift.Entity_ID	_Atom_chem_shift.Comp_index_ID	_Atom_chem_shift.Seq_ID	_Atom_chem_shift.Comp_ID	_Atom_chem_shift.Atom_ID	_Atom_chem_shift.Atom_type	_Atom_chem_shift.Atom_isotope_number	_Atom_chem_shift.Val	_Atom_chem_shift.Val_err	_Atom_chem_shift.Assign_fig_of_merit	_Atom_chem_shift.Ambiguity_code	_Atom_chem_shift.Ambiguity_set_ID	_Atom_chem_shift.Occupancy	_Atom_chem_shift.Resonance_ID	_Atom_chem_shift.Auth_entity_assembly_ID	_Atom_chem_shift.Auth_asym_ID	_Atom_chem_shift.Auth_seq_ID	_Atom_chem_shift.Auth_comp_ID	_Atom_chem_shift.Auth_atom_ID	_Atom_chem_shift.Details	_Atom_chem_shift.Entry_ID	_Atom_chem_shift.Assigned_chem_shift_list_ID
.,.,.,.,1,N,15,N,.,N,CYS,.,52,CYS,64,.,1,1,.,50949,90,.,.,64,117.501,0.00,_Atom_chem_shift.ID	_Atom_chem_shift.Assembly_atom_ID	_Atom_chem_shift.Entity_assembly_ID	_Atom_chem_shift.Entity_assembly_asym_ID	_Atom_chem_shift.Entity_ID	_Atom_chem_shift.Comp_index_ID	_Atom_chem_shift.Seq_ID	_Atom_chem_shift.Comp_ID	_Atom_chem_shift.Atom_ID	_Atom_chem_shift.Atom_type	_Atom_chem_shift.Atom_isotope_number	_Atom_chem_shift.Val	_Atom_chem_shift.Val_err	_Atom_chem_shift.Assign_fig_of_merit	_Atom_chem_shift.Ambiguity_code	_Atom_chem_shift.Ambiguity_set_ID	_Atom_chem_shift.Occupancy	_Atom_chem_shift.Resonance_ID	_Atom_chem_shift.Auth_entity_assembly_ID	_Atom_chem_shift.Auth_asym_ID	_Atom_chem_shift.Auth_seq_ID	_Atom_chem_shift.Auth_comp_ID	_Atom_chem_shift.Auth_atom_ID	_Atom_chem_shift.Details	_Atom_chem_shift.Entry_ID	_Atom_chem_shift.Assigned_chem_shift_list_ID
.,.,.,.,1,H,1,H,.,H,GLN,.,53,GLN,65,.,1,1,.,50949,91,.,.,65,8.327,0.00,_Atom_chem_shift.ID	_Atom_chem_shift.Assembly_atom_ID	_Atom_chem_shift.Entity_assembly_ID	_Atom_chem_shift.Entity_assembly_asym_ID	_Atom_chem_shift.Entity_ID	_Atom_chem_shift.Comp_index_ID	_Atom_chem_shift.Seq_ID	_Atom_chem_shift.Comp_ID	_Atom_chem_shift.Atom_ID	_Atom_chem_shift.Atom_type	_Atom_chem_shift.Atom_isotope_number	_Atom_chem_shift.Val	_Atom_chem_shift.Val_err	_Atom_chem_shift.Assign_fig_of_merit	_Atom_chem_shift.Ambiguity_code	_Atom_chem_shift.Ambiguity_set_ID	_Atom_chem_shift.Occupancy	_Atom_chem_shift.Resonance_ID	_Atom_chem_shift.Auth_entity_assembly_ID	_Atom_chem_shift.Auth_asym_ID	_Atom_chem_shift.Auth_seq_ID	_Atom_chem_shift.Auth_comp_ID	_Atom_chem_shift.Auth_atom_ID	_Atom_chem_shift.Details	_Atom_chem_shift.Entry_ID	_Atom_chem_shift.Assigned_chem_shift_list_ID
.,.,.,.,1,N,15,N,.,N,GLN,.,53,GLN,65,.,1,1,.,50949,92,.,.,65,119.166,0.00,_Atom_chem_shift.ID	_Atom_chem_shift.Assembly_atom_ID	_Atom_chem_shift.Entity_assembly_ID	_Atom_chem_shift.Entity_assembly_asym_ID	_Atom_chem_shift.Entity_ID	_Atom_chem_shift.Comp_index_ID	_Atom_chem_shift.Seq_ID	_Atom_chem_shift.Comp_ID	_Atom_chem_shift.Atom_ID	_Atom_chem_shift.Atom_type	_Atom_chem_shift.Atom_isotope_number	_Atom_chem_shift.Val	_Atom_chem_shift.Val_err	_Atom_chem_shift.Assign_fig_of_merit	_Atom_chem_shift.Ambiguity_code	_Atom_chem_shift.Ambiguity_set_ID	_Atom_chem_shift.Occupancy	_Atom_chem_shift.Resonance_ID	_Atom_chem_shift.Auth_entity_assembly_ID	_Atom_chem_shift.Auth_asym_ID	_Atom_chem_shift.Auth_seq_ID	_Atom_chem_shift.Auth_comp_ID	_Atom_chem_shift.Auth_atom_ID	_Atom_chem_shift.Details	_Atom_chem_shift.Entry_ID	_Atom_chem_shift.Assigned_chem_shift_list_ID
.,.,.,.,1,H,1,H,.,H,ARG,.,54,ARG,66,.,1,1,.,50949,93,.,.,66,7.979,0.00,_Atom_chem_shift.ID	_Atom_chem_shift.Assembly_atom_ID	_Atom_chem_shift.Entity_assembly_ID	_Atom_chem_shift.Entity_assembly_asym_ID	_Atom_chem_shift.Entity_ID	_Atom_chem_shift.Comp_index_ID	_Atom_chem_shift.Seq_ID	_Atom_chem_shift.Comp_ID	_Atom_chem_shift.Atom_ID	_Atom_chem_shift.Atom_type	_Atom_chem_shift.Atom_isotope_number	_Atom_chem_shift.Val	_Atom_chem_shift.Val_err	_Atom_chem_shift.Assign_fig_of_merit	_Atom_chem_shift.Ambiguity_code	_Atom_chem_shift.Ambiguity_set_ID	_Atom_chem_shift.Occupancy	_Atom_chem_shift.Resonance_ID	_Atom_chem_shift.Auth_entity_assembly_ID	_Atom_chem_shift.Auth_asym_ID	_Atom_chem_shift.Auth_seq_ID	_Atom_chem_shift.Auth_comp_ID	_Atom_chem_shift.Auth_atom_ID	_Atom_chem_shift.Details	_Atom_chem_shift.Entry_ID	_Atom_chem_shift.Assigned_chem_shift_list_ID
.,.,.,.,1,N,15,N,.,N,ARG,.,54,ARG,66,.,1,1,.,50949,94,.,.,66,119.910,0.00,_Atom_chem_shift.ID	_Atom_chem_shift.Assembly_atom_ID	_Atom_chem_shift.Entity_assembly_ID	_Atom_chem_shift.Entity_assembly_asym_ID	_Atom_chem_shift.Entity_ID	_Atom_chem_shift.Comp_index_ID	_Atom_chem_shift.Seq_ID	_Atom_chem_shift.Comp_ID	_Atom_chem_shift.Atom_ID	_Atom_chem_shift.Atom_type	_Atom_chem_shift.Atom_isotope_number	_Atom_chem_shift.Val	_Atom_chem_shift.Val_err	_Atom_chem_shift.Assign_fig_of_merit	_Atom_chem_shift.Ambiguity_code	_Atom_chem_shift.Ambiguity_set_ID	_Atom_chem_shift.Occupancy	_Atom_chem_shift.Resonance_ID	_Atom_chem_shift.Auth_entity_assembly_ID	_Atom_chem_shift.Auth_asym_ID	_Atom_chem_shift.Auth_seq_ID	_Atom_chem_shift.Auth_comp_ID	_Atom_chem_shift.Auth_atom_ID	_Atom_chem_shift.Details	_Atom_chem_shift.Entry_ID	_Atom_chem_shift.Assigned_chem_shift_list_ID
.,.,.,.,1,H,1,H,.,H,GLN,.,55,GLN,67,.,1,1,.,50949,95,.,.,67,7.858,0.00,_Atom_chem_shift.ID	_Atom_chem_shift.Assembly_atom_ID	_Atom_chem_shift.Entity_assembly_ID	_Atom_chem_shift.Entity_assembly_asym_ID	_Atom_chem_shift.Entity_ID	_Atom_chem_shift.Comp_index_ID	_Atom_chem_shift.Seq_ID	_Atom_chem_shift.Comp_ID	_Atom_chem_shift.Atom_ID	_Atom_chem_shift.Atom_type	_Atom_chem_shift.Atom_isotope_number	_Atom_chem_shift.Val	_Atom_chem_shift.Val_err	_Atom_chem_shift.Assign_fig_of_merit	_Atom_chem_shift.Ambiguity_code	_Atom_chem_shift.Ambiguity_set_ID	_Atom_chem_shift.Occupancy	_Atom_chem_shift.Resonance_ID	_Atom_chem_shift.Auth_entity_assembly_ID	_Atom_chem_shift.Auth_asym_ID	_Atom_chem_shift.Auth_seq_ID	_Atom_chem_shift.Auth_comp_ID	_Atom_chem_shift.Auth_atom_ID	_Atom_chem_shift.Details	_Atom_chem_shift.Entry_ID	_Atom_chem_shift.Assigned_chem_shift_list_ID
.,.,.,.,1,N,15,N,.,N,GLN,.,55,GLN,67,.,1,1,.,50949,96,.,.,67,114.024,0.00,_Atom_chem_shift.ID	_Atom_chem_shift.Assembly_atom_ID	_Atom_chem_shift.Entity_assembly_ID	_Atom_chem_shift.Entity_assembly_asym_ID	_Atom_chem_shift.Entity_ID	_Atom_chem_shift.Comp_index_ID	_Atom_chem_shift.Seq_ID	_Atom_chem_shift.Comp_ID	_Atom_chem_shift.Atom_ID	_Atom_chem_shift.Atom_type	_Atom_chem_shift.Atom_isotope_number	_Atom_chem_shift.Val	_Atom_chem_shift.Val_err	_Atom_chem_shift.Assign_fig_of_merit	_Atom_chem_shift.Ambiguity_code	_Atom_chem_shift.Ambiguity_set_ID	_Atom_chem_shift.Occupancy	_Atom_chem_shift.Resonance_ID	_Atom_chem_shift.Auth_entity_assembly_ID	_Atom_chem_shift.Auth_asym_ID	_Atom_chem_shift.Auth_seq_ID	_Atom_chem_shift.Auth_comp_ID	_Atom_chem_shift.Auth_atom_ID	_Atom_chem_shift.Details	_Atom_chem_shift.Entry_ID	_Atom_chem_shift.Assigned_chem_shift_list_ID
.,.,.,.,1,H,1,H,.,H,GLY,.,56,GLY,68,.,1,1,.,50949,97,.,.,68,7.952,0.00,_Atom_chem_shift.ID	_Atom_chem_shift.Assembly_atom_ID	_Atom_chem_shift.Entity_assembly_ID	_Atom_chem_shift.Entity_assembly_asym_ID	_Atom_chem_shift.Entity_ID	_Atom_chem_shift.Comp_index_ID	_Atom_chem_shift.Seq_ID	_Atom_chem_shift.Comp_ID	_Atom_chem_shift.Atom_ID	_Atom_chem_shift.Atom_type	_Atom_chem_shift.Atom_isotope_number	_Atom_chem_shift.Val	_Atom_chem_shift.Val_err	_Atom_chem_shift.Assign_fig_of_merit	_Atom_chem_shift.Ambiguity_code	_Atom_chem_shift.Ambiguity_set_ID	_Atom_chem_shift.Occupancy	_Atom_chem_shift.Resonance_ID	_Atom_chem_shift.Auth_entity_assembly_ID	_Atom_chem_shift.Auth_asym_ID	_Atom_chem_shift.Auth_seq_ID	_Atom_chem_shift.Auth_comp_ID	_Atom_chem_shift.Auth_atom_ID	_Atom_chem_shift.Details	_Atom_chem_shift.Entry_ID	_Atom_chem_shift.Assigned_chem_shift_list_ID
.,.,.,.,1,N,15,N,.,N,GLY,.,56,GLY,68,.,1,1,.,50949,98,.,.,68,109.706,0.00,_Atom_chem_shift.ID	_Atom_chem_shift.Assembly_atom_ID	_Atom_chem_shift.Entity_assembly_ID	_Atom_chem_shift.Entity_assembly_asym_ID	_Atom_chem_shift.Entity_ID	_Atom_chem_shift.Comp_index_ID	_Atom_chem_shift.Seq_ID	_Atom_chem_shift.Comp_ID	_Atom_chem_shift.Atom_ID	_Atom_chem_shift.Atom_type	_Atom_chem_shift.Atom_isotope_number	_Atom_chem_shift.Val	_Atom_chem_shift.Val_err	_Atom_chem_shift.Assign_fig_of_merit	_Atom_chem_shift.Ambiguity_code	_Atom_chem_shift.Ambiguity_set_ID	_Atom_chem_shift.Occupancy	_Atom_chem_shift.Resonance_ID	_Atom_chem_shift.Auth_entity_assembly_ID	_Atom_chem_shift.Auth_asym_ID	_Atom_chem_shift.Auth_seq_ID	_Atom_chem_shift.Auth_comp_ID	_Atom_chem_shift.Auth_atom_ID	_Atom_chem_shift.Details	_Atom_chem_shift.Entry_ID	_Atom_chem_shift.Assigned_chem_shift_list_ID
.,.,.,.,1,H,1,H,.,H,VAL,.,57,VAL,69,.,1,1,.,50949,99,.,.,69,7.617,0.00,_Atom_chem_shift.ID	_Atom_chem_shift.Assembly_atom_ID	_Atom_chem_shift.Entity_assembly_ID	_Atom_chem_shift.Entity_assembly_asym_ID	_Atom_chem_shift.Entity_ID	_Atom_chem_shift.Comp_index_ID	_Atom_chem_shift.Seq_ID	_Atom_chem_shift.Comp_ID	_Atom_chem_shift.Atom_ID	_Atom_chem_shift.Atom_type	_Atom_chem_shift.Atom_isotope_number	_Atom_chem_shift.Val	_Atom_chem_shift.Val_err	_Atom_chem_shift.Assign_fig_of_merit	_Atom_chem_shift.Ambiguity_code	_Atom_chem_shift.Ambiguity_set_ID	_Atom_chem_shift.Occupancy	_Atom_chem_shift.Resonance_ID	_Atom_chem_shift.Auth_entity_assembly_ID	_Atom_chem_shift.Auth_asym_ID	_Atom_chem_shift.Auth_seq_ID	_Atom_chem_shift.Auth_comp_ID	_Atom_chem_shift.Auth_atom_ID	_Atom_chem_shift.Details	_Atom_chem_shift.Entry_ID	_Atom_chem_shift.Assigned_chem_shift_list_ID
.,.,.,.,1,N,15,N,.,N,VAL,.,57,VAL,69,.,1,1,.,50949,100,.,.,69,112.220,0.00,_Atom_chem_shift.ID	_Atom_chem_shift.Assembly_atom_ID	_Atom_chem_shift.Entity_assembly_ID	_Atom_chem_shift.Entity_assembly_asym_ID	_Atom_chem_shift.Entity_ID	_Atom_chem_shift.Comp_index_ID	_Atom_chem_shift.Seq_ID	_Atom_chem_shift.Comp_ID	_Atom_chem_shift.Atom_ID	_Atom_chem_shift.Atom_type	_Atom_chem_shift.Atom_isotope_number	_Atom_chem_shift.Val	_Atom_chem_shift.Val_err	_Atom_chem_shift.Assign_fig_of_merit	_Atom_chem_shift.Ambiguity_code	_Atom_chem_shift.Ambiguity_set_ID	_Atom_chem_shift.Occupancy	_Atom_chem_shift.Resonance_ID	_Atom_chem_shift.Auth_entity_assembly_ID	_Atom_chem_shift.Auth_asym_ID	_Atom_chem_shift.Auth_seq_ID	_Atom_chem_shift.Auth_comp_ID	_Atom_chem_shift.Auth_atom_ID	_Atom_chem_shift.Details	_Atom_chem_shift.Entry_ID	_Atom_chem_shift.Assigned_chem_shift_list_ID
.,.,.,.,1,H,1,H,.,H,MET,.,59,MET,71,.,1,1,.,50949,101,.,.,71,8.555,0.00,_Atom_chem_shift.ID	_Atom_chem_shift.Assembly_atom_ID	_Atom_chem_shift.Entity_assembly_ID	_Atom_chem_shift.Entity_assembly_asym_ID	_Atom_chem_shift.Entity_ID	_Atom_chem_shift.Comp_index_ID	_Atom_chem_shift.Seq_ID	_Atom_chem_shift.Comp_ID	_Atom_chem_shift.Atom_ID	_Atom_chem_shift.Atom_type	_Atom_chem_shift.Atom_isotope_number	_Atom_chem_shift.Val	_Atom_chem_shift.Val_err	_Atom_chem_shift.Assign_fig_of_merit	_Atom_chem_shift.Ambiguity_code	_Atom_chem_shift.Ambiguity_set_ID	_Atom_chem_shift.Occupancy	_Atom_chem_shift.Resonance_ID	_Atom_chem_shift.Auth_entity_assembly_ID	_Atom_chem_shift.Auth_asym_ID	_Atom_chem_shift.Auth_seq_ID	_Atom_chem_shift.Auth_comp_ID	_Atom_chem_shift.Auth_atom_ID	_Atom_chem_shift.Details	_Atom_chem_shift.Entry_ID	_Atom_chem_shift.Assigned_chem_shift_list_ID
.,.,.,.,1,N,15,N,.,N,MET,.,59,MET,71,.,1,1,.,50949,102,.,.,71,116.696,0.00,_Atom_chem_shift.ID	_Atom_chem_shift.Assembly_atom_ID	_Atom_chem_shift.Entity_assembly_ID	_Atom_chem_shift.Entity_assembly_asym_ID	_Atom_chem_shift.Entity_ID	_Atom_chem_shift.Comp_index_ID	_Atom_chem_shift.Seq_ID	_Atom_chem_shift.Comp_ID	_Atom_chem_shift.Atom_ID	_Atom_chem_shift.Atom_type	_Atom_chem_shift.Atom_isotope_number	_Atom_chem_shift.Val	_Atom_chem_shift.Val_err	_Atom_chem_shift.Assign_fig_of_merit	_Atom_chem_shift.Ambiguity_code	_Atom_chem_shift.Ambiguity_set_ID	_Atom_chem_shift.Occupancy	_Atom_chem_shift.Resonance_ID	_Atom_chem_shift.Auth_entity_assembly_ID	_Atom_chem_shift.Auth_asym_ID	_Atom_chem_shift.Auth_seq_ID	_Atom_chem_shift.Auth_comp_ID	_Atom_chem_shift.Auth_atom_ID	_Atom_chem_shift.Details	_Atom_chem_shift.Entry_ID	_Atom_chem_shift.Assigned_chem_shift_list_ID
.,.,.,.,1,H,1,H,.,H,ASN,.,60,ASN,72,.,1,1,.,50949,103,.,.,72,8.423,0.00,_Atom_chem_shift.ID	_Atom_chem_shift.Assembly_atom_ID	_Atom_chem_shift.Entity_assembly_ID	_Atom_chem_shift.Entity_assembly_asym_ID	_Atom_chem_shift.Entity_ID	_Atom_chem_shift.Comp_index_ID	_Atom_chem_shift.Seq_ID	_Atom_chem_shift.Comp_ID	_Atom_chem_shift.Atom_ID	_Atom_chem_shift.Atom_type	_Atom_chem_shift.Atom_isotope_number	_Atom_chem_shift.Val	_Atom_chem_shift.Val_err	_Atom_chem_shift.Assign_fig_of_merit	_Atom_chem_shift.Ambiguity_code	_Atom_chem_shift.Ambiguity_set_ID	_Atom_chem_shift.Occupancy	_Atom_chem_shift.Resonance_ID	_Atom_chem_shift.Auth_entity_assembly_ID	_Atom_chem_shift.Auth_asym_ID	_Atom_chem_shift.Auth_seq_ID	_Atom_chem_shift.Auth_comp_ID	_Atom_chem_shift.Auth_atom_ID	_Atom_chem_shift.Details	_Atom_chem_shift.Entry_ID	_Atom_chem_shift.Assigned_chem_shift_list_ID
.,.,.,.,1,N,15,N,.,N,ASN,.,60,ASN,72,.,1,1,.,50949,104,.,.,72,113.159,0.00,_Atom_chem_shift.ID	_Atom_chem_shift.Assembly_atom_ID	_Atom_chem_shift.Entity_assembly_ID	_Atom_chem_shift.Entity_assembly_asym_ID	_Atom_chem_shift.Entity_ID	_Atom_chem_shift.Comp_index_ID	_Atom_chem_shift.Seq_ID	_Atom_chem_shift.Comp_ID	_Atom_chem_shift.Atom_ID	_Atom_chem_shift.Atom_type	_Atom_chem_shift.Atom_isotope_number	_Atom_chem_shift.Val	_Atom_chem_shift.Val_err	_Atom_chem_shift.Assign_fig_of_merit	_Atom_chem_shift.Ambiguity_code	_Atom_chem_shift.Ambiguity_set_ID	_Atom_chem_shift.Occupancy	_Atom_chem_shift.Resonance_ID	_Atom_chem_shift.Auth_entity_assembly_ID	_Atom_chem_shift.Auth_asym_ID	_Atom_chem_shift.Auth_seq_ID	_Atom_chem_shift.Auth_comp_ID	_Atom_chem_shift.Auth_atom_ID	_Atom_chem_shift.Details	_Atom_chem_shift.Entry_ID	_Atom_chem_shift.Assigned_chem_shift_list_ID
.,.,.,.,1,H,1,H,.,H,SER,.,61,SER,73,.,1,1,.,50949,105,.,.,73,7.932,0.00,_Atom_chem_shift.ID	_Atom_chem_shift.Assembly_atom_ID	_Atom_chem_shift.Entity_assembly_ID	_Atom_chem_shift.Entity_assembly_asym_ID	_Atom_chem_shift.Entity_ID	_Atom_chem_shift.Comp_index_ID	_Atom_chem_shift.Seq_ID	_Atom_chem_shift.Comp_ID	_Atom_chem_shift.Atom_ID	_Atom_chem_shift.Atom_type	_Atom_chem_shift.Atom_isotope_number	_Atom_chem_shift.Val	_Atom_chem_shift.Val_err	_Atom_chem_shift.Assign_fig_of_merit	_Atom_chem_shift.Ambiguity_code	_Atom_chem_shift.Ambiguity_set_ID	_Atom_chem_shift.Occupancy	_Atom_chem_shift.Resonance_ID	_Atom_chem_shift.Auth_entity_assembly_ID	_Atom_chem_shift.Auth_asym_ID	_Atom_chem_shift.Auth_seq_ID	_Atom_chem_shift.Auth_comp_ID	_Atom_chem_shift.Auth_atom_ID	_Atom_chem_shift.Details	_Atom_chem_shift.Entry_ID	_Atom_chem_shift.Assigned_chem_shift_list_ID
.,.,.,.,1,N,15,N,.,N,SER,.,61,SER,73,.,1,1,.,50949,106,.,.,73,113.062,0.00,_Atom_chem_shift.ID	_Atom_chem_shift.Assembly_atom_ID	_Atom_chem_shift.Entity_assembly_ID	_Atom_chem_shift.Entity_assembly_asym_ID	_Atom_chem_shift.Entity_ID	_Atom_chem_shift.Comp_index_ID	_Atom_chem_shift.Seq_ID	_Atom_chem_shift.Comp_ID	_Atom_chem_shift.Atom_ID	_Atom_chem_shift.Atom_type	_Atom_chem_shift.Atom_isotope_number	_Atom_chem_shift.Val	_Atom_chem_shift.Val_err	_Atom_chem_shift.Assign_fig_of_merit	_Atom_chem_shift.Ambiguity_code	_Atom_chem_shift.Ambiguity_set_ID	_Atom_chem_shift.Occupancy	_Atom_chem_shift.Resonance_ID	_Atom_chem_shift.Auth_entity_assembly_ID	_Atom_chem_shift.Auth_asym_ID	_Atom_chem_shift.Auth_seq_ID	_Atom_chem_shift.Auth_comp_ID	_Atom_chem_shift.Auth_atom_ID	_Atom_chem_shift.Details	_Atom_chem_shift.Entry_ID	_Atom_chem_shift.Assigned_chem_shift_list_ID
.,.,.,.,1,H,1,H,.,H,LEU,.,62,LEU,74,.,1,1,.,50949,107,.,.,74,7.288,0.00,_Atom_chem_shift.ID	_Atom_chem_shift.Assembly_atom_ID	_Atom_chem_shift.Entity_assembly_ID	_Atom_chem_shift.Entity_assembly_asym_ID	_Atom_chem_shift.Entity_ID	_Atom_chem_shift.Comp_index_ID	_Atom_chem_shift.Seq_ID	_Atom_chem_shift.Comp_ID	_Atom_chem_shift.Atom_ID	_Atom_chem_shift.Atom_type	_Atom_chem_shift.Atom_isotope_number	_Atom_chem_shift.Val	_Atom_chem_shift.Val_err	_Atom_chem_shift.Assign_fig_of_merit	_Atom_chem_shift.Ambiguity_code	_Atom_chem_shift.Ambiguity_set_ID	_Atom_chem_shift.Occupancy	_Atom_chem_shift.Resonance_ID	_Atom_chem_shift.Auth_entity_assembly_ID	_Atom_chem_shift.Auth_asym_ID	_Atom_chem_shift.Auth_seq_ID	_Atom_chem_shift.Auth_comp_ID	_Atom_chem_shift.Auth_atom_ID	_Atom_chem_shift.Details	_Atom_chem_shift.Entry_ID	_Atom_chem_shift.Assigned_chem_shift_list_ID
.,.,.,.,1,N,15,N,.,N,LEU,.,62,LEU,74,.,1,1,.,50949,108,.,.,74,120.823,0.00,_Atom_chem_shift.ID	_Atom_chem_shift.Assembly_atom_ID	_Atom_chem_shift.Entity_assembly_ID	_Atom_chem_shift.Entity_assembly_asym_ID	_Atom_chem_shift.Entity_ID	_Atom_chem_shift.Comp_index_ID	_Atom_chem_shift.Seq_ID	_Atom_chem_shift.Comp_ID	_Atom_chem_shift.Atom_ID	_Atom_chem_shift.Atom_type	_Atom_chem_shift.Atom_isotope_number	_Atom_chem_shift.Val	_Atom_chem_shift.Val_err	_Atom_chem_shift.Assign_fig_of_merit	_Atom_chem_shift.Ambiguity_code	_Atom_chem_shift.Ambiguity_set_ID	_Atom_chem_shift.Occupancy	_Atom_chem_shift.Resonance_ID	_Atom_chem_shift.Auth_entity_assembly_ID	_Atom_chem_shift.Auth_asym_ID	_Atom_chem_shift.Auth_seq_ID	_Atom_chem_shift.Auth_comp_ID	_Atom_chem_shift.Auth_atom_ID	_Atom_chem_shift.Details	_Atom_chem_shift.Entry_ID	_Atom_chem_shift.Assigned_chem_shift_list_ID
.,.,.,.,1,H,1,H,.,H,ARG,.,63,ARG,75,.,1,1,.,50949,109,.,.,75,8.979,0.00,_Atom_chem_shift.ID	_Atom_chem_shift.Assembly_atom_ID	_Atom_chem_shift.Entity_assembly_ID	_Atom_chem_shift.Entity_assembly_asym_ID	_Atom_chem_shift.Entity_ID	_Atom_chem_shift.Comp_index_ID	_Atom_chem_shift.Seq_ID	_Atom_chem_shift.Comp_ID	_Atom_chem_shift.Atom_ID	_Atom_chem_shift.Atom_type	_Atom_chem_shift.Atom_isotope_number	_Atom_chem_shift.Val	_Atom_chem_shift.Val_err	_Atom_chem_shift.Assign_fig_of_merit	_Atom_chem_shift.Ambiguity_code	_Atom_chem_shift.Ambiguity_set_ID	_Atom_chem_shift.Occupancy	_Atom_chem_shift.Resonance_ID	_Atom_chem_shift.Auth_entity_assembly_ID	_Atom_chem_shift.Auth_asym_ID	_Atom_chem_shift.Auth_seq_ID	_Atom_chem_shift.Auth_comp_ID	_Atom_chem_shift.Auth_atom_ID	_Atom_chem_shift.Details	_Atom_chem_shift.Entry_ID	_Atom_chem_shift.Assigned_chem_shift_list_ID
.,.,.,.,1,N,15,N,.,N,ARG,.,63,ARG,75,.,1,1,.,50949,110,.,.,75,120.224,0.00,_Atom_chem_shift.ID	_Atom_chem_shift.Assembly_atom_ID	_Atom_chem_shift.Entity_assembly_ID	_Atom_chem_shift.Entity_assembly_asym_ID	_Atom_chem_shift.Entity_ID	_Atom_chem_shift.Comp_index_ID	_Atom_chem_shift.Seq_ID	_Atom_chem_shift.Comp_ID	_Atom_chem_shift.Atom_ID	_Atom_chem_shift.Atom_type	_Atom_chem_shift.Atom_isotope_number	_Atom_chem_shift.Val	_Atom_chem_shift.Val_err	_Atom_chem_shift.Assign_fig_of_merit	_Atom_chem_shift.Ambiguity_code	_Atom_chem_shift.Ambiguity_set_ID	_Atom_chem_shift.Occupancy	_Atom_chem_shift.Resonance_ID	_Atom_chem_shift.Auth_entity_assembly_ID	_Atom_chem_shift.Auth_asym_ID	_Atom_chem_shift.Auth_seq_ID	_Atom_chem_shift.Auth_comp_ID	_Atom_chem_shift.Auth_atom_ID	_Atom_chem_shift.Details	_Atom_chem_shift.Entry_ID	_Atom_chem_shift.Assigned_chem_shift_list_ID
.,.,.,.,1,H,1,H,.,H,PHE,.,64,PHE,76,.,1,1,.,50949,111,.,.,76,8.952,0.00,_Atom_chem_shift.ID	_Atom_chem_shift.Assembly_atom_ID	_Atom_chem_shift.Entity_assembly_ID	_Atom_chem_shift.Entity_assembly_asym_ID	_Atom_chem_shift.Entity_ID	_Atom_chem_shift.Comp_index_ID	_Atom_chem_shift.Seq_ID	_Atom_chem_shift.Comp_ID	_Atom_chem_shift.Atom_ID	_Atom_chem_shift.Atom_type	_Atom_chem_shift.Atom_isotope_number	_Atom_chem_shift.Val	_Atom_chem_shift.Val_err	_Atom_chem_shift.Assign_fig_of_merit	_Atom_chem_shift.Ambiguity_code	_Atom_chem_shift.Ambiguity_set_ID	_Atom_chem_shift.Occupancy	_Atom_chem_shift.Resonance_ID	_Atom_chem_shift.Auth_entity_assembly_ID	_Atom_chem_shift.Auth_asym_ID	_Atom_chem_shift.Auth_seq_ID	_Atom_chem_shift.Auth_comp_ID	_Atom_chem_shift.Auth_atom_ID	_Atom_chem_shift.Details	_Atom_chem_shift.Entry_ID	_Atom_chem_shift.Assigned_chem_shift_list_ID
.,.,.,.,1,N,15,N,.,N,PHE,.,64,PHE,76,.,1,1,.,50949,112,.,.,76,122.665,0.00,_Atom_chem_shift.ID	_Atom_chem_shift.Assembly_atom_ID	_Atom_chem_shift.Entity_assembly_ID	_Atom_chem_shift.Entity_assembly_asym_ID	_Atom_chem_shift.Entity_ID	_Atom_chem_shift.Comp_index_ID	_Atom_chem_shift.Seq_ID	_Atom_chem_shift.Comp_ID	_Atom_chem_shift.Atom_ID	_Atom_chem_shift.Atom_type	_Atom_chem_shift.Atom_isotope_number	_Atom_chem_shift.Val	_Atom_chem_shift.Val_err	_Atom_chem_shift.Assign_fig_of_merit	_Atom_chem_shift.Ambiguity_code	_Atom_chem_shift.Ambiguity_set_ID	_Atom_chem_shift.Occupancy	_Atom_chem_shift.Resonance_ID	_Atom_chem_shift.Auth_entity_assembly_ID	_Atom_chem_shift.Auth_asym_ID	_Atom_chem_shift.Auth_seq_ID	_Atom_chem_shift.Auth_comp_ID	_Atom_chem_shift.Auth_atom_ID	_Atom_chem_shift.Details	_Atom_chem_shift.Entry_ID	_Atom_chem_shift.Assigned_chem_shift_list_ID
.,.,.,.,1,H,1,H,.,H,LEU,.,65,LEU,77,.,1,1,.,50949,113,.,.,77,9.747,0.00,_Atom_chem_shift.ID	_Atom_chem_shift.Assembly_atom_ID	_Atom_chem_shift.Entity_assembly_ID	_Atom_chem_shift.Entity_assembly_asym_ID	_Atom_chem_shift.Entity_ID	_Atom_chem_shift.Comp_index_ID	_Atom_chem_shift.Seq_ID	_Atom_chem_shift.Comp_ID	_Atom_chem_shift.Atom_ID	_Atom_chem_shift.Atom_type	_Atom_chem_shift.Atom_isotope_number	_Atom_chem_shift.Val	_Atom_chem_shift.Val_err	_Atom_chem_shift.Assign_fig_of_merit	_Atom_chem_shift.Ambiguity_code	_Atom_chem_shift.Ambiguity_set_ID	_Atom_chem_shift.Occupancy	_Atom_chem_shift.Resonance_ID	_Atom_chem_shift.Auth_entity_assembly_ID	_Atom_chem_shift.Auth_asym_ID	_Atom_chem_shift.Auth_seq_ID	_Atom_chem_shift.Auth_comp_ID	_Atom_chem_shift.Auth_atom_ID	_Atom_chem_shift.Details	_Atom_chem_shift.Entry_ID	_Atom_chem_shift.Assigned_chem_shift_list_ID
.,.,.,.,1,N,15,N,.,N,LEU,.,65,LEU,77,.,1,1,.,50949,114,.,.,77,123.869,0.00,_Atom_chem_shift.ID	_Atom_chem_shift.Assembly_atom_ID	_Atom_chem_shift.Entity_assembly_ID	_Atom_chem_shift.Entity_assembly_asym_ID	_Atom_chem_shift.Entity_ID	_Atom_chem_shift.Comp_index_ID	_Atom_chem_shift.Seq_ID	_Atom_chem_shift.Comp_ID	_Atom_chem_shift.Atom_ID	_Atom_chem_shift.Atom_type	_Atom_chem_shift.Atom_isotope_number	_Atom_chem_shift.Val	_Atom_chem_shift.Val_err	_Atom_chem_shift.Assign_fig_of_merit	_Atom_chem_shift.Ambiguity_code	_Atom_chem_shift.Ambiguity_set_ID	_Atom_chem_shift.Occupancy	_Atom_chem_shift.Resonance_ID	_Atom_chem_shift.Auth_entity_assembly_ID	_Atom_chem_shift.Auth_asym_ID	_Atom_chem_shift.Auth_seq_ID	_Atom_chem_shift.Auth_comp_ID	_Atom_chem_shift.Auth_atom_ID	_Atom_chem_shift.Details	_Atom_chem_shift.Entry_ID	_Atom_chem_shift.Assigned_chem_shift_list_ID
.,.,.,.,1,H,1,H,.,H,PHE,.,66,PHE,78,.,1,1,.,50949,115,.,.,78,8.886,0.00,_Atom_chem_shift.ID	_Atom_chem_shift.Assembly_atom_ID	_Atom_chem_shift.Entity_assembly_ID	_Atom_chem_shift.Entity_assembly_asym_ID	_Atom_chem_shift.Entity_ID	_Atom_chem_shift.Comp_index_ID	_Atom_chem_shift.Seq_ID	_Atom_chem_shift.Comp_ID	_Atom_chem_shift.Atom_ID	_Atom_chem_shift.Atom_type	_Atom_chem_shift.Atom_isotope_number	_Atom_chem_shift.Val	_Atom_chem_shift.Val_err	_Atom_chem_shift.Assign_fig_of_merit	_Atom_chem_shift.Ambiguity_code	_Atom_chem_shift.Ambiguity_set_ID	_Atom_chem_shift.Occupancy	_Atom_chem_shift.Resonance_ID	_Atom_chem_shift.Auth_entity_assembly_ID	_Atom_chem_shift.Auth_asym_ID	_Atom_chem_shift.Auth_seq_ID	_Atom_chem_shift.Auth_comp_ID	_Atom_chem_shift.Auth_atom_ID	_Atom_chem_shift.Details	_Atom_chem_shift.Entry_ID	_Atom_chem_shift.Assigned_chem_shift_list_ID
.,.,.,.,1,N,15,N,.,N,PHE,.,66,PHE,78,.,1,1,.,50949,116,.,.,78,119.226,0.00,_Atom_chem_shift.ID	_Atom_chem_shift.Assembly_atom_ID	_Atom_chem_shift.Entity_assembly_ID	_Atom_chem_shift.Entity_assembly_asym_ID	_Atom_chem_shift.Entity_ID	_Atom_chem_shift.Comp_index_ID	_Atom_chem_shift.Seq_ID	_Atom_chem_shift.Comp_ID	_Atom_chem_shift.Atom_ID	_Atom_chem_shift.Atom_type	_Atom_chem_shift.Atom_isotope_number	_Atom_chem_shift.Val	_Atom_chem_shift.Val_err	_Atom_chem_shift.Assign_fig_of_merit	_Atom_chem_shift.Ambiguity_code	_Atom_chem_shift.Ambiguity_set_ID	_Atom_chem_shift.Occupancy	_Atom_chem_shift.Resonance_ID	_Atom_chem_shift.Auth_entity_assembly_ID	_Atom_chem_shift.Auth_asym_ID	_Atom_chem_shift.Auth_seq_ID	_Atom_chem_shift.Auth_comp_ID	_Atom_chem_shift.Auth_atom_ID	_Atom_chem_shift.Details	_Atom_chem_shift.Entry_ID	_Atom_chem_shift.Assigned_chem_shift_list_ID
.,.,.,.,1,H,1,H,.,H,GLU,.,67,GLU,79,.,1,1,.,50949,117,.,.,79,9.342,0.00,_Atom_chem_shift.ID	_Atom_chem_shift.Assembly_atom_ID	_Atom_chem_shift.Entity_assembly_ID	_Atom_chem_shift.Entity_assembly_asym_ID	_Atom_chem_shift.Entity_ID	_Atom_chem_shift.Comp_index_ID	_Atom_chem_shift.Seq_ID	_Atom_chem_shift.Comp_ID	_Atom_chem_shift.Atom_ID	_Atom_chem_shift.Atom_type	_Atom_chem_shift.Atom_isotope_number	_Atom_chem_shift.Val	_Atom_chem_shift.Val_err	_Atom_chem_shift.Assign_fig_of_merit	_Atom_chem_shift.Ambiguity_code	_Atom_chem_shift.Ambiguity_set_ID	_Atom_chem_shift.Occupancy	_Atom_chem_shift.Resonance_ID	_Atom_chem_shift.Auth_entity_assembly_ID	_Atom_chem_shift.Auth_asym_ID	_Atom_chem_shift.Auth_seq_ID	_Atom_chem_shift.Auth_comp_ID	_Atom_chem_shift.Auth_atom_ID	_Atom_chem_shift.Details	_Atom_chem_shift.Entry_ID	_Atom_chem_shift.Assigned_chem_shift_list_ID
.,.,.,.,1,N,15,N,.,N,GLU,.,67,GLU,79,.,1,1,.,50949,118,.,.,79,129.392,0.00,_Atom_chem_shift.ID	_Atom_chem_shift.Assembly_atom_ID	_Atom_chem_shift.Entity_assembly_ID	_Atom_chem_shift.Entity_assembly_asym_ID	_Atom_chem_shift.Entity_ID	_Atom_chem_shift.Comp_index_ID	_Atom_chem_shift.Seq_ID	_Atom_chem_shift.Comp_ID	_Atom_chem_shift.Atom_ID	_Atom_chem_shift.Atom_type	_Atom_chem_shift.Atom_isotope_number	_Atom_chem_shift.Val	_Atom_chem_shift.Val_err	_Atom_chem_shift.Assign_fig_of_merit	_Atom_chem_shift.Ambiguity_code	_Atom_chem_shift.Ambiguity_set_ID	_Atom_chem_shift.Occupancy	_Atom_chem_shift.Resonance_ID	_Atom_chem_shift.Auth_entity_assembly_ID	_Atom_chem_shift.Auth_asym_ID	_Atom_chem_shift.Auth_seq_ID	_Atom_chem_shift.Auth_comp_ID	_Atom_chem_shift.Auth_atom_ID	_Atom_chem_shift.Details	_Atom_chem_shift.Entry_ID	_Atom_chem_shift.Assigned_chem_shift_list_ID
.,.,.,.,1,H,1,H,.,H,GLY,.,68,GLY,80,.,1,1,.,50949,119,.,.,80,8.767,0.00,_Atom_chem_shift.ID	_Atom_chem_shift.Assembly_atom_ID	_Atom_chem_shift.Entity_assembly_ID	_Atom_chem_shift.Entity_assembly_asym_ID	_Atom_chem_shift.Entity_ID	_Atom_chem_shift.Comp_index_ID	_Atom_chem_shift.Seq_ID	_Atom_chem_shift.Comp_ID	_Atom_chem_shift.Atom_ID	_Atom_chem_shift.Atom_type	_Atom_chem_shift.Atom_isotope_number	_Atom_chem_shift.Val	_Atom_chem_shift.Val_err	_Atom_chem_shift.Assign_fig_of_merit	_Atom_chem_shift.Ambiguity_code	_Atom_chem_shift.Ambiguity_set_ID	_Atom_chem_shift.Occupancy	_Atom_chem_shift.Resonance_ID	_Atom_chem_shift.Auth_entity_assembly_ID	_Atom_chem_shift.Auth_asym_ID	_Atom_chem_shift.Auth_seq_ID	_Atom_chem_shift.Auth_comp_ID	_Atom_chem_shift.Auth_atom_ID	_Atom_chem_shift.Details	_Atom_chem_shift.Entry_ID	_Atom_chem_shift.Assigned_chem_shift_list_ID
.,.,.,.,1,N,15,N,.,N,GLY,.,68,GLY,80,.,1,1,.,50949,120,.,.,80,103.199,0.00,_Atom_chem_shift.ID	_Atom_chem_shift.Assembly_atom_ID	_Atom_chem_shift.Entity_assembly_ID	_Atom_chem_shift.Entity_assembly_asym_ID	_Atom_chem_shift.Entity_ID	_Atom_chem_shift.Comp_index_ID	_Atom_chem_shift.Seq_ID	_Atom_chem_shift.Comp_ID	_Atom_chem_shift.Atom_ID	_Atom_chem_shift.Atom_type	_Atom_chem_shift.Atom_isotope_number	_Atom_chem_shift.Val	_Atom_chem_shift.Val_err	_Atom_chem_shift.Assign_fig_of_merit	_Atom_chem_shift.Ambiguity_code	_Atom_chem_shift.Ambiguity_set_ID	_Atom_chem_shift.Occupancy	_Atom_chem_shift.Resonance_ID	_Atom_chem_shift.Auth_entity_assembly_ID	_Atom_chem_shift.Auth_asym_ID	_Atom_chem_shift.Auth_seq_ID	_Atom_chem_shift.Auth_comp_ID	_Atom_chem_shift.Auth_atom_ID	_Atom_chem_shift.Details	_Atom_chem_shift.Entry_ID	_Atom_chem_shift.Assigned_chem_shift_list_ID
.,.,.,.,1,H,1,H,.,H,GLN,.,69,GLN,81,.,1,1,.,50949,121,.,.,81,8.055,0.00,_Atom_chem_shift.ID	_Atom_chem_shift.Assembly_atom_ID	_Atom_chem_shift.Entity_assembly_ID	_Atom_chem_shift.Entity_assembly_asym_ID	_Atom_chem_shift.Entity_ID	_Atom_chem_shift.Comp_index_ID	_Atom_chem_shift.Seq_ID	_Atom_chem_shift.Comp_ID	_Atom_chem_shift.Atom_ID	_Atom_chem_shift.Atom_type	_Atom_chem_shift.Atom_isotope_number	_Atom_chem_shift.Val	_Atom_chem_shift.Val_err	_Atom_chem_shift.Assign_fig_of_merit	_Atom_chem_shift.Ambiguity_code	_Atom_chem_shift.Ambiguity_set_ID	_Atom_chem_shift.Occupancy	_Atom_chem_shift.Resonance_ID	_Atom_chem_shift.Auth_entity_assembly_ID	_Atom_chem_shift.Auth_asym_ID	_Atom_chem_shift.Auth_seq_ID	_Atom_chem_shift.Auth_comp_ID	_Atom_chem_shift.Auth_atom_ID	_Atom_chem_shift.Details	_Atom_chem_shift.Entry_ID	_Atom_chem_shift.Assigned_chem_shift_list_ID
.,.,.,.,1,N,15,N,.,N,GLN,.,69,GLN,81,.,1,1,.,50949,122,.,.,81,120.975,0.00,_Atom_chem_shift.ID	_Atom_chem_shift.Assembly_atom_ID	_Atom_chem_shift.Entity_assembly_ID	_Atom_chem_shift.Entity_assembly_asym_ID	_Atom_chem_shift.Entity_ID	_Atom_chem_shift.Comp_index_ID	_Atom_chem_shift.Seq_ID	_Atom_chem_shift.Comp_ID	_Atom_chem_shift.Atom_ID	_Atom_chem_shift.Atom_type	_Atom_chem_shift.Atom_isotope_number	_Atom_chem_shift.Val	_Atom_chem_shift.Val_err	_Atom_chem_shift.Assign_fig_of_merit	_Atom_chem_shift.Ambiguity_code	_Atom_chem_shift.Ambiguity_set_ID	_Atom_chem_shift.Occupancy	_Atom_chem_shift.Resonance_ID	_Atom_chem_shift.Auth_entity_assembly_ID	_Atom_chem_shift.Auth_asym_ID	_Atom_chem_shift.Auth_seq_ID	_Atom_chem_shift.Auth_comp_ID	_Atom_chem_shift.Auth_atom_ID	_Atom_chem_shift.Details	_Atom_chem_shift.Entry_ID	_Atom_chem_shift.Assigned_chem_shift_list_ID
.,.,.,.,1,H,1,H,.,H,ARG,.,70,ARG,82,.,1,1,.,50949,123,.,.,82,8.766,0.00,_Atom_chem_shift.ID	_Atom_chem_shift.Assembly_atom_ID	_Atom_chem_shift.Entity_assembly_ID	_Atom_chem_shift.Entity_assembly_asym_ID	_Atom_chem_shift.Entity_ID	_Atom_chem_shift.Comp_index_ID	_Atom_chem_shift.Seq_ID	_Atom_chem_shift.Comp_ID	_Atom_chem_shift.Atom_ID	_Atom_chem_shift.Atom_type	_Atom_chem_shift.Atom_isotope_number	_Atom_chem_shift.Val	_Atom_chem_shift.Val_err	_Atom_chem_shift.Assign_fig_of_merit	_Atom_chem_shift.Ambiguity_code	_Atom_chem_shift.Ambiguity_set_ID	_Atom_chem_shift.Occupancy	_Atom_chem_shift.Resonance_ID	_Atom_chem_shift.Auth_entity_assembly_ID	_Atom_chem_shift.Auth_asym_ID	_Atom_chem_shift.Auth_seq_ID	_Atom_chem_shift.Auth_comp_ID	_Atom_chem_shift.Auth_atom_ID	_Atom_chem_shift.Details	_Atom_chem_shift.Entry_ID	_Atom_chem_shift.Assigned_chem_shift_list_ID
.,.,.,.,1,N,15,N,.,N,ARG,.,70,ARG,82,.,1,1,.,50949,124,.,.,82,125.218,0.00,_Atom_chem_shift.ID	_Atom_chem_shift.Assembly_atom_ID	_Atom_chem_shift.Entity_assembly_ID	_Atom_chem_shift.Entity_assembly_asym_ID	_Atom_chem_shift.Entity_ID	_Atom_chem_shift.Comp_index_ID	_Atom_chem_shift.Seq_ID	_Atom_chem_shift.Comp_ID	_Atom_chem_shift.Atom_ID	_Atom_chem_shift.Atom_type	_Atom_chem_shift.Atom_isotope_number	_Atom_chem_shift.Val	_Atom_chem_shift.Val_err	_Atom_chem_shift.Assign_fig_of_merit	_Atom_chem_shift.Ambiguity_code	_Atom_chem_shift.Ambiguity_set_ID	_Atom_chem_shift.Occupancy	_Atom_chem_shift.Resonance_ID	_Atom_chem_shift.Auth_entity_assembly_ID	_Atom_chem_shift.Auth_asym_ID	_Atom_chem_shift.Auth_seq_ID	_Atom_chem_shift.Auth_comp_ID	_Atom_chem_shift.Auth_atom_ID	_Atom_chem_shift.Details	_Atom_chem_shift.Entry_ID	_Atom_chem_shift.Assigned_chem_shift_list_ID
.,.,.,.,1,H,1,H,.,H,ILE,.,71,ILE,83,.,1,1,.,50949,125,.,.,83,8.980,0.00,_Atom_chem_shift.ID	_Atom_chem_shift.Assembly_atom_ID	_Atom_chem_shift.Entity_assembly_ID	_Atom_chem_shift.Entity_assembly_asym_ID	_Atom_chem_shift.Entity_ID	_Atom_chem_shift.Comp_index_ID	_Atom_chem_shift.Seq_ID	_Atom_chem_shift.Comp_ID	_Atom_chem_shift.Atom_ID	_Atom_chem_shift.Atom_type	_Atom_chem_shift.Atom_isotope_number	_Atom_chem_shift.Val	_Atom_chem_shift.Val_err	_Atom_chem_shift.Assign_fig_of_merit	_Atom_chem_shift.Ambiguity_code	_Atom_chem_shift.Ambiguity_set_ID	_Atom_chem_shift.Occupancy	_Atom_chem_shift.Resonance_ID	_Atom_chem_shift.Auth_entity_assembly_ID	_Atom_chem_shift.Auth_asym_ID	_Atom_chem_shift.Auth_seq_ID	_Atom_chem_shift.Auth_comp_ID	_Atom_chem_shift.Auth_atom_ID	_Atom_chem_shift.Details	_Atom_chem_shift.Entry_ID	_Atom_chem_shift.Assigned_chem_shift_list_ID
.,.,.,.,1,N,15,N,.,N,ILE,.,71,ILE,83,.,1,1,.,50949,126,.,.,83,126.982,0.00,_Atom_chem_shift.ID	_Atom_chem_shift.Assembly_atom_ID	_Atom_chem_shift.Entity_assembly_ID	_Atom_chem_shift.Entity_assembly_asym_ID	_Atom_chem_shift.Entity_ID	_Atom_chem_shift.Comp_index_ID	_Atom_chem_shift.Seq_ID	_Atom_chem_shift.Comp_ID	_Atom_chem_shift.Atom_ID	_Atom_chem_shift.Atom_type	_Atom_chem_shift.Atom_isotope_number	_Atom_chem_shift.Val	_Atom_chem_shift.Val_err	_Atom_chem_shift.Assign_fig_of_merit	_Atom_chem_shift.Ambiguity_code	_Atom_chem_shift.Ambiguity_set_ID	_Atom_chem_shift.Occupancy	_Atom_chem_shift.Resonance_ID	_Atom_chem_shift.Auth_entity_assembly_ID	_Atom_chem_shift.Auth_asym_ID	_Atom_chem_shift.Auth_seq_ID	_Atom_chem_shift.Auth_comp_ID	_Atom_chem_shift.Auth_atom_ID	_Atom_chem_shift.Details	_Atom_chem_shift.Entry_ID	_Atom_chem_shift.Assigned_chem_shift_list_ID
.,.,.,.,1,H,1,H,.,H,ALA,.,72,ALA,84,.,1,1,.,50949,127,.,.,84,11.020,0.00,_Atom_chem_shift.ID	_Atom_chem_shift.Assembly_atom_ID	_Atom_chem_shift.Entity_assembly_ID	_Atom_chem_shift.Entity_assembly_asym_ID	_Atom_chem_shift.Entity_ID	_Atom_chem_shift.Comp_index_ID	_Atom_chem_shift.Seq_ID	_Atom_chem_shift.Comp_ID	_Atom_chem_shift.Atom_ID	_Atom_chem_shift.Atom_type	_Atom_chem_shift.Atom_isotope_number	_Atom_chem_shift.Val	_Atom_chem_shift.Val_err	_Atom_chem_shift.Assign_fig_of_merit	_Atom_chem_shift.Ambiguity_code	_Atom_chem_shift.Ambiguity_set_ID	_Atom_chem_shift.Occupancy	_Atom_chem_shift.Resonance_ID	_Atom_chem_shift.Auth_entity_assembly_ID	_Atom_chem_shift.Auth_asym_ID	_Atom_chem_shift.Auth_seq_ID	_Atom_chem_shift.Auth_comp_ID	_Atom_chem_shift.Auth_atom_ID	_Atom_chem_shift.Details	_Atom_chem_shift.Entry_ID	_Atom_chem_shift.Assigned_chem_shift_list_ID
.,.,.,.,1,N,15,N,.,N,ALA,.,72,ALA,84,.,1,1,.,50949,128,.,.,84,107.084,0.00,_Atom_chem_shift.ID	_Atom_chem_shift.Assembly_atom_ID	_Atom_chem_shift.Entity_assembly_ID	_Atom_chem_shift.Entity_assembly_asym_ID	_Atom_chem_shift.Entity_ID	_Atom_chem_shift.Comp_index_ID	_Atom_chem_shift.Seq_ID	_Atom_chem_shift.Comp_ID	_Atom_chem_shift.Atom_ID	_Atom_chem_shift.Atom_type	_Atom_chem_shift.Atom_isotope_number	_Atom_chem_shift.Val	_Atom_chem_shift.Val_err	_Atom_chem_shift.Assign_fig_of_merit	_Atom_chem_shift.Ambiguity_code	_Atom_chem_shift.Ambiguity_set_ID	_Atom_chem_shift.Occupancy	_Atom_chem_shift.Resonance_ID	_Atom_chem_shift.Auth_entity_assembly_ID	_Atom_chem_shift.Auth_asym_ID	_Atom_chem_shift.Auth_seq_ID	_Atom_chem_shift.Auth_comp_ID	_Atom_chem_shift.Auth_atom_ID	_Atom_chem_shift.Details	_Atom_chem_shift.Entry_ID	_Atom_chem_shift.Assigned_chem_shift_list_ID
.,.,.,.,1,H,1,H,.,H,ASN,.,74,ASN,86,.,1,1,.,50949,129,.,.,86,7.711,0.00,_Atom_chem_shift.ID	_Atom_chem_shift.Assembly_atom_ID	_Atom_chem_shift.Entity_assembly_ID	_Atom_chem_shift.Entity_assembly_asym_ID	_Atom_chem_shift.Entity_ID	_Atom_chem_shift.Comp_index_ID	_Atom_chem_shift.Seq_ID	_Atom_chem_shift.Comp_ID	_Atom_chem_shift.Atom_ID	_Atom_chem_shift.Atom_type	_Atom_chem_shift.Atom_isotope_number	_Atom_chem_shift.Val	_Atom_chem_shift.Val_err	_Atom_chem_shift.Assign_fig_of_merit	_Atom_chem_shift.Ambiguity_code	_Atom_chem_shift.Ambiguity_set_ID	_Atom_chem_shift.Occupancy	_Atom_chem_shift.Resonance_ID	_Atom_chem_shift.Auth_entity_assembly_ID	_Atom_chem_shift.Auth_asym_ID	_Atom_chem_shift.Auth_seq_ID	_Atom_chem_shift.Auth_comp_ID	_Atom_chem_shift.Auth_atom_ID	_Atom_chem_shift.Details	_Atom_chem_shift.Entry_ID	_Atom_chem_shift.Assigned_chem_shift_list_ID
.,.,.,.,1,N,15,N,.,N,ASN,.,74,ASN,86,.,1,1,.,50949,130,.,.,86,109.548,0.00,_Atom_chem_shift.ID	_Atom_chem_shift.Assembly_atom_ID	_Atom_chem_shift.Entity_assembly_ID	_Atom_chem_shift.Entity_assembly_asym_ID	_Atom_chem_shift.Entity_ID	_Atom_chem_shift.Comp_index_ID	_Atom_chem_shift.Seq_ID	_Atom_chem_shift.Comp_ID	_Atom_chem_shift.Atom_ID	_Atom_chem_shift.Atom_type	_Atom_chem_shift.Atom_isotope_number	_Atom_chem_shift.Val	_Atom_chem_shift.Val_err	_Atom_chem_shift.Assign_fig_of_merit	_Atom_chem_shift.Ambiguity_code	_Atom_chem_shift.Ambiguity_set_ID	_Atom_chem_shift.Occupancy	_Atom_chem_shift.Resonance_ID	_Atom_chem_shift.Auth_entity_assembly_ID	_Atom_chem_shift.Auth_asym_ID	_Atom_chem_shift.Auth_seq_ID	_Atom_chem_shift.Auth_comp_ID	_Atom_chem_shift.Auth_atom_ID	_Atom_chem_shift.Details	_Atom_chem_shift.Entry_ID	_Atom_chem_shift.Assigned_chem_shift_list_ID
.,.,.,.,1,H,1,H,.,H,HIS,.,75,HIS,87,.,1,1,.,50949,131,.,.,87,7.163,0.00,_Atom_chem_shift.ID	_Atom_chem_shift.Assembly_atom_ID	_Atom_chem_shift.Entity_assembly_ID	_Atom_chem_shift.Entity_assembly_asym_ID	_Atom_chem_shift.Entity_ID	_Atom_chem_shift.Comp_index_ID	_Atom_chem_shift.Seq_ID	_Atom_chem_shift.Comp_ID	_Atom_chem_shift.Atom_ID	_Atom_chem_shift.Atom_type	_Atom_chem_shift.Atom_isotope_number	_Atom_chem_shift.Val	_Atom_chem_shift.Val_err	_Atom_chem_shift.Assign_fig_of_merit	_Atom_chem_shift.Ambiguity_code	_Atom_chem_shift.Ambiguity_set_ID	_Atom_chem_shift.Occupancy	_Atom_chem_shift.Resonance_ID	_Atom_chem_shift.Auth_entity_assembly_ID	_Atom_chem_shift.Auth_asym_ID	_Atom_chem_shift.Auth_seq_ID	_Atom_chem_shift.Auth_comp_ID	_Atom_chem_shift.Auth_atom_ID	_Atom_chem_shift.Details	_Atom_chem_shift.Entry_ID	_Atom_chem_shift.Assigned_chem_shift_list_ID
.,.,.,.,1,N,15,N,.,N,HIS,.,75,HIS,87,.,1,1,.,50949,132,.,.,87,119.634,0.00,_Atom_chem_shift.ID	_Atom_chem_shift.Assembly_atom_ID	_Atom_chem_shift.Entity_assembly_ID	_Atom_chem_shift.Entity_assembly_asym_ID	_Atom_chem_shift.Entity_ID	_Atom_chem_shift.Comp_index_ID	_Atom_chem_shift.Seq_ID	_Atom_chem_shift.Comp_ID	_Atom_chem_shift.Atom_ID	_Atom_chem_shift.Atom_type	_Atom_chem_shift.Atom_isotope_number	_Atom_chem_shift.Val	_Atom_chem_shift.Val_err	_Atom_chem_shift.Assign_fig_of_merit	_Atom_chem_shift.Ambiguity_code	_Atom_chem_shift.Ambiguity_set_ID	_Atom_chem_shift.Occupancy	_Atom_chem_shift.Resonance_ID	_Atom_chem_shift.Auth_entity_assembly_ID	_Atom_chem_shift.Auth_asym_ID	_Atom_chem_shift.Auth_seq_ID	_Atom_chem_shift.Auth_comp_ID	_Atom_chem_shift.Auth_atom_ID	_Atom_chem_shift.Details	_Atom_chem_shift.Entry_ID	_Atom_chem_shift.Assigned_chem_shift_list_ID
.,.,.,.,1,H,1,H,.,H,THR,.,76,THR,88,.,1,1,.,50949,133,.,.,88,7.409,0.00,_Atom_chem_shift.ID	_Atom_chem_shift.Assembly_atom_ID	_Atom_chem_shift.Entity_assembly_ID	_Atom_chem_shift.Entity_assembly_asym_ID	_Atom_chem_shift.Entity_ID	_Atom_chem_shift.Comp_index_ID	_Atom_chem_shift.Seq_ID	_Atom_chem_shift.Comp_ID	_Atom_chem_shift.Atom_ID	_Atom_chem_shift.Atom_type	_Atom_chem_shift.Atom_isotope_number	_Atom_chem_shift.Val	_Atom_chem_shift.Val_err	_Atom_chem_shift.Assign_fig_of_merit	_Atom_chem_shift.Ambiguity_code	_Atom_chem_shift.Ambiguity_set_ID	_Atom_chem_shift.Occupancy	_Atom_chem_shift.Resonance_ID	_Atom_chem_shift.Auth_entity_assembly_ID	_Atom_chem_shift.Auth_asym_ID	_Atom_chem_shift.Auth_seq_ID	_Atom_chem_shift.Auth_comp_ID	_Atom_chem_shift.Auth_atom_ID	_Atom_chem_shift.Details	_Atom_chem_shift.Entry_ID	_Atom_chem_shift.Assigned_chem_shift_list_ID
.,.,.,.,1,N,15,N,.,N,THR,.,76,THR,88,.,1,1,.,50949,134,.,.,88,108.256,0.00,_Atom_chem_shift.ID	_Atom_chem_shift.Assembly_atom_ID	_Atom_chem_shift.Entity_assembly_ID	_Atom_chem_shift.Entity_assembly_asym_ID	_Atom_chem_shift.Entity_ID	_Atom_chem_shift.Comp_index_ID	_Atom_chem_shift.Seq_ID	_Atom_chem_shift.Comp_ID	_Atom_chem_shift.Atom_ID	_Atom_chem_shift.Atom_type	_Atom_chem_shift.Atom_isotope_number	_Atom_chem_shift.Val	_Atom_chem_shift.Val_err	_Atom_chem_shift.Assign_fig_of_merit	_Atom_chem_shift.Ambiguity_code	_Atom_chem_shift.Ambiguity_set_ID	_Atom_chem_shift.Occupancy	_Atom_chem_shift.Resonance_ID	_Atom_chem_shift.Auth_entity_assembly_ID	_Atom_chem_shift.Auth_asym_ID	_Atom_chem_shift.Auth_seq_ID	_Atom_chem_shift.Auth_comp_ID	_Atom_chem_shift.Auth_atom_ID	_Atom_chem_shift.Details	_Atom_chem_shift.Entry_ID	_Atom_chem_shift.Assigned_chem_shift_list_ID
.,.,.,.,1,H,1,H,.,H,LYS,.,78,LYS,90,.,1,1,.,50949,135,.,.,90,7.958,0.00,_Atom_chem_shift.ID	_Atom_chem_shift.Assembly_atom_ID	_Atom_chem_shift.Entity_assembly_ID	_Atom_chem_shift.Entity_assembly_asym_ID	_Atom_chem_shift.Entity_ID	_Atom_chem_shift.Comp_index_ID	_Atom_chem_shift.Seq_ID	_Atom_chem_shift.Comp_ID	_Atom_chem_shift.Atom_ID	_Atom_chem_shift.Atom_type	_Atom_chem_shift.Atom_isotope_number	_Atom_chem_shift.Val	_Atom_chem_shift.Val_err	_Atom_chem_shift.Assign_fig_of_merit	_Atom_chem_shift.Ambiguity_code	_Atom_chem_shift.Ambiguity_set_ID	_Atom_chem_shift.Occupancy	_Atom_chem_shift.Resonance_ID	_Atom_chem_shift.Auth_entity_assembly_ID	_Atom_chem_shift.Auth_asym_ID	_Atom_chem_shift.Auth_seq_ID	_Atom_chem_shift.Auth_comp_ID	_Atom_chem_shift.Auth_atom_ID	_Atom_chem_shift.Details	_Atom_chem_shift.Entry_ID	_Atom_chem_shift.Assigned_chem_shift_list_ID
.,.,.,.,1,N,15,N,.,N,LYS,.,78,LYS,90,.,1,1,.,50949,136,.,.,90,115.225,0.00,_Atom_chem_shift.ID	_Atom_chem_shift.Assembly_atom_ID	_Atom_chem_shift.Entity_assembly_ID	_Atom_chem_shift.Entity_assembly_asym_ID	_Atom_chem_shift.Entity_ID	_Atom_chem_shift.Comp_index_ID	_Atom_chem_shift.Seq_ID	_Atom_chem_shift.Comp_ID	_Atom_chem_shift.Atom_ID	_Atom_chem_shift.Atom_type	_Atom_chem_shift.Atom_isotope_number	_Atom_chem_shift.Val	_Atom_chem_shift.Val_err	_Atom_chem_shift.Assign_fig_of_merit	_Atom_chem_shift.Ambiguity_code	_Atom_chem_shift.Ambiguity_set_ID	_Atom_chem_shift.Occupancy	_Atom_chem_shift.Resonance_ID	_Atom_chem_shift.Auth_entity_assembly_ID	_Atom_chem_shift.Auth_asym_ID	_Atom_chem_shift.Auth_seq_ID	_Atom_chem_shift.Auth_comp_ID	_Atom_chem_shift.Auth_atom_ID	_Atom_chem_shift.Details	_Atom_chem_shift.Entry_ID	_Atom_chem_shift.Assigned_chem_shift_list_ID
.,.,.,.,1,H,1,H,.,H,GLU,.,79,GLU,91,.,1,1,.,50949,137,.,.,91,7.846,0.00,_Atom_chem_shift.ID	_Atom_chem_shift.Assembly_atom_ID	_Atom_chem_shift.Entity_assembly_ID	_Atom_chem_shift.Entity_assembly_asym_ID	_Atom_chem_shift.Entity_ID	_Atom_chem_shift.Comp_index_ID	_Atom_chem_shift.Seq_ID	_Atom_chem_shift.Comp_ID	_Atom_chem_shift.Atom_ID	_Atom_chem_shift.Atom_type	_Atom_chem_shift.Atom_isotope_number	_Atom_chem_shift.Val	_Atom_chem_shift.Val_err	_Atom_chem_shift.Assign_fig_of_merit	_Atom_chem_shift.Ambiguity_code	_Atom_chem_shift.Ambiguity_set_ID	_Atom_chem_shift.Occupancy	_Atom_chem_shift.Resonance_ID	_Atom_chem_shift.Auth_entity_assembly_ID	_Atom_chem_shift.Auth_asym_ID	_Atom_chem_shift.Auth_seq_ID	_Atom_chem_shift.Auth_comp_ID	_Atom_chem_shift.Auth_atom_ID	_Atom_chem_shift.Details	_Atom_chem_shift.Entry_ID	_Atom_chem_shift.Assigned_chem_shift_list_ID
.,.,.,.,1,N,15,N,.,N,GLU,.,79,GLU,91,.,1,1,.,50949,138,.,.,91,119.644,0.00,_Atom_chem_shift.ID	_Atom_chem_shift.Assembly_atom_ID	_Atom_chem_shift.Entity_assembly_ID	_Atom_chem_shift.Entity_assembly_asym_ID	_Atom_chem_shift.Entity_ID	_Atom_chem_shift.Comp_index_ID	_Atom_chem_shift.Seq_ID	_Atom_chem_shift.Comp_ID	_Atom_chem_shift.Atom_ID	_Atom_chem_shift.Atom_type	_Atom_chem_shift.Atom_isotope_number	_Atom_chem_shift.Val	_Atom_chem_shift.Val_err	_Atom_chem_shift.Assign_fig_of_merit	_Atom_chem_shift.Ambiguity_code	_Atom_chem_shift.Ambiguity_set_ID	_Atom_chem_shift.Occupancy	_Atom_chem_shift.Resonance_ID	_Atom_chem_shift.Auth_entity_assembly_ID	_Atom_chem_shift.Auth_asym_ID	_Atom_chem_shift.Auth_seq_ID	_Atom_chem_shift.Auth_comp_ID	_Atom_chem_shift.Auth_atom_ID	_Atom_chem_shift.Details	_Atom_chem_shift.Entry_ID	_Atom_chem_shift.Assigned_chem_shift_list_ID
.,.,.,.,1,H,1,H,.,H,LEU,.,80,LEU,92,.,1,1,.,50949,139,.,.,92,7.384,0.00,_Atom_chem_shift.ID	_Atom_chem_shift.Assembly_atom_ID	_Atom_chem_shift.Entity_assembly_ID	_Atom_chem_shift.Entity_assembly_asym_ID	_Atom_chem_shift.Entity_ID	_Atom_chem_shift.Comp_index_ID	_Atom_chem_shift.Seq_ID	_Atom_chem_shift.Comp_ID	_Atom_chem_shift.Atom_ID	_Atom_chem_shift.Atom_type	_Atom_chem_shift.Atom_isotope_number	_Atom_chem_shift.Val	_Atom_chem_shift.Val_err	_Atom_chem_shift.Assign_fig_of_merit	_Atom_chem_shift.Ambiguity_code	_Atom_chem_shift.Ambiguity_set_ID	_Atom_chem_shift.Occupancy	_Atom_chem_shift.Resonance_ID	_Atom_chem_shift.Auth_entity_assembly_ID	_Atom_chem_shift.Auth_asym_ID	_Atom_chem_shift.Auth_seq_ID	_Atom_chem_shift.Auth_comp_ID	_Atom_chem_shift.Auth_atom_ID	_Atom_chem_shift.Details	_Atom_chem_shift.Entry_ID	_Atom_chem_shift.Assigned_chem_shift_list_ID
.,.,.,.,1,N,15,N,.,N,LEU,.,80,LEU,92,.,1,1,.,50949,140,.,.,92,115.232,0.00,_Atom_chem_shift.ID	_Atom_chem_shift.Assembly_atom_ID	_Atom_chem_shift.Entity_assembly_ID	_Atom_chem_shift.Entity_assembly_asym_ID	_Atom_chem_shift.Entity_ID	_Atom_chem_shift.Comp_index_ID	_Atom_chem_shift.Seq_ID	_Atom_chem_shift.Comp_ID	_Atom_chem_shift.Atom_ID	_Atom_chem_shift.Atom_type	_Atom_chem_shift.Atom_isotope_number	_Atom_chem_shift.Val	_Atom_chem_shift.Val_err	_Atom_chem_shift.Assign_fig_of_merit	_Atom_chem_shift.Ambiguity_code	_Atom_chem_shift.Ambiguity_set_ID	_Atom_chem_shift.Occupancy	_Atom_chem_shift.Resonance_ID	_Atom_chem_shift.Auth_entity_assembly_ID	_Atom_chem_shift.Auth_asym_ID	_Atom_chem_shift.Auth_seq_ID	_Atom_chem_shift.Auth_comp_ID	_Atom_chem_shift.Auth_atom_ID	_Atom_chem_shift.Details	_Atom_chem_shift.Entry_ID	_Atom_chem_shift.Assigned_chem_shift_list_ID
.,.,.,.,1,H,1,H,.,H,GLY,.,81,GLY,93,.,1,1,.,50949,141,.,.,93,7.687,0.00,_Atom_chem_shift.ID	_Atom_chem_shift.Assembly_atom_ID	_Atom_chem_shift.Entity_assembly_ID	_Atom_chem_shift.Entity_assembly_asym_ID	_Atom_chem_shift.Entity_ID	_Atom_chem_shift.Comp_index_ID	_Atom_chem_shift.Seq_ID	_Atom_chem_shift.Comp_ID	_Atom_chem_shift.Atom_ID	_Atom_chem_shift.Atom_type	_Atom_chem_shift.Atom_isotope_number	_Atom_chem_shift.Val	_Atom_chem_shift.Val_err	_Atom_chem_shift.Assign_fig_of_merit	_Atom_chem_shift.Ambiguity_code	_Atom_chem_shift.Ambiguity_set_ID	_Atom_chem_shift.Occupancy	_Atom_chem_shift.Resonance_ID	_Atom_chem_shift.Auth_entity_assembly_ID	_Atom_chem_shift.Auth_asym_ID	_Atom_chem_shift.Auth_seq_ID	_Atom_chem_shift.Auth_comp_ID	_Atom_chem_shift.Auth_atom_ID	_Atom_chem_shift.Details	_Atom_chem_shift.Entry_ID	_Atom_chem_shift.Assigned_chem_shift_list_ID
.,.,.,.,1,N,15,N,.,N,GLY,.,81,GLY,93,.,1,1,.,50949,142,.,.,93,107.643,0.00,_Atom_chem_shift.ID	_Atom_chem_shift.Assembly_atom_ID	_Atom_chem_shift.Entity_assembly_ID	_Atom_chem_shift.Entity_assembly_asym_ID	_Atom_chem_shift.Entity_ID	_Atom_chem_shift.Comp_index_ID	_Atom_chem_shift.Seq_ID	_Atom_chem_shift.Comp_ID	_Atom_chem_shift.Atom_ID	_Atom_chem_shift.Atom_type	_Atom_chem_shift.Atom_isotope_number	_Atom_chem_shift.Val	_Atom_chem_shift.Val_err	_Atom_chem_shift.Assign_fig_of_merit	_Atom_chem_shift.Ambiguity_code	_Atom_chem_shift.Ambiguity_set_ID	_Atom_chem_shift.Occupancy	_Atom_chem_shift.Resonance_ID	_Atom_chem_shift.Auth_entity_assembly_ID	_Atom_chem_shift.Auth_asym_ID	_Atom_chem_shift.Auth_seq_ID	_Atom_chem_shift.Auth_comp_ID	_Atom_chem_shift.Auth_atom_ID	_Atom_chem_shift.Details	_Atom_chem_shift.Entry_ID	_Atom_chem_shift.Assigned_chem_shift_list_ID
.,.,.,.,1,H,1,H,.,H,ILE,.,82,ILE,94,.,1,1,.,50949,143,.,.,94,7.445,0.00,_Atom_chem_shift.ID	_Atom_chem_shift.Assembly_atom_ID	_Atom_chem_shift.Entity_assembly_ID	_Atom_chem_shift.Entity_assembly_asym_ID	_Atom_chem_shift.Entity_ID	_Atom_chem_shift.Comp_index_ID	_Atom_chem_shift.Seq_ID	_Atom_chem_shift.Comp_ID	_Atom_chem_shift.Atom_ID	_Atom_chem_shift.Atom_type	_Atom_chem_shift.Atom_isotope_number	_Atom_chem_shift.Val	_Atom_chem_shift.Val_err	_Atom_chem_shift.Assign_fig_of_merit	_Atom_chem_shift.Ambiguity_code	_Atom_chem_shift.Ambiguity_set_ID	_Atom_chem_shift.Occupancy	_Atom_chem_shift.Resonance_ID	_Atom_chem_shift.Auth_entity_assembly_ID	_Atom_chem_shift.Auth_asym_ID	_Atom_chem_shift.Auth_seq_ID	_Atom_chem_shift.Auth_comp_ID	_Atom_chem_shift.Auth_atom_ID	_Atom_chem_shift.Details	_Atom_chem_shift.Entry_ID	_Atom_chem_shift.Assigned_chem_shift_list_ID
.,.,.,.,1,N,15,N,.,N,ILE,.,82,ILE,94,.,1,1,.,50949,144,.,.,94,120.623,0.00,_Atom_chem_shift.ID	_Atom_chem_shift.Assembly_atom_ID	_Atom_chem_shift.Entity_assembly_ID	_Atom_chem_shift.Entity_assembly_asym_ID	_Atom_chem_shift.Entity_ID	_Atom_chem_shift.Comp_index_ID	_Atom_chem_shift.Seq_ID	_Atom_chem_shift.Comp_ID	_Atom_chem_shift.Atom_ID	_Atom_chem_shift.Atom_type	_Atom_chem_shift.Atom_isotope_number	_Atom_chem_shift.Val	_Atom_chem_shift.Val_err	_Atom_chem_shift.Assign_fig_of_merit	_Atom_chem_shift.Ambiguity_code	_Atom_chem_shift.Ambiguity_set_ID	_Atom_chem_shift.Occupancy	_Atom_chem_shift.Resonance_ID	_Atom_chem_shift.Auth_entity_assembly_ID	_Atom_chem_shift.Auth_asym_ID	_Atom_chem_shift.Auth_seq_ID	_Atom_chem_shift.Auth_comp_ID	_Atom_chem_shift.Auth_atom_ID	_Atom_chem_shift.Details	_Atom_chem_shift.Entry_ID	_Atom_chem_shift.Assigned_chem_shift_list_ID
.,.,.,.,1,H,1,H,.,H,GLU,.,83,GLU,95,.,1,1,.,50949,145,.,.,95,9.283,0.00,_Atom_chem_shift.ID	_Atom_chem_shift.Assembly_atom_ID	_Atom_chem_shift.Entity_assembly_ID	_Atom_chem_shift.Entity_assembly_asym_ID	_Atom_chem_shift.Entity_ID	_Atom_chem_shift.Comp_index_ID	_Atom_chem_shift.Seq_ID	_Atom_chem_shift.Comp_ID	_Atom_chem_shift.Atom_ID	_Atom_chem_shift.Atom_type	_Atom_chem_shift.Atom_isotope_number	_Atom_chem_shift.Val	_Atom_chem_shift.Val_err	_Atom_chem_shift.Assign_fig_of_merit	_Atom_chem_shift.Ambiguity_code	_Atom_chem_shift.Ambiguity_set_ID	_Atom_chem_shift.Occupancy	_Atom_chem_shift.Resonance_ID	_Atom_chem_shift.Auth_entity_assembly_ID	_Atom_chem_shift.Auth_asym_ID	_Atom_chem_shift.Auth_seq_ID	_Atom_chem_shift.Auth_comp_ID	_Atom_chem_shift.Auth_atom_ID	_Atom_chem_shift.Details	_Atom_chem_shift.Entry_ID	_Atom_chem_shift.Assigned_chem_shift_list_ID
.,.,.,.,1,N,15,N,.,N,GLU,.,83,GLU,95,.,1,1,.,50949,146,.,.,95,127.193,0.00,_Atom_chem_shift.ID	_Atom_chem_shift.Assembly_atom_ID	_Atom_chem_shift.Entity_assembly_ID	_Atom_chem_shift.Entity_assembly_asym_ID	_Atom_chem_shift.Entity_ID	_Atom_chem_shift.Comp_index_ID	_Atom_chem_shift.Seq_ID	_Atom_chem_shift.Comp_ID	_Atom_chem_shift.Atom_ID	_Atom_chem_shift.Atom_type	_Atom_chem_shift.Atom_isotope_number	_Atom_chem_shift.Val	_Atom_chem_shift.Val_err	_Atom_chem_shift.Assign_fig_of_merit	_Atom_chem_shift.Ambiguity_code	_Atom_chem_shift.Ambiguity_set_ID	_Atom_chem_shift.Occupancy	_Atom_chem_shift.Resonance_ID	_Atom_chem_shift.Auth_entity_assembly_ID	_Atom_chem_shift.Auth_asym_ID	_Atom_chem_shift.Auth_seq_ID	_Atom_chem_shift.Auth_comp_ID	_Atom_chem_shift.Auth_atom_ID	_Atom_chem_shift.Details	_Atom_chem_shift.Entry_ID	_Atom_chem_shift.Assigned_chem_shift_list_ID
.,.,.,.,1,H,1,H,.,H,GLU,.,84,GLU,96,.,1,1,.,50949,147,.,.,96,8.365,0.00,_Atom_chem_shift.ID	_Atom_chem_shift.Assembly_atom_ID	_Atom_chem_shift.Entity_assembly_ID	_Atom_chem_shift.Entity_assembly_asym_ID	_Atom_chem_shift.Entity_ID	_Atom_chem_shift.Comp_index_ID	_Atom_chem_shift.Seq_ID	_Atom_chem_shift.Comp_ID	_Atom_chem_shift.Atom_ID	_Atom_chem_shift.Atom_type	_Atom_chem_shift.Atom_isotope_number	_Atom_chem_shift.Val	_Atom_chem_shift.Val_err	_Atom_chem_shift.Assign_fig_of_merit	_Atom_chem_shift.Ambiguity_code	_Atom_chem_shift.Ambiguity_set_ID	_Atom_chem_shift.Occupancy	_Atom_chem_shift.Resonance_ID	_Atom_chem_shift.Auth_entity_assembly_ID	_Atom_chem_shift.Auth_asym_ID	_Atom_chem_shift.Auth_seq_ID	_Atom_chem_shift.Auth_comp_ID	_Atom_chem_shift.Auth_atom_ID	_Atom_chem_shift.Details	_Atom_chem_shift.Entry_ID	_Atom_chem_shift.Assigned_chem_shift_list_ID
.,.,.,.,1,N,15,N,.,N,GLU,.,84,GLU,96,.,1,1,.,50949,148,.,.,96,118.707,0.00,_Atom_chem_shift.ID	_Atom_chem_shift.Assembly_atom_ID	_Atom_chem_shift.Entity_assembly_ID	_Atom_chem_shift.Entity_assembly_asym_ID	_Atom_chem_shift.Entity_ID	_Atom_chem_shift.Comp_index_ID	_Atom_chem_shift.Seq_ID	_Atom_chem_shift.Comp_ID	_Atom_chem_shift.Atom_ID	_Atom_chem_shift.Atom_type	_Atom_chem_shift.Atom_isotope_number	_Atom_chem_shift.Val	_Atom_chem_shift.Val_err	_Atom_chem_shift.Assign_fig_of_merit	_Atom_chem_shift.Ambiguity_code	_Atom_chem_shift.Ambiguity_set_ID	_Atom_chem_shift.Occupancy	_Atom_chem_shift.Resonance_ID	_Atom_chem_shift.Auth_entity_assembly_ID	_Atom_chem_shift.Auth_asym_ID	_Atom_chem_shift.Auth_seq_ID	_Atom_chem_shift.Auth_comp_ID	_Atom_chem_shift.Auth_atom_ID	_Atom_chem_shift.Details	_Atom_chem_shift.Entry_ID	_Atom_chem_shift.Assigned_chem_shift_list_ID
.,.,.,.,1,H,1,H,.,H,GLU,.,85,GLU,97,.,1,1,.,50949,149,.,.,97,9.174,0.00,_Atom_chem_shift.ID	_Atom_chem_shift.Assembly_atom_ID	_Atom_chem_shift.Entity_assembly_ID	_Atom_chem_shift.Entity_assembly_asym_ID	_Atom_chem_shift.Entity_ID	_Atom_chem_shift.Comp_index_ID	_Atom_chem_shift.Seq_ID	_Atom_chem_shift.Comp_ID	_Atom_chem_shift.Atom_ID	_Atom_chem_shift.Atom_type	_Atom_chem_shift.Atom_isotope_number	_Atom_chem_shift.Val	_Atom_chem_shift.Val_err	_Atom_chem_shift.Assign_fig_of_merit	_Atom_chem_shift.Ambiguity_code	_Atom_chem_shift.Ambiguity_set_ID	_Atom_chem_shift.Occupancy	_Atom_chem_shift.Resonance_ID	_Atom_chem_shift.Auth_entity_assembly_ID	_Atom_chem_shift.Auth_asym_ID	_Atom_chem_shift.Auth_seq_ID	_Atom_chem_shift.Auth_comp_ID	_Atom_chem_shift.Auth_atom_ID	_Atom_chem_shift.Details	_Atom_chem_shift.Entry_ID	_Atom_chem_shift.Assigned_chem_shift_list_ID
.,.,.,.,1,N,15,N,.,N,GLU,.,85,GLU,97,.,1,1,.,50949,150,.,.,97,118.115,0.00,_Atom_chem_shift.ID	_Atom_chem_shift.Assembly_atom_ID	_Atom_chem_shift.Entity_assembly_ID	_Atom_chem_shift.Entity_assembly_asym_ID	_Atom_chem_shift.Entity_ID	_Atom_chem_shift.Comp_index_ID	_Atom_chem_shift.Seq_ID	_Atom_chem_shift.Comp_ID	_Atom_chem_shift.Atom_ID	_Atom_chem_shift.Atom_type	_Atom_chem_shift.Atom_isotope_number	_Atom_chem_shift.Val	_Atom_chem_shift.Val_err	_Atom_chem_shift.Assign_fig_of_merit	_Atom_chem_shift.Ambiguity_code	_Atom_chem_shift.Ambiguity_set_ID	_Atom_chem_shift.Occupancy	_Atom_chem_shift.Resonance_ID	_Atom_chem_shift.Auth_entity_assembly_ID	_Atom_chem_shift.Auth_asym_ID	_Atom_chem_shift.Auth_seq_ID	_Atom_chem_shift.Auth_comp_ID	_Atom_chem_shift.Auth_atom_ID	_Atom_chem_shift.Details	_Atom_chem_shift.Entry_ID	_Atom_chem_shift.Assigned_chem_shift_list_ID
.,.,.,.,1,H,1,H,.,H,ASP,.,86,ASP,98,.,1,1,.,50949,151,.,.,98,8.066,0.00,_Atom_chem_shift.ID	_Atom_chem_shift.Assembly_atom_ID	_Atom_chem_shift.Entity_assembly_ID	_Atom_chem_shift.Entity_assembly_asym_ID	_Atom_chem_shift.Entity_ID	_Atom_chem_shift.Comp_index_ID	_Atom_chem_shift.Seq_ID	_Atom_chem_shift.Comp_ID	_Atom_chem_shift.Atom_ID	_Atom_chem_shift.Atom_type	_Atom_chem_shift.Atom_isotope_number	_Atom_chem_shift.Val	_Atom_chem_shift.Val_err	_Atom_chem_shift.Assign_fig_of_merit	_Atom_chem_shift.Ambiguity_code	_Atom_chem_shift.Ambiguity_set_ID	_Atom_chem_shift.Occupancy	_Atom_chem_shift.Resonance_ID	_Atom_chem_shift.Auth_entity_assembly_ID	_Atom_chem_shift.Auth_asym_ID	_Atom_chem_shift.Auth_seq_ID	_Atom_chem_shift.Auth_comp_ID	_Atom_chem_shift.Auth_atom_ID	_Atom_chem_shift.Details	_Atom_chem_shift.Entry_ID	_Atom_chem_shift.Assigned_chem_shift_list_ID
.,.,.,.,1,N,15,N,.,N,ASP,.,86,ASP,98,.,1,1,.,50949,152,.,.,98,120.305,0.00,_Atom_chem_shift.ID	_Atom_chem_shift.Assembly_atom_ID	_Atom_chem_shift.Entity_assembly_ID	_Atom_chem_shift.Entity_assembly_asym_ID	_Atom_chem_shift.Entity_ID	_Atom_chem_shift.Comp_index_ID	_Atom_chem_shift.Seq_ID	_Atom_chem_shift.Comp_ID	_Atom_chem_shift.Atom_ID	_Atom_chem_shift.Atom_type	_Atom_chem_shift.Atom_isotope_number	_Atom_chem_shift.Val	_Atom_chem_shift.Val_err	_Atom_chem_shift.Assign_fig_of_merit	_Atom_chem_shift.Ambiguity_code	_Atom_chem_shift.Ambiguity_set_ID	_Atom_chem_shift.Occupancy	_Atom_chem_shift.Resonance_ID	_Atom_chem_shift.Auth_entity_assembly_ID	_Atom_chem_shift.Auth_asym_ID	_Atom_chem_shift.Auth_seq_ID	_Atom_chem_shift.Auth_comp_ID	_Atom_chem_shift.Auth_atom_ID	_Atom_chem_shift.Details	_Atom_chem_shift.Entry_ID	_Atom_chem_shift.Assigned_chem_shift_list_ID
.,.,.,.,1,H,1,H,.,H,VAL,.,87,VAL,99,.,1,1,.,50949,153,.,.,99,8.233,0.00,_Atom_chem_shift.ID	_Atom_chem_shift.Assembly_atom_ID	_Atom_chem_shift.Entity_assembly_ID	_Atom_chem_shift.Entity_assembly_asym_ID	_Atom_chem_shift.Entity_ID	_Atom_chem_shift.Comp_index_ID	_Atom_chem_shift.Seq_ID	_Atom_chem_shift.Comp_ID	_Atom_chem_shift.Atom_ID	_Atom_chem_shift.Atom_type	_Atom_chem_shift.Atom_isotope_number	_Atom_chem_shift.Val	_Atom_chem_shift.Val_err	_Atom_chem_shift.Assign_fig_of_merit	_Atom_chem_shift.Ambiguity_code	_Atom_chem_shift.Ambiguity_set_ID	_Atom_chem_shift.Occupancy	_Atom_chem_shift.Resonance_ID	_Atom_chem_shift.Auth_entity_assembly_ID	_Atom_chem_shift.Auth_asym_ID	_Atom_chem_shift.Auth_seq_ID	_Atom_chem_shift.Auth_comp_ID	_Atom_chem_shift.Auth_atom_ID	_Atom_chem_shift.Details	_Atom_chem_shift.Entry_ID	_Atom_chem_shift.Assigned_chem_shift_list_ID
.,.,.,.,1,N,15,N,.,N,VAL,.,87,VAL,99,.,1,1,.,50949,154,.,.,99,115.559,0.00,_Atom_chem_shift.ID	_Atom_chem_shift.Assembly_atom_ID	_Atom_chem_shift.Entity_assembly_ID	_Atom_chem_shift.Entity_assembly_asym_ID	_Atom_chem_shift.Entity_ID	_Atom_chem_shift.Comp_index_ID	_Atom_chem_shift.Seq_ID	_Atom_chem_shift.Comp_ID	_Atom_chem_shift.Atom_ID	_Atom_chem_shift.Atom_type	_Atom_chem_shift.Atom_isotope_number	_Atom_chem_shift.Val	_Atom_chem_shift.Val_err	_Atom_chem_shift.Assign_fig_of_merit	_Atom_chem_shift.Ambiguity_code	_Atom_chem_shift.Ambiguity_set_ID	_Atom_chem_shift.Occupancy	_Atom_chem_shift.Resonance_ID	_Atom_chem_shift.Auth_entity_assembly_ID	_Atom_chem_shift.Auth_asym_ID	_Atom_chem_shift.Auth_seq_ID	_Atom_chem_shift.Auth_comp_ID	_Atom_chem_shift.Auth_atom_ID	_Atom_chem_shift.Details	_Atom_chem_shift.Entry_ID	_Atom_chem_shift.Assigned_chem_shift_list_ID
.,.,.,.,1,H,1,H,.,H,ILE,.,88,ILE,100,.,1,1,.,50949,155,.,.,100,9.067,0.00,_Atom_chem_shift.ID	_Atom_chem_shift.Assembly_atom_ID	_Atom_chem_shift.Entity_assembly_ID	_Atom_chem_shift.Entity_assembly_asym_ID	_Atom_chem_shift.Entity_ID	_Atom_chem_shift.Comp_index_ID	_Atom_chem_shift.Seq_ID	_Atom_chem_shift.Comp_ID	_Atom_chem_shift.Atom_ID	_Atom_chem_shift.Atom_type	_Atom_chem_shift.Atom_isotope_number	_Atom_chem_shift.Val	_Atom_chem_shift.Val_err	_Atom_chem_shift.Assign_fig_of_merit	_Atom_chem_shift.Ambiguity_code	_Atom_chem_shift.Ambiguity_set_ID	_Atom_chem_shift.Occupancy	_Atom_chem_shift.Resonance_ID	_Atom_chem_shift.Auth_entity_assembly_ID	_Atom_chem_shift.Auth_asym_ID	_Atom_chem_shift.Auth_seq_ID	_Atom_chem_shift.Auth_comp_ID	_Atom_chem_shift.Auth_atom_ID	_Atom_chem_shift.Details	_Atom_chem_shift.Entry_ID	_Atom_chem_shift.Assigned_chem_shift_list_ID
.,.,.,.,1,N,15,N,.,N,ILE,.,88,ILE,100,.,1,1,.,50949,156,.,.,100,126.888,0.00,_Atom_chem_shift.ID	_Atom_chem_shift.Assembly_atom_ID	_Atom_chem_shift.Entity_assembly_ID	_Atom_chem_shift.Entity_assembly_asym_ID	_Atom_chem_shift.Entity_ID	_Atom_chem_shift.Comp_index_ID	_Atom_chem_shift.Seq_ID	_Atom_chem_shift.Comp_ID	_Atom_chem_shift.Atom_ID	_Atom_chem_shift.Atom_type	_Atom_chem_shift.Atom_isotope_number	_Atom_chem_shift.Val	_Atom_chem_shift.Val_err	_Atom_chem_shift.Assign_fig_of_merit	_Atom_chem_shift.Ambiguity_code	_Atom_chem_shift.Ambiguity_set_ID	_Atom_chem_shift.Occupancy	_Atom_chem_shift.Resonance_ID	_Atom_chem_shift.Auth_entity_assembly_ID	_Atom_chem_shift.Auth_asym_ID	_Atom_chem_shift.Auth_seq_ID	_Atom_chem_shift.Auth_comp_ID	_Atom_chem_shift.Auth_atom_ID	_Atom_chem_shift.Details	_Atom_chem_shift.Entry_ID	_Atom_chem_shift.Assigned_chem_shift_list_ID
.,.,.,.,1,H,1,H,.,H,GLU,.,89,GLU,101,.,1,1,.,50949,157,.,.,101,8.844,0.00,_Atom_chem_shift.ID	_Atom_chem_shift.Assembly_atom_ID	_Atom_chem_shift.Entity_assembly_ID	_Atom_chem_shift.Entity_assembly_asym_ID	_Atom_chem_shift.Entity_ID	_Atom_chem_shift.Comp_index_ID	_Atom_chem_shift.Seq_ID	_Atom_chem_shift.Comp_ID	_Atom_chem_shift.Atom_ID	_Atom_chem_shift.Atom_type	_Atom_chem_shift.Atom_isotope_number	_Atom_chem_shift.Val	_Atom_chem_shift.Val_err	_Atom_chem_shift.Assign_fig_of_merit	_Atom_chem_shift.Ambiguity_code	_Atom_chem_shift.Ambiguity_set_ID	_Atom_chem_shift.Occupancy	_Atom_chem_shift.Resonance_ID	_Atom_chem_shift.Auth_entity_assembly_ID	_Atom_chem_shift.Auth_asym_ID	_Atom_chem_shift.Auth_seq_ID	_Atom_chem_shift.Auth_comp_ID	_Atom_chem_shift.Auth_atom_ID	_Atom_chem_shift.Details	_Atom_chem_shift.Entry_ID	_Atom_chem_shift.Assigned_chem_shift_list_ID
.,.,.,.,1,N,15,N,.,N,GLU,.,89,GLU,101,.,1,1,.,50949,158,.,.,101,125.796,0.00,_Atom_chem_shift.ID	_Atom_chem_shift.Assembly_atom_ID	_Atom_chem_shift.Entity_assembly_ID	_Atom_chem_shift.Entity_assembly_asym_ID	_Atom_chem_shift.Entity_ID	_Atom_chem_shift.Comp_index_ID	_Atom_chem_shift.Seq_ID	_Atom_chem_shift.Comp_ID	_Atom_chem_shift.Atom_ID	_Atom_chem_shift.Atom_type	_Atom_chem_shift.Atom_isotope_number	_Atom_chem_shift.Val	_Atom_chem_shift.Val_err	_Atom_chem_shift.Assign_fig_of_merit	_Atom_chem_shift.Ambiguity_code	_Atom_chem_shift.Ambiguity_set_ID	_Atom_chem_shift.Occupancy	_Atom_chem_shift.Resonance_ID	_Atom_chem_shift.Auth_entity_assembly_ID	_Atom_chem_shift.Auth_asym_ID	_Atom_chem_shift.Auth_seq_ID	_Atom_chem_shift.Auth_comp_ID	_Atom_chem_shift.Auth_atom_ID	_Atom_chem_shift.Details	_Atom_chem_shift.Entry_ID	_Atom_chem_shift.Assigned_chem_shift_list_ID
.,.,.,.,1,H,1,H,.,H,VAL,.,90,VAL,102,.,1,1,.,50949,159,.,.,102,7.803,0.00,_Atom_chem_shift.ID	_Atom_chem_shift.Assembly_atom_ID	_Atom_chem_shift.Entity_assembly_ID	_Atom_chem_shift.Entity_assembly_asym_ID	_Atom_chem_shift.Entity_ID	_Atom_chem_shift.Comp_index_ID	_Atom_chem_shift.Seq_ID	_Atom_chem_shift.Comp_ID	_Atom_chem_shift.Atom_ID	_Atom_chem_shift.Atom_type	_Atom_chem_shift.Atom_isotope_number	_Atom_chem_shift.Val	_Atom_chem_shift.Val_err	_Atom_chem_shift.Assign_fig_of_merit	_Atom_chem_shift.Ambiguity_code	_Atom_chem_shift.Ambiguity_set_ID	_Atom_chem_shift.Occupancy	_Atom_chem_shift.Resonance_ID	_Atom_chem_shift.Auth_entity_assembly_ID	_Atom_chem_shift.Auth_asym_ID	_Atom_chem_shift.Auth_seq_ID	_Atom_chem_shift.Auth_comp_ID	_Atom_chem_shift.Auth_atom_ID	_Atom_chem_shift.Details	_Atom_chem_shift.Entry_ID	_Atom_chem_shift.Assigned_chem_shift_list_ID
.,.,.,.,1,N,15,N,.,N,VAL,.,90,VAL,102,.,1,1,.,50949,160,.,.,102,119.366,0.00,_Atom_chem_shift.ID	_Atom_chem_shift.Assembly_atom_ID	_Atom_chem_shift.Entity_assembly_ID	_Atom_chem_shift.Entity_assembly_asym_ID	_Atom_chem_shift.Entity_ID	_Atom_chem_shift.Comp_index_ID	_Atom_chem_shift.Seq_ID	_Atom_chem_shift.Comp_ID	_Atom_chem_shift.Atom_ID	_Atom_chem_shift.Atom_type	_Atom_chem_shift.Atom_isotope_number	_Atom_chem_shift.Val	_Atom_chem_shift.Val_err	_Atom_chem_shift.Assign_fig_of_merit	_Atom_chem_shift.Ambiguity_code	_Atom_chem_shift.Ambiguity_set_ID	_Atom_chem_shift.Occupancy	_Atom_chem_shift.Resonance_ID	_Atom_chem_shift.Auth_entity_assembly_ID	_Atom_chem_shift.Auth_asym_ID	_Atom_chem_shift.Auth_seq_ID	_Atom_chem_shift.Auth_comp_ID	_Atom_chem_shift.Auth_atom_ID	_Atom_chem_shift.Details	_Atom_chem_shift.Entry_ID	_Atom_chem_shift.Assigned_chem_shift_list_ID
.,.,.,.,1,H,1,H,.,H,TYR,.,91,TYR,103,.,1,1,.,50949,161,.,.,103,8.564,0.00,_Atom_chem_shift.ID	_Atom_chem_shift.Assembly_atom_ID	_Atom_chem_shift.Entity_assembly_ID	_Atom_chem_shift.Entity_assembly_asym_ID	_Atom_chem_shift.Entity_ID	_Atom_chem_shift.Comp_index_ID	_Atom_chem_shift.Seq_ID	_Atom_chem_shift.Comp_ID	_Atom_chem_shift.Atom_ID	_Atom_chem_shift.Atom_type	_Atom_chem_shift.Atom_isotope_number	_Atom_chem_shift.Val	_Atom_chem_shift.Val_err	_Atom_chem_shift.Assign_fig_of_merit	_Atom_chem_shift.Ambiguity_code	_Atom_chem_shift.Ambiguity_set_ID	_Atom_chem_shift.Occupancy	_Atom_chem_shift.Resonance_ID	_Atom_chem_shift.Auth_entity_assembly_ID	_Atom_chem_shift.Auth_asym_ID	_Atom_chem_shift.Auth_seq_ID	_Atom_chem_shift.Auth_comp_ID	_Atom_chem_shift.Auth_atom_ID	_Atom_chem_shift.Details	_Atom_chem_shift.Entry_ID	_Atom_chem_shift.Assigned_chem_shift_list_ID
.,.,.,.,1,N,15,N,.,N,TYR,.,91,TYR,103,.,1,1,.,50949,162,.,.,103,124.263,0.00,_Atom_chem_shift.ID	_Atom_chem_shift.Assembly_atom_ID	_Atom_chem_shift.Entity_assembly_ID	_Atom_chem_shift.Entity_assembly_asym_ID	_Atom_chem_shift.Entity_ID	_Atom_chem_shift.Comp_index_ID	_Atom_chem_shift.Seq_ID	_Atom_chem_shift.Comp_ID	_Atom_chem_shift.Atom_ID	_Atom_chem_shift.Atom_type	_Atom_chem_shift.Atom_isotope_number	_Atom_chem_shift.Val	_Atom_chem_shift.Val_err	_Atom_chem_shift.Assign_fig_of_merit	_Atom_chem_shift.Ambiguity_code	_Atom_chem_shift.Ambiguity_set_ID	_Atom_chem_shift.Occupancy	_Atom_chem_shift.Resonance_ID	_Atom_chem_shift.Auth_entity_assembly_ID	_Atom_chem_shift.Auth_asym_ID	_Atom_chem_shift.Auth_seq_ID	_Atom_chem_shift.Auth_comp_ID	_Atom_chem_shift.Auth_atom_ID	_Atom_chem_shift.Details	_Atom_chem_shift.Entry_ID	_Atom_chem_shift.Assigned_chem_shift_list_ID
.,.,.,.,1,H,1,H,.,H,GLN,.,92,GLN,104,.,1,1,.,50949,163,.,.,104,8.683,0.00,_Atom_chem_shift.ID	_Atom_chem_shift.Assembly_atom_ID	_Atom_chem_shift.Entity_assembly_ID	_Atom_chem_shift.Entity_assembly_asym_ID	_Atom_chem_shift.Entity_ID	_Atom_chem_shift.Comp_index_ID	_Atom_chem_shift.Seq_ID	_Atom_chem_shift.Comp_ID	_Atom_chem_shift.Atom_ID	_Atom_chem_shift.Atom_type	_Atom_chem_shift.Atom_isotope_number	_Atom_chem_shift.Val	_Atom_chem_shift.Val_err	_Atom_chem_shift.Assign_fig_of_merit	_Atom_chem_shift.Ambiguity_code	_Atom_chem_shift.Ambiguity_set_ID	_Atom_chem_shift.Occupancy	_Atom_chem_shift.Resonance_ID	_Atom_chem_shift.Auth_entity_assembly_ID	_Atom_chem_shift.Auth_asym_ID	_Atom_chem_shift.Auth_seq_ID	_Atom_chem_shift.Auth_comp_ID	_Atom_chem_shift.Auth_atom_ID	_Atom_chem_shift.Details	_Atom_chem_shift.Entry_ID	_Atom_chem_shift.Assigned_chem_shift_list_ID
.,.,.,.,1,N,15,N,.,N,GLN,.,92,GLN,104,.,1,1,.,50949,164,.,.,104,120.952,0.00,_Atom_chem_shift.ID	_Atom_chem_shift.Assembly_atom_ID	_Atom_chem_shift.Entity_assembly_ID	_Atom_chem_shift.Entity_assembly_asym_ID	_Atom_chem_shift.Entity_ID	_Atom_chem_shift.Comp_index_ID	_Atom_chem_shift.Seq_ID	_Atom_chem_shift.Comp_ID	_Atom_chem_shift.Atom_ID	_Atom_chem_shift.Atom_type	_Atom_chem_shift.Atom_isotope_number	_Atom_chem_shift.Val	_Atom_chem_shift.Val_err	_Atom_chem_shift.Assign_fig_of_merit	_Atom_chem_shift.Ambiguity_code	_Atom_chem_shift.Ambiguity_set_ID	_Atom_chem_shift.Occupancy	_Atom_chem_shift.Resonance_ID	_Atom_chem_shift.Auth_entity_assembly_ID	_Atom_chem_shift.Auth_asym_ID	_Atom_chem_shift.Auth_seq_ID	_Atom_chem_shift.Auth_comp_ID	_Atom_chem_shift.Auth_atom_ID	_Atom_chem_shift.Details	_Atom_chem_shift.Entry_ID	_Atom_chem_shift.Assigned_chem_shift_list_ID
.,.,.,.,1,H,1,H,.,H,GLU,.,93,GLU,105,.,1,1,.,50949,165,.,.,105,8.451,0.00,_Atom_chem_shift.ID	_Atom_chem_shift.Assembly_atom_ID	_Atom_chem_shift.Entity_assembly_ID	_Atom_chem_shift.Entity_assembly_asym_ID	_Atom_chem_shift.Entity_ID	_Atom_chem_shift.Comp_index_ID	_Atom_chem_shift.Seq_ID	_Atom_chem_shift.Comp_ID	_Atom_chem_shift.Atom_ID	_Atom_chem_shift.Atom_type	_Atom_chem_shift.Atom_isotope_number	_Atom_chem_shift.Val	_Atom_chem_shift.Val_err	_Atom_chem_shift.Assign_fig_of_merit	_Atom_chem_shift.Ambiguity_code	_Atom_chem_shift.Ambiguity_set_ID	_Atom_chem_shift.Occupancy	_Atom_chem_shift.Resonance_ID	_Atom_chem_shift.Auth_entity_assembly_ID	_Atom_chem_shift.Auth_asym_ID	_Atom_chem_shift.Auth_seq_ID	_Atom_chem_shift.Auth_comp_ID	_Atom_chem_shift.Auth_atom_ID	_Atom_chem_shift.Details	_Atom_chem_shift.Entry_ID	_Atom_chem_shift.Assigned_chem_shift_list_ID
.,.,.,.,1,N,15,N,.,N,GLU,.,93,GLU,105,.,1,1,.,50949,166,.,.,105,125.165,0.00,_Atom_chem_shift.ID	_Atom_chem_shift.Assembly_atom_ID	_Atom_chem_shift.Entity_assembly_ID	_Atom_chem_shift.Entity_assembly_asym_ID	_Atom_chem_shift.Entity_ID	_Atom_chem_shift.Comp_index_ID	_Atom_chem_shift.Seq_ID	_Atom_chem_shift.Comp_ID	_Atom_chem_shift.Atom_ID	_Atom_chem_shift.Atom_type	_Atom_chem_shift.Atom_isotope_number	_Atom_chem_shift.Val	_Atom_chem_shift.Val_err	_Atom_chem_shift.Assign_fig_of_merit	_Atom_chem_shift.Ambiguity_code	_Atom_chem_shift.Ambiguity_set_ID	_Atom_chem_shift.Occupancy	_Atom_chem_shift.Resonance_ID	_Atom_chem_shift.Auth_entity_assembly_ID	_Atom_chem_shift.Auth_asym_ID	_Atom_chem_shift.Auth_seq_ID	_Atom_chem_shift.Auth_comp_ID	_Atom_chem_shift.Auth_atom_ID	_Atom_chem_shift.Details	_Atom_chem_shift.Entry_ID	_Atom_chem_shift.Assigned_chem_shift_list_ID
.,.,.,.,1,H,1,H,.,H,GLN,.,94,GLN,106,.,1,1,.,50949,167,.,.,106,8.738,0.00,_Atom_chem_shift.ID	_Atom_chem_shift.Assembly_atom_ID	_Atom_chem_shift.Entity_assembly_ID	_Atom_chem_shift.Entity_assembly_asym_ID	_Atom_chem_shift.Entity_ID	_Atom_chem_shift.Comp_index_ID	_Atom_chem_shift.Seq_ID	_Atom_chem_shift.Comp_ID	_Atom_chem_shift.Atom_ID	_Atom_chem_shift.Atom_type	_Atom_chem_shift.Atom_isotope_number	_Atom_chem_shift.Val	_Atom_chem_shift.Val_err	_Atom_chem_shift.Assign_fig_of_merit	_Atom_chem_shift.Ambiguity_code	_Atom_chem_shift.Ambiguity_set_ID	_Atom_chem_shift.Occupancy	_Atom_chem_shift.Resonance_ID	_Atom_chem_shift.Auth_entity_assembly_ID	_Atom_chem_shift.Auth_asym_ID	_Atom_chem_shift.Auth_seq_ID	_Atom_chem_shift.Auth_comp_ID	_Atom_chem_shift.Auth_atom_ID	_Atom_chem_shift.Details	_Atom_chem_shift.Entry_ID	_Atom_chem_shift.Assigned_chem_shift_list_ID
.,.,.,.,1,N,15,N,.,N,GLN,.,94,GLN,106,.,1,1,.,50949,168,.,.,106,122.829,0.00,_Atom_chem_shift.ID	_Atom_chem_shift.Assembly_atom_ID	_Atom_chem_shift.Entity_assembly_ID	_Atom_chem_shift.Entity_assembly_asym_ID	_Atom_chem_shift.Entity_ID	_Atom_chem_shift.Comp_index_ID	_Atom_chem_shift.Seq_ID	_Atom_chem_shift.Comp_ID	_Atom_chem_shift.Atom_ID	_Atom_chem_shift.Atom_type	_Atom_chem_shift.Atom_isotope_number	_Atom_chem_shift.Val	_Atom_chem_shift.Val_err	_Atom_chem_shift.Assign_fig_of_merit	_Atom_chem_shift.Ambiguity_code	_Atom_chem_shift.Ambiguity_set_ID	_Atom_chem_shift.Occupancy	_Atom_chem_shift.Resonance_ID	_Atom_chem_shift.Auth_entity_assembly_ID	_Atom_chem_shift.Auth_asym_ID	_Atom_chem_shift.Auth_seq_ID	_Atom_chem_shift.Auth_comp_ID	_Atom_chem_shift.Auth_atom_ID	_Atom_chem_shift.Details	_Atom_chem_shift.Entry_ID	_Atom_chem_shift.Assigned_chem_shift_list_ID
.,.,.,.,1,H,1,H,.,H,GLY,.,96,GLY,108,.,1,1,.,50949,169,.,.,108,8.001,0.00,_Atom_chem_shift.ID	_Atom_chem_shift.Assembly_atom_ID	_Atom_chem_shift.Entity_assembly_ID	_Atom_chem_shift.Entity_assembly_asym_ID	_Atom_chem_shift.Entity_ID	_Atom_chem_shift.Comp_index_ID	_Atom_chem_shift.Seq_ID	_Atom_chem_shift.Comp_ID	_Atom_chem_shift.Atom_ID	_Atom_chem_shift.Atom_type	_Atom_chem_shift.Atom_isotope_number	_Atom_chem_shift.Val	_Atom_chem_shift.Val_err	_Atom_chem_shift.Assign_fig_of_merit	_Atom_chem_shift.Ambiguity_code	_Atom_chem_shift.Ambiguity_set_ID	_Atom_chem_shift.Occupancy	_Atom_chem_shift.Resonance_ID	_Atom_chem_shift.Auth_entity_assembly_ID	_Atom_chem_shift.Auth_asym_ID	_Atom_chem_shift.Auth_seq_ID	_Atom_chem_shift.Auth_comp_ID	_Atom_chem_shift.Auth_atom_ID	_Atom_chem_shift.Details	_Atom_chem_shift.Entry_ID	_Atom_chem_shift.Assigned_chem_shift_list_ID
.,.,.,.,1,N,15,N,.,N,GLY,.,96,GLY,108,.,1,1,.,50949,170,.,.,108,115.344,0.00,_Atom_chem_shift.ID	_Atom_chem_shift.Assembly_atom_ID	_Atom_chem_shift.Entity_assembly_ID	_Atom_chem_shift.Entity_assembly_asym_ID	_Atom_chem_shift.Entity_ID	_Atom_chem_shift.Comp_index_ID	_Atom_chem_shift.Seq_ID	_Atom_chem_shift.Comp_ID	_Atom_chem_shift.Atom_ID	_Atom_chem_shift.Atom_type	_Atom_chem_shift.Atom_isotope_number	_Atom_chem_shift.Val	_Atom_chem_shift.Val_err	_Atom_chem_shift.Assign_fig_of_merit	_Atom_chem_shift.Ambiguity_code	_Atom_chem_shift.Ambiguity_set_ID	_Atom_chem_shift.Occupancy	_Atom_chem_shift.Resonance_ID	_Atom_chem_shift.Auth_entity_assembly_ID	_Atom_chem_shift.Auth_asym_ID	_Atom_chem_shift.Auth_seq_ID	_Atom_chem_shift.Auth_comp_ID	_Atom_chem_shift.Auth_atom_ID	_Atom_chem_shift.Details	_Atom_chem_shift.Entry_ID	_Atom_chem_shift.Assigned_chem_shift_list_ID
