_Atom_chem_shift.Ambiguity_code,_Atom_chem_shift.Ambiguity_set_ID,_Atom_chem_shift.Assembly_atom_ID,_Atom_chem_shift.Assign_fig_of_merit,_Atom_chem_shift.Assigned_chem_shift_list_ID,_Atom_chem_shift.Atom_ID,_Atom_chem_shift.Atom_isotope_number,_Atom_chem_shift.Atom_type,_Atom_chem_shift.Auth_asym_ID,_Atom_chem_shift.Auth_atom_ID,_Atom_chem_shift.Auth_comp_ID,_Atom_chem_shift.Auth_entity_assembly_ID,_Atom_chem_shift.Auth_seq_ID,_Atom_chem_shift.Comp_ID,_Atom_chem_shift.Comp_index_ID,_Atom_chem_shift.Details,_Atom_chem_shift.Entity_ID,_Atom_chem_shift.Entity_assembly_ID,_Atom_chem_shift.Entity_assembly_asym_ID,_Atom_chem_shift.Entry_ID,_Atom_chem_shift.ID,_Atom_chem_shift.Occupancy,_Atom_chem_shift.Resonance_ID,_Atom_chem_shift.Seq_ID,_Atom_chem_shift.Val,_Atom_chem_shift.Val_err,__tags_order__
1,.,.,.,1,CA,13,C,.,CA,M,.,1,MET,1,.,1,1,.,51459,1,.,.,1,54.344,.,_Atom_chem_shift.ID	_Atom_chem_shift.Assembly_atom_ID	_Atom_chem_shift.Entity_assembly_ID	_Atom_chem_shift.Entity_assembly_asym_ID	_Atom_chem_shift.Entity_ID	_Atom_chem_shift.Comp_index_ID	_Atom_chem_shift.Seq_ID	_Atom_chem_shift.Comp_ID	_Atom_chem_shift.Atom_ID	_Atom_chem_shift.Atom_type	_Atom_chem_shift.Atom_isotope_number	_Atom_chem_shift.Val	_Atom_chem_shift.Val_err	_Atom_chem_shift.Assign_fig_of_merit	_Atom_chem_shift.Ambiguity_code	_Atom_chem_shift.Ambiguity_set_ID	_Atom_chem_shift.Occupancy	_Atom_chem_shift.Resonance_ID	_Atom_chem_shift.Auth_entity_assembly_ID	_Atom_chem_shift.Auth_asym_ID	_Atom_chem_shift.Auth_seq_ID	_Atom_chem_shift.Auth_comp_ID	_Atom_chem_shift.Auth_atom_ID	_Atom_chem_shift.Details	_Atom_chem_shift.Entry_ID	_Atom_chem_shift.Assigned_chem_shift_list_ID
1,.,.,.,1,H,1,H,.,HN,Q,.,2,GLN,2,.,1,1,.,51459,2,.,.,2,8.780,.,_Atom_chem_shift.ID	_Atom_chem_shift.Assembly_atom_ID	_Atom_chem_shift.Entity_assembly_ID	_Atom_chem_shift.Entity_assembly_asym_ID	_Atom_chem_shift.Entity_ID	_Atom_chem_shift.Comp_index_ID	_Atom_chem_shift.Seq_ID	_Atom_chem_shift.Comp_ID	_Atom_chem_shift.Atom_ID	_Atom_chem_shift.Atom_type	_Atom_chem_shift.Atom_isotope_number	_Atom_chem_shift.Val	_Atom_chem_shift.Val_err	_Atom_chem_shift.Assign_fig_of_merit	_Atom_chem_shift.Ambiguity_code	_Atom_chem_shift.Ambiguity_set_ID	_Atom_chem_shift.Occupancy	_Atom_chem_shift.Resonance_ID	_Atom_chem_shift.Auth_entity_assembly_ID	_Atom_chem_shift.Auth_asym_ID	_Atom_chem_shift.Auth_seq_ID	_Atom_chem_shift.Auth_comp_ID	_Atom_chem_shift.Auth_atom_ID	_Atom_chem_shift.Details	_Atom_chem_shift.Entry_ID	_Atom_chem_shift.Assigned_chem_shift_list_ID
1,.,.,.,1,CA,13,C,.,CA,Q,.,2,GLN,2,.,1,1,.,51459,3,.,.,2,55.164,.,_Atom_chem_shift.ID	_Atom_chem_shift.Assembly_atom_ID	_Atom_chem_shift.Entity_assembly_ID	_Atom_chem_shift.Entity_assembly_asym_ID	_Atom_chem_shift.Entity_ID	_Atom_chem_shift.Comp_index_ID	_Atom_chem_shift.Seq_ID	_Atom_chem_shift.Comp_ID	_Atom_chem_shift.Atom_ID	_Atom_chem_shift.Atom_type	_Atom_chem_shift.Atom_isotope_number	_Atom_chem_shift.Val	_Atom_chem_shift.Val_err	_Atom_chem_shift.Assign_fig_of_merit	_Atom_chem_shift.Ambiguity_code	_Atom_chem_shift.Ambiguity_set_ID	_Atom_chem_shift.Occupancy	_Atom_chem_shift.Resonance_ID	_Atom_chem_shift.Auth_entity_assembly_ID	_Atom_chem_shift.Auth_asym_ID	_Atom_chem_shift.Auth_seq_ID	_Atom_chem_shift.Auth_comp_ID	_Atom_chem_shift.Auth_atom_ID	_Atom_chem_shift.Details	_Atom_chem_shift.Entry_ID	_Atom_chem_shift.Assigned_chem_shift_list_ID
1,.,.,.,1,N,15,N,.,N,Q,.,2,GLN,2,.,1,1,.,51459,4,.,.,2,122.861,.,_Atom_chem_shift.ID	_Atom_chem_shift.Assembly_atom_ID	_Atom_chem_shift.Entity_assembly_ID	_Atom_chem_shift.Entity_assembly_asym_ID	_Atom_chem_shift.Entity_ID	_Atom_chem_shift.Comp_index_ID	_Atom_chem_shift.Seq_ID	_Atom_chem_shift.Comp_ID	_Atom_chem_shift.Atom_ID	_Atom_chem_shift.Atom_type	_Atom_chem_shift.Atom_isotope_number	_Atom_chem_shift.Val	_Atom_chem_shift.Val_err	_Atom_chem_shift.Assign_fig_of_merit	_Atom_chem_shift.Ambiguity_code	_Atom_chem_shift.Ambiguity_set_ID	_Atom_chem_shift.Occupancy	_Atom_chem_shift.Resonance_ID	_Atom_chem_shift.Auth_entity_assembly_ID	_Atom_chem_shift.Auth_asym_ID	_Atom_chem_shift.Auth_seq_ID	_Atom_chem_shift.Auth_comp_ID	_Atom_chem_shift.Auth_atom_ID	_Atom_chem_shift.Details	_Atom_chem_shift.Entry_ID	_Atom_chem_shift.Assigned_chem_shift_list_ID
1,.,.,.,1,H,1,H,.,HN,I,.,3,ILE,3,.,1,1,.,51459,5,.,.,3,8.234,.,_Atom_chem_shift.ID	_Atom_chem_shift.Assembly_atom_ID	_Atom_chem_shift.Entity_assembly_ID	_Atom_chem_shift.Entity_assembly_asym_ID	_Atom_chem_shift.Entity_ID	_Atom_chem_shift.Comp_index_ID	_Atom_chem_shift.Seq_ID	_Atom_chem_shift.Comp_ID	_Atom_chem_shift.Atom_ID	_Atom_chem_shift.Atom_type	_Atom_chem_shift.Atom_isotope_number	_Atom_chem_shift.Val	_Atom_chem_shift.Val_err	_Atom_chem_shift.Assign_fig_of_merit	_Atom_chem_shift.Ambiguity_code	_Atom_chem_shift.Ambiguity_set_ID	_Atom_chem_shift.Occupancy	_Atom_chem_shift.Resonance_ID	_Atom_chem_shift.Auth_entity_assembly_ID	_Atom_chem_shift.Auth_asym_ID	_Atom_chem_shift.Auth_seq_ID	_Atom_chem_shift.Auth_comp_ID	_Atom_chem_shift.Auth_atom_ID	_Atom_chem_shift.Details	_Atom_chem_shift.Entry_ID	_Atom_chem_shift.Assigned_chem_shift_list_ID
1,.,.,.,1,CA,13,C,.,CA,I,.,3,ILE,3,.,1,1,.,51459,6,.,.,3,59.539,.,_Atom_chem_shift.ID	_Atom_chem_shift.Assembly_atom_ID	_Atom_chem_shift.Entity_assembly_ID	_Atom_chem_shift.Entity_assembly_asym_ID	_Atom_chem_shift.Entity_ID	_Atom_chem_shift.Comp_index_ID	_Atom_chem_shift.Seq_ID	_Atom_chem_shift.Comp_ID	_Atom_chem_shift.Atom_ID	_Atom_chem_shift.Atom_type	_Atom_chem_shift.Atom_isotope_number	_Atom_chem_shift.Val	_Atom_chem_shift.Val_err	_Atom_chem_shift.Assign_fig_of_merit	_Atom_chem_shift.Ambiguity_code	_Atom_chem_shift.Ambiguity_set_ID	_Atom_chem_shift.Occupancy	_Atom_chem_shift.Resonance_ID	_Atom_chem_shift.Auth_entity_assembly_ID	_Atom_chem_shift.Auth_asym_ID	_Atom_chem_shift.Auth_seq_ID	_Atom_chem_shift.Auth_comp_ID	_Atom_chem_shift.Auth_atom_ID	_Atom_chem_shift.Details	_Atom_chem_shift.Entry_ID	_Atom_chem_shift.Assigned_chem_shift_list_ID
1,.,.,.,1,N,15,N,.,N,I,.,3,ILE,3,.,1,1,.,51459,7,.,.,3,115.232,.,_Atom_chem_shift.ID	_Atom_chem_shift.Assembly_atom_ID	_Atom_chem_shift.Entity_assembly_ID	_Atom_chem_shift.Entity_assembly_asym_ID	_Atom_chem_shift.Entity_ID	_Atom_chem_shift.Comp_index_ID	_Atom_chem_shift.Seq_ID	_Atom_chem_shift.Comp_ID	_Atom_chem_shift.Atom_ID	_Atom_chem_shift.Atom_type	_Atom_chem_shift.Atom_isotope_number	_Atom_chem_shift.Val	_Atom_chem_shift.Val_err	_Atom_chem_shift.Assign_fig_of_merit	_Atom_chem_shift.Ambiguity_code	_Atom_chem_shift.Ambiguity_set_ID	_Atom_chem_shift.Occupancy	_Atom_chem_shift.Resonance_ID	_Atom_chem_shift.Auth_entity_assembly_ID	_Atom_chem_shift.Auth_asym_ID	_Atom_chem_shift.Auth_seq_ID	_Atom_chem_shift.Auth_comp_ID	_Atom_chem_shift.Auth_atom_ID	_Atom_chem_shift.Details	_Atom_chem_shift.Entry_ID	_Atom_chem_shift.Assigned_chem_shift_list_ID
1,.,.,.,1,H,1,H,.,HN,F,.,4,PHE,4,.,1,1,.,51459,8,.,.,4,8.450,.,_Atom_chem_shift.ID	_Atom_chem_shift.Assembly_atom_ID	_Atom_chem_shift.Entity_assembly_ID	_Atom_chem_shift.Entity_assembly_asym_ID	_Atom_chem_shift.Entity_ID	_Atom_chem_shift.Comp_index_ID	_Atom_chem_shift.Seq_ID	_Atom_chem_shift.Comp_ID	_Atom_chem_shift.Atom_ID	_Atom_chem_shift.Atom_type	_Atom_chem_shift.Atom_isotope_number	_Atom_chem_shift.Val	_Atom_chem_shift.Val_err	_Atom_chem_shift.Assign_fig_of_merit	_Atom_chem_shift.Ambiguity_code	_Atom_chem_shift.Ambiguity_set_ID	_Atom_chem_shift.Occupancy	_Atom_chem_shift.Resonance_ID	_Atom_chem_shift.Auth_entity_assembly_ID	_Atom_chem_shift.Auth_asym_ID	_Atom_chem_shift.Auth_seq_ID	_Atom_chem_shift.Auth_comp_ID	_Atom_chem_shift.Auth_atom_ID	_Atom_chem_shift.Details	_Atom_chem_shift.Entry_ID	_Atom_chem_shift.Assigned_chem_shift_list_ID
1,.,.,.,1,CA,13,C,.,CA,F,.,4,PHE,4,.,1,1,.,51459,9,.,.,4,54.891,.,_Atom_chem_shift.ID	_Atom_chem_shift.Assembly_atom_ID	_Atom_chem_shift.Entity_assembly_ID	_Atom_chem_shift.Entity_assembly_asym_ID	_Atom_chem_shift.Entity_ID	_Atom_chem_shift.Comp_index_ID	_Atom_chem_shift.Seq_ID	_Atom_chem_shift.Comp_ID	_Atom_chem_shift.Atom_ID	_Atom_chem_shift.Atom_type	_Atom_chem_shift.Atom_isotope_number	_Atom_chem_shift.Val	_Atom_chem_shift.Val_err	_Atom_chem_shift.Assign_fig_of_merit	_Atom_chem_shift.Ambiguity_code	_Atom_chem_shift.Ambiguity_set_ID	_Atom_chem_shift.Occupancy	_Atom_chem_shift.Resonance_ID	_Atom_chem_shift.Auth_entity_assembly_ID	_Atom_chem_shift.Auth_asym_ID	_Atom_chem_shift.Auth_seq_ID	_Atom_chem_shift.Auth_comp_ID	_Atom_chem_shift.Auth_atom_ID	_Atom_chem_shift.Details	_Atom_chem_shift.Entry_ID	_Atom_chem_shift.Assigned_chem_shift_list_ID
1,.,.,.,1,N,15,N,.,N,F,.,4,PHE,4,.,1,1,.,51459,10,.,.,4,118.655,.,_Atom_chem_shift.ID	_Atom_chem_shift.Assembly_atom_ID	_Atom_chem_shift.Entity_assembly_ID	_Atom_chem_shift.Entity_assembly_asym_ID	_Atom_chem_shift.Entity_ID	_Atom_chem_shift.Comp_index_ID	_Atom_chem_shift.Seq_ID	_Atom_chem_shift.Comp_ID	_Atom_chem_shift.Atom_ID	_Atom_chem_shift.Atom_type	_Atom_chem_shift.Atom_isotope_number	_Atom_chem_shift.Val	_Atom_chem_shift.Val_err	_Atom_chem_shift.Assign_fig_of_merit	_Atom_chem_shift.Ambiguity_code	_Atom_chem_shift.Ambiguity_set_ID	_Atom_chem_shift.Occupancy	_Atom_chem_shift.Resonance_ID	_Atom_chem_shift.Auth_entity_assembly_ID	_Atom_chem_shift.Auth_asym_ID	_Atom_chem_shift.Auth_seq_ID	_Atom_chem_shift.Auth_comp_ID	_Atom_chem_shift.Auth_atom_ID	_Atom_chem_shift.Details	_Atom_chem_shift.Entry_ID	_Atom_chem_shift.Assigned_chem_shift_list_ID
1,.,.,.,1,H,1,H,.,HN,V,.,5,VAL,5,.,1,1,.,51459,11,.,.,5,9.200,.,_Atom_chem_shift.ID	_Atom_chem_shift.Assembly_atom_ID	_Atom_chem_shift.Entity_assembly_ID	_Atom_chem_shift.Entity_assembly_asym_ID	_Atom_chem_shift.Entity_ID	_Atom_chem_shift.Comp_index_ID	_Atom_chem_shift.Seq_ID	_Atom_chem_shift.Comp_ID	_Atom_chem_shift.Atom_ID	_Atom_chem_shift.Atom_type	_Atom_chem_shift.Atom_isotope_number	_Atom_chem_shift.Val	_Atom_chem_shift.Val_err	_Atom_chem_shift.Assign_fig_of_merit	_Atom_chem_shift.Ambiguity_code	_Atom_chem_shift.Ambiguity_set_ID	_Atom_chem_shift.Occupancy	_Atom_chem_shift.Resonance_ID	_Atom_chem_shift.Auth_entity_assembly_ID	_Atom_chem_shift.Auth_asym_ID	_Atom_chem_shift.Auth_seq_ID	_Atom_chem_shift.Auth_comp_ID	_Atom_chem_shift.Auth_atom_ID	_Atom_chem_shift.Details	_Atom_chem_shift.Entry_ID	_Atom_chem_shift.Assigned_chem_shift_list_ID
1,.,.,.,1,CA,13,C,.,CA,V,.,5,VAL,5,.,1,1,.,51459,12,.,.,5,60.359,.,_Atom_chem_shift.ID	_Atom_chem_shift.Assembly_atom_ID	_Atom_chem_shift.Entity_assembly_ID	_Atom_chem_shift.Entity_assembly_asym_ID	_Atom_chem_shift.Entity_ID	_Atom_chem_shift.Comp_index_ID	_Atom_chem_shift.Seq_ID	_Atom_chem_shift.Comp_ID	_Atom_chem_shift.Atom_ID	_Atom_chem_shift.Atom_type	_Atom_chem_shift.Atom_isotope_number	_Atom_chem_shift.Val	_Atom_chem_shift.Val_err	_Atom_chem_shift.Assign_fig_of_merit	_Atom_chem_shift.Ambiguity_code	_Atom_chem_shift.Ambiguity_set_ID	_Atom_chem_shift.Occupancy	_Atom_chem_shift.Resonance_ID	_Atom_chem_shift.Auth_entity_assembly_ID	_Atom_chem_shift.Auth_asym_ID	_Atom_chem_shift.Auth_seq_ID	_Atom_chem_shift.Auth_comp_ID	_Atom_chem_shift.Auth_atom_ID	_Atom_chem_shift.Details	_Atom_chem_shift.Entry_ID	_Atom_chem_shift.Assigned_chem_shift_list_ID
1,.,.,.,1,N,15,N,.,N,V,.,5,VAL,5,.,1,1,.,51459,13,.,.,5,121.364,.,_Atom_chem_shift.ID	_Atom_chem_shift.Assembly_atom_ID	_Atom_chem_shift.Entity_assembly_ID	_Atom_chem_shift.Entity_assembly_asym_ID	_Atom_chem_shift.Entity_ID	_Atom_chem_shift.Comp_index_ID	_Atom_chem_shift.Seq_ID	_Atom_chem_shift.Comp_ID	_Atom_chem_shift.Atom_ID	_Atom_chem_shift.Atom_type	_Atom_chem_shift.Atom_isotope_number	_Atom_chem_shift.Val	_Atom_chem_shift.Val_err	_Atom_chem_shift.Assign_fig_of_merit	_Atom_chem_shift.Ambiguity_code	_Atom_chem_shift.Ambiguity_set_ID	_Atom_chem_shift.Occupancy	_Atom_chem_shift.Resonance_ID	_Atom_chem_shift.Auth_entity_assembly_ID	_Atom_chem_shift.Auth_asym_ID	_Atom_chem_shift.Auth_seq_ID	_Atom_chem_shift.Auth_comp_ID	_Atom_chem_shift.Auth_atom_ID	_Atom_chem_shift.Details	_Atom_chem_shift.Entry_ID	_Atom_chem_shift.Assigned_chem_shift_list_ID
1,.,.,.,1,H,1,H,.,HN,K,.,6,LYS,6,.,1,1,.,51459,14,.,.,6,8.818,.,_Atom_chem_shift.ID	_Atom_chem_shift.Assembly_atom_ID	_Atom_chem_shift.Entity_assembly_ID	_Atom_chem_shift.Entity_assembly_asym_ID	_Atom_chem_shift.Entity_ID	_Atom_chem_shift.Comp_index_ID	_Atom_chem_shift.Seq_ID	_Atom_chem_shift.Comp_ID	_Atom_chem_shift.Atom_ID	_Atom_chem_shift.Atom_type	_Atom_chem_shift.Atom_isotope_number	_Atom_chem_shift.Val	_Atom_chem_shift.Val_err	_Atom_chem_shift.Assign_fig_of_merit	_Atom_chem_shift.Ambiguity_code	_Atom_chem_shift.Ambiguity_set_ID	_Atom_chem_shift.Occupancy	_Atom_chem_shift.Resonance_ID	_Atom_chem_shift.Auth_entity_assembly_ID	_Atom_chem_shift.Auth_asym_ID	_Atom_chem_shift.Auth_seq_ID	_Atom_chem_shift.Auth_comp_ID	_Atom_chem_shift.Auth_atom_ID	_Atom_chem_shift.Details	_Atom_chem_shift.Entry_ID	_Atom_chem_shift.Assigned_chem_shift_list_ID
1,.,.,.,1,CA,13,C,.,CA,K,.,6,LYS,6,.,1,1,.,51459,15,.,.,6,54.617,.,_Atom_chem_shift.ID	_Atom_chem_shift.Assembly_atom_ID	_Atom_chem_shift.Entity_assembly_ID	_Atom_chem_shift.Entity_assembly_asym_ID	_Atom_chem_shift.Entity_ID	_Atom_chem_shift.Comp_index_ID	_Atom_chem_shift.Seq_ID	_Atom_chem_shift.Comp_ID	_Atom_chem_shift.Atom_ID	_Atom_chem_shift.Atom_type	_Atom_chem_shift.Atom_isotope_number	_Atom_chem_shift.Val	_Atom_chem_shift.Val_err	_Atom_chem_shift.Assign_fig_of_merit	_Atom_chem_shift.Ambiguity_code	_Atom_chem_shift.Ambiguity_set_ID	_Atom_chem_shift.Occupancy	_Atom_chem_shift.Resonance_ID	_Atom_chem_shift.Auth_entity_assembly_ID	_Atom_chem_shift.Auth_asym_ID	_Atom_chem_shift.Auth_seq_ID	_Atom_chem_shift.Auth_comp_ID	_Atom_chem_shift.Auth_atom_ID	_Atom_chem_shift.Details	_Atom_chem_shift.Entry_ID	_Atom_chem_shift.Assigned_chem_shift_list_ID
1,.,.,.,1,N,15,N,.,N,K,.,6,LYS,6,.,1,1,.,51459,16,.,.,6,127.923,.,_Atom_chem_shift.ID	_Atom_chem_shift.Assembly_atom_ID	_Atom_chem_shift.Entity_assembly_ID	_Atom_chem_shift.Entity_assembly_asym_ID	_Atom_chem_shift.Entity_ID	_Atom_chem_shift.Comp_index_ID	_Atom_chem_shift.Seq_ID	_Atom_chem_shift.Comp_ID	_Atom_chem_shift.Atom_ID	_Atom_chem_shift.Atom_type	_Atom_chem_shift.Atom_isotope_number	_Atom_chem_shift.Val	_Atom_chem_shift.Val_err	_Atom_chem_shift.Assign_fig_of_merit	_Atom_chem_shift.Ambiguity_code	_Atom_chem_shift.Ambiguity_set_ID	_Atom_chem_shift.Occupancy	_Atom_chem_shift.Resonance_ID	_Atom_chem_shift.Auth_entity_assembly_ID	_Atom_chem_shift.Auth_asym_ID	_Atom_chem_shift.Auth_seq_ID	_Atom_chem_shift.Auth_comp_ID	_Atom_chem_shift.Auth_atom_ID	_Atom_chem_shift.Details	_Atom_chem_shift.Entry_ID	_Atom_chem_shift.Assigned_chem_shift_list_ID
1,.,.,.,1,H,1,H,.,HN,T,.,7,THR,7,.,1,1,.,51459,17,.,.,7,8.602,.,_Atom_chem_shift.ID	_Atom_chem_shift.Assembly_atom_ID	_Atom_chem_shift.Entity_assembly_ID	_Atom_chem_shift.Entity_assembly_asym_ID	_Atom_chem_shift.Entity_ID	_Atom_chem_shift.Comp_index_ID	_Atom_chem_shift.Seq_ID	_Atom_chem_shift.Comp_ID	_Atom_chem_shift.Atom_ID	_Atom_chem_shift.Atom_type	_Atom_chem_shift.Atom_isotope_number	_Atom_chem_shift.Val	_Atom_chem_shift.Val_err	_Atom_chem_shift.Assign_fig_of_merit	_Atom_chem_shift.Ambiguity_code	_Atom_chem_shift.Ambiguity_set_ID	_Atom_chem_shift.Occupancy	_Atom_chem_shift.Resonance_ID	_Atom_chem_shift.Auth_entity_assembly_ID	_Atom_chem_shift.Auth_asym_ID	_Atom_chem_shift.Auth_seq_ID	_Atom_chem_shift.Auth_comp_ID	_Atom_chem_shift.Auth_atom_ID	_Atom_chem_shift.Details	_Atom_chem_shift.Entry_ID	_Atom_chem_shift.Assigned_chem_shift_list_ID
1,.,.,.,1,CA,13,C,.,CA,T,.,7,THR,7,.,1,1,.,51459,18,.,.,7,60.496,.,_Atom_chem_shift.ID	_Atom_chem_shift.Assembly_atom_ID	_Atom_chem_shift.Entity_assembly_ID	_Atom_chem_shift.Entity_assembly_asym_ID	_Atom_chem_shift.Entity_ID	_Atom_chem_shift.Comp_index_ID	_Atom_chem_shift.Seq_ID	_Atom_chem_shift.Comp_ID	_Atom_chem_shift.Atom_ID	_Atom_chem_shift.Atom_type	_Atom_chem_shift.Atom_isotope_number	_Atom_chem_shift.Val	_Atom_chem_shift.Val_err	_Atom_chem_shift.Assign_fig_of_merit	_Atom_chem_shift.Ambiguity_code	_Atom_chem_shift.Ambiguity_set_ID	_Atom_chem_shift.Occupancy	_Atom_chem_shift.Resonance_ID	_Atom_chem_shift.Auth_entity_assembly_ID	_Atom_chem_shift.Auth_asym_ID	_Atom_chem_shift.Auth_seq_ID	_Atom_chem_shift.Auth_comp_ID	_Atom_chem_shift.Auth_atom_ID	_Atom_chem_shift.Details	_Atom_chem_shift.Entry_ID	_Atom_chem_shift.Assigned_chem_shift_list_ID
1,.,.,.,1,N,15,N,.,N,T,.,7,THR,7,.,1,1,.,51459,19,.,.,7,115.589,.,_Atom_chem_shift.ID	_Atom_chem_shift.Assembly_atom_ID	_Atom_chem_shift.Entity_assembly_ID	_Atom_chem_shift.Entity_assembly_asym_ID	_Atom_chem_shift.Entity_ID	_Atom_chem_shift.Comp_index_ID	_Atom_chem_shift.Seq_ID	_Atom_chem_shift.Comp_ID	_Atom_chem_shift.Atom_ID	_Atom_chem_shift.Atom_type	_Atom_chem_shift.Atom_isotope_number	_Atom_chem_shift.Val	_Atom_chem_shift.Val_err	_Atom_chem_shift.Assign_fig_of_merit	_Atom_chem_shift.Ambiguity_code	_Atom_chem_shift.Ambiguity_set_ID	_Atom_chem_shift.Occupancy	_Atom_chem_shift.Resonance_ID	_Atom_chem_shift.Auth_entity_assembly_ID	_Atom_chem_shift.Auth_asym_ID	_Atom_chem_shift.Auth_seq_ID	_Atom_chem_shift.Auth_comp_ID	_Atom_chem_shift.Auth_atom_ID	_Atom_chem_shift.Details	_Atom_chem_shift.Entry_ID	_Atom_chem_shift.Assigned_chem_shift_list_ID
1,.,.,.,1,H,1,H,.,HN,L,.,8,LEU,8,.,1,1,.,51459,20,.,.,8,8.996,.,_Atom_chem_shift.ID	_Atom_chem_shift.Assembly_atom_ID	_Atom_chem_shift.Entity_assembly_ID	_Atom_chem_shift.Entity_assembly_asym_ID	_Atom_chem_shift.Entity_ID	_Atom_chem_shift.Comp_index_ID	_Atom_chem_shift.Seq_ID	_Atom_chem_shift.Comp_ID	_Atom_chem_shift.Atom_ID	_Atom_chem_shift.Atom_type	_Atom_chem_shift.Atom_isotope_number	_Atom_chem_shift.Val	_Atom_chem_shift.Val_err	_Atom_chem_shift.Assign_fig_of_merit	_Atom_chem_shift.Ambiguity_code	_Atom_chem_shift.Ambiguity_set_ID	_Atom_chem_shift.Occupancy	_Atom_chem_shift.Resonance_ID	_Atom_chem_shift.Auth_entity_assembly_ID	_Atom_chem_shift.Auth_asym_ID	_Atom_chem_shift.Auth_seq_ID	_Atom_chem_shift.Auth_comp_ID	_Atom_chem_shift.Auth_atom_ID	_Atom_chem_shift.Details	_Atom_chem_shift.Entry_ID	_Atom_chem_shift.Assigned_chem_shift_list_ID
1,.,.,.,1,CA,13,C,.,CA,L,.,8,LEU,8,.,1,1,.,51459,21,.,.,8,57.488,.,_Atom_chem_shift.ID	_Atom_chem_shift.Assembly_atom_ID	_Atom_chem_shift.Entity_assembly_ID	_Atom_chem_shift.Entity_assembly_asym_ID	_Atom_chem_shift.Entity_ID	_Atom_chem_shift.Comp_index_ID	_Atom_chem_shift.Seq_ID	_Atom_chem_shift.Comp_ID	_Atom_chem_shift.Atom_ID	_Atom_chem_shift.Atom_type	_Atom_chem_shift.Atom_isotope_number	_Atom_chem_shift.Val	_Atom_chem_shift.Val_err	_Atom_chem_shift.Assign_fig_of_merit	_Atom_chem_shift.Ambiguity_code	_Atom_chem_shift.Ambiguity_set_ID	_Atom_chem_shift.Occupancy	_Atom_chem_shift.Resonance_ID	_Atom_chem_shift.Auth_entity_assembly_ID	_Atom_chem_shift.Auth_asym_ID	_Atom_chem_shift.Auth_seq_ID	_Atom_chem_shift.Auth_comp_ID	_Atom_chem_shift.Auth_atom_ID	_Atom_chem_shift.Details	_Atom_chem_shift.Entry_ID	_Atom_chem_shift.Assigned_chem_shift_list_ID
1,.,.,.,1,N,15,N,.,N,L,.,8,LEU,8,.,1,1,.,51459,22,.,.,8,121.221,.,_Atom_chem_shift.ID	_Atom_chem_shift.Assembly_atom_ID	_Atom_chem_shift.Entity_assembly_ID	_Atom_chem_shift.Entity_assembly_asym_ID	_Atom_chem_shift.Entity_ID	_Atom_chem_shift.Comp_index_ID	_Atom_chem_shift.Seq_ID	_Atom_chem_shift.Comp_ID	_Atom_chem_shift.Atom_ID	_Atom_chem_shift.Atom_type	_Atom_chem_shift.Atom_isotope_number	_Atom_chem_shift.Val	_Atom_chem_shift.Val_err	_Atom_chem_shift.Assign_fig_of_merit	_Atom_chem_shift.Ambiguity_code	_Atom_chem_shift.Ambiguity_set_ID	_Atom_chem_shift.Occupancy	_Atom_chem_shift.Resonance_ID	_Atom_chem_shift.Auth_entity_assembly_ID	_Atom_chem_shift.Auth_asym_ID	_Atom_chem_shift.Auth_seq_ID	_Atom_chem_shift.Auth_comp_ID	_Atom_chem_shift.Auth_atom_ID	_Atom_chem_shift.Details	_Atom_chem_shift.Entry_ID	_Atom_chem_shift.Assigned_chem_shift_list_ID
1,.,.,.,1,H,1,H,.,HN,T,.,9,THR,9,.,1,1,.,51459,23,.,.,9,7.509,.,_Atom_chem_shift.ID	_Atom_chem_shift.Assembly_atom_ID	_Atom_chem_shift.Entity_assembly_ID	_Atom_chem_shift.Entity_assembly_asym_ID	_Atom_chem_shift.Entity_ID	_Atom_chem_shift.Comp_index_ID	_Atom_chem_shift.Seq_ID	_Atom_chem_shift.Comp_ID	_Atom_chem_shift.Atom_ID	_Atom_chem_shift.Atom_type	_Atom_chem_shift.Atom_isotope_number	_Atom_chem_shift.Val	_Atom_chem_shift.Val_err	_Atom_chem_shift.Assign_fig_of_merit	_Atom_chem_shift.Ambiguity_code	_Atom_chem_shift.Ambiguity_set_ID	_Atom_chem_shift.Occupancy	_Atom_chem_shift.Resonance_ID	_Atom_chem_shift.Auth_entity_assembly_ID	_Atom_chem_shift.Auth_asym_ID	_Atom_chem_shift.Auth_seq_ID	_Atom_chem_shift.Auth_comp_ID	_Atom_chem_shift.Auth_atom_ID	_Atom_chem_shift.Details	_Atom_chem_shift.Entry_ID	_Atom_chem_shift.Assigned_chem_shift_list_ID
1,.,.,.,1,CA,13,C,.,CA,T,.,9,THR,9,.,1,1,.,51459,24,.,.,9,61.317,.,_Atom_chem_shift.ID	_Atom_chem_shift.Assembly_atom_ID	_Atom_chem_shift.Entity_assembly_ID	_Atom_chem_shift.Entity_assembly_asym_ID	_Atom_chem_shift.Entity_ID	_Atom_chem_shift.Comp_index_ID	_Atom_chem_shift.Seq_ID	_Atom_chem_shift.Comp_ID	_Atom_chem_shift.Atom_ID	_Atom_chem_shift.Atom_type	_Atom_chem_shift.Atom_isotope_number	_Atom_chem_shift.Val	_Atom_chem_shift.Val_err	_Atom_chem_shift.Assign_fig_of_merit	_Atom_chem_shift.Ambiguity_code	_Atom_chem_shift.Ambiguity_set_ID	_Atom_chem_shift.Occupancy	_Atom_chem_shift.Resonance_ID	_Atom_chem_shift.Auth_entity_assembly_ID	_Atom_chem_shift.Auth_asym_ID	_Atom_chem_shift.Auth_seq_ID	_Atom_chem_shift.Auth_comp_ID	_Atom_chem_shift.Auth_atom_ID	_Atom_chem_shift.Details	_Atom_chem_shift.Entry_ID	_Atom_chem_shift.Assigned_chem_shift_list_ID
1,.,.,.,1,N,15,N,.,N,T,.,9,THR,9,.,1,1,.,51459,25,.,.,9,105.963,.,_Atom_chem_shift.ID	_Atom_chem_shift.Assembly_atom_ID	_Atom_chem_shift.Entity_assembly_ID	_Atom_chem_shift.Entity_assembly_asym_ID	_Atom_chem_shift.Entity_ID	_Atom_chem_shift.Comp_index_ID	_Atom_chem_shift.Seq_ID	_Atom_chem_shift.Comp_ID	_Atom_chem_shift.Atom_ID	_Atom_chem_shift.Atom_type	_Atom_chem_shift.Atom_isotope_number	_Atom_chem_shift.Val	_Atom_chem_shift.Val_err	_Atom_chem_shift.Assign_fig_of_merit	_Atom_chem_shift.Ambiguity_code	_Atom_chem_shift.Ambiguity_set_ID	_Atom_chem_shift.Occupancy	_Atom_chem_shift.Resonance_ID	_Atom_chem_shift.Auth_entity_assembly_ID	_Atom_chem_shift.Auth_asym_ID	_Atom_chem_shift.Auth_seq_ID	_Atom_chem_shift.Auth_comp_ID	_Atom_chem_shift.Auth_atom_ID	_Atom_chem_shift.Details	_Atom_chem_shift.Entry_ID	_Atom_chem_shift.Assigned_chem_shift_list_ID
1,.,.,.,1,H,1,H,.,HN,G,.,10,GLY,10,.,1,1,.,51459,26,.,.,10,7.687,.,_Atom_chem_shift.ID	_Atom_chem_shift.Assembly_atom_ID	_Atom_chem_shift.Entity_assembly_ID	_Atom_chem_shift.Entity_assembly_asym_ID	_Atom_chem_shift.Entity_ID	_Atom_chem_shift.Comp_index_ID	_Atom_chem_shift.Seq_ID	_Atom_chem_shift.Comp_ID	_Atom_chem_shift.Atom_ID	_Atom_chem_shift.Atom_type	_Atom_chem_shift.Atom_isotope_number	_Atom_chem_shift.Val	_Atom_chem_shift.Val_err	_Atom_chem_shift.Assign_fig_of_merit	_Atom_chem_shift.Ambiguity_code	_Atom_chem_shift.Ambiguity_set_ID	_Atom_chem_shift.Occupancy	_Atom_chem_shift.Resonance_ID	_Atom_chem_shift.Auth_entity_assembly_ID	_Atom_chem_shift.Auth_asym_ID	_Atom_chem_shift.Auth_seq_ID	_Atom_chem_shift.Auth_comp_ID	_Atom_chem_shift.Auth_atom_ID	_Atom_chem_shift.Details	_Atom_chem_shift.Entry_ID	_Atom_chem_shift.Assigned_chem_shift_list_ID
1,.,.,.,1,CA,13,C,.,CA,G,.,10,GLY,10,.,1,1,.,51459,27,.,.,10,45.320,.,_Atom_chem_shift.ID	_Atom_chem_shift.Assembly_atom_ID	_Atom_chem_shift.Entity_assembly_ID	_Atom_chem_shift.Entity_assembly_asym_ID	_Atom_chem_shift.Entity_ID	_Atom_chem_shift.Comp_index_ID	_Atom_chem_shift.Seq_ID	_Atom_chem_shift.Comp_ID	_Atom_chem_shift.Atom_ID	_Atom_chem_shift.Atom_type	_Atom_chem_shift.Atom_isotope_number	_Atom_chem_shift.Val	_Atom_chem_shift.Val_err	_Atom_chem_shift.Assign_fig_of_merit	_Atom_chem_shift.Ambiguity_code	_Atom_chem_shift.Ambiguity_set_ID	_Atom_chem_shift.Occupancy	_Atom_chem_shift.Resonance_ID	_Atom_chem_shift.Auth_entity_assembly_ID	_Atom_chem_shift.Auth_asym_ID	_Atom_chem_shift.Auth_seq_ID	_Atom_chem_shift.Auth_comp_ID	_Atom_chem_shift.Auth_atom_ID	_Atom_chem_shift.Details	_Atom_chem_shift.Entry_ID	_Atom_chem_shift.Assigned_chem_shift_list_ID
1,.,.,.,1,N,15,N,.,N,G,.,10,GLY,10,.,1,1,.,51459,28,.,.,10,109.314,.,_Atom_chem_shift.ID	_Atom_chem_shift.Assembly_atom_ID	_Atom_chem_shift.Entity_assembly_ID	_Atom_chem_shift.Entity_assembly_asym_ID	_Atom_chem_shift.Entity_ID	_Atom_chem_shift.Comp_index_ID	_Atom_chem_shift.Seq_ID	_Atom_chem_shift.Comp_ID	_Atom_chem_shift.Atom_ID	_Atom_chem_shift.Atom_type	_Atom_chem_shift.Atom_isotope_number	_Atom_chem_shift.Val	_Atom_chem_shift.Val_err	_Atom_chem_shift.Assign_fig_of_merit	_Atom_chem_shift.Ambiguity_code	_Atom_chem_shift.Ambiguity_set_ID	_Atom_chem_shift.Occupancy	_Atom_chem_shift.Resonance_ID	_Atom_chem_shift.Auth_entity_assembly_ID	_Atom_chem_shift.Auth_asym_ID	_Atom_chem_shift.Auth_seq_ID	_Atom_chem_shift.Auth_comp_ID	_Atom_chem_shift.Auth_atom_ID	_Atom_chem_shift.Details	_Atom_chem_shift.Entry_ID	_Atom_chem_shift.Assigned_chem_shift_list_ID
1,.,.,.,1,H,1,H,.,HN,K,.,11,LYS,11,.,1,1,.,51459,29,.,.,11,7.128,.,_Atom_chem_shift.ID	_Atom_chem_shift.Assembly_atom_ID	_Atom_chem_shift.Entity_assembly_ID	_Atom_chem_shift.Entity_assembly_asym_ID	_Atom_chem_shift.Entity_ID	_Atom_chem_shift.Comp_index_ID	_Atom_chem_shift.Seq_ID	_Atom_chem_shift.Comp_ID	_Atom_chem_shift.Atom_ID	_Atom_chem_shift.Atom_type	_Atom_chem_shift.Atom_isotope_number	_Atom_chem_shift.Val	_Atom_chem_shift.Val_err	_Atom_chem_shift.Assign_fig_of_merit	_Atom_chem_shift.Ambiguity_code	_Atom_chem_shift.Ambiguity_set_ID	_Atom_chem_shift.Occupancy	_Atom_chem_shift.Resonance_ID	_Atom_chem_shift.Auth_entity_assembly_ID	_Atom_chem_shift.Auth_asym_ID	_Atom_chem_shift.Auth_seq_ID	_Atom_chem_shift.Auth_comp_ID	_Atom_chem_shift.Auth_atom_ID	_Atom_chem_shift.Details	_Atom_chem_shift.Entry_ID	_Atom_chem_shift.Assigned_chem_shift_list_ID
1,.,.,.,1,CA,13,C,.,CA,K,.,11,LYS,11,.,1,1,.,51459,30,.,.,11,56.258,.,_Atom_chem_shift.ID	_Atom_chem_shift.Assembly_atom_ID	_Atom_chem_shift.Entity_assembly_ID	_Atom_chem_shift.Entity_assembly_asym_ID	_Atom_chem_shift.Entity_ID	_Atom_chem_shift.Comp_index_ID	_Atom_chem_shift.Seq_ID	_Atom_chem_shift.Comp_ID	_Atom_chem_shift.Atom_ID	_Atom_chem_shift.Atom_type	_Atom_chem_shift.Atom_isotope_number	_Atom_chem_shift.Val	_Atom_chem_shift.Val_err	_Atom_chem_shift.Assign_fig_of_merit	_Atom_chem_shift.Ambiguity_code	_Atom_chem_shift.Ambiguity_set_ID	_Atom_chem_shift.Occupancy	_Atom_chem_shift.Resonance_ID	_Atom_chem_shift.Auth_entity_assembly_ID	_Atom_chem_shift.Auth_asym_ID	_Atom_chem_shift.Auth_seq_ID	_Atom_chem_shift.Auth_comp_ID	_Atom_chem_shift.Auth_atom_ID	_Atom_chem_shift.Details	_Atom_chem_shift.Entry_ID	_Atom_chem_shift.Assigned_chem_shift_list_ID
1,.,.,.,1,N,15,N,.,N,K,.,11,LYS,11,.,1,1,.,51459,31,.,.,11,122.005,.,_Atom_chem_shift.ID	_Atom_chem_shift.Assembly_atom_ID	_Atom_chem_shift.Entity_assembly_ID	_Atom_chem_shift.Entity_assembly_asym_ID	_Atom_chem_shift.Entity_ID	_Atom_chem_shift.Comp_index_ID	_Atom_chem_shift.Seq_ID	_Atom_chem_shift.Comp_ID	_Atom_chem_shift.Atom_ID	_Atom_chem_shift.Atom_type	_Atom_chem_shift.Atom_isotope_number	_Atom_chem_shift.Val	_Atom_chem_shift.Val_err	_Atom_chem_shift.Assign_fig_of_merit	_Atom_chem_shift.Ambiguity_code	_Atom_chem_shift.Ambiguity_set_ID	_Atom_chem_shift.Occupancy	_Atom_chem_shift.Resonance_ID	_Atom_chem_shift.Auth_entity_assembly_ID	_Atom_chem_shift.Auth_asym_ID	_Atom_chem_shift.Auth_seq_ID	_Atom_chem_shift.Auth_comp_ID	_Atom_chem_shift.Auth_atom_ID	_Atom_chem_shift.Details	_Atom_chem_shift.Entry_ID	_Atom_chem_shift.Assigned_chem_shift_list_ID
1,.,.,.,1,H,1,H,.,HN,T,.,12,THR,12,.,1,1,.,51459,32,.,.,12,8.501,.,_Atom_chem_shift.ID	_Atom_chem_shift.Assembly_atom_ID	_Atom_chem_shift.Entity_assembly_ID	_Atom_chem_shift.Entity_assembly_asym_ID	_Atom_chem_shift.Entity_ID	_Atom_chem_shift.Comp_index_ID	_Atom_chem_shift.Seq_ID	_Atom_chem_shift.Comp_ID	_Atom_chem_shift.Atom_ID	_Atom_chem_shift.Atom_type	_Atom_chem_shift.Atom_isotope_number	_Atom_chem_shift.Val	_Atom_chem_shift.Val_err	_Atom_chem_shift.Assign_fig_of_merit	_Atom_chem_shift.Ambiguity_code	_Atom_chem_shift.Ambiguity_set_ID	_Atom_chem_shift.Occupancy	_Atom_chem_shift.Resonance_ID	_Atom_chem_shift.Auth_entity_assembly_ID	_Atom_chem_shift.Auth_asym_ID	_Atom_chem_shift.Auth_seq_ID	_Atom_chem_shift.Auth_comp_ID	_Atom_chem_shift.Auth_atom_ID	_Atom_chem_shift.Details	_Atom_chem_shift.Entry_ID	_Atom_chem_shift.Assigned_chem_shift_list_ID
1,.,.,.,1,CA,13,C,.,CA,T,.,12,THR,12,.,1,1,.,51459,33,.,.,12,62.274,.,_Atom_chem_shift.ID	_Atom_chem_shift.Assembly_atom_ID	_Atom_chem_shift.Entity_assembly_ID	_Atom_chem_shift.Entity_assembly_asym_ID	_Atom_chem_shift.Entity_ID	_Atom_chem_shift.Comp_index_ID	_Atom_chem_shift.Seq_ID	_Atom_chem_shift.Comp_ID	_Atom_chem_shift.Atom_ID	_Atom_chem_shift.Atom_type	_Atom_chem_shift.Atom_isotope_number	_Atom_chem_shift.Val	_Atom_chem_shift.Val_err	_Atom_chem_shift.Assign_fig_of_merit	_Atom_chem_shift.Ambiguity_code	_Atom_chem_shift.Ambiguity_set_ID	_Atom_chem_shift.Occupancy	_Atom_chem_shift.Resonance_ID	_Atom_chem_shift.Auth_entity_assembly_ID	_Atom_chem_shift.Auth_asym_ID	_Atom_chem_shift.Auth_seq_ID	_Atom_chem_shift.Auth_comp_ID	_Atom_chem_shift.Auth_atom_ID	_Atom_chem_shift.Details	_Atom_chem_shift.Entry_ID	_Atom_chem_shift.Assigned_chem_shift_list_ID
1,.,.,.,1,N,15,N,.,N,T,.,12,THR,12,.,1,1,.,51459,34,.,.,12,120.793,.,_Atom_chem_shift.ID	_Atom_chem_shift.Assembly_atom_ID	_Atom_chem_shift.Entity_assembly_ID	_Atom_chem_shift.Entity_assembly_asym_ID	_Atom_chem_shift.Entity_ID	_Atom_chem_shift.Comp_index_ID	_Atom_chem_shift.Seq_ID	_Atom_chem_shift.Comp_ID	_Atom_chem_shift.Atom_ID	_Atom_chem_shift.Atom_type	_Atom_chem_shift.Atom_isotope_number	_Atom_chem_shift.Val	_Atom_chem_shift.Val_err	_Atom_chem_shift.Assign_fig_of_merit	_Atom_chem_shift.Ambiguity_code	_Atom_chem_shift.Ambiguity_set_ID	_Atom_chem_shift.Occupancy	_Atom_chem_shift.Resonance_ID	_Atom_chem_shift.Auth_entity_assembly_ID	_Atom_chem_shift.Auth_asym_ID	_Atom_chem_shift.Auth_seq_ID	_Atom_chem_shift.Auth_comp_ID	_Atom_chem_shift.Auth_atom_ID	_Atom_chem_shift.Details	_Atom_chem_shift.Entry_ID	_Atom_chem_shift.Assigned_chem_shift_list_ID
1,.,.,.,1,H,1,H,.,HN,I,.,13,ILE,13,.,1,1,.,51459,35,.,.,13,9.416,.,_Atom_chem_shift.ID	_Atom_chem_shift.Assembly_atom_ID	_Atom_chem_shift.Entity_assembly_ID	_Atom_chem_shift.Entity_assembly_asym_ID	_Atom_chem_shift.Entity_ID	_Atom_chem_shift.Comp_index_ID	_Atom_chem_shift.Seq_ID	_Atom_chem_shift.Comp_ID	_Atom_chem_shift.Atom_ID	_Atom_chem_shift.Atom_type	_Atom_chem_shift.Atom_isotope_number	_Atom_chem_shift.Val	_Atom_chem_shift.Val_err	_Atom_chem_shift.Assign_fig_of_merit	_Atom_chem_shift.Ambiguity_code	_Atom_chem_shift.Ambiguity_set_ID	_Atom_chem_shift.Occupancy	_Atom_chem_shift.Resonance_ID	_Atom_chem_shift.Auth_entity_assembly_ID	_Atom_chem_shift.Auth_asym_ID	_Atom_chem_shift.Auth_seq_ID	_Atom_chem_shift.Auth_comp_ID	_Atom_chem_shift.Auth_atom_ID	_Atom_chem_shift.Details	_Atom_chem_shift.Entry_ID	_Atom_chem_shift.Assigned_chem_shift_list_ID
1,.,.,.,1,CA,13,C,.,CA,I,.,13,ILE,13,.,1,1,.,51459,36,.,.,13,60.086,.,_Atom_chem_shift.ID	_Atom_chem_shift.Assembly_atom_ID	_Atom_chem_shift.Entity_assembly_ID	_Atom_chem_shift.Entity_assembly_asym_ID	_Atom_chem_shift.Entity_ID	_Atom_chem_shift.Comp_index_ID	_Atom_chem_shift.Seq_ID	_Atom_chem_shift.Comp_ID	_Atom_chem_shift.Atom_ID	_Atom_chem_shift.Atom_type	_Atom_chem_shift.Atom_isotope_number	_Atom_chem_shift.Val	_Atom_chem_shift.Val_err	_Atom_chem_shift.Assign_fig_of_merit	_Atom_chem_shift.Ambiguity_code	_Atom_chem_shift.Ambiguity_set_ID	_Atom_chem_shift.Occupancy	_Atom_chem_shift.Resonance_ID	_Atom_chem_shift.Auth_entity_assembly_ID	_Atom_chem_shift.Auth_asym_ID	_Atom_chem_shift.Auth_seq_ID	_Atom_chem_shift.Auth_comp_ID	_Atom_chem_shift.Auth_atom_ID	_Atom_chem_shift.Details	_Atom_chem_shift.Entry_ID	_Atom_chem_shift.Assigned_chem_shift_list_ID
1,.,.,.,1,N,15,N,.,N,I,.,13,ILE,13,.,1,1,.,51459,37,.,.,13,128.351,.,_Atom_chem_shift.ID	_Atom_chem_shift.Assembly_atom_ID	_Atom_chem_shift.Entity_assembly_ID	_Atom_chem_shift.Entity_assembly_asym_ID	_Atom_chem_shift.Entity_ID	_Atom_chem_shift.Comp_index_ID	_Atom_chem_shift.Seq_ID	_Atom_chem_shift.Comp_ID	_Atom_chem_shift.Atom_ID	_Atom_chem_shift.Atom_type	_Atom_chem_shift.Atom_isotope_number	_Atom_chem_shift.Val	_Atom_chem_shift.Val_err	_Atom_chem_shift.Assign_fig_of_merit	_Atom_chem_shift.Ambiguity_code	_Atom_chem_shift.Ambiguity_set_ID	_Atom_chem_shift.Occupancy	_Atom_chem_shift.Resonance_ID	_Atom_chem_shift.Auth_entity_assembly_ID	_Atom_chem_shift.Auth_asym_ID	_Atom_chem_shift.Auth_seq_ID	_Atom_chem_shift.Auth_comp_ID	_Atom_chem_shift.Auth_atom_ID	_Atom_chem_shift.Details	_Atom_chem_shift.Entry_ID	_Atom_chem_shift.Assigned_chem_shift_list_ID
1,.,.,.,1,H,1,H,.,HN,T,.,14,THR,14,.,1,1,.,51459,38,.,.,14,8.602,.,_Atom_chem_shift.ID	_Atom_chem_shift.Assembly_atom_ID	_Atom_chem_shift.Entity_assembly_ID	_Atom_chem_shift.Entity_assembly_asym_ID	_Atom_chem_shift.Entity_ID	_Atom_chem_shift.Comp_index_ID	_Atom_chem_shift.Seq_ID	_Atom_chem_shift.Comp_ID	_Atom_chem_shift.Atom_ID	_Atom_chem_shift.Atom_type	_Atom_chem_shift.Atom_isotope_number	_Atom_chem_shift.Val	_Atom_chem_shift.Val_err	_Atom_chem_shift.Assign_fig_of_merit	_Atom_chem_shift.Ambiguity_code	_Atom_chem_shift.Ambiguity_set_ID	_Atom_chem_shift.Occupancy	_Atom_chem_shift.Resonance_ID	_Atom_chem_shift.Auth_entity_assembly_ID	_Atom_chem_shift.Auth_asym_ID	_Atom_chem_shift.Auth_seq_ID	_Atom_chem_shift.Auth_comp_ID	_Atom_chem_shift.Auth_atom_ID	_Atom_chem_shift.Details	_Atom_chem_shift.Entry_ID	_Atom_chem_shift.Assigned_chem_shift_list_ID
1,.,.,.,1,CA,13,C,.,CA,T,.,14,THR,14,.,1,1,.,51459,39,.,.,14,62.137,.,_Atom_chem_shift.ID	_Atom_chem_shift.Assembly_atom_ID	_Atom_chem_shift.Entity_assembly_ID	_Atom_chem_shift.Entity_assembly_asym_ID	_Atom_chem_shift.Entity_ID	_Atom_chem_shift.Comp_index_ID	_Atom_chem_shift.Seq_ID	_Atom_chem_shift.Comp_ID	_Atom_chem_shift.Atom_ID	_Atom_chem_shift.Atom_type	_Atom_chem_shift.Atom_isotope_number	_Atom_chem_shift.Val	_Atom_chem_shift.Val_err	_Atom_chem_shift.Assign_fig_of_merit	_Atom_chem_shift.Ambiguity_code	_Atom_chem_shift.Ambiguity_set_ID	_Atom_chem_shift.Occupancy	_Atom_chem_shift.Resonance_ID	_Atom_chem_shift.Auth_entity_assembly_ID	_Atom_chem_shift.Auth_asym_ID	_Atom_chem_shift.Auth_seq_ID	_Atom_chem_shift.Auth_comp_ID	_Atom_chem_shift.Auth_atom_ID	_Atom_chem_shift.Details	_Atom_chem_shift.Entry_ID	_Atom_chem_shift.Assigned_chem_shift_list_ID
1,.,.,.,1,N,15,N,.,N,T,.,14,THR,14,.,1,1,.,51459,40,.,.,14,122.148,.,_Atom_chem_shift.ID	_Atom_chem_shift.Assembly_atom_ID	_Atom_chem_shift.Entity_assembly_ID	_Atom_chem_shift.Entity_assembly_asym_ID	_Atom_chem_shift.Entity_ID	_Atom_chem_shift.Comp_index_ID	_Atom_chem_shift.Seq_ID	_Atom_chem_shift.Comp_ID	_Atom_chem_shift.Atom_ID	_Atom_chem_shift.Atom_type	_Atom_chem_shift.Atom_isotope_number	_Atom_chem_shift.Val	_Atom_chem_shift.Val_err	_Atom_chem_shift.Assign_fig_of_merit	_Atom_chem_shift.Ambiguity_code	_Atom_chem_shift.Ambiguity_set_ID	_Atom_chem_shift.Occupancy	_Atom_chem_shift.Resonance_ID	_Atom_chem_shift.Auth_entity_assembly_ID	_Atom_chem_shift.Auth_asym_ID	_Atom_chem_shift.Auth_seq_ID	_Atom_chem_shift.Auth_comp_ID	_Atom_chem_shift.Auth_atom_ID	_Atom_chem_shift.Details	_Atom_chem_shift.Entry_ID	_Atom_chem_shift.Assigned_chem_shift_list_ID
1,.,.,.,1,H,1,H,.,HN,L,.,15,LEU,15,.,1,1,.,51459,41,.,.,15,8.640,.,_Atom_chem_shift.ID	_Atom_chem_shift.Assembly_atom_ID	_Atom_chem_shift.Entity_assembly_ID	_Atom_chem_shift.Entity_assembly_asym_ID	_Atom_chem_shift.Entity_ID	_Atom_chem_shift.Comp_index_ID	_Atom_chem_shift.Seq_ID	_Atom_chem_shift.Comp_ID	_Atom_chem_shift.Atom_ID	_Atom_chem_shift.Atom_type	_Atom_chem_shift.Atom_isotope_number	_Atom_chem_shift.Val	_Atom_chem_shift.Val_err	_Atom_chem_shift.Assign_fig_of_merit	_Atom_chem_shift.Ambiguity_code	_Atom_chem_shift.Ambiguity_set_ID	_Atom_chem_shift.Occupancy	_Atom_chem_shift.Resonance_ID	_Atom_chem_shift.Auth_entity_assembly_ID	_Atom_chem_shift.Auth_asym_ID	_Atom_chem_shift.Auth_seq_ID	_Atom_chem_shift.Auth_comp_ID	_Atom_chem_shift.Auth_atom_ID	_Atom_chem_shift.Details	_Atom_chem_shift.Entry_ID	_Atom_chem_shift.Assigned_chem_shift_list_ID
1,.,.,.,1,CA,13,C,.,CA,L,.,15,LEU,15,.,1,1,.,51459,42,.,.,15,52.703,.,_Atom_chem_shift.ID	_Atom_chem_shift.Assembly_atom_ID	_Atom_chem_shift.Entity_assembly_ID	_Atom_chem_shift.Entity_assembly_asym_ID	_Atom_chem_shift.Entity_ID	_Atom_chem_shift.Comp_index_ID	_Atom_chem_shift.Seq_ID	_Atom_chem_shift.Comp_ID	_Atom_chem_shift.Atom_ID	_Atom_chem_shift.Atom_type	_Atom_chem_shift.Atom_isotope_number	_Atom_chem_shift.Val	_Atom_chem_shift.Val_err	_Atom_chem_shift.Assign_fig_of_merit	_Atom_chem_shift.Ambiguity_code	_Atom_chem_shift.Ambiguity_set_ID	_Atom_chem_shift.Occupancy	_Atom_chem_shift.Resonance_ID	_Atom_chem_shift.Auth_entity_assembly_ID	_Atom_chem_shift.Auth_asym_ID	_Atom_chem_shift.Auth_seq_ID	_Atom_chem_shift.Auth_comp_ID	_Atom_chem_shift.Auth_atom_ID	_Atom_chem_shift.Details	_Atom_chem_shift.Entry_ID	_Atom_chem_shift.Assigned_chem_shift_list_ID
1,.,.,.,1,N,15,N,.,N,L,.,15,LEU,15,.,1,1,.,51459,43,.,.,15,125.998,.,_Atom_chem_shift.ID	_Atom_chem_shift.Assembly_atom_ID	_Atom_chem_shift.Entity_assembly_ID	_Atom_chem_shift.Entity_assembly_asym_ID	_Atom_chem_shift.Entity_ID	_Atom_chem_shift.Comp_index_ID	_Atom_chem_shift.Seq_ID	_Atom_chem_shift.Comp_ID	_Atom_chem_shift.Atom_ID	_Atom_chem_shift.Atom_type	_Atom_chem_shift.Atom_isotope_number	_Atom_chem_shift.Val	_Atom_chem_shift.Val_err	_Atom_chem_shift.Assign_fig_of_merit	_Atom_chem_shift.Ambiguity_code	_Atom_chem_shift.Ambiguity_set_ID	_Atom_chem_shift.Occupancy	_Atom_chem_shift.Resonance_ID	_Atom_chem_shift.Auth_entity_assembly_ID	_Atom_chem_shift.Auth_asym_ID	_Atom_chem_shift.Auth_seq_ID	_Atom_chem_shift.Auth_comp_ID	_Atom_chem_shift.Auth_atom_ID	_Atom_chem_shift.Details	_Atom_chem_shift.Entry_ID	_Atom_chem_shift.Assigned_chem_shift_list_ID
1,.,.,.,1,H,1,H,.,HN,E,.,16,GLU,16,.,1,1,.,51459,44,.,.,16,8.081,.,_Atom_chem_shift.ID	_Atom_chem_shift.Assembly_atom_ID	_Atom_chem_shift.Entity_assembly_ID	_Atom_chem_shift.Entity_assembly_asym_ID	_Atom_chem_shift.Entity_ID	_Atom_chem_shift.Comp_index_ID	_Atom_chem_shift.Seq_ID	_Atom_chem_shift.Comp_ID	_Atom_chem_shift.Atom_ID	_Atom_chem_shift.Atom_type	_Atom_chem_shift.Atom_isotope_number	_Atom_chem_shift.Val	_Atom_chem_shift.Val_err	_Atom_chem_shift.Assign_fig_of_merit	_Atom_chem_shift.Ambiguity_code	_Atom_chem_shift.Ambiguity_set_ID	_Atom_chem_shift.Occupancy	_Atom_chem_shift.Resonance_ID	_Atom_chem_shift.Auth_entity_assembly_ID	_Atom_chem_shift.Auth_asym_ID	_Atom_chem_shift.Auth_seq_ID	_Atom_chem_shift.Auth_comp_ID	_Atom_chem_shift.Auth_atom_ID	_Atom_chem_shift.Details	_Atom_chem_shift.Entry_ID	_Atom_chem_shift.Assigned_chem_shift_list_ID
1,.,.,.,1,CA,13,C,.,CA,E,.,16,GLU,16,.,1,1,.,51459,45,.,.,16,54.754,.,_Atom_chem_shift.ID	_Atom_chem_shift.Assembly_atom_ID	_Atom_chem_shift.Entity_assembly_ID	_Atom_chem_shift.Entity_assembly_asym_ID	_Atom_chem_shift.Entity_ID	_Atom_chem_shift.Comp_index_ID	_Atom_chem_shift.Seq_ID	_Atom_chem_shift.Comp_ID	_Atom_chem_shift.Atom_ID	_Atom_chem_shift.Atom_type	_Atom_chem_shift.Atom_isotope_number	_Atom_chem_shift.Val	_Atom_chem_shift.Val_err	_Atom_chem_shift.Assign_fig_of_merit	_Atom_chem_shift.Ambiguity_code	_Atom_chem_shift.Ambiguity_set_ID	_Atom_chem_shift.Occupancy	_Atom_chem_shift.Resonance_ID	_Atom_chem_shift.Auth_entity_assembly_ID	_Atom_chem_shift.Auth_asym_ID	_Atom_chem_shift.Auth_seq_ID	_Atom_chem_shift.Auth_comp_ID	_Atom_chem_shift.Auth_atom_ID	_Atom_chem_shift.Details	_Atom_chem_shift.Entry_ID	_Atom_chem_shift.Assigned_chem_shift_list_ID
1,.,.,.,1,N,15,N,.,N,E,.,16,GLU,16,.,1,1,.,51459,46,.,.,16,122.647,.,_Atom_chem_shift.ID	_Atom_chem_shift.Assembly_atom_ID	_Atom_chem_shift.Entity_assembly_ID	_Atom_chem_shift.Entity_assembly_asym_ID	_Atom_chem_shift.Entity_ID	_Atom_chem_shift.Comp_index_ID	_Atom_chem_shift.Seq_ID	_Atom_chem_shift.Comp_ID	_Atom_chem_shift.Atom_ID	_Atom_chem_shift.Atom_type	_Atom_chem_shift.Atom_isotope_number	_Atom_chem_shift.Val	_Atom_chem_shift.Val_err	_Atom_chem_shift.Assign_fig_of_merit	_Atom_chem_shift.Ambiguity_code	_Atom_chem_shift.Ambiguity_set_ID	_Atom_chem_shift.Occupancy	_Atom_chem_shift.Resonance_ID	_Atom_chem_shift.Auth_entity_assembly_ID	_Atom_chem_shift.Auth_asym_ID	_Atom_chem_shift.Auth_seq_ID	_Atom_chem_shift.Auth_comp_ID	_Atom_chem_shift.Auth_atom_ID	_Atom_chem_shift.Details	_Atom_chem_shift.Entry_ID	_Atom_chem_shift.Assigned_chem_shift_list_ID
1,.,.,.,1,H,1,H,.,HN,V,.,17,VAL,17,.,1,1,.,51459,47,.,.,17,8.793,.,_Atom_chem_shift.ID	_Atom_chem_shift.Assembly_atom_ID	_Atom_chem_shift.Entity_assembly_ID	_Atom_chem_shift.Entity_assembly_asym_ID	_Atom_chem_shift.Entity_ID	_Atom_chem_shift.Comp_index_ID	_Atom_chem_shift.Seq_ID	_Atom_chem_shift.Comp_ID	_Atom_chem_shift.Atom_ID	_Atom_chem_shift.Atom_type	_Atom_chem_shift.Atom_isotope_number	_Atom_chem_shift.Val	_Atom_chem_shift.Val_err	_Atom_chem_shift.Assign_fig_of_merit	_Atom_chem_shift.Ambiguity_code	_Atom_chem_shift.Ambiguity_set_ID	_Atom_chem_shift.Occupancy	_Atom_chem_shift.Resonance_ID	_Atom_chem_shift.Auth_entity_assembly_ID	_Atom_chem_shift.Auth_asym_ID	_Atom_chem_shift.Auth_seq_ID	_Atom_chem_shift.Auth_comp_ID	_Atom_chem_shift.Auth_atom_ID	_Atom_chem_shift.Details	_Atom_chem_shift.Entry_ID	_Atom_chem_shift.Assigned_chem_shift_list_ID
1,.,.,.,1,CA,13,C,.,CA,V,.,17,VAL,17,.,1,1,.,51459,48,.,.,17,58.445,.,_Atom_chem_shift.ID	_Atom_chem_shift.Assembly_atom_ID	_Atom_chem_shift.Entity_assembly_ID	_Atom_chem_shift.Entity_assembly_asym_ID	_Atom_chem_shift.Entity_ID	_Atom_chem_shift.Comp_index_ID	_Atom_chem_shift.Seq_ID	_Atom_chem_shift.Comp_ID	_Atom_chem_shift.Atom_ID	_Atom_chem_shift.Atom_type	_Atom_chem_shift.Atom_isotope_number	_Atom_chem_shift.Val	_Atom_chem_shift.Val_err	_Atom_chem_shift.Assign_fig_of_merit	_Atom_chem_shift.Ambiguity_code	_Atom_chem_shift.Ambiguity_set_ID	_Atom_chem_shift.Occupancy	_Atom_chem_shift.Resonance_ID	_Atom_chem_shift.Auth_entity_assembly_ID	_Atom_chem_shift.Auth_asym_ID	_Atom_chem_shift.Auth_seq_ID	_Atom_chem_shift.Auth_comp_ID	_Atom_chem_shift.Auth_atom_ID	_Atom_chem_shift.Details	_Atom_chem_shift.Entry_ID	_Atom_chem_shift.Assigned_chem_shift_list_ID
1,.,.,.,1,N,15,N,.,N,V,.,17,VAL,17,.,1,1,.,51459,49,.,.,17,117.799,.,_Atom_chem_shift.ID	_Atom_chem_shift.Assembly_atom_ID	_Atom_chem_shift.Entity_assembly_ID	_Atom_chem_shift.Entity_assembly_asym_ID	_Atom_chem_shift.Entity_ID	_Atom_chem_shift.Comp_index_ID	_Atom_chem_shift.Seq_ID	_Atom_chem_shift.Comp_ID	_Atom_chem_shift.Atom_ID	_Atom_chem_shift.Atom_type	_Atom_chem_shift.Atom_isotope_number	_Atom_chem_shift.Val	_Atom_chem_shift.Val_err	_Atom_chem_shift.Assign_fig_of_merit	_Atom_chem_shift.Ambiguity_code	_Atom_chem_shift.Ambiguity_set_ID	_Atom_chem_shift.Occupancy	_Atom_chem_shift.Resonance_ID	_Atom_chem_shift.Auth_entity_assembly_ID	_Atom_chem_shift.Auth_asym_ID	_Atom_chem_shift.Auth_seq_ID	_Atom_chem_shift.Auth_comp_ID	_Atom_chem_shift.Auth_atom_ID	_Atom_chem_shift.Details	_Atom_chem_shift.Entry_ID	_Atom_chem_shift.Assigned_chem_shift_list_ID
1,.,.,.,1,H,1,H,.,HN,E,.,18,GLU,18,.,1,1,.,51459,50,.,.,18,8.590,.,_Atom_chem_shift.ID	_Atom_chem_shift.Assembly_atom_ID	_Atom_chem_shift.Entity_assembly_ID	_Atom_chem_shift.Entity_assembly_asym_ID	_Atom_chem_shift.Entity_ID	_Atom_chem_shift.Comp_index_ID	_Atom_chem_shift.Seq_ID	_Atom_chem_shift.Comp_ID	_Atom_chem_shift.Atom_ID	_Atom_chem_shift.Atom_type	_Atom_chem_shift.Atom_isotope_number	_Atom_chem_shift.Val	_Atom_chem_shift.Val_err	_Atom_chem_shift.Assign_fig_of_merit	_Atom_chem_shift.Ambiguity_code	_Atom_chem_shift.Ambiguity_set_ID	_Atom_chem_shift.Occupancy	_Atom_chem_shift.Resonance_ID	_Atom_chem_shift.Auth_entity_assembly_ID	_Atom_chem_shift.Auth_asym_ID	_Atom_chem_shift.Auth_seq_ID	_Atom_chem_shift.Auth_comp_ID	_Atom_chem_shift.Auth_atom_ID	_Atom_chem_shift.Details	_Atom_chem_shift.Entry_ID	_Atom_chem_shift.Assigned_chem_shift_list_ID
1,.,.,.,1,CA,13,C,.,CA,E,.,18,GLU,18,.,1,1,.,51459,51,.,.,18,52.703,.,_Atom_chem_shift.ID	_Atom_chem_shift.Assembly_atom_ID	_Atom_chem_shift.Entity_assembly_ID	_Atom_chem_shift.Entity_assembly_asym_ID	_Atom_chem_shift.Entity_ID	_Atom_chem_shift.Comp_index_ID	_Atom_chem_shift.Seq_ID	_Atom_chem_shift.Comp_ID	_Atom_chem_shift.Atom_ID	_Atom_chem_shift.Atom_type	_Atom_chem_shift.Atom_isotope_number	_Atom_chem_shift.Val	_Atom_chem_shift.Val_err	_Atom_chem_shift.Assign_fig_of_merit	_Atom_chem_shift.Ambiguity_code	_Atom_chem_shift.Ambiguity_set_ID	_Atom_chem_shift.Occupancy	_Atom_chem_shift.Resonance_ID	_Atom_chem_shift.Auth_entity_assembly_ID	_Atom_chem_shift.Auth_asym_ID	_Atom_chem_shift.Auth_seq_ID	_Atom_chem_shift.Auth_comp_ID	_Atom_chem_shift.Auth_atom_ID	_Atom_chem_shift.Details	_Atom_chem_shift.Entry_ID	_Atom_chem_shift.Assigned_chem_shift_list_ID
1,.,.,.,1,N,15,N,.,N,E,.,18,GLU,18,.,1,1,.,51459,52,.,.,18,119.439,.,_Atom_chem_shift.ID	_Atom_chem_shift.Assembly_atom_ID	_Atom_chem_shift.Entity_assembly_ID	_Atom_chem_shift.Entity_assembly_asym_ID	_Atom_chem_shift.Entity_ID	_Atom_chem_shift.Comp_index_ID	_Atom_chem_shift.Seq_ID	_Atom_chem_shift.Comp_ID	_Atom_chem_shift.Atom_ID	_Atom_chem_shift.Atom_type	_Atom_chem_shift.Atom_isotope_number	_Atom_chem_shift.Val	_Atom_chem_shift.Val_err	_Atom_chem_shift.Assign_fig_of_merit	_Atom_chem_shift.Ambiguity_code	_Atom_chem_shift.Ambiguity_set_ID	_Atom_chem_shift.Occupancy	_Atom_chem_shift.Resonance_ID	_Atom_chem_shift.Auth_entity_assembly_ID	_Atom_chem_shift.Auth_asym_ID	_Atom_chem_shift.Auth_seq_ID	_Atom_chem_shift.Auth_comp_ID	_Atom_chem_shift.Auth_atom_ID	_Atom_chem_shift.Details	_Atom_chem_shift.Entry_ID	_Atom_chem_shift.Assigned_chem_shift_list_ID
1,.,.,.,1,CA,13,C,.,CA,P,.,19,PRO,19,.,1,1,.,51459,53,.,.,19,65.145,.,_Atom_chem_shift.ID	_Atom_chem_shift.Assembly_atom_ID	_Atom_chem_shift.Entity_assembly_ID	_Atom_chem_shift.Entity_assembly_asym_ID	_Atom_chem_shift.Entity_ID	_Atom_chem_shift.Comp_index_ID	_Atom_chem_shift.Seq_ID	_Atom_chem_shift.Comp_ID	_Atom_chem_shift.Atom_ID	_Atom_chem_shift.Atom_type	_Atom_chem_shift.Atom_isotope_number	_Atom_chem_shift.Val	_Atom_chem_shift.Val_err	_Atom_chem_shift.Assign_fig_of_merit	_Atom_chem_shift.Ambiguity_code	_Atom_chem_shift.Ambiguity_set_ID	_Atom_chem_shift.Occupancy	_Atom_chem_shift.Resonance_ID	_Atom_chem_shift.Auth_entity_assembly_ID	_Atom_chem_shift.Auth_asym_ID	_Atom_chem_shift.Auth_seq_ID	_Atom_chem_shift.Auth_comp_ID	_Atom_chem_shift.Auth_atom_ID	_Atom_chem_shift.Details	_Atom_chem_shift.Entry_ID	_Atom_chem_shift.Assigned_chem_shift_list_ID
1,.,.,.,1,H,1,H,.,HN,S,.,20,SER,20,.,1,1,.,51459,54,.,.,20,6.899,.,_Atom_chem_shift.ID	_Atom_chem_shift.Assembly_atom_ID	_Atom_chem_shift.Entity_assembly_ID	_Atom_chem_shift.Entity_assembly_asym_ID	_Atom_chem_shift.Entity_ID	_Atom_chem_shift.Comp_index_ID	_Atom_chem_shift.Seq_ID	_Atom_chem_shift.Comp_ID	_Atom_chem_shift.Atom_ID	_Atom_chem_shift.Atom_type	_Atom_chem_shift.Atom_isotope_number	_Atom_chem_shift.Val	_Atom_chem_shift.Val_err	_Atom_chem_shift.Assign_fig_of_merit	_Atom_chem_shift.Ambiguity_code	_Atom_chem_shift.Ambiguity_set_ID	_Atom_chem_shift.Occupancy	_Atom_chem_shift.Resonance_ID	_Atom_chem_shift.Auth_entity_assembly_ID	_Atom_chem_shift.Auth_asym_ID	_Atom_chem_shift.Auth_seq_ID	_Atom_chem_shift.Auth_comp_ID	_Atom_chem_shift.Auth_atom_ID	_Atom_chem_shift.Details	_Atom_chem_shift.Entry_ID	_Atom_chem_shift.Assigned_chem_shift_list_ID
1,.,.,.,1,CA,13,C,.,CA,S,.,20,SER,20,.,1,1,.,51459,55,.,.,20,57.352,.,_Atom_chem_shift.ID	_Atom_chem_shift.Assembly_atom_ID	_Atom_chem_shift.Entity_assembly_ID	_Atom_chem_shift.Entity_assembly_asym_ID	_Atom_chem_shift.Entity_ID	_Atom_chem_shift.Comp_index_ID	_Atom_chem_shift.Seq_ID	_Atom_chem_shift.Comp_ID	_Atom_chem_shift.Atom_ID	_Atom_chem_shift.Atom_type	_Atom_chem_shift.Atom_isotope_number	_Atom_chem_shift.Val	_Atom_chem_shift.Val_err	_Atom_chem_shift.Assign_fig_of_merit	_Atom_chem_shift.Ambiguity_code	_Atom_chem_shift.Ambiguity_set_ID	_Atom_chem_shift.Occupancy	_Atom_chem_shift.Resonance_ID	_Atom_chem_shift.Auth_entity_assembly_ID	_Atom_chem_shift.Auth_asym_ID	_Atom_chem_shift.Auth_seq_ID	_Atom_chem_shift.Auth_comp_ID	_Atom_chem_shift.Auth_atom_ID	_Atom_chem_shift.Details	_Atom_chem_shift.Entry_ID	_Atom_chem_shift.Assigned_chem_shift_list_ID
1,.,.,.,1,N,15,N,.,N,S,.,20,SER,20,.,1,1,.,51459,56,.,.,20,103.468,.,_Atom_chem_shift.ID	_Atom_chem_shift.Assembly_atom_ID	_Atom_chem_shift.Entity_assembly_ID	_Atom_chem_shift.Entity_assembly_asym_ID	_Atom_chem_shift.Entity_ID	_Atom_chem_shift.Comp_index_ID	_Atom_chem_shift.Seq_ID	_Atom_chem_shift.Comp_ID	_Atom_chem_shift.Atom_ID	_Atom_chem_shift.Atom_type	_Atom_chem_shift.Atom_isotope_number	_Atom_chem_shift.Val	_Atom_chem_shift.Val_err	_Atom_chem_shift.Assign_fig_of_merit	_Atom_chem_shift.Ambiguity_code	_Atom_chem_shift.Ambiguity_set_ID	_Atom_chem_shift.Occupancy	_Atom_chem_shift.Resonance_ID	_Atom_chem_shift.Auth_entity_assembly_ID	_Atom_chem_shift.Auth_asym_ID	_Atom_chem_shift.Auth_seq_ID	_Atom_chem_shift.Auth_comp_ID	_Atom_chem_shift.Auth_atom_ID	_Atom_chem_shift.Details	_Atom_chem_shift.Entry_ID	_Atom_chem_shift.Assigned_chem_shift_list_ID
1,.,.,.,1,H,1,H,.,HN,D,.,21,ASP,21,.,1,1,.,51459,57,.,.,21,7.903,.,_Atom_chem_shift.ID	_Atom_chem_shift.Assembly_atom_ID	_Atom_chem_shift.Entity_assembly_ID	_Atom_chem_shift.Entity_assembly_asym_ID	_Atom_chem_shift.Entity_ID	_Atom_chem_shift.Comp_index_ID	_Atom_chem_shift.Seq_ID	_Atom_chem_shift.Comp_ID	_Atom_chem_shift.Atom_ID	_Atom_chem_shift.Atom_type	_Atom_chem_shift.Atom_isotope_number	_Atom_chem_shift.Val	_Atom_chem_shift.Val_err	_Atom_chem_shift.Assign_fig_of_merit	_Atom_chem_shift.Ambiguity_code	_Atom_chem_shift.Ambiguity_set_ID	_Atom_chem_shift.Occupancy	_Atom_chem_shift.Resonance_ID	_Atom_chem_shift.Auth_entity_assembly_ID	_Atom_chem_shift.Auth_asym_ID	_Atom_chem_shift.Auth_seq_ID	_Atom_chem_shift.Auth_comp_ID	_Atom_chem_shift.Auth_atom_ID	_Atom_chem_shift.Details	_Atom_chem_shift.Entry_ID	_Atom_chem_shift.Assigned_chem_shift_list_ID
1,.,.,.,1,CA,13,C,.,CA,D,.,21,ASP,21,.,1,1,.,51459,58,.,.,21,55.847,.,_Atom_chem_shift.ID	_Atom_chem_shift.Assembly_atom_ID	_Atom_chem_shift.Entity_assembly_ID	_Atom_chem_shift.Entity_assembly_asym_ID	_Atom_chem_shift.Entity_ID	_Atom_chem_shift.Comp_index_ID	_Atom_chem_shift.Seq_ID	_Atom_chem_shift.Comp_ID	_Atom_chem_shift.Atom_ID	_Atom_chem_shift.Atom_type	_Atom_chem_shift.Atom_isotope_number	_Atom_chem_shift.Val	_Atom_chem_shift.Val_err	_Atom_chem_shift.Assign_fig_of_merit	_Atom_chem_shift.Ambiguity_code	_Atom_chem_shift.Ambiguity_set_ID	_Atom_chem_shift.Occupancy	_Atom_chem_shift.Resonance_ID	_Atom_chem_shift.Auth_entity_assembly_ID	_Atom_chem_shift.Auth_asym_ID	_Atom_chem_shift.Auth_seq_ID	_Atom_chem_shift.Auth_comp_ID	_Atom_chem_shift.Auth_atom_ID	_Atom_chem_shift.Details	_Atom_chem_shift.Entry_ID	_Atom_chem_shift.Assigned_chem_shift_list_ID
1,.,.,.,1,N,15,N,.,N,D,.,21,ASP,21,.,1,1,.,51459,59,.,.,21,123.859,.,_Atom_chem_shift.ID	_Atom_chem_shift.Assembly_atom_ID	_Atom_chem_shift.Entity_assembly_ID	_Atom_chem_shift.Entity_assembly_asym_ID	_Atom_chem_shift.Entity_ID	_Atom_chem_shift.Comp_index_ID	_Atom_chem_shift.Seq_ID	_Atom_chem_shift.Comp_ID	_Atom_chem_shift.Atom_ID	_Atom_chem_shift.Atom_type	_Atom_chem_shift.Atom_isotope_number	_Atom_chem_shift.Val	_Atom_chem_shift.Val_err	_Atom_chem_shift.Assign_fig_of_merit	_Atom_chem_shift.Ambiguity_code	_Atom_chem_shift.Ambiguity_set_ID	_Atom_chem_shift.Occupancy	_Atom_chem_shift.Resonance_ID	_Atom_chem_shift.Auth_entity_assembly_ID	_Atom_chem_shift.Auth_asym_ID	_Atom_chem_shift.Auth_seq_ID	_Atom_chem_shift.Auth_comp_ID	_Atom_chem_shift.Auth_atom_ID	_Atom_chem_shift.Details	_Atom_chem_shift.Entry_ID	_Atom_chem_shift.Assigned_chem_shift_list_ID
1,.,.,.,1,H,1,H,.,HN,T,.,22,THR,22,.,1,1,.,51459,60,.,.,22,7.725,.,_Atom_chem_shift.ID	_Atom_chem_shift.Assembly_atom_ID	_Atom_chem_shift.Entity_assembly_ID	_Atom_chem_shift.Entity_assembly_asym_ID	_Atom_chem_shift.Entity_ID	_Atom_chem_shift.Comp_index_ID	_Atom_chem_shift.Seq_ID	_Atom_chem_shift.Comp_ID	_Atom_chem_shift.Atom_ID	_Atom_chem_shift.Atom_type	_Atom_chem_shift.Atom_isotope_number	_Atom_chem_shift.Val	_Atom_chem_shift.Val_err	_Atom_chem_shift.Assign_fig_of_merit	_Atom_chem_shift.Ambiguity_code	_Atom_chem_shift.Ambiguity_set_ID	_Atom_chem_shift.Occupancy	_Atom_chem_shift.Resonance_ID	_Atom_chem_shift.Auth_entity_assembly_ID	_Atom_chem_shift.Auth_asym_ID	_Atom_chem_shift.Auth_seq_ID	_Atom_chem_shift.Auth_comp_ID	_Atom_chem_shift.Auth_atom_ID	_Atom_chem_shift.Details	_Atom_chem_shift.Entry_ID	_Atom_chem_shift.Assigned_chem_shift_list_ID
1,.,.,.,1,CA,13,C,.,CA,T,.,22,THR,22,.,1,1,.,51459,61,.,.,22,59.539,.,_Atom_chem_shift.ID	_Atom_chem_shift.Assembly_atom_ID	_Atom_chem_shift.Entity_assembly_ID	_Atom_chem_shift.Entity_assembly_asym_ID	_Atom_chem_shift.Entity_ID	_Atom_chem_shift.Comp_index_ID	_Atom_chem_shift.Seq_ID	_Atom_chem_shift.Comp_ID	_Atom_chem_shift.Atom_ID	_Atom_chem_shift.Atom_type	_Atom_chem_shift.Atom_isotope_number	_Atom_chem_shift.Val	_Atom_chem_shift.Val_err	_Atom_chem_shift.Assign_fig_of_merit	_Atom_chem_shift.Ambiguity_code	_Atom_chem_shift.Ambiguity_set_ID	_Atom_chem_shift.Occupancy	_Atom_chem_shift.Resonance_ID	_Atom_chem_shift.Auth_entity_assembly_ID	_Atom_chem_shift.Auth_asym_ID	_Atom_chem_shift.Auth_seq_ID	_Atom_chem_shift.Auth_comp_ID	_Atom_chem_shift.Auth_atom_ID	_Atom_chem_shift.Details	_Atom_chem_shift.Entry_ID	_Atom_chem_shift.Assigned_chem_shift_list_ID
1,.,.,.,1,N,15,N,.,N,T,.,22,THR,22,.,1,1,.,51459,62,.,.,22,108.744,.,_Atom_chem_shift.ID	_Atom_chem_shift.Assembly_atom_ID	_Atom_chem_shift.Entity_assembly_ID	_Atom_chem_shift.Entity_assembly_asym_ID	_Atom_chem_shift.Entity_ID	_Atom_chem_shift.Comp_index_ID	_Atom_chem_shift.Seq_ID	_Atom_chem_shift.Comp_ID	_Atom_chem_shift.Atom_ID	_Atom_chem_shift.Atom_type	_Atom_chem_shift.Atom_isotope_number	_Atom_chem_shift.Val	_Atom_chem_shift.Val_err	_Atom_chem_shift.Assign_fig_of_merit	_Atom_chem_shift.Ambiguity_code	_Atom_chem_shift.Ambiguity_set_ID	_Atom_chem_shift.Occupancy	_Atom_chem_shift.Resonance_ID	_Atom_chem_shift.Auth_entity_assembly_ID	_Atom_chem_shift.Auth_asym_ID	_Atom_chem_shift.Auth_seq_ID	_Atom_chem_shift.Auth_comp_ID	_Atom_chem_shift.Auth_atom_ID	_Atom_chem_shift.Details	_Atom_chem_shift.Entry_ID	_Atom_chem_shift.Assigned_chem_shift_list_ID
1,.,.,.,1,H,1,H,.,HN,I,.,23,ILE,23,.,1,1,.,51459,63,.,.,23,8.361,.,_Atom_chem_shift.ID	_Atom_chem_shift.Assembly_atom_ID	_Atom_chem_shift.Entity_assembly_ID	_Atom_chem_shift.Entity_assembly_asym_ID	_Atom_chem_shift.Entity_ID	_Atom_chem_shift.Comp_index_ID	_Atom_chem_shift.Seq_ID	_Atom_chem_shift.Comp_ID	_Atom_chem_shift.Atom_ID	_Atom_chem_shift.Atom_type	_Atom_chem_shift.Atom_isotope_number	_Atom_chem_shift.Val	_Atom_chem_shift.Val_err	_Atom_chem_shift.Assign_fig_of_merit	_Atom_chem_shift.Ambiguity_code	_Atom_chem_shift.Ambiguity_set_ID	_Atom_chem_shift.Occupancy	_Atom_chem_shift.Resonance_ID	_Atom_chem_shift.Auth_entity_assembly_ID	_Atom_chem_shift.Auth_asym_ID	_Atom_chem_shift.Auth_seq_ID	_Atom_chem_shift.Auth_comp_ID	_Atom_chem_shift.Auth_atom_ID	_Atom_chem_shift.Details	_Atom_chem_shift.Entry_ID	_Atom_chem_shift.Assigned_chem_shift_list_ID
1,.,.,.,1,CA,13,C,.,CA,I,.,23,ILE,23,.,1,1,.,51459,64,.,.,23,62.274,.,_Atom_chem_shift.ID	_Atom_chem_shift.Assembly_atom_ID	_Atom_chem_shift.Entity_assembly_ID	_Atom_chem_shift.Entity_assembly_asym_ID	_Atom_chem_shift.Entity_ID	_Atom_chem_shift.Comp_index_ID	_Atom_chem_shift.Seq_ID	_Atom_chem_shift.Comp_ID	_Atom_chem_shift.Atom_ID	_Atom_chem_shift.Atom_type	_Atom_chem_shift.Atom_isotope_number	_Atom_chem_shift.Val	_Atom_chem_shift.Val_err	_Atom_chem_shift.Assign_fig_of_merit	_Atom_chem_shift.Ambiguity_code	_Atom_chem_shift.Ambiguity_set_ID	_Atom_chem_shift.Occupancy	_Atom_chem_shift.Resonance_ID	_Atom_chem_shift.Auth_entity_assembly_ID	_Atom_chem_shift.Auth_asym_ID	_Atom_chem_shift.Auth_seq_ID	_Atom_chem_shift.Auth_comp_ID	_Atom_chem_shift.Auth_atom_ID	_Atom_chem_shift.Details	_Atom_chem_shift.Entry_ID	_Atom_chem_shift.Assigned_chem_shift_list_ID
1,.,.,.,1,N,15,N,.,N,I,.,23,ILE,23,.,1,1,.,51459,65,.,.,23,121.150,.,_Atom_chem_shift.ID	_Atom_chem_shift.Assembly_atom_ID	_Atom_chem_shift.Entity_assembly_ID	_Atom_chem_shift.Entity_assembly_asym_ID	_Atom_chem_shift.Entity_ID	_Atom_chem_shift.Comp_index_ID	_Atom_chem_shift.Seq_ID	_Atom_chem_shift.Comp_ID	_Atom_chem_shift.Atom_ID	_Atom_chem_shift.Atom_type	_Atom_chem_shift.Atom_isotope_number	_Atom_chem_shift.Val	_Atom_chem_shift.Val_err	_Atom_chem_shift.Assign_fig_of_merit	_Atom_chem_shift.Ambiguity_code	_Atom_chem_shift.Ambiguity_set_ID	_Atom_chem_shift.Occupancy	_Atom_chem_shift.Resonance_ID	_Atom_chem_shift.Auth_entity_assembly_ID	_Atom_chem_shift.Auth_asym_ID	_Atom_chem_shift.Auth_seq_ID	_Atom_chem_shift.Auth_comp_ID	_Atom_chem_shift.Auth_atom_ID	_Atom_chem_shift.Details	_Atom_chem_shift.Entry_ID	_Atom_chem_shift.Assigned_chem_shift_list_ID
1,.,.,.,1,CA,13,C,.,CA,E,.,24,GLU,24,.,1,1,.,51459,66,.,.,24,60.633,.,_Atom_chem_shift.ID	_Atom_chem_shift.Assembly_atom_ID	_Atom_chem_shift.Entity_assembly_ID	_Atom_chem_shift.Entity_assembly_asym_ID	_Atom_chem_shift.Entity_ID	_Atom_chem_shift.Comp_index_ID	_Atom_chem_shift.Seq_ID	_Atom_chem_shift.Comp_ID	_Atom_chem_shift.Atom_ID	_Atom_chem_shift.Atom_type	_Atom_chem_shift.Atom_isotope_number	_Atom_chem_shift.Val	_Atom_chem_shift.Val_err	_Atom_chem_shift.Assign_fig_of_merit	_Atom_chem_shift.Ambiguity_code	_Atom_chem_shift.Ambiguity_set_ID	_Atom_chem_shift.Occupancy	_Atom_chem_shift.Resonance_ID	_Atom_chem_shift.Auth_entity_assembly_ID	_Atom_chem_shift.Auth_asym_ID	_Atom_chem_shift.Auth_seq_ID	_Atom_chem_shift.Auth_comp_ID	_Atom_chem_shift.Auth_atom_ID	_Atom_chem_shift.Details	_Atom_chem_shift.Entry_ID	_Atom_chem_shift.Assigned_chem_shift_list_ID
1,.,.,.,1,H,1,H,.,HN,N,.,25,ASN,25,.,1,1,.,51459,67,.,.,25,7.789,.,_Atom_chem_shift.ID	_Atom_chem_shift.Assembly_atom_ID	_Atom_chem_shift.Entity_assembly_ID	_Atom_chem_shift.Entity_assembly_asym_ID	_Atom_chem_shift.Entity_ID	_Atom_chem_shift.Comp_index_ID	_Atom_chem_shift.Seq_ID	_Atom_chem_shift.Comp_ID	_Atom_chem_shift.Atom_ID	_Atom_chem_shift.Atom_type	_Atom_chem_shift.Atom_isotope_number	_Atom_chem_shift.Val	_Atom_chem_shift.Val_err	_Atom_chem_shift.Assign_fig_of_merit	_Atom_chem_shift.Ambiguity_code	_Atom_chem_shift.Ambiguity_set_ID	_Atom_chem_shift.Occupancy	_Atom_chem_shift.Resonance_ID	_Atom_chem_shift.Auth_entity_assembly_ID	_Atom_chem_shift.Auth_asym_ID	_Atom_chem_shift.Auth_seq_ID	_Atom_chem_shift.Auth_comp_ID	_Atom_chem_shift.Auth_atom_ID	_Atom_chem_shift.Details	_Atom_chem_shift.Entry_ID	_Atom_chem_shift.Assigned_chem_shift_list_ID
1,.,.,.,1,CA,13,C,.,CA,N,.,25,ASN,25,.,1,1,.,51459,68,.,.,25,55.984,.,_Atom_chem_shift.ID	_Atom_chem_shift.Assembly_atom_ID	_Atom_chem_shift.Entity_assembly_ID	_Atom_chem_shift.Entity_assembly_asym_ID	_Atom_chem_shift.Entity_ID	_Atom_chem_shift.Comp_index_ID	_Atom_chem_shift.Seq_ID	_Atom_chem_shift.Comp_ID	_Atom_chem_shift.Atom_ID	_Atom_chem_shift.Atom_type	_Atom_chem_shift.Atom_isotope_number	_Atom_chem_shift.Val	_Atom_chem_shift.Val_err	_Atom_chem_shift.Assign_fig_of_merit	_Atom_chem_shift.Ambiguity_code	_Atom_chem_shift.Ambiguity_set_ID	_Atom_chem_shift.Occupancy	_Atom_chem_shift.Resonance_ID	_Atom_chem_shift.Auth_entity_assembly_ID	_Atom_chem_shift.Auth_asym_ID	_Atom_chem_shift.Auth_seq_ID	_Atom_chem_shift.Auth_comp_ID	_Atom_chem_shift.Auth_atom_ID	_Atom_chem_shift.Details	_Atom_chem_shift.Entry_ID	_Atom_chem_shift.Assigned_chem_shift_list_ID
1,.,.,.,1,N,15,N,.,N,N,.,25,ASN,25,.,1,1,.,51459,69,.,.,25,121.435,.,_Atom_chem_shift.ID	_Atom_chem_shift.Assembly_atom_ID	_Atom_chem_shift.Entity_assembly_ID	_Atom_chem_shift.Entity_assembly_asym_ID	_Atom_chem_shift.Entity_ID	_Atom_chem_shift.Comp_index_ID	_Atom_chem_shift.Seq_ID	_Atom_chem_shift.Comp_ID	_Atom_chem_shift.Atom_ID	_Atom_chem_shift.Atom_type	_Atom_chem_shift.Atom_isotope_number	_Atom_chem_shift.Val	_Atom_chem_shift.Val_err	_Atom_chem_shift.Assign_fig_of_merit	_Atom_chem_shift.Ambiguity_code	_Atom_chem_shift.Ambiguity_set_ID	_Atom_chem_shift.Occupancy	_Atom_chem_shift.Resonance_ID	_Atom_chem_shift.Auth_entity_assembly_ID	_Atom_chem_shift.Auth_asym_ID	_Atom_chem_shift.Auth_seq_ID	_Atom_chem_shift.Auth_comp_ID	_Atom_chem_shift.Auth_atom_ID	_Atom_chem_shift.Details	_Atom_chem_shift.Entry_ID	_Atom_chem_shift.Assigned_chem_shift_list_ID
1,.,.,.,1,H,1,H,.,HN,V,.,26,VAL,26,.,1,1,.,51459,70,.,.,26,7.903,.,_Atom_chem_shift.ID	_Atom_chem_shift.Assembly_atom_ID	_Atom_chem_shift.Entity_assembly_ID	_Atom_chem_shift.Entity_assembly_asym_ID	_Atom_chem_shift.Entity_ID	_Atom_chem_shift.Comp_index_ID	_Atom_chem_shift.Seq_ID	_Atom_chem_shift.Comp_ID	_Atom_chem_shift.Atom_ID	_Atom_chem_shift.Atom_type	_Atom_chem_shift.Atom_isotope_number	_Atom_chem_shift.Val	_Atom_chem_shift.Val_err	_Atom_chem_shift.Assign_fig_of_merit	_Atom_chem_shift.Ambiguity_code	_Atom_chem_shift.Ambiguity_set_ID	_Atom_chem_shift.Occupancy	_Atom_chem_shift.Resonance_ID	_Atom_chem_shift.Auth_entity_assembly_ID	_Atom_chem_shift.Auth_asym_ID	_Atom_chem_shift.Auth_seq_ID	_Atom_chem_shift.Auth_comp_ID	_Atom_chem_shift.Auth_atom_ID	_Atom_chem_shift.Details	_Atom_chem_shift.Entry_ID	_Atom_chem_shift.Assigned_chem_shift_list_ID
1,.,.,.,1,CA,13,C,.,CA,V,.,26,VAL,26,.,1,1,.,51459,71,.,.,26,67.605,.,_Atom_chem_shift.ID	_Atom_chem_shift.Assembly_atom_ID	_Atom_chem_shift.Entity_assembly_ID	_Atom_chem_shift.Entity_assembly_asym_ID	_Atom_chem_shift.Entity_ID	_Atom_chem_shift.Comp_index_ID	_Atom_chem_shift.Seq_ID	_Atom_chem_shift.Comp_ID	_Atom_chem_shift.Atom_ID	_Atom_chem_shift.Atom_type	_Atom_chem_shift.Atom_isotope_number	_Atom_chem_shift.Val	_Atom_chem_shift.Val_err	_Atom_chem_shift.Assign_fig_of_merit	_Atom_chem_shift.Ambiguity_code	_Atom_chem_shift.Ambiguity_set_ID	_Atom_chem_shift.Occupancy	_Atom_chem_shift.Resonance_ID	_Atom_chem_shift.Auth_entity_assembly_ID	_Atom_chem_shift.Auth_asym_ID	_Atom_chem_shift.Auth_seq_ID	_Atom_chem_shift.Auth_comp_ID	_Atom_chem_shift.Auth_atom_ID	_Atom_chem_shift.Details	_Atom_chem_shift.Entry_ID	_Atom_chem_shift.Assigned_chem_shift_list_ID
1,.,.,.,1,N,15,N,.,N,V,.,26,VAL,26,.,1,1,.,51459,72,.,.,26,122.219,.,_Atom_chem_shift.ID	_Atom_chem_shift.Assembly_atom_ID	_Atom_chem_shift.Entity_assembly_ID	_Atom_chem_shift.Entity_assembly_asym_ID	_Atom_chem_shift.Entity_ID	_Atom_chem_shift.Comp_index_ID	_Atom_chem_shift.Seq_ID	_Atom_chem_shift.Comp_ID	_Atom_chem_shift.Atom_ID	_Atom_chem_shift.Atom_type	_Atom_chem_shift.Atom_isotope_number	_Atom_chem_shift.Val	_Atom_chem_shift.Val_err	_Atom_chem_shift.Assign_fig_of_merit	_Atom_chem_shift.Ambiguity_code	_Atom_chem_shift.Ambiguity_set_ID	_Atom_chem_shift.Occupancy	_Atom_chem_shift.Resonance_ID	_Atom_chem_shift.Auth_entity_assembly_ID	_Atom_chem_shift.Auth_asym_ID	_Atom_chem_shift.Auth_seq_ID	_Atom_chem_shift.Auth_comp_ID	_Atom_chem_shift.Auth_atom_ID	_Atom_chem_shift.Details	_Atom_chem_shift.Entry_ID	_Atom_chem_shift.Assigned_chem_shift_list_ID
1,.,.,.,1,H,1,H,.,HN,K,.,27,LYS,27,.,1,1,.,51459,73,.,.,27,8.412,.,_Atom_chem_shift.ID	_Atom_chem_shift.Assembly_atom_ID	_Atom_chem_shift.Entity_assembly_ID	_Atom_chem_shift.Entity_assembly_asym_ID	_Atom_chem_shift.Entity_ID	_Atom_chem_shift.Comp_index_ID	_Atom_chem_shift.Seq_ID	_Atom_chem_shift.Comp_ID	_Atom_chem_shift.Atom_ID	_Atom_chem_shift.Atom_type	_Atom_chem_shift.Atom_isotope_number	_Atom_chem_shift.Val	_Atom_chem_shift.Val_err	_Atom_chem_shift.Assign_fig_of_merit	_Atom_chem_shift.Ambiguity_code	_Atom_chem_shift.Ambiguity_set_ID	_Atom_chem_shift.Occupancy	_Atom_chem_shift.Resonance_ID	_Atom_chem_shift.Auth_entity_assembly_ID	_Atom_chem_shift.Auth_asym_ID	_Atom_chem_shift.Auth_seq_ID	_Atom_chem_shift.Auth_comp_ID	_Atom_chem_shift.Auth_atom_ID	_Atom_chem_shift.Details	_Atom_chem_shift.Entry_ID	_Atom_chem_shift.Assigned_chem_shift_list_ID
1,.,.,.,1,CA,13,C,.,CA,K,.,27,LYS,27,.,1,1,.,51459,74,.,.,27,59.129,.,_Atom_chem_shift.ID	_Atom_chem_shift.Assembly_atom_ID	_Atom_chem_shift.Entity_assembly_ID	_Atom_chem_shift.Entity_assembly_asym_ID	_Atom_chem_shift.Entity_ID	_Atom_chem_shift.Comp_index_ID	_Atom_chem_shift.Seq_ID	_Atom_chem_shift.Comp_ID	_Atom_chem_shift.Atom_ID	_Atom_chem_shift.Atom_type	_Atom_chem_shift.Atom_isotope_number	_Atom_chem_shift.Val	_Atom_chem_shift.Val_err	_Atom_chem_shift.Assign_fig_of_merit	_Atom_chem_shift.Ambiguity_code	_Atom_chem_shift.Ambiguity_set_ID	_Atom_chem_shift.Occupancy	_Atom_chem_shift.Resonance_ID	_Atom_chem_shift.Auth_entity_assembly_ID	_Atom_chem_shift.Auth_asym_ID	_Atom_chem_shift.Auth_seq_ID	_Atom_chem_shift.Auth_comp_ID	_Atom_chem_shift.Auth_atom_ID	_Atom_chem_shift.Details	_Atom_chem_shift.Entry_ID	_Atom_chem_shift.Assigned_chem_shift_list_ID
1,.,.,.,1,N,15,N,.,N,K,.,27,LYS,27,.,1,1,.,51459,75,.,.,27,118.797,.,_Atom_chem_shift.ID	_Atom_chem_shift.Assembly_atom_ID	_Atom_chem_shift.Entity_assembly_ID	_Atom_chem_shift.Entity_assembly_asym_ID	_Atom_chem_shift.Entity_ID	_Atom_chem_shift.Comp_index_ID	_Atom_chem_shift.Seq_ID	_Atom_chem_shift.Comp_ID	_Atom_chem_shift.Atom_ID	_Atom_chem_shift.Atom_type	_Atom_chem_shift.Atom_isotope_number	_Atom_chem_shift.Val	_Atom_chem_shift.Val_err	_Atom_chem_shift.Assign_fig_of_merit	_Atom_chem_shift.Ambiguity_code	_Atom_chem_shift.Ambiguity_set_ID	_Atom_chem_shift.Occupancy	_Atom_chem_shift.Resonance_ID	_Atom_chem_shift.Auth_entity_assembly_ID	_Atom_chem_shift.Auth_asym_ID	_Atom_chem_shift.Auth_seq_ID	_Atom_chem_shift.Auth_comp_ID	_Atom_chem_shift.Auth_atom_ID	_Atom_chem_shift.Details	_Atom_chem_shift.Entry_ID	_Atom_chem_shift.Assigned_chem_shift_list_ID
1,.,.,.,1,H,1,H,.,HN,A,.,28,ALA,28,.,1,1,.,51459,76,.,.,28,7.852,.,_Atom_chem_shift.ID	_Atom_chem_shift.Assembly_atom_ID	_Atom_chem_shift.Entity_assembly_ID	_Atom_chem_shift.Entity_assembly_asym_ID	_Atom_chem_shift.Entity_ID	_Atom_chem_shift.Comp_index_ID	_Atom_chem_shift.Seq_ID	_Atom_chem_shift.Comp_ID	_Atom_chem_shift.Atom_ID	_Atom_chem_shift.Atom_type	_Atom_chem_shift.Atom_isotope_number	_Atom_chem_shift.Val	_Atom_chem_shift.Val_err	_Atom_chem_shift.Assign_fig_of_merit	_Atom_chem_shift.Ambiguity_code	_Atom_chem_shift.Ambiguity_set_ID	_Atom_chem_shift.Occupancy	_Atom_chem_shift.Resonance_ID	_Atom_chem_shift.Auth_entity_assembly_ID	_Atom_chem_shift.Auth_asym_ID	_Atom_chem_shift.Auth_seq_ID	_Atom_chem_shift.Auth_comp_ID	_Atom_chem_shift.Auth_atom_ID	_Atom_chem_shift.Details	_Atom_chem_shift.Entry_ID	_Atom_chem_shift.Assigned_chem_shift_list_ID
1,.,.,.,1,CA,13,C,.,CA,A,.,28,ALA,28,.,1,1,.,51459,77,.,.,28,55.301,.,_Atom_chem_shift.ID	_Atom_chem_shift.Assembly_atom_ID	_Atom_chem_shift.Entity_assembly_ID	_Atom_chem_shift.Entity_assembly_asym_ID	_Atom_chem_shift.Entity_ID	_Atom_chem_shift.Comp_index_ID	_Atom_chem_shift.Seq_ID	_Atom_chem_shift.Comp_ID	_Atom_chem_shift.Atom_ID	_Atom_chem_shift.Atom_type	_Atom_chem_shift.Atom_isotope_number	_Atom_chem_shift.Val	_Atom_chem_shift.Val_err	_Atom_chem_shift.Assign_fig_of_merit	_Atom_chem_shift.Ambiguity_code	_Atom_chem_shift.Ambiguity_set_ID	_Atom_chem_shift.Occupancy	_Atom_chem_shift.Resonance_ID	_Atom_chem_shift.Auth_entity_assembly_ID	_Atom_chem_shift.Auth_asym_ID	_Atom_chem_shift.Auth_seq_ID	_Atom_chem_shift.Auth_comp_ID	_Atom_chem_shift.Auth_atom_ID	_Atom_chem_shift.Details	_Atom_chem_shift.Entry_ID	_Atom_chem_shift.Assigned_chem_shift_list_ID
1,.,.,.,1,N,15,N,.,N,A,.,28,ALA,28,.,1,1,.,51459,78,.,.,28,123.360,.,_Atom_chem_shift.ID	_Atom_chem_shift.Assembly_atom_ID	_Atom_chem_shift.Entity_assembly_ID	_Atom_chem_shift.Entity_assembly_asym_ID	_Atom_chem_shift.Entity_ID	_Atom_chem_shift.Comp_index_ID	_Atom_chem_shift.Seq_ID	_Atom_chem_shift.Comp_ID	_Atom_chem_shift.Atom_ID	_Atom_chem_shift.Atom_type	_Atom_chem_shift.Atom_isotope_number	_Atom_chem_shift.Val	_Atom_chem_shift.Val_err	_Atom_chem_shift.Assign_fig_of_merit	_Atom_chem_shift.Ambiguity_code	_Atom_chem_shift.Ambiguity_set_ID	_Atom_chem_shift.Occupancy	_Atom_chem_shift.Resonance_ID	_Atom_chem_shift.Auth_entity_assembly_ID	_Atom_chem_shift.Auth_asym_ID	_Atom_chem_shift.Auth_seq_ID	_Atom_chem_shift.Auth_comp_ID	_Atom_chem_shift.Auth_atom_ID	_Atom_chem_shift.Details	_Atom_chem_shift.Entry_ID	_Atom_chem_shift.Assigned_chem_shift_list_ID
1,.,.,.,1,H,1,H,.,HN,K,.,29,LYS,29,.,1,1,.,51459,79,.,.,29,7.636,.,_Atom_chem_shift.ID	_Atom_chem_shift.Assembly_atom_ID	_Atom_chem_shift.Entity_assembly_ID	_Atom_chem_shift.Entity_assembly_asym_ID	_Atom_chem_shift.Entity_ID	_Atom_chem_shift.Comp_index_ID	_Atom_chem_shift.Seq_ID	_Atom_chem_shift.Comp_ID	_Atom_chem_shift.Atom_ID	_Atom_chem_shift.Atom_type	_Atom_chem_shift.Atom_isotope_number	_Atom_chem_shift.Val	_Atom_chem_shift.Val_err	_Atom_chem_shift.Assign_fig_of_merit	_Atom_chem_shift.Ambiguity_code	_Atom_chem_shift.Ambiguity_set_ID	_Atom_chem_shift.Occupancy	_Atom_chem_shift.Resonance_ID	_Atom_chem_shift.Auth_entity_assembly_ID	_Atom_chem_shift.Auth_asym_ID	_Atom_chem_shift.Auth_seq_ID	_Atom_chem_shift.Auth_comp_ID	_Atom_chem_shift.Auth_atom_ID	_Atom_chem_shift.Details	_Atom_chem_shift.Entry_ID	_Atom_chem_shift.Assigned_chem_shift_list_ID
1,.,.,.,1,CA,13,C,.,CA,K,.,29,LYS,29,.,1,1,.,51459,80,.,.,29,59.676,.,_Atom_chem_shift.ID	_Atom_chem_shift.Assembly_atom_ID	_Atom_chem_shift.Entity_assembly_ID	_Atom_chem_shift.Entity_assembly_asym_ID	_Atom_chem_shift.Entity_ID	_Atom_chem_shift.Comp_index_ID	_Atom_chem_shift.Seq_ID	_Atom_chem_shift.Comp_ID	_Atom_chem_shift.Atom_ID	_Atom_chem_shift.Atom_type	_Atom_chem_shift.Atom_isotope_number	_Atom_chem_shift.Val	_Atom_chem_shift.Val_err	_Atom_chem_shift.Assign_fig_of_merit	_Atom_chem_shift.Ambiguity_code	_Atom_chem_shift.Ambiguity_set_ID	_Atom_chem_shift.Occupancy	_Atom_chem_shift.Resonance_ID	_Atom_chem_shift.Auth_entity_assembly_ID	_Atom_chem_shift.Auth_asym_ID	_Atom_chem_shift.Auth_seq_ID	_Atom_chem_shift.Auth_comp_ID	_Atom_chem_shift.Auth_atom_ID	_Atom_chem_shift.Details	_Atom_chem_shift.Entry_ID	_Atom_chem_shift.Assigned_chem_shift_list_ID
1,.,.,.,1,N,15,N,.,N,K,.,29,LYS,29,.,1,1,.,51459,81,.,.,29,119.938,.,_Atom_chem_shift.ID	_Atom_chem_shift.Assembly_atom_ID	_Atom_chem_shift.Entity_assembly_ID	_Atom_chem_shift.Entity_assembly_asym_ID	_Atom_chem_shift.Entity_ID	_Atom_chem_shift.Comp_index_ID	_Atom_chem_shift.Seq_ID	_Atom_chem_shift.Comp_ID	_Atom_chem_shift.Atom_ID	_Atom_chem_shift.Atom_type	_Atom_chem_shift.Atom_isotope_number	_Atom_chem_shift.Val	_Atom_chem_shift.Val_err	_Atom_chem_shift.Assign_fig_of_merit	_Atom_chem_shift.Ambiguity_code	_Atom_chem_shift.Ambiguity_set_ID	_Atom_chem_shift.Occupancy	_Atom_chem_shift.Resonance_ID	_Atom_chem_shift.Auth_entity_assembly_ID	_Atom_chem_shift.Auth_asym_ID	_Atom_chem_shift.Auth_seq_ID	_Atom_chem_shift.Auth_comp_ID	_Atom_chem_shift.Auth_atom_ID	_Atom_chem_shift.Details	_Atom_chem_shift.Entry_ID	_Atom_chem_shift.Assigned_chem_shift_list_ID
1,.,.,.,1,H,1,H,.,HN,I,.,30,ILE,30,.,1,1,.,51459,82,.,.,30,8.107,.,_Atom_chem_shift.ID	_Atom_chem_shift.Assembly_atom_ID	_Atom_chem_shift.Entity_assembly_ID	_Atom_chem_shift.Entity_assembly_asym_ID	_Atom_chem_shift.Entity_ID	_Atom_chem_shift.Comp_index_ID	_Atom_chem_shift.Seq_ID	_Atom_chem_shift.Comp_ID	_Atom_chem_shift.Atom_ID	_Atom_chem_shift.Atom_type	_Atom_chem_shift.Atom_isotope_number	_Atom_chem_shift.Val	_Atom_chem_shift.Val_err	_Atom_chem_shift.Assign_fig_of_merit	_Atom_chem_shift.Ambiguity_code	_Atom_chem_shift.Ambiguity_set_ID	_Atom_chem_shift.Occupancy	_Atom_chem_shift.Resonance_ID	_Atom_chem_shift.Auth_entity_assembly_ID	_Atom_chem_shift.Auth_asym_ID	_Atom_chem_shift.Auth_seq_ID	_Atom_chem_shift.Auth_comp_ID	_Atom_chem_shift.Auth_atom_ID	_Atom_chem_shift.Details	_Atom_chem_shift.Entry_ID	_Atom_chem_shift.Assigned_chem_shift_list_ID
1,.,.,.,1,CA,13,C,.,CA,I,.,30,ILE,30,.,1,1,.,51459,83,.,.,30,65.555,.,_Atom_chem_shift.ID	_Atom_chem_shift.Assembly_atom_ID	_Atom_chem_shift.Entity_assembly_ID	_Atom_chem_shift.Entity_assembly_asym_ID	_Atom_chem_shift.Entity_ID	_Atom_chem_shift.Comp_index_ID	_Atom_chem_shift.Seq_ID	_Atom_chem_shift.Comp_ID	_Atom_chem_shift.Atom_ID	_Atom_chem_shift.Atom_type	_Atom_chem_shift.Atom_isotope_number	_Atom_chem_shift.Val	_Atom_chem_shift.Val_err	_Atom_chem_shift.Assign_fig_of_merit	_Atom_chem_shift.Ambiguity_code	_Atom_chem_shift.Ambiguity_set_ID	_Atom_chem_shift.Occupancy	_Atom_chem_shift.Resonance_ID	_Atom_chem_shift.Auth_entity_assembly_ID	_Atom_chem_shift.Auth_asym_ID	_Atom_chem_shift.Auth_seq_ID	_Atom_chem_shift.Auth_comp_ID	_Atom_chem_shift.Auth_atom_ID	_Atom_chem_shift.Details	_Atom_chem_shift.Entry_ID	_Atom_chem_shift.Assigned_chem_shift_list_ID
1,.,.,.,1,N,15,N,.,N,I,.,30,ILE,30,.,1,1,.,51459,84,.,.,30,121.720,.,_Atom_chem_shift.ID	_Atom_chem_shift.Assembly_atom_ID	_Atom_chem_shift.Entity_assembly_ID	_Atom_chem_shift.Entity_assembly_asym_ID	_Atom_chem_shift.Entity_ID	_Atom_chem_shift.Comp_index_ID	_Atom_chem_shift.Seq_ID	_Atom_chem_shift.Comp_ID	_Atom_chem_shift.Atom_ID	_Atom_chem_shift.Atom_type	_Atom_chem_shift.Atom_isotope_number	_Atom_chem_shift.Val	_Atom_chem_shift.Val_err	_Atom_chem_shift.Assign_fig_of_merit	_Atom_chem_shift.Ambiguity_code	_Atom_chem_shift.Ambiguity_set_ID	_Atom_chem_shift.Occupancy	_Atom_chem_shift.Resonance_ID	_Atom_chem_shift.Auth_entity_assembly_ID	_Atom_chem_shift.Auth_asym_ID	_Atom_chem_shift.Auth_seq_ID	_Atom_chem_shift.Auth_comp_ID	_Atom_chem_shift.Auth_atom_ID	_Atom_chem_shift.Details	_Atom_chem_shift.Entry_ID	_Atom_chem_shift.Assigned_chem_shift_list_ID
1,.,.,.,1,H,1,H,.,HN,Q,.,31,GLN,31,.,1,1,.,51459,85,.,.,31,8.437,.,_Atom_chem_shift.ID	_Atom_chem_shift.Assembly_atom_ID	_Atom_chem_shift.Entity_assembly_ID	_Atom_chem_shift.Entity_assembly_asym_ID	_Atom_chem_shift.Entity_ID	_Atom_chem_shift.Comp_index_ID	_Atom_chem_shift.Seq_ID	_Atom_chem_shift.Comp_ID	_Atom_chem_shift.Atom_ID	_Atom_chem_shift.Atom_type	_Atom_chem_shift.Atom_isotope_number	_Atom_chem_shift.Val	_Atom_chem_shift.Val_err	_Atom_chem_shift.Assign_fig_of_merit	_Atom_chem_shift.Ambiguity_code	_Atom_chem_shift.Ambiguity_set_ID	_Atom_chem_shift.Occupancy	_Atom_chem_shift.Resonance_ID	_Atom_chem_shift.Auth_entity_assembly_ID	_Atom_chem_shift.Auth_asym_ID	_Atom_chem_shift.Auth_seq_ID	_Atom_chem_shift.Auth_comp_ID	_Atom_chem_shift.Auth_atom_ID	_Atom_chem_shift.Details	_Atom_chem_shift.Entry_ID	_Atom_chem_shift.Assigned_chem_shift_list_ID
1,.,.,.,1,CA,13,C,.,CA,Q,.,31,GLN,31,.,1,1,.,51459,86,.,.,31,59.949,.,_Atom_chem_shift.ID	_Atom_chem_shift.Assembly_atom_ID	_Atom_chem_shift.Entity_assembly_ID	_Atom_chem_shift.Entity_assembly_asym_ID	_Atom_chem_shift.Entity_ID	_Atom_chem_shift.Comp_index_ID	_Atom_chem_shift.Seq_ID	_Atom_chem_shift.Comp_ID	_Atom_chem_shift.Atom_ID	_Atom_chem_shift.Atom_type	_Atom_chem_shift.Atom_isotope_number	_Atom_chem_shift.Val	_Atom_chem_shift.Val_err	_Atom_chem_shift.Assign_fig_of_merit	_Atom_chem_shift.Ambiguity_code	_Atom_chem_shift.Ambiguity_set_ID	_Atom_chem_shift.Occupancy	_Atom_chem_shift.Resonance_ID	_Atom_chem_shift.Auth_entity_assembly_ID	_Atom_chem_shift.Auth_asym_ID	_Atom_chem_shift.Auth_seq_ID	_Atom_chem_shift.Auth_comp_ID	_Atom_chem_shift.Auth_atom_ID	_Atom_chem_shift.Details	_Atom_chem_shift.Entry_ID	_Atom_chem_shift.Assigned_chem_shift_list_ID
1,.,.,.,1,N,15,N,.,N,Q,.,31,GLN,31,.,1,1,.,51459,87,.,.,31,123.645,.,_Atom_chem_shift.ID	_Atom_chem_shift.Assembly_atom_ID	_Atom_chem_shift.Entity_assembly_ID	_Atom_chem_shift.Entity_assembly_asym_ID	_Atom_chem_shift.Entity_ID	_Atom_chem_shift.Comp_index_ID	_Atom_chem_shift.Seq_ID	_Atom_chem_shift.Comp_ID	_Atom_chem_shift.Atom_ID	_Atom_chem_shift.Atom_type	_Atom_chem_shift.Atom_isotope_number	_Atom_chem_shift.Val	_Atom_chem_shift.Val_err	_Atom_chem_shift.Assign_fig_of_merit	_Atom_chem_shift.Ambiguity_code	_Atom_chem_shift.Ambiguity_set_ID	_Atom_chem_shift.Occupancy	_Atom_chem_shift.Resonance_ID	_Atom_chem_shift.Auth_entity_assembly_ID	_Atom_chem_shift.Auth_asym_ID	_Atom_chem_shift.Auth_seq_ID	_Atom_chem_shift.Auth_comp_ID	_Atom_chem_shift.Auth_atom_ID	_Atom_chem_shift.Details	_Atom_chem_shift.Entry_ID	_Atom_chem_shift.Assigned_chem_shift_list_ID
1,.,.,.,1,H,1,H,.,HN,D,.,32,ASP,32,.,1,1,.,51459,88,.,.,32,7.827,.,_Atom_chem_shift.ID	_Atom_chem_shift.Assembly_atom_ID	_Atom_chem_shift.Entity_assembly_ID	_Atom_chem_shift.Entity_assembly_asym_ID	_Atom_chem_shift.Entity_ID	_Atom_chem_shift.Comp_index_ID	_Atom_chem_shift.Seq_ID	_Atom_chem_shift.Comp_ID	_Atom_chem_shift.Atom_ID	_Atom_chem_shift.Atom_type	_Atom_chem_shift.Atom_isotope_number	_Atom_chem_shift.Val	_Atom_chem_shift.Val_err	_Atom_chem_shift.Assign_fig_of_merit	_Atom_chem_shift.Ambiguity_code	_Atom_chem_shift.Ambiguity_set_ID	_Atom_chem_shift.Occupancy	_Atom_chem_shift.Resonance_ID	_Atom_chem_shift.Auth_entity_assembly_ID	_Atom_chem_shift.Auth_asym_ID	_Atom_chem_shift.Auth_seq_ID	_Atom_chem_shift.Auth_comp_ID	_Atom_chem_shift.Auth_atom_ID	_Atom_chem_shift.Details	_Atom_chem_shift.Entry_ID	_Atom_chem_shift.Assigned_chem_shift_list_ID
1,.,.,.,1,CA,13,C,.,CA,D,.,32,ASP,32,.,1,1,.,51459,89,.,.,32,57.488,.,_Atom_chem_shift.ID	_Atom_chem_shift.Assembly_atom_ID	_Atom_chem_shift.Entity_assembly_ID	_Atom_chem_shift.Entity_assembly_asym_ID	_Atom_chem_shift.Entity_ID	_Atom_chem_shift.Comp_index_ID	_Atom_chem_shift.Seq_ID	_Atom_chem_shift.Comp_ID	_Atom_chem_shift.Atom_ID	_Atom_chem_shift.Atom_type	_Atom_chem_shift.Atom_isotope_number	_Atom_chem_shift.Val	_Atom_chem_shift.Val_err	_Atom_chem_shift.Assign_fig_of_merit	_Atom_chem_shift.Ambiguity_code	_Atom_chem_shift.Ambiguity_set_ID	_Atom_chem_shift.Occupancy	_Atom_chem_shift.Resonance_ID	_Atom_chem_shift.Auth_entity_assembly_ID	_Atom_chem_shift.Auth_asym_ID	_Atom_chem_shift.Auth_seq_ID	_Atom_chem_shift.Auth_comp_ID	_Atom_chem_shift.Auth_atom_ID	_Atom_chem_shift.Details	_Atom_chem_shift.Entry_ID	_Atom_chem_shift.Assigned_chem_shift_list_ID
1,.,.,.,1,N,15,N,.,N,D,.,32,ASP,32,.,1,1,.,51459,90,.,.,32,119.510,.,_Atom_chem_shift.ID	_Atom_chem_shift.Assembly_atom_ID	_Atom_chem_shift.Entity_assembly_ID	_Atom_chem_shift.Entity_assembly_asym_ID	_Atom_chem_shift.Entity_ID	_Atom_chem_shift.Comp_index_ID	_Atom_chem_shift.Seq_ID	_Atom_chem_shift.Comp_ID	_Atom_chem_shift.Atom_ID	_Atom_chem_shift.Atom_type	_Atom_chem_shift.Atom_isotope_number	_Atom_chem_shift.Val	_Atom_chem_shift.Val_err	_Atom_chem_shift.Assign_fig_of_merit	_Atom_chem_shift.Ambiguity_code	_Atom_chem_shift.Ambiguity_set_ID	_Atom_chem_shift.Occupancy	_Atom_chem_shift.Resonance_ID	_Atom_chem_shift.Auth_entity_assembly_ID	_Atom_chem_shift.Auth_asym_ID	_Atom_chem_shift.Auth_seq_ID	_Atom_chem_shift.Auth_comp_ID	_Atom_chem_shift.Auth_atom_ID	_Atom_chem_shift.Details	_Atom_chem_shift.Entry_ID	_Atom_chem_shift.Assigned_chem_shift_list_ID
1,.,.,.,1,H,1,H,.,HN,C,.,33,CYS,33,.,1,1,.,51459,91,.,.,33,7.471,.,_Atom_chem_shift.ID	_Atom_chem_shift.Assembly_atom_ID	_Atom_chem_shift.Entity_assembly_ID	_Atom_chem_shift.Entity_assembly_asym_ID	_Atom_chem_shift.Entity_ID	_Atom_chem_shift.Comp_index_ID	_Atom_chem_shift.Seq_ID	_Atom_chem_shift.Comp_ID	_Atom_chem_shift.Atom_ID	_Atom_chem_shift.Atom_type	_Atom_chem_shift.Atom_isotope_number	_Atom_chem_shift.Val	_Atom_chem_shift.Val_err	_Atom_chem_shift.Assign_fig_of_merit	_Atom_chem_shift.Ambiguity_code	_Atom_chem_shift.Ambiguity_set_ID	_Atom_chem_shift.Occupancy	_Atom_chem_shift.Resonance_ID	_Atom_chem_shift.Auth_entity_assembly_ID	_Atom_chem_shift.Auth_asym_ID	_Atom_chem_shift.Auth_seq_ID	_Atom_chem_shift.Auth_comp_ID	_Atom_chem_shift.Auth_atom_ID	_Atom_chem_shift.Details	_Atom_chem_shift.Entry_ID	_Atom_chem_shift.Assigned_chem_shift_list_ID
1,.,.,.,1,CA,13,C,.,CA,C,.,33,CYS,33,.,1,1,.,51459,92,.,.,33,60.223,.,_Atom_chem_shift.ID	_Atom_chem_shift.Assembly_atom_ID	_Atom_chem_shift.Entity_assembly_ID	_Atom_chem_shift.Entity_assembly_asym_ID	_Atom_chem_shift.Entity_ID	_Atom_chem_shift.Comp_index_ID	_Atom_chem_shift.Seq_ID	_Atom_chem_shift.Comp_ID	_Atom_chem_shift.Atom_ID	_Atom_chem_shift.Atom_type	_Atom_chem_shift.Atom_isotope_number	_Atom_chem_shift.Val	_Atom_chem_shift.Val_err	_Atom_chem_shift.Assign_fig_of_merit	_Atom_chem_shift.Ambiguity_code	_Atom_chem_shift.Ambiguity_set_ID	_Atom_chem_shift.Occupancy	_Atom_chem_shift.Resonance_ID	_Atom_chem_shift.Auth_entity_assembly_ID	_Atom_chem_shift.Auth_asym_ID	_Atom_chem_shift.Auth_seq_ID	_Atom_chem_shift.Auth_comp_ID	_Atom_chem_shift.Auth_atom_ID	_Atom_chem_shift.Details	_Atom_chem_shift.Entry_ID	_Atom_chem_shift.Assigned_chem_shift_list_ID
1,.,.,.,1,N,15,N,.,N,C,.,33,CYS,33,.,1,1,.,51459,93,.,.,33,113.378,.,_Atom_chem_shift.ID	_Atom_chem_shift.Assembly_atom_ID	_Atom_chem_shift.Entity_assembly_ID	_Atom_chem_shift.Entity_assembly_asym_ID	_Atom_chem_shift.Entity_ID	_Atom_chem_shift.Comp_index_ID	_Atom_chem_shift.Seq_ID	_Atom_chem_shift.Comp_ID	_Atom_chem_shift.Atom_ID	_Atom_chem_shift.Atom_type	_Atom_chem_shift.Atom_isotope_number	_Atom_chem_shift.Val	_Atom_chem_shift.Val_err	_Atom_chem_shift.Assign_fig_of_merit	_Atom_chem_shift.Ambiguity_code	_Atom_chem_shift.Ambiguity_set_ID	_Atom_chem_shift.Occupancy	_Atom_chem_shift.Resonance_ID	_Atom_chem_shift.Auth_entity_assembly_ID	_Atom_chem_shift.Auth_asym_ID	_Atom_chem_shift.Auth_seq_ID	_Atom_chem_shift.Auth_comp_ID	_Atom_chem_shift.Auth_atom_ID	_Atom_chem_shift.Details	_Atom_chem_shift.Entry_ID	_Atom_chem_shift.Assigned_chem_shift_list_ID
1,.,.,.,1,H,1,H,.,HN,E,.,34,GLU,34,.,1,1,.,51459,94,.,.,34,8.653,.,_Atom_chem_shift.ID	_Atom_chem_shift.Assembly_atom_ID	_Atom_chem_shift.Entity_assembly_ID	_Atom_chem_shift.Entity_assembly_asym_ID	_Atom_chem_shift.Entity_ID	_Atom_chem_shift.Comp_index_ID	_Atom_chem_shift.Seq_ID	_Atom_chem_shift.Comp_ID	_Atom_chem_shift.Atom_ID	_Atom_chem_shift.Atom_type	_Atom_chem_shift.Atom_isotope_number	_Atom_chem_shift.Val	_Atom_chem_shift.Val_err	_Atom_chem_shift.Assign_fig_of_merit	_Atom_chem_shift.Ambiguity_code	_Atom_chem_shift.Ambiguity_set_ID	_Atom_chem_shift.Occupancy	_Atom_chem_shift.Resonance_ID	_Atom_chem_shift.Auth_entity_assembly_ID	_Atom_chem_shift.Auth_asym_ID	_Atom_chem_shift.Auth_seq_ID	_Atom_chem_shift.Auth_comp_ID	_Atom_chem_shift.Auth_atom_ID	_Atom_chem_shift.Details	_Atom_chem_shift.Entry_ID	_Atom_chem_shift.Assigned_chem_shift_list_ID
1,.,.,.,1,CA,13,C,.,CA,E,.,34,GLU,34,.,1,1,.,51459,95,.,.,34,55.574,.,_Atom_chem_shift.ID	_Atom_chem_shift.Assembly_atom_ID	_Atom_chem_shift.Entity_assembly_ID	_Atom_chem_shift.Entity_assembly_asym_ID	_Atom_chem_shift.Entity_ID	_Atom_chem_shift.Comp_index_ID	_Atom_chem_shift.Seq_ID	_Atom_chem_shift.Comp_ID	_Atom_chem_shift.Atom_ID	_Atom_chem_shift.Atom_type	_Atom_chem_shift.Atom_isotope_number	_Atom_chem_shift.Val	_Atom_chem_shift.Val_err	_Atom_chem_shift.Assign_fig_of_merit	_Atom_chem_shift.Ambiguity_code	_Atom_chem_shift.Ambiguity_set_ID	_Atom_chem_shift.Occupancy	_Atom_chem_shift.Resonance_ID	_Atom_chem_shift.Auth_entity_assembly_ID	_Atom_chem_shift.Auth_asym_ID	_Atom_chem_shift.Auth_seq_ID	_Atom_chem_shift.Auth_comp_ID	_Atom_chem_shift.Auth_atom_ID	_Atom_chem_shift.Details	_Atom_chem_shift.Entry_ID	_Atom_chem_shift.Assigned_chem_shift_list_ID
1,.,.,.,1,N,15,N,.,N,E,.,34,GLU,34,.,1,1,.,51459,96,.,.,34,117.656,.,_Atom_chem_shift.ID	_Atom_chem_shift.Assembly_atom_ID	_Atom_chem_shift.Entity_assembly_ID	_Atom_chem_shift.Entity_assembly_asym_ID	_Atom_chem_shift.Entity_ID	_Atom_chem_shift.Comp_index_ID	_Atom_chem_shift.Seq_ID	_Atom_chem_shift.Comp_ID	_Atom_chem_shift.Atom_ID	_Atom_chem_shift.Atom_type	_Atom_chem_shift.Atom_isotope_number	_Atom_chem_shift.Val	_Atom_chem_shift.Val_err	_Atom_chem_shift.Assign_fig_of_merit	_Atom_chem_shift.Ambiguity_code	_Atom_chem_shift.Ambiguity_set_ID	_Atom_chem_shift.Occupancy	_Atom_chem_shift.Resonance_ID	_Atom_chem_shift.Auth_entity_assembly_ID	_Atom_chem_shift.Auth_asym_ID	_Atom_chem_shift.Auth_seq_ID	_Atom_chem_shift.Auth_comp_ID	_Atom_chem_shift.Auth_atom_ID	_Atom_chem_shift.Details	_Atom_chem_shift.Entry_ID	_Atom_chem_shift.Assigned_chem_shift_list_ID
1,.,.,.,1,H,1,H,.,HN,G,.,35,GLY,35,.,1,1,.,51459,97,.,.,35,8.234,.,_Atom_chem_shift.ID	_Atom_chem_shift.Assembly_atom_ID	_Atom_chem_shift.Entity_assembly_ID	_Atom_chem_shift.Entity_assembly_asym_ID	_Atom_chem_shift.Entity_ID	_Atom_chem_shift.Comp_index_ID	_Atom_chem_shift.Seq_ID	_Atom_chem_shift.Comp_ID	_Atom_chem_shift.Atom_ID	_Atom_chem_shift.Atom_type	_Atom_chem_shift.Atom_isotope_number	_Atom_chem_shift.Val	_Atom_chem_shift.Val_err	_Atom_chem_shift.Assign_fig_of_merit	_Atom_chem_shift.Ambiguity_code	_Atom_chem_shift.Ambiguity_set_ID	_Atom_chem_shift.Occupancy	_Atom_chem_shift.Resonance_ID	_Atom_chem_shift.Auth_entity_assembly_ID	_Atom_chem_shift.Auth_asym_ID	_Atom_chem_shift.Auth_seq_ID	_Atom_chem_shift.Auth_comp_ID	_Atom_chem_shift.Auth_atom_ID	_Atom_chem_shift.Details	_Atom_chem_shift.Entry_ID	_Atom_chem_shift.Assigned_chem_shift_list_ID
1,.,.,.,1,CA,13,C,.,CA,G,.,35,GLY,35,.,1,1,.,51459,98,.,.,35,46.004,.,_Atom_chem_shift.ID	_Atom_chem_shift.Assembly_atom_ID	_Atom_chem_shift.Entity_assembly_ID	_Atom_chem_shift.Entity_assembly_asym_ID	_Atom_chem_shift.Entity_ID	_Atom_chem_shift.Comp_index_ID	_Atom_chem_shift.Seq_ID	_Atom_chem_shift.Comp_ID	_Atom_chem_shift.Atom_ID	_Atom_chem_shift.Atom_type	_Atom_chem_shift.Atom_isotope_number	_Atom_chem_shift.Val	_Atom_chem_shift.Val_err	_Atom_chem_shift.Assign_fig_of_merit	_Atom_chem_shift.Ambiguity_code	_Atom_chem_shift.Ambiguity_set_ID	_Atom_chem_shift.Occupancy	_Atom_chem_shift.Resonance_ID	_Atom_chem_shift.Auth_entity_assembly_ID	_Atom_chem_shift.Auth_asym_ID	_Atom_chem_shift.Auth_seq_ID	_Atom_chem_shift.Auth_comp_ID	_Atom_chem_shift.Auth_atom_ID	_Atom_chem_shift.Details	_Atom_chem_shift.Entry_ID	_Atom_chem_shift.Assigned_chem_shift_list_ID
1,.,.,.,1,N,15,N,.,N,G,.,35,GLY,35,.,1,1,.,51459,99,.,.,35,108.601,.,_Atom_chem_shift.ID	_Atom_chem_shift.Assembly_atom_ID	_Atom_chem_shift.Entity_assembly_ID	_Atom_chem_shift.Entity_assembly_asym_ID	_Atom_chem_shift.Entity_ID	_Atom_chem_shift.Comp_index_ID	_Atom_chem_shift.Seq_ID	_Atom_chem_shift.Comp_ID	_Atom_chem_shift.Atom_ID	_Atom_chem_shift.Atom_type	_Atom_chem_shift.Atom_isotope_number	_Atom_chem_shift.Val	_Atom_chem_shift.Val_err	_Atom_chem_shift.Assign_fig_of_merit	_Atom_chem_shift.Ambiguity_code	_Atom_chem_shift.Ambiguity_set_ID	_Atom_chem_shift.Occupancy	_Atom_chem_shift.Resonance_ID	_Atom_chem_shift.Auth_entity_assembly_ID	_Atom_chem_shift.Auth_asym_ID	_Atom_chem_shift.Auth_seq_ID	_Atom_chem_shift.Auth_comp_ID	_Atom_chem_shift.Auth_atom_ID	_Atom_chem_shift.Details	_Atom_chem_shift.Entry_ID	_Atom_chem_shift.Assigned_chem_shift_list_ID
1,.,.,.,1,H,1,H,.,HN,I,.,36,ILE,36,.,1,1,.,51459,100,.,.,36,6.047,.,_Atom_chem_shift.ID	_Atom_chem_shift.Assembly_atom_ID	_Atom_chem_shift.Entity_assembly_ID	_Atom_chem_shift.Entity_assembly_asym_ID	_Atom_chem_shift.Entity_ID	_Atom_chem_shift.Comp_index_ID	_Atom_chem_shift.Seq_ID	_Atom_chem_shift.Comp_ID	_Atom_chem_shift.Atom_ID	_Atom_chem_shift.Atom_type	_Atom_chem_shift.Atom_isotope_number	_Atom_chem_shift.Val	_Atom_chem_shift.Val_err	_Atom_chem_shift.Assign_fig_of_merit	_Atom_chem_shift.Ambiguity_code	_Atom_chem_shift.Ambiguity_set_ID	_Atom_chem_shift.Occupancy	_Atom_chem_shift.Resonance_ID	_Atom_chem_shift.Auth_entity_assembly_ID	_Atom_chem_shift.Auth_asym_ID	_Atom_chem_shift.Auth_seq_ID	_Atom_chem_shift.Auth_comp_ID	_Atom_chem_shift.Auth_atom_ID	_Atom_chem_shift.Details	_Atom_chem_shift.Entry_ID	_Atom_chem_shift.Assigned_chem_shift_list_ID
1,.,.,.,1,CA,13,C,.,CA,I,.,36,ILE,36,.,1,1,.,51459,101,.,.,36,57.625,.,_Atom_chem_shift.ID	_Atom_chem_shift.Assembly_atom_ID	_Atom_chem_shift.Entity_assembly_ID	_Atom_chem_shift.Entity_assembly_asym_ID	_Atom_chem_shift.Entity_ID	_Atom_chem_shift.Comp_index_ID	_Atom_chem_shift.Seq_ID	_Atom_chem_shift.Comp_ID	_Atom_chem_shift.Atom_ID	_Atom_chem_shift.Atom_type	_Atom_chem_shift.Atom_isotope_number	_Atom_chem_shift.Val	_Atom_chem_shift.Val_err	_Atom_chem_shift.Assign_fig_of_merit	_Atom_chem_shift.Ambiguity_code	_Atom_chem_shift.Ambiguity_set_ID	_Atom_chem_shift.Occupancy	_Atom_chem_shift.Resonance_ID	_Atom_chem_shift.Auth_entity_assembly_ID	_Atom_chem_shift.Auth_asym_ID	_Atom_chem_shift.Auth_seq_ID	_Atom_chem_shift.Auth_comp_ID	_Atom_chem_shift.Auth_atom_ID	_Atom_chem_shift.Details	_Atom_chem_shift.Entry_ID	_Atom_chem_shift.Assigned_chem_shift_list_ID
1,.,.,.,1,N,15,N,.,N,I,.,36,ILE,36,.,1,1,.,51459,102,.,.,36,120.294,.,_Atom_chem_shift.ID	_Atom_chem_shift.Assembly_atom_ID	_Atom_chem_shift.Entity_assembly_ID	_Atom_chem_shift.Entity_assembly_asym_ID	_Atom_chem_shift.Entity_ID	_Atom_chem_shift.Comp_index_ID	_Atom_chem_shift.Seq_ID	_Atom_chem_shift.Comp_ID	_Atom_chem_shift.Atom_ID	_Atom_chem_shift.Atom_type	_Atom_chem_shift.Atom_isotope_number	_Atom_chem_shift.Val	_Atom_chem_shift.Val_err	_Atom_chem_shift.Assign_fig_of_merit	_Atom_chem_shift.Ambiguity_code	_Atom_chem_shift.Ambiguity_set_ID	_Atom_chem_shift.Occupancy	_Atom_chem_shift.Resonance_ID	_Atom_chem_shift.Auth_entity_assembly_ID	_Atom_chem_shift.Auth_asym_ID	_Atom_chem_shift.Auth_seq_ID	_Atom_chem_shift.Auth_comp_ID	_Atom_chem_shift.Auth_atom_ID	_Atom_chem_shift.Details	_Atom_chem_shift.Entry_ID	_Atom_chem_shift.Assigned_chem_shift_list_ID
1,.,.,.,1,CA,13,C,.,CA,P,.,38,PRO,38,.,1,1,.,51459,103,.,.,38,66.102,.,_Atom_chem_shift.ID	_Atom_chem_shift.Assembly_atom_ID	_Atom_chem_shift.Entity_assembly_ID	_Atom_chem_shift.Entity_assembly_asym_ID	_Atom_chem_shift.Entity_ID	_Atom_chem_shift.Comp_index_ID	_Atom_chem_shift.Seq_ID	_Atom_chem_shift.Comp_ID	_Atom_chem_shift.Atom_ID	_Atom_chem_shift.Atom_type	_Atom_chem_shift.Atom_isotope_number	_Atom_chem_shift.Val	_Atom_chem_shift.Val_err	_Atom_chem_shift.Assign_fig_of_merit	_Atom_chem_shift.Ambiguity_code	_Atom_chem_shift.Ambiguity_set_ID	_Atom_chem_shift.Occupancy	_Atom_chem_shift.Resonance_ID	_Atom_chem_shift.Auth_entity_assembly_ID	_Atom_chem_shift.Auth_asym_ID	_Atom_chem_shift.Auth_seq_ID	_Atom_chem_shift.Auth_comp_ID	_Atom_chem_shift.Auth_atom_ID	_Atom_chem_shift.Details	_Atom_chem_shift.Entry_ID	_Atom_chem_shift.Assigned_chem_shift_list_ID
1,.,.,.,1,H,1,H,.,HN,D,.,39,ASP,39,.,1,1,.,51459,104,.,.,39,8.386,.,_Atom_chem_shift.ID	_Atom_chem_shift.Assembly_atom_ID	_Atom_chem_shift.Entity_assembly_ID	_Atom_chem_shift.Entity_assembly_asym_ID	_Atom_chem_shift.Entity_ID	_Atom_chem_shift.Comp_index_ID	_Atom_chem_shift.Seq_ID	_Atom_chem_shift.Comp_ID	_Atom_chem_shift.Atom_ID	_Atom_chem_shift.Atom_type	_Atom_chem_shift.Atom_isotope_number	_Atom_chem_shift.Val	_Atom_chem_shift.Val_err	_Atom_chem_shift.Assign_fig_of_merit	_Atom_chem_shift.Ambiguity_code	_Atom_chem_shift.Ambiguity_set_ID	_Atom_chem_shift.Occupancy	_Atom_chem_shift.Resonance_ID	_Atom_chem_shift.Auth_entity_assembly_ID	_Atom_chem_shift.Auth_asym_ID	_Atom_chem_shift.Auth_seq_ID	_Atom_chem_shift.Auth_comp_ID	_Atom_chem_shift.Auth_atom_ID	_Atom_chem_shift.Details	_Atom_chem_shift.Entry_ID	_Atom_chem_shift.Assigned_chem_shift_list_ID
1,.,.,.,1,CA,13,C,.,CA,D,.,39,ASP,39,.,1,1,.,51459,105,.,.,39,55.711,.,_Atom_chem_shift.ID	_Atom_chem_shift.Assembly_atom_ID	_Atom_chem_shift.Entity_assembly_ID	_Atom_chem_shift.Entity_assembly_asym_ID	_Atom_chem_shift.Entity_ID	_Atom_chem_shift.Comp_index_ID	_Atom_chem_shift.Seq_ID	_Atom_chem_shift.Comp_ID	_Atom_chem_shift.Atom_ID	_Atom_chem_shift.Atom_type	_Atom_chem_shift.Atom_isotope_number	_Atom_chem_shift.Val	_Atom_chem_shift.Val_err	_Atom_chem_shift.Assign_fig_of_merit	_Atom_chem_shift.Ambiguity_code	_Atom_chem_shift.Ambiguity_set_ID	_Atom_chem_shift.Occupancy	_Atom_chem_shift.Resonance_ID	_Atom_chem_shift.Auth_entity_assembly_ID	_Atom_chem_shift.Auth_asym_ID	_Atom_chem_shift.Auth_seq_ID	_Atom_chem_shift.Auth_comp_ID	_Atom_chem_shift.Auth_atom_ID	_Atom_chem_shift.Details	_Atom_chem_shift.Entry_ID	_Atom_chem_shift.Assigned_chem_shift_list_ID
1,.,.,.,1,N,15,N,.,N,D,.,39,ASP,39,.,1,1,.,51459,106,.,.,39,113.592,.,_Atom_chem_shift.ID	_Atom_chem_shift.Assembly_atom_ID	_Atom_chem_shift.Entity_assembly_ID	_Atom_chem_shift.Entity_assembly_asym_ID	_Atom_chem_shift.Entity_ID	_Atom_chem_shift.Comp_index_ID	_Atom_chem_shift.Seq_ID	_Atom_chem_shift.Comp_ID	_Atom_chem_shift.Atom_ID	_Atom_chem_shift.Atom_type	_Atom_chem_shift.Atom_isotope_number	_Atom_chem_shift.Val	_Atom_chem_shift.Val_err	_Atom_chem_shift.Assign_fig_of_merit	_Atom_chem_shift.Ambiguity_code	_Atom_chem_shift.Ambiguity_set_ID	_Atom_chem_shift.Occupancy	_Atom_chem_shift.Resonance_ID	_Atom_chem_shift.Auth_entity_assembly_ID	_Atom_chem_shift.Auth_asym_ID	_Atom_chem_shift.Auth_seq_ID	_Atom_chem_shift.Auth_comp_ID	_Atom_chem_shift.Auth_atom_ID	_Atom_chem_shift.Details	_Atom_chem_shift.Entry_ID	_Atom_chem_shift.Assigned_chem_shift_list_ID
1,.,.,.,1,H,1,H,.,HN,Q,.,40,GLN,40,.,1,1,.,51459,107,.,.,40,7.700,.,_Atom_chem_shift.ID	_Atom_chem_shift.Assembly_atom_ID	_Atom_chem_shift.Entity_assembly_ID	_Atom_chem_shift.Entity_assembly_asym_ID	_Atom_chem_shift.Entity_ID	_Atom_chem_shift.Comp_index_ID	_Atom_chem_shift.Seq_ID	_Atom_chem_shift.Comp_ID	_Atom_chem_shift.Atom_ID	_Atom_chem_shift.Atom_type	_Atom_chem_shift.Atom_isotope_number	_Atom_chem_shift.Val	_Atom_chem_shift.Val_err	_Atom_chem_shift.Assign_fig_of_merit	_Atom_chem_shift.Ambiguity_code	_Atom_chem_shift.Ambiguity_set_ID	_Atom_chem_shift.Occupancy	_Atom_chem_shift.Resonance_ID	_Atom_chem_shift.Auth_entity_assembly_ID	_Atom_chem_shift.Auth_asym_ID	_Atom_chem_shift.Auth_seq_ID	_Atom_chem_shift.Auth_comp_ID	_Atom_chem_shift.Auth_atom_ID	_Atom_chem_shift.Details	_Atom_chem_shift.Entry_ID	_Atom_chem_shift.Assigned_chem_shift_list_ID
1,.,.,.,1,CA,13,C,.,CA,Q,.,40,GLN,40,.,1,1,.,51459,108,.,.,40,55.574,.,_Atom_chem_shift.ID	_Atom_chem_shift.Assembly_atom_ID	_Atom_chem_shift.Entity_assembly_ID	_Atom_chem_shift.Entity_assembly_asym_ID	_Atom_chem_shift.Entity_ID	_Atom_chem_shift.Comp_index_ID	_Atom_chem_shift.Seq_ID	_Atom_chem_shift.Comp_ID	_Atom_chem_shift.Atom_ID	_Atom_chem_shift.Atom_type	_Atom_chem_shift.Atom_isotope_number	_Atom_chem_shift.Val	_Atom_chem_shift.Val_err	_Atom_chem_shift.Assign_fig_of_merit	_Atom_chem_shift.Ambiguity_code	_Atom_chem_shift.Ambiguity_set_ID	_Atom_chem_shift.Occupancy	_Atom_chem_shift.Resonance_ID	_Atom_chem_shift.Auth_entity_assembly_ID	_Atom_chem_shift.Auth_asym_ID	_Atom_chem_shift.Auth_seq_ID	_Atom_chem_shift.Auth_comp_ID	_Atom_chem_shift.Auth_atom_ID	_Atom_chem_shift.Details	_Atom_chem_shift.Entry_ID	_Atom_chem_shift.Assigned_chem_shift_list_ID
1,.,.,.,1,N,15,N,.,N,Q,.,40,GLN,40,.,1,1,.,51459,109,.,.,40,116.872,.,_Atom_chem_shift.ID	_Atom_chem_shift.Assembly_atom_ID	_Atom_chem_shift.Entity_assembly_ID	_Atom_chem_shift.Entity_assembly_asym_ID	_Atom_chem_shift.Entity_ID	_Atom_chem_shift.Comp_index_ID	_Atom_chem_shift.Seq_ID	_Atom_chem_shift.Comp_ID	_Atom_chem_shift.Atom_ID	_Atom_chem_shift.Atom_type	_Atom_chem_shift.Atom_isotope_number	_Atom_chem_shift.Val	_Atom_chem_shift.Val_err	_Atom_chem_shift.Assign_fig_of_merit	_Atom_chem_shift.Ambiguity_code	_Atom_chem_shift.Ambiguity_set_ID	_Atom_chem_shift.Occupancy	_Atom_chem_shift.Resonance_ID	_Atom_chem_shift.Auth_entity_assembly_ID	_Atom_chem_shift.Auth_asym_ID	_Atom_chem_shift.Auth_seq_ID	_Atom_chem_shift.Auth_comp_ID	_Atom_chem_shift.Auth_atom_ID	_Atom_chem_shift.Details	_Atom_chem_shift.Entry_ID	_Atom_chem_shift.Assigned_chem_shift_list_ID
1,.,.,.,1,H,1,H,.,HN,Q,.,41,GLN,41,.,1,1,.,51459,110,.,.,41,7.331,.,_Atom_chem_shift.ID	_Atom_chem_shift.Assembly_atom_ID	_Atom_chem_shift.Entity_assembly_ID	_Atom_chem_shift.Entity_assembly_asym_ID	_Atom_chem_shift.Entity_ID	_Atom_chem_shift.Comp_index_ID	_Atom_chem_shift.Seq_ID	_Atom_chem_shift.Comp_ID	_Atom_chem_shift.Atom_ID	_Atom_chem_shift.Atom_type	_Atom_chem_shift.Atom_isotope_number	_Atom_chem_shift.Val	_Atom_chem_shift.Val_err	_Atom_chem_shift.Assign_fig_of_merit	_Atom_chem_shift.Ambiguity_code	_Atom_chem_shift.Ambiguity_set_ID	_Atom_chem_shift.Occupancy	_Atom_chem_shift.Resonance_ID	_Atom_chem_shift.Auth_entity_assembly_ID	_Atom_chem_shift.Auth_asym_ID	_Atom_chem_shift.Auth_seq_ID	_Atom_chem_shift.Auth_comp_ID	_Atom_chem_shift.Auth_atom_ID	_Atom_chem_shift.Details	_Atom_chem_shift.Entry_ID	_Atom_chem_shift.Assigned_chem_shift_list_ID
1,.,.,.,1,CA,13,C,.,CA,Q,.,41,GLN,41,.,1,1,.,51459,111,.,.,41,56.531,.,_Atom_chem_shift.ID	_Atom_chem_shift.Assembly_atom_ID	_Atom_chem_shift.Entity_assembly_ID	_Atom_chem_shift.Entity_assembly_asym_ID	_Atom_chem_shift.Entity_ID	_Atom_chem_shift.Comp_index_ID	_Atom_chem_shift.Seq_ID	_Atom_chem_shift.Comp_ID	_Atom_chem_shift.Atom_ID	_Atom_chem_shift.Atom_type	_Atom_chem_shift.Atom_isotope_number	_Atom_chem_shift.Val	_Atom_chem_shift.Val_err	_Atom_chem_shift.Assign_fig_of_merit	_Atom_chem_shift.Ambiguity_code	_Atom_chem_shift.Ambiguity_set_ID	_Atom_chem_shift.Occupancy	_Atom_chem_shift.Resonance_ID	_Atom_chem_shift.Auth_entity_assembly_ID	_Atom_chem_shift.Auth_asym_ID	_Atom_chem_shift.Auth_seq_ID	_Atom_chem_shift.Auth_comp_ID	_Atom_chem_shift.Auth_atom_ID	_Atom_chem_shift.Details	_Atom_chem_shift.Entry_ID	_Atom_chem_shift.Assigned_chem_shift_list_ID
1,.,.,.,1,N,15,N,.,N,Q,.,41,GLN,41,.,1,1,.,51459,112,.,.,41,118.155,.,_Atom_chem_shift.ID	_Atom_chem_shift.Assembly_atom_ID	_Atom_chem_shift.Entity_assembly_ID	_Atom_chem_shift.Entity_assembly_asym_ID	_Atom_chem_shift.Entity_ID	_Atom_chem_shift.Comp_index_ID	_Atom_chem_shift.Seq_ID	_Atom_chem_shift.Comp_ID	_Atom_chem_shift.Atom_ID	_Atom_chem_shift.Atom_type	_Atom_chem_shift.Atom_isotope_number	_Atom_chem_shift.Val	_Atom_chem_shift.Val_err	_Atom_chem_shift.Assign_fig_of_merit	_Atom_chem_shift.Ambiguity_code	_Atom_chem_shift.Ambiguity_set_ID	_Atom_chem_shift.Occupancy	_Atom_chem_shift.Resonance_ID	_Atom_chem_shift.Auth_entity_assembly_ID	_Atom_chem_shift.Auth_asym_ID	_Atom_chem_shift.Auth_seq_ID	_Atom_chem_shift.Auth_comp_ID	_Atom_chem_shift.Auth_atom_ID	_Atom_chem_shift.Details	_Atom_chem_shift.Entry_ID	_Atom_chem_shift.Assigned_chem_shift_list_ID
1,.,.,.,1,H,1,H,.,HN,R,.,42,ARG,42,.,1,1,.,51459,113,.,.,42,8.386,.,_Atom_chem_shift.ID	_Atom_chem_shift.Assembly_atom_ID	_Atom_chem_shift.Entity_assembly_ID	_Atom_chem_shift.Entity_assembly_asym_ID	_Atom_chem_shift.Entity_ID	_Atom_chem_shift.Comp_index_ID	_Atom_chem_shift.Seq_ID	_Atom_chem_shift.Comp_ID	_Atom_chem_shift.Atom_ID	_Atom_chem_shift.Atom_type	_Atom_chem_shift.Atom_isotope_number	_Atom_chem_shift.Val	_Atom_chem_shift.Val_err	_Atom_chem_shift.Assign_fig_of_merit	_Atom_chem_shift.Ambiguity_code	_Atom_chem_shift.Ambiguity_set_ID	_Atom_chem_shift.Occupancy	_Atom_chem_shift.Resonance_ID	_Atom_chem_shift.Auth_entity_assembly_ID	_Atom_chem_shift.Auth_asym_ID	_Atom_chem_shift.Auth_seq_ID	_Atom_chem_shift.Auth_comp_ID	_Atom_chem_shift.Auth_atom_ID	_Atom_chem_shift.Details	_Atom_chem_shift.Entry_ID	_Atom_chem_shift.Assigned_chem_shift_list_ID
1,.,.,.,1,CA,13,C,.,CA,R,.,42,ARG,42,.,1,1,.,51459,114,.,.,42,55.028,.,_Atom_chem_shift.ID	_Atom_chem_shift.Assembly_atom_ID	_Atom_chem_shift.Entity_assembly_ID	_Atom_chem_shift.Entity_assembly_asym_ID	_Atom_chem_shift.Entity_ID	_Atom_chem_shift.Comp_index_ID	_Atom_chem_shift.Seq_ID	_Atom_chem_shift.Comp_ID	_Atom_chem_shift.Atom_ID	_Atom_chem_shift.Atom_type	_Atom_chem_shift.Atom_isotope_number	_Atom_chem_shift.Val	_Atom_chem_shift.Val_err	_Atom_chem_shift.Assign_fig_of_merit	_Atom_chem_shift.Ambiguity_code	_Atom_chem_shift.Ambiguity_set_ID	_Atom_chem_shift.Occupancy	_Atom_chem_shift.Resonance_ID	_Atom_chem_shift.Auth_entity_assembly_ID	_Atom_chem_shift.Auth_asym_ID	_Atom_chem_shift.Auth_seq_ID	_Atom_chem_shift.Auth_comp_ID	_Atom_chem_shift.Auth_atom_ID	_Atom_chem_shift.Details	_Atom_chem_shift.Entry_ID	_Atom_chem_shift.Assigned_chem_shift_list_ID
1,.,.,.,1,N,15,N,.,N,R,.,42,ARG,42,.,1,1,.,51459,115,.,.,42,123.075,.,_Atom_chem_shift.ID	_Atom_chem_shift.Assembly_atom_ID	_Atom_chem_shift.Entity_assembly_ID	_Atom_chem_shift.Entity_assembly_asym_ID	_Atom_chem_shift.Entity_ID	_Atom_chem_shift.Comp_index_ID	_Atom_chem_shift.Seq_ID	_Atom_chem_shift.Comp_ID	_Atom_chem_shift.Atom_ID	_Atom_chem_shift.Atom_type	_Atom_chem_shift.Atom_isotope_number	_Atom_chem_shift.Val	_Atom_chem_shift.Val_err	_Atom_chem_shift.Assign_fig_of_merit	_Atom_chem_shift.Ambiguity_code	_Atom_chem_shift.Ambiguity_set_ID	_Atom_chem_shift.Occupancy	_Atom_chem_shift.Resonance_ID	_Atom_chem_shift.Auth_entity_assembly_ID	_Atom_chem_shift.Auth_asym_ID	_Atom_chem_shift.Auth_seq_ID	_Atom_chem_shift.Auth_comp_ID	_Atom_chem_shift.Auth_atom_ID	_Atom_chem_shift.Details	_Atom_chem_shift.Entry_ID	_Atom_chem_shift.Assigned_chem_shift_list_ID
1,.,.,.,1,H,1,H,.,HN,L,.,43,LEU,43,.,1,1,.,51459,116,.,.,43,8.679,.,_Atom_chem_shift.ID	_Atom_chem_shift.Assembly_atom_ID	_Atom_chem_shift.Entity_assembly_ID	_Atom_chem_shift.Entity_assembly_asym_ID	_Atom_chem_shift.Entity_ID	_Atom_chem_shift.Comp_index_ID	_Atom_chem_shift.Seq_ID	_Atom_chem_shift.Comp_ID	_Atom_chem_shift.Atom_ID	_Atom_chem_shift.Atom_type	_Atom_chem_shift.Atom_isotope_number	_Atom_chem_shift.Val	_Atom_chem_shift.Val_err	_Atom_chem_shift.Assign_fig_of_merit	_Atom_chem_shift.Ambiguity_code	_Atom_chem_shift.Ambiguity_set_ID	_Atom_chem_shift.Occupancy	_Atom_chem_shift.Resonance_ID	_Atom_chem_shift.Auth_entity_assembly_ID	_Atom_chem_shift.Auth_asym_ID	_Atom_chem_shift.Auth_seq_ID	_Atom_chem_shift.Auth_comp_ID	_Atom_chem_shift.Auth_atom_ID	_Atom_chem_shift.Details	_Atom_chem_shift.Entry_ID	_Atom_chem_shift.Assigned_chem_shift_list_ID
1,.,.,.,1,CA,13,C,.,CA,L,.,43,LEU,43,.,1,1,.,51459,117,.,.,43,52.977,.,_Atom_chem_shift.ID	_Atom_chem_shift.Assembly_atom_ID	_Atom_chem_shift.Entity_assembly_ID	_Atom_chem_shift.Entity_assembly_asym_ID	_Atom_chem_shift.Entity_ID	_Atom_chem_shift.Comp_index_ID	_Atom_chem_shift.Seq_ID	_Atom_chem_shift.Comp_ID	_Atom_chem_shift.Atom_ID	_Atom_chem_shift.Atom_type	_Atom_chem_shift.Atom_isotope_number	_Atom_chem_shift.Val	_Atom_chem_shift.Val_err	_Atom_chem_shift.Assign_fig_of_merit	_Atom_chem_shift.Ambiguity_code	_Atom_chem_shift.Ambiguity_set_ID	_Atom_chem_shift.Occupancy	_Atom_chem_shift.Resonance_ID	_Atom_chem_shift.Auth_entity_assembly_ID	_Atom_chem_shift.Auth_asym_ID	_Atom_chem_shift.Auth_seq_ID	_Atom_chem_shift.Auth_comp_ID	_Atom_chem_shift.Auth_atom_ID	_Atom_chem_shift.Details	_Atom_chem_shift.Entry_ID	_Atom_chem_shift.Assigned_chem_shift_list_ID
1,.,.,.,1,N,15,N,.,N,L,.,43,LEU,43,.,1,1,.,51459,118,.,.,43,124.430,.,_Atom_chem_shift.ID	_Atom_chem_shift.Assembly_atom_ID	_Atom_chem_shift.Entity_assembly_ID	_Atom_chem_shift.Entity_assembly_asym_ID	_Atom_chem_shift.Entity_ID	_Atom_chem_shift.Comp_index_ID	_Atom_chem_shift.Seq_ID	_Atom_chem_shift.Comp_ID	_Atom_chem_shift.Atom_ID	_Atom_chem_shift.Atom_type	_Atom_chem_shift.Atom_isotope_number	_Atom_chem_shift.Val	_Atom_chem_shift.Val_err	_Atom_chem_shift.Assign_fig_of_merit	_Atom_chem_shift.Ambiguity_code	_Atom_chem_shift.Ambiguity_set_ID	_Atom_chem_shift.Occupancy	_Atom_chem_shift.Resonance_ID	_Atom_chem_shift.Auth_entity_assembly_ID	_Atom_chem_shift.Auth_asym_ID	_Atom_chem_shift.Auth_seq_ID	_Atom_chem_shift.Auth_comp_ID	_Atom_chem_shift.Auth_atom_ID	_Atom_chem_shift.Details	_Atom_chem_shift.Entry_ID	_Atom_chem_shift.Assigned_chem_shift_list_ID
1,.,.,.,1,H,1,H,.,HN,I,.,44,ILE,44,.,1,1,.,51459,119,.,.,44,8.984,.,_Atom_chem_shift.ID	_Atom_chem_shift.Assembly_atom_ID	_Atom_chem_shift.Entity_assembly_ID	_Atom_chem_shift.Entity_assembly_asym_ID	_Atom_chem_shift.Entity_ID	_Atom_chem_shift.Comp_index_ID	_Atom_chem_shift.Seq_ID	_Atom_chem_shift.Comp_ID	_Atom_chem_shift.Atom_ID	_Atom_chem_shift.Atom_type	_Atom_chem_shift.Atom_isotope_number	_Atom_chem_shift.Val	_Atom_chem_shift.Val_err	_Atom_chem_shift.Assign_fig_of_merit	_Atom_chem_shift.Ambiguity_code	_Atom_chem_shift.Ambiguity_set_ID	_Atom_chem_shift.Occupancy	_Atom_chem_shift.Resonance_ID	_Atom_chem_shift.Auth_entity_assembly_ID	_Atom_chem_shift.Auth_asym_ID	_Atom_chem_shift.Auth_seq_ID	_Atom_chem_shift.Auth_comp_ID	_Atom_chem_shift.Auth_atom_ID	_Atom_chem_shift.Details	_Atom_chem_shift.Entry_ID	_Atom_chem_shift.Assigned_chem_shift_list_ID
1,.,.,.,1,CA,13,C,.,CA,I,.,44,ILE,44,.,1,1,.,51459,120,.,.,44,58.856,.,_Atom_chem_shift.ID	_Atom_chem_shift.Assembly_atom_ID	_Atom_chem_shift.Entity_assembly_ID	_Atom_chem_shift.Entity_assembly_asym_ID	_Atom_chem_shift.Entity_ID	_Atom_chem_shift.Comp_index_ID	_Atom_chem_shift.Seq_ID	_Atom_chem_shift.Comp_ID	_Atom_chem_shift.Atom_ID	_Atom_chem_shift.Atom_type	_Atom_chem_shift.Atom_isotope_number	_Atom_chem_shift.Val	_Atom_chem_shift.Val_err	_Atom_chem_shift.Assign_fig_of_merit	_Atom_chem_shift.Ambiguity_code	_Atom_chem_shift.Ambiguity_set_ID	_Atom_chem_shift.Occupancy	_Atom_chem_shift.Resonance_ID	_Atom_chem_shift.Auth_entity_assembly_ID	_Atom_chem_shift.Auth_asym_ID	_Atom_chem_shift.Auth_seq_ID	_Atom_chem_shift.Auth_comp_ID	_Atom_chem_shift.Auth_atom_ID	_Atom_chem_shift.Details	_Atom_chem_shift.Entry_ID	_Atom_chem_shift.Assigned_chem_shift_list_ID
1,.,.,.,1,N,15,N,.,N,I,.,44,ILE,44,.,1,1,.,51459,121,.,.,44,122.362,.,_Atom_chem_shift.ID	_Atom_chem_shift.Assembly_atom_ID	_Atom_chem_shift.Entity_assembly_ID	_Atom_chem_shift.Entity_assembly_asym_ID	_Atom_chem_shift.Entity_ID	_Atom_chem_shift.Comp_index_ID	_Atom_chem_shift.Seq_ID	_Atom_chem_shift.Comp_ID	_Atom_chem_shift.Atom_ID	_Atom_chem_shift.Atom_type	_Atom_chem_shift.Atom_isotope_number	_Atom_chem_shift.Val	_Atom_chem_shift.Val_err	_Atom_chem_shift.Assign_fig_of_merit	_Atom_chem_shift.Ambiguity_code	_Atom_chem_shift.Ambiguity_set_ID	_Atom_chem_shift.Occupancy	_Atom_chem_shift.Resonance_ID	_Atom_chem_shift.Auth_entity_assembly_ID	_Atom_chem_shift.Auth_asym_ID	_Atom_chem_shift.Auth_seq_ID	_Atom_chem_shift.Auth_comp_ID	_Atom_chem_shift.Auth_atom_ID	_Atom_chem_shift.Details	_Atom_chem_shift.Entry_ID	_Atom_chem_shift.Assigned_chem_shift_list_ID
1,.,.,.,1,H,1,H,.,HN,F,.,45,PHE,45,.,1,1,.,51459,122,.,.,45,8.704,.,_Atom_chem_shift.ID	_Atom_chem_shift.Assembly_atom_ID	_Atom_chem_shift.Entity_assembly_ID	_Atom_chem_shift.Entity_assembly_asym_ID	_Atom_chem_shift.Entity_ID	_Atom_chem_shift.Comp_index_ID	_Atom_chem_shift.Seq_ID	_Atom_chem_shift.Comp_ID	_Atom_chem_shift.Atom_ID	_Atom_chem_shift.Atom_type	_Atom_chem_shift.Atom_isotope_number	_Atom_chem_shift.Val	_Atom_chem_shift.Val_err	_Atom_chem_shift.Assign_fig_of_merit	_Atom_chem_shift.Ambiguity_code	_Atom_chem_shift.Ambiguity_set_ID	_Atom_chem_shift.Occupancy	_Atom_chem_shift.Resonance_ID	_Atom_chem_shift.Auth_entity_assembly_ID	_Atom_chem_shift.Auth_asym_ID	_Atom_chem_shift.Auth_seq_ID	_Atom_chem_shift.Auth_comp_ID	_Atom_chem_shift.Auth_atom_ID	_Atom_chem_shift.Details	_Atom_chem_shift.Entry_ID	_Atom_chem_shift.Assigned_chem_shift_list_ID
1,.,.,.,1,CA,13,C,.,CA,F,.,45,PHE,45,.,1,1,.,51459,123,.,.,45,56.394,.,_Atom_chem_shift.ID	_Atom_chem_shift.Assembly_atom_ID	_Atom_chem_shift.Entity_assembly_ID	_Atom_chem_shift.Entity_assembly_asym_ID	_Atom_chem_shift.Entity_ID	_Atom_chem_shift.Comp_index_ID	_Atom_chem_shift.Seq_ID	_Atom_chem_shift.Comp_ID	_Atom_chem_shift.Atom_ID	_Atom_chem_shift.Atom_type	_Atom_chem_shift.Atom_isotope_number	_Atom_chem_shift.Val	_Atom_chem_shift.Val_err	_Atom_chem_shift.Assign_fig_of_merit	_Atom_chem_shift.Ambiguity_code	_Atom_chem_shift.Ambiguity_set_ID	_Atom_chem_shift.Occupancy	_Atom_chem_shift.Resonance_ID	_Atom_chem_shift.Auth_entity_assembly_ID	_Atom_chem_shift.Auth_asym_ID	_Atom_chem_shift.Auth_seq_ID	_Atom_chem_shift.Auth_comp_ID	_Atom_chem_shift.Auth_atom_ID	_Atom_chem_shift.Details	_Atom_chem_shift.Entry_ID	_Atom_chem_shift.Assigned_chem_shift_list_ID
1,.,.,.,1,N,15,N,.,N,F,.,45,PHE,45,.,1,1,.,51459,124,.,.,45,124.929,.,_Atom_chem_shift.ID	_Atom_chem_shift.Assembly_atom_ID	_Atom_chem_shift.Entity_assembly_ID	_Atom_chem_shift.Entity_assembly_asym_ID	_Atom_chem_shift.Entity_ID	_Atom_chem_shift.Comp_index_ID	_Atom_chem_shift.Seq_ID	_Atom_chem_shift.Comp_ID	_Atom_chem_shift.Atom_ID	_Atom_chem_shift.Atom_type	_Atom_chem_shift.Atom_isotope_number	_Atom_chem_shift.Val	_Atom_chem_shift.Val_err	_Atom_chem_shift.Assign_fig_of_merit	_Atom_chem_shift.Ambiguity_code	_Atom_chem_shift.Ambiguity_set_ID	_Atom_chem_shift.Occupancy	_Atom_chem_shift.Resonance_ID	_Atom_chem_shift.Auth_entity_assembly_ID	_Atom_chem_shift.Auth_asym_ID	_Atom_chem_shift.Auth_seq_ID	_Atom_chem_shift.Auth_comp_ID	_Atom_chem_shift.Auth_atom_ID	_Atom_chem_shift.Details	_Atom_chem_shift.Entry_ID	_Atom_chem_shift.Assigned_chem_shift_list_ID
1,.,.,.,1,H,1,H,.,HN,A,.,46,ALA,46,.,1,1,.,51459,125,.,.,46,8.882,.,_Atom_chem_shift.ID	_Atom_chem_shift.Assembly_atom_ID	_Atom_chem_shift.Entity_assembly_ID	_Atom_chem_shift.Entity_assembly_asym_ID	_Atom_chem_shift.Entity_ID	_Atom_chem_shift.Comp_index_ID	_Atom_chem_shift.Seq_ID	_Atom_chem_shift.Comp_ID	_Atom_chem_shift.Atom_ID	_Atom_chem_shift.Atom_type	_Atom_chem_shift.Atom_isotope_number	_Atom_chem_shift.Val	_Atom_chem_shift.Val_err	_Atom_chem_shift.Assign_fig_of_merit	_Atom_chem_shift.Ambiguity_code	_Atom_chem_shift.Ambiguity_set_ID	_Atom_chem_shift.Occupancy	_Atom_chem_shift.Resonance_ID	_Atom_chem_shift.Auth_entity_assembly_ID	_Atom_chem_shift.Auth_asym_ID	_Atom_chem_shift.Auth_seq_ID	_Atom_chem_shift.Auth_comp_ID	_Atom_chem_shift.Auth_atom_ID	_Atom_chem_shift.Details	_Atom_chem_shift.Entry_ID	_Atom_chem_shift.Assigned_chem_shift_list_ID
1,.,.,.,1,CA,13,C,.,CA,A,.,46,ALA,46,.,1,1,.,51459,126,.,.,46,52.430,.,_Atom_chem_shift.ID	_Atom_chem_shift.Assembly_atom_ID	_Atom_chem_shift.Entity_assembly_ID	_Atom_chem_shift.Entity_assembly_asym_ID	_Atom_chem_shift.Entity_ID	_Atom_chem_shift.Comp_index_ID	_Atom_chem_shift.Seq_ID	_Atom_chem_shift.Comp_ID	_Atom_chem_shift.Atom_ID	_Atom_chem_shift.Atom_type	_Atom_chem_shift.Atom_isotope_number	_Atom_chem_shift.Val	_Atom_chem_shift.Val_err	_Atom_chem_shift.Assign_fig_of_merit	_Atom_chem_shift.Ambiguity_code	_Atom_chem_shift.Ambiguity_set_ID	_Atom_chem_shift.Occupancy	_Atom_chem_shift.Resonance_ID	_Atom_chem_shift.Auth_entity_assembly_ID	_Atom_chem_shift.Auth_asym_ID	_Atom_chem_shift.Auth_seq_ID	_Atom_chem_shift.Auth_comp_ID	_Atom_chem_shift.Auth_atom_ID	_Atom_chem_shift.Details	_Atom_chem_shift.Entry_ID	_Atom_chem_shift.Assigned_chem_shift_list_ID
1,.,.,.,1,N,15,N,.,N,A,.,46,ALA,46,.,1,1,.,51459,127,.,.,46,133.057,.,_Atom_chem_shift.ID	_Atom_chem_shift.Assembly_atom_ID	_Atom_chem_shift.Entity_assembly_ID	_Atom_chem_shift.Entity_assembly_asym_ID	_Atom_chem_shift.Entity_ID	_Atom_chem_shift.Comp_index_ID	_Atom_chem_shift.Seq_ID	_Atom_chem_shift.Comp_ID	_Atom_chem_shift.Atom_ID	_Atom_chem_shift.Atom_type	_Atom_chem_shift.Atom_isotope_number	_Atom_chem_shift.Val	_Atom_chem_shift.Val_err	_Atom_chem_shift.Assign_fig_of_merit	_Atom_chem_shift.Ambiguity_code	_Atom_chem_shift.Ambiguity_set_ID	_Atom_chem_shift.Occupancy	_Atom_chem_shift.Resonance_ID	_Atom_chem_shift.Auth_entity_assembly_ID	_Atom_chem_shift.Auth_asym_ID	_Atom_chem_shift.Auth_seq_ID	_Atom_chem_shift.Auth_comp_ID	_Atom_chem_shift.Auth_atom_ID	_Atom_chem_shift.Details	_Atom_chem_shift.Entry_ID	_Atom_chem_shift.Assigned_chem_shift_list_ID
1,.,.,.,1,H,1,H,.,HN,G,.,47,GLY,47,.,1,1,.,51459,128,.,.,47,7.967,.,_Atom_chem_shift.ID	_Atom_chem_shift.Assembly_atom_ID	_Atom_chem_shift.Entity_assembly_ID	_Atom_chem_shift.Entity_assembly_asym_ID	_Atom_chem_shift.Entity_ID	_Atom_chem_shift.Comp_index_ID	_Atom_chem_shift.Seq_ID	_Atom_chem_shift.Comp_ID	_Atom_chem_shift.Atom_ID	_Atom_chem_shift.Atom_type	_Atom_chem_shift.Atom_isotope_number	_Atom_chem_shift.Val	_Atom_chem_shift.Val_err	_Atom_chem_shift.Assign_fig_of_merit	_Atom_chem_shift.Ambiguity_code	_Atom_chem_shift.Ambiguity_set_ID	_Atom_chem_shift.Occupancy	_Atom_chem_shift.Resonance_ID	_Atom_chem_shift.Auth_entity_assembly_ID	_Atom_chem_shift.Auth_asym_ID	_Atom_chem_shift.Auth_seq_ID	_Atom_chem_shift.Auth_comp_ID	_Atom_chem_shift.Auth_atom_ID	_Atom_chem_shift.Details	_Atom_chem_shift.Entry_ID	_Atom_chem_shift.Assigned_chem_shift_list_ID
1,.,.,.,1,CA,13,C,.,CA,G,.,47,GLY,47,.,1,1,.,51459,129,.,.,47,45.320,.,_Atom_chem_shift.ID	_Atom_chem_shift.Assembly_atom_ID	_Atom_chem_shift.Entity_assembly_ID	_Atom_chem_shift.Entity_assembly_asym_ID	_Atom_chem_shift.Entity_ID	_Atom_chem_shift.Comp_index_ID	_Atom_chem_shift.Seq_ID	_Atom_chem_shift.Comp_ID	_Atom_chem_shift.Atom_ID	_Atom_chem_shift.Atom_type	_Atom_chem_shift.Atom_isotope_number	_Atom_chem_shift.Val	_Atom_chem_shift.Val_err	_Atom_chem_shift.Assign_fig_of_merit	_Atom_chem_shift.Ambiguity_code	_Atom_chem_shift.Ambiguity_set_ID	_Atom_chem_shift.Occupancy	_Atom_chem_shift.Resonance_ID	_Atom_chem_shift.Auth_entity_assembly_ID	_Atom_chem_shift.Auth_asym_ID	_Atom_chem_shift.Auth_seq_ID	_Atom_chem_shift.Auth_comp_ID	_Atom_chem_shift.Auth_atom_ID	_Atom_chem_shift.Details	_Atom_chem_shift.Entry_ID	_Atom_chem_shift.Assigned_chem_shift_list_ID
1,.,.,.,1,N,15,N,.,N,G,.,47,GLY,47,.,1,1,.,51459,130,.,.,47,102.541,.,_Atom_chem_shift.ID	_Atom_chem_shift.Assembly_atom_ID	_Atom_chem_shift.Entity_assembly_ID	_Atom_chem_shift.Entity_assembly_asym_ID	_Atom_chem_shift.Entity_ID	_Atom_chem_shift.Comp_index_ID	_Atom_chem_shift.Seq_ID	_Atom_chem_shift.Comp_ID	_Atom_chem_shift.Atom_ID	_Atom_chem_shift.Atom_type	_Atom_chem_shift.Atom_isotope_number	_Atom_chem_shift.Val	_Atom_chem_shift.Val_err	_Atom_chem_shift.Assign_fig_of_merit	_Atom_chem_shift.Ambiguity_code	_Atom_chem_shift.Ambiguity_set_ID	_Atom_chem_shift.Occupancy	_Atom_chem_shift.Resonance_ID	_Atom_chem_shift.Auth_entity_assembly_ID	_Atom_chem_shift.Auth_asym_ID	_Atom_chem_shift.Auth_seq_ID	_Atom_chem_shift.Auth_comp_ID	_Atom_chem_shift.Auth_atom_ID	_Atom_chem_shift.Details	_Atom_chem_shift.Entry_ID	_Atom_chem_shift.Assigned_chem_shift_list_ID
1,.,.,.,1,H,1,H,.,HN,K,.,48,LYS,48,.,1,1,.,51459,131,.,.,48,7.840,.,_Atom_chem_shift.ID	_Atom_chem_shift.Assembly_atom_ID	_Atom_chem_shift.Entity_assembly_ID	_Atom_chem_shift.Entity_assembly_asym_ID	_Atom_chem_shift.Entity_ID	_Atom_chem_shift.Comp_index_ID	_Atom_chem_shift.Seq_ID	_Atom_chem_shift.Comp_ID	_Atom_chem_shift.Atom_ID	_Atom_chem_shift.Atom_type	_Atom_chem_shift.Atom_isotope_number	_Atom_chem_shift.Val	_Atom_chem_shift.Val_err	_Atom_chem_shift.Assign_fig_of_merit	_Atom_chem_shift.Ambiguity_code	_Atom_chem_shift.Ambiguity_set_ID	_Atom_chem_shift.Occupancy	_Atom_chem_shift.Resonance_ID	_Atom_chem_shift.Auth_entity_assembly_ID	_Atom_chem_shift.Auth_asym_ID	_Atom_chem_shift.Auth_seq_ID	_Atom_chem_shift.Auth_comp_ID	_Atom_chem_shift.Auth_atom_ID	_Atom_chem_shift.Details	_Atom_chem_shift.Entry_ID	_Atom_chem_shift.Assigned_chem_shift_list_ID
1,.,.,.,1,CA,13,C,.,CA,K,.,48,LYS,48,.,1,1,.,51459,132,.,.,48,54.480,.,_Atom_chem_shift.ID	_Atom_chem_shift.Assembly_atom_ID	_Atom_chem_shift.Entity_assembly_ID	_Atom_chem_shift.Entity_assembly_asym_ID	_Atom_chem_shift.Entity_ID	_Atom_chem_shift.Comp_index_ID	_Atom_chem_shift.Seq_ID	_Atom_chem_shift.Comp_ID	_Atom_chem_shift.Atom_ID	_Atom_chem_shift.Atom_type	_Atom_chem_shift.Atom_isotope_number	_Atom_chem_shift.Val	_Atom_chem_shift.Val_err	_Atom_chem_shift.Assign_fig_of_merit	_Atom_chem_shift.Ambiguity_code	_Atom_chem_shift.Ambiguity_set_ID	_Atom_chem_shift.Occupancy	_Atom_chem_shift.Resonance_ID	_Atom_chem_shift.Auth_entity_assembly_ID	_Atom_chem_shift.Auth_asym_ID	_Atom_chem_shift.Auth_seq_ID	_Atom_chem_shift.Auth_comp_ID	_Atom_chem_shift.Auth_atom_ID	_Atom_chem_shift.Details	_Atom_chem_shift.Entry_ID	_Atom_chem_shift.Assigned_chem_shift_list_ID
1,.,.,.,1,N,15,N,.,N,K,.,48,LYS,48,.,1,1,.,51459,133,.,.,48,122.006,.,_Atom_chem_shift.ID	_Atom_chem_shift.Assembly_atom_ID	_Atom_chem_shift.Entity_assembly_ID	_Atom_chem_shift.Entity_assembly_asym_ID	_Atom_chem_shift.Entity_ID	_Atom_chem_shift.Comp_index_ID	_Atom_chem_shift.Seq_ID	_Atom_chem_shift.Comp_ID	_Atom_chem_shift.Atom_ID	_Atom_chem_shift.Atom_type	_Atom_chem_shift.Atom_isotope_number	_Atom_chem_shift.Val	_Atom_chem_shift.Val_err	_Atom_chem_shift.Assign_fig_of_merit	_Atom_chem_shift.Ambiguity_code	_Atom_chem_shift.Ambiguity_set_ID	_Atom_chem_shift.Occupancy	_Atom_chem_shift.Resonance_ID	_Atom_chem_shift.Auth_entity_assembly_ID	_Atom_chem_shift.Auth_asym_ID	_Atom_chem_shift.Auth_seq_ID	_Atom_chem_shift.Auth_comp_ID	_Atom_chem_shift.Auth_atom_ID	_Atom_chem_shift.Details	_Atom_chem_shift.Entry_ID	_Atom_chem_shift.Assigned_chem_shift_list_ID
1,.,.,.,1,H,1,H,.,HN,Q,.,49,GLN,49,.,1,1,.,51459,134,.,.,49,8.513,.,_Atom_chem_shift.ID	_Atom_chem_shift.Assembly_atom_ID	_Atom_chem_shift.Entity_assembly_ID	_Atom_chem_shift.Entity_assembly_asym_ID	_Atom_chem_shift.Entity_ID	_Atom_chem_shift.Comp_index_ID	_Atom_chem_shift.Seq_ID	_Atom_chem_shift.Comp_ID	_Atom_chem_shift.Atom_ID	_Atom_chem_shift.Atom_type	_Atom_chem_shift.Atom_isotope_number	_Atom_chem_shift.Val	_Atom_chem_shift.Val_err	_Atom_chem_shift.Assign_fig_of_merit	_Atom_chem_shift.Ambiguity_code	_Atom_chem_shift.Ambiguity_set_ID	_Atom_chem_shift.Occupancy	_Atom_chem_shift.Resonance_ID	_Atom_chem_shift.Auth_entity_assembly_ID	_Atom_chem_shift.Auth_asym_ID	_Atom_chem_shift.Auth_seq_ID	_Atom_chem_shift.Auth_comp_ID	_Atom_chem_shift.Auth_atom_ID	_Atom_chem_shift.Details	_Atom_chem_shift.Entry_ID	_Atom_chem_shift.Assigned_chem_shift_list_ID
1,.,.,.,1,CA,13,C,.,CA,Q,.,49,GLN,49,.,1,1,.,51459,135,.,.,49,55.848,.,_Atom_chem_shift.ID	_Atom_chem_shift.Assembly_atom_ID	_Atom_chem_shift.Entity_assembly_ID	_Atom_chem_shift.Entity_assembly_asym_ID	_Atom_chem_shift.Entity_ID	_Atom_chem_shift.Comp_index_ID	_Atom_chem_shift.Seq_ID	_Atom_chem_shift.Comp_ID	_Atom_chem_shift.Atom_ID	_Atom_chem_shift.Atom_type	_Atom_chem_shift.Atom_isotope_number	_Atom_chem_shift.Val	_Atom_chem_shift.Val_err	_Atom_chem_shift.Assign_fig_of_merit	_Atom_chem_shift.Ambiguity_code	_Atom_chem_shift.Ambiguity_set_ID	_Atom_chem_shift.Occupancy	_Atom_chem_shift.Resonance_ID	_Atom_chem_shift.Auth_entity_assembly_ID	_Atom_chem_shift.Auth_asym_ID	_Atom_chem_shift.Auth_seq_ID	_Atom_chem_shift.Auth_comp_ID	_Atom_chem_shift.Auth_atom_ID	_Atom_chem_shift.Details	_Atom_chem_shift.Entry_ID	_Atom_chem_shift.Assigned_chem_shift_list_ID
1,.,.,.,1,N,15,N,.,N,Q,.,49,GLN,49,.,1,1,.,51459,136,.,.,49,123.146,.,_Atom_chem_shift.ID	_Atom_chem_shift.Assembly_atom_ID	_Atom_chem_shift.Entity_assembly_ID	_Atom_chem_shift.Entity_assembly_asym_ID	_Atom_chem_shift.Entity_ID	_Atom_chem_shift.Comp_index_ID	_Atom_chem_shift.Seq_ID	_Atom_chem_shift.Comp_ID	_Atom_chem_shift.Atom_ID	_Atom_chem_shift.Atom_type	_Atom_chem_shift.Atom_isotope_number	_Atom_chem_shift.Val	_Atom_chem_shift.Val_err	_Atom_chem_shift.Assign_fig_of_merit	_Atom_chem_shift.Ambiguity_code	_Atom_chem_shift.Ambiguity_set_ID	_Atom_chem_shift.Occupancy	_Atom_chem_shift.Resonance_ID	_Atom_chem_shift.Auth_entity_assembly_ID	_Atom_chem_shift.Auth_asym_ID	_Atom_chem_shift.Auth_seq_ID	_Atom_chem_shift.Auth_comp_ID	_Atom_chem_shift.Auth_atom_ID	_Atom_chem_shift.Details	_Atom_chem_shift.Entry_ID	_Atom_chem_shift.Assigned_chem_shift_list_ID
1,.,.,.,1,H,1,H,.,HN,L,.,50,LEU,50,.,1,1,.,51459,137,.,.,50,8.424,.,_Atom_chem_shift.ID	_Atom_chem_shift.Assembly_atom_ID	_Atom_chem_shift.Entity_assembly_ID	_Atom_chem_shift.Entity_assembly_asym_ID	_Atom_chem_shift.Entity_ID	_Atom_chem_shift.Comp_index_ID	_Atom_chem_shift.Seq_ID	_Atom_chem_shift.Comp_ID	_Atom_chem_shift.Atom_ID	_Atom_chem_shift.Atom_type	_Atom_chem_shift.Atom_isotope_number	_Atom_chem_shift.Val	_Atom_chem_shift.Val_err	_Atom_chem_shift.Assign_fig_of_merit	_Atom_chem_shift.Ambiguity_code	_Atom_chem_shift.Ambiguity_set_ID	_Atom_chem_shift.Occupancy	_Atom_chem_shift.Resonance_ID	_Atom_chem_shift.Auth_entity_assembly_ID	_Atom_chem_shift.Auth_asym_ID	_Atom_chem_shift.Auth_seq_ID	_Atom_chem_shift.Auth_comp_ID	_Atom_chem_shift.Auth_atom_ID	_Atom_chem_shift.Details	_Atom_chem_shift.Entry_ID	_Atom_chem_shift.Assigned_chem_shift_list_ID
1,.,.,.,1,CA,13,C,.,CA,L,.,50,LEU,50,.,1,1,.,51459,138,.,.,50,54.071,.,_Atom_chem_shift.ID	_Atom_chem_shift.Assembly_atom_ID	_Atom_chem_shift.Entity_assembly_ID	_Atom_chem_shift.Entity_assembly_asym_ID	_Atom_chem_shift.Entity_ID	_Atom_chem_shift.Comp_index_ID	_Atom_chem_shift.Seq_ID	_Atom_chem_shift.Comp_ID	_Atom_chem_shift.Atom_ID	_Atom_chem_shift.Atom_type	_Atom_chem_shift.Atom_isotope_number	_Atom_chem_shift.Val	_Atom_chem_shift.Val_err	_Atom_chem_shift.Assign_fig_of_merit	_Atom_chem_shift.Ambiguity_code	_Atom_chem_shift.Ambiguity_set_ID	_Atom_chem_shift.Occupancy	_Atom_chem_shift.Resonance_ID	_Atom_chem_shift.Auth_entity_assembly_ID	_Atom_chem_shift.Auth_asym_ID	_Atom_chem_shift.Auth_seq_ID	_Atom_chem_shift.Auth_comp_ID	_Atom_chem_shift.Auth_atom_ID	_Atom_chem_shift.Details	_Atom_chem_shift.Entry_ID	_Atom_chem_shift.Assigned_chem_shift_list_ID
1,.,.,.,1,N,15,N,.,N,L,.,50,LEU,50,.,1,1,.,51459,139,.,.,50,125.713,.,_Atom_chem_shift.ID	_Atom_chem_shift.Assembly_atom_ID	_Atom_chem_shift.Entity_assembly_ID	_Atom_chem_shift.Entity_assembly_asym_ID	_Atom_chem_shift.Entity_ID	_Atom_chem_shift.Comp_index_ID	_Atom_chem_shift.Seq_ID	_Atom_chem_shift.Comp_ID	_Atom_chem_shift.Atom_ID	_Atom_chem_shift.Atom_type	_Atom_chem_shift.Atom_isotope_number	_Atom_chem_shift.Val	_Atom_chem_shift.Val_err	_Atom_chem_shift.Assign_fig_of_merit	_Atom_chem_shift.Ambiguity_code	_Atom_chem_shift.Ambiguity_set_ID	_Atom_chem_shift.Occupancy	_Atom_chem_shift.Resonance_ID	_Atom_chem_shift.Auth_entity_assembly_ID	_Atom_chem_shift.Auth_asym_ID	_Atom_chem_shift.Auth_seq_ID	_Atom_chem_shift.Auth_comp_ID	_Atom_chem_shift.Auth_atom_ID	_Atom_chem_shift.Details	_Atom_chem_shift.Entry_ID	_Atom_chem_shift.Assigned_chem_shift_list_ID
1,.,.,.,1,H,1,H,.,HN,E,.,51,GLU,51,.,1,1,.,51459,140,.,.,51,8.259,.,_Atom_chem_shift.ID	_Atom_chem_shift.Assembly_atom_ID	_Atom_chem_shift.Entity_assembly_ID	_Atom_chem_shift.Entity_assembly_asym_ID	_Atom_chem_shift.Entity_ID	_Atom_chem_shift.Comp_index_ID	_Atom_chem_shift.Seq_ID	_Atom_chem_shift.Comp_ID	_Atom_chem_shift.Atom_ID	_Atom_chem_shift.Atom_type	_Atom_chem_shift.Atom_isotope_number	_Atom_chem_shift.Val	_Atom_chem_shift.Val_err	_Atom_chem_shift.Assign_fig_of_merit	_Atom_chem_shift.Ambiguity_code	_Atom_chem_shift.Ambiguity_set_ID	_Atom_chem_shift.Occupancy	_Atom_chem_shift.Resonance_ID	_Atom_chem_shift.Auth_entity_assembly_ID	_Atom_chem_shift.Auth_asym_ID	_Atom_chem_shift.Auth_seq_ID	_Atom_chem_shift.Auth_comp_ID	_Atom_chem_shift.Auth_atom_ID	_Atom_chem_shift.Details	_Atom_chem_shift.Entry_ID	_Atom_chem_shift.Assigned_chem_shift_list_ID
1,.,.,.,1,CA,13,C,.,CA,E,.,51,GLU,51,.,1,1,.,51459,141,.,.,51,55.848,.,_Atom_chem_shift.ID	_Atom_chem_shift.Assembly_atom_ID	_Atom_chem_shift.Entity_assembly_ID	_Atom_chem_shift.Entity_assembly_asym_ID	_Atom_chem_shift.Entity_ID	_Atom_chem_shift.Comp_index_ID	_Atom_chem_shift.Seq_ID	_Atom_chem_shift.Comp_ID	_Atom_chem_shift.Atom_ID	_Atom_chem_shift.Atom_type	_Atom_chem_shift.Atom_isotope_number	_Atom_chem_shift.Val	_Atom_chem_shift.Val_err	_Atom_chem_shift.Assign_fig_of_merit	_Atom_chem_shift.Ambiguity_code	_Atom_chem_shift.Ambiguity_set_ID	_Atom_chem_shift.Occupancy	_Atom_chem_shift.Resonance_ID	_Atom_chem_shift.Auth_entity_assembly_ID	_Atom_chem_shift.Auth_asym_ID	_Atom_chem_shift.Auth_seq_ID	_Atom_chem_shift.Auth_comp_ID	_Atom_chem_shift.Auth_atom_ID	_Atom_chem_shift.Details	_Atom_chem_shift.Entry_ID	_Atom_chem_shift.Assigned_chem_shift_list_ID
1,.,.,.,1,N,15,N,.,N,E,.,51,GLU,51,.,1,1,.,51459,142,.,.,51,123.075,.,_Atom_chem_shift.ID	_Atom_chem_shift.Assembly_atom_ID	_Atom_chem_shift.Entity_assembly_ID	_Atom_chem_shift.Entity_assembly_asym_ID	_Atom_chem_shift.Entity_ID	_Atom_chem_shift.Comp_index_ID	_Atom_chem_shift.Seq_ID	_Atom_chem_shift.Comp_ID	_Atom_chem_shift.Atom_ID	_Atom_chem_shift.Atom_type	_Atom_chem_shift.Atom_isotope_number	_Atom_chem_shift.Val	_Atom_chem_shift.Val_err	_Atom_chem_shift.Assign_fig_of_merit	_Atom_chem_shift.Ambiguity_code	_Atom_chem_shift.Ambiguity_set_ID	_Atom_chem_shift.Occupancy	_Atom_chem_shift.Resonance_ID	_Atom_chem_shift.Auth_entity_assembly_ID	_Atom_chem_shift.Auth_asym_ID	_Atom_chem_shift.Auth_seq_ID	_Atom_chem_shift.Auth_comp_ID	_Atom_chem_shift.Auth_atom_ID	_Atom_chem_shift.Details	_Atom_chem_shift.Entry_ID	_Atom_chem_shift.Assigned_chem_shift_list_ID
1,.,.,.,1,H,1,H,.,HN,D,.,52,ASP,52,.,1,1,.,51459,143,.,.,52,8.030,.,_Atom_chem_shift.ID	_Atom_chem_shift.Assembly_atom_ID	_Atom_chem_shift.Entity_assembly_ID	_Atom_chem_shift.Entity_assembly_asym_ID	_Atom_chem_shift.Entity_ID	_Atom_chem_shift.Comp_index_ID	_Atom_chem_shift.Seq_ID	_Atom_chem_shift.Comp_ID	_Atom_chem_shift.Atom_ID	_Atom_chem_shift.Atom_type	_Atom_chem_shift.Atom_isotope_number	_Atom_chem_shift.Val	_Atom_chem_shift.Val_err	_Atom_chem_shift.Assign_fig_of_merit	_Atom_chem_shift.Ambiguity_code	_Atom_chem_shift.Ambiguity_set_ID	_Atom_chem_shift.Occupancy	_Atom_chem_shift.Resonance_ID	_Atom_chem_shift.Auth_entity_assembly_ID	_Atom_chem_shift.Auth_asym_ID	_Atom_chem_shift.Auth_seq_ID	_Atom_chem_shift.Auth_comp_ID	_Atom_chem_shift.Auth_atom_ID	_Atom_chem_shift.Details	_Atom_chem_shift.Entry_ID	_Atom_chem_shift.Assigned_chem_shift_list_ID
1,.,.,.,1,CA,13,C,.,CA,D,.,52,ASP,52,.,1,1,.,51459,144,.,.,52,56.531,.,_Atom_chem_shift.ID	_Atom_chem_shift.Assembly_atom_ID	_Atom_chem_shift.Entity_assembly_ID	_Atom_chem_shift.Entity_assembly_asym_ID	_Atom_chem_shift.Entity_ID	_Atom_chem_shift.Comp_index_ID	_Atom_chem_shift.Seq_ID	_Atom_chem_shift.Comp_ID	_Atom_chem_shift.Atom_ID	_Atom_chem_shift.Atom_type	_Atom_chem_shift.Atom_isotope_number	_Atom_chem_shift.Val	_Atom_chem_shift.Val_err	_Atom_chem_shift.Assign_fig_of_merit	_Atom_chem_shift.Ambiguity_code	_Atom_chem_shift.Ambiguity_set_ID	_Atom_chem_shift.Occupancy	_Atom_chem_shift.Resonance_ID	_Atom_chem_shift.Auth_entity_assembly_ID	_Atom_chem_shift.Auth_asym_ID	_Atom_chem_shift.Auth_seq_ID	_Atom_chem_shift.Auth_comp_ID	_Atom_chem_shift.Auth_atom_ID	_Atom_chem_shift.Details	_Atom_chem_shift.Entry_ID	_Atom_chem_shift.Assigned_chem_shift_list_ID
1,.,.,.,1,N,15,N,.,N,D,.,52,ASP,52,.,1,1,.,51459,145,.,.,52,120.366,.,_Atom_chem_shift.ID	_Atom_chem_shift.Assembly_atom_ID	_Atom_chem_shift.Entity_assembly_ID	_Atom_chem_shift.Entity_assembly_asym_ID	_Atom_chem_shift.Entity_ID	_Atom_chem_shift.Comp_index_ID	_Atom_chem_shift.Seq_ID	_Atom_chem_shift.Comp_ID	_Atom_chem_shift.Atom_ID	_Atom_chem_shift.Atom_type	_Atom_chem_shift.Atom_isotope_number	_Atom_chem_shift.Val	_Atom_chem_shift.Val_err	_Atom_chem_shift.Assign_fig_of_merit	_Atom_chem_shift.Ambiguity_code	_Atom_chem_shift.Ambiguity_set_ID	_Atom_chem_shift.Occupancy	_Atom_chem_shift.Resonance_ID	_Atom_chem_shift.Auth_entity_assembly_ID	_Atom_chem_shift.Auth_asym_ID	_Atom_chem_shift.Auth_seq_ID	_Atom_chem_shift.Auth_comp_ID	_Atom_chem_shift.Auth_atom_ID	_Atom_chem_shift.Details	_Atom_chem_shift.Entry_ID	_Atom_chem_shift.Assigned_chem_shift_list_ID
1,.,.,.,1,CA,13,C,.,CA,G,.,53,GLY,53,.,1,1,.,51459,146,.,.,53,45.047,.,_Atom_chem_shift.ID	_Atom_chem_shift.Assembly_atom_ID	_Atom_chem_shift.Entity_assembly_ID	_Atom_chem_shift.Entity_assembly_asym_ID	_Atom_chem_shift.Entity_ID	_Atom_chem_shift.Comp_index_ID	_Atom_chem_shift.Seq_ID	_Atom_chem_shift.Comp_ID	_Atom_chem_shift.Atom_ID	_Atom_chem_shift.Atom_type	_Atom_chem_shift.Atom_isotope_number	_Atom_chem_shift.Val	_Atom_chem_shift.Val_err	_Atom_chem_shift.Assign_fig_of_merit	_Atom_chem_shift.Ambiguity_code	_Atom_chem_shift.Ambiguity_set_ID	_Atom_chem_shift.Occupancy	_Atom_chem_shift.Resonance_ID	_Atom_chem_shift.Auth_entity_assembly_ID	_Atom_chem_shift.Auth_asym_ID	_Atom_chem_shift.Auth_seq_ID	_Atom_chem_shift.Auth_comp_ID	_Atom_chem_shift.Auth_atom_ID	_Atom_chem_shift.Details	_Atom_chem_shift.Entry_ID	_Atom_chem_shift.Assigned_chem_shift_list_ID
1,.,.,.,1,H,1,H,.,HN,R,.,54,ARG,54,.,1,1,.,51459,147,.,.,54,7.319,.,_Atom_chem_shift.ID	_Atom_chem_shift.Assembly_atom_ID	_Atom_chem_shift.Entity_assembly_ID	_Atom_chem_shift.Entity_assembly_asym_ID	_Atom_chem_shift.Entity_ID	_Atom_chem_shift.Comp_index_ID	_Atom_chem_shift.Seq_ID	_Atom_chem_shift.Comp_ID	_Atom_chem_shift.Atom_ID	_Atom_chem_shift.Atom_type	_Atom_chem_shift.Atom_isotope_number	_Atom_chem_shift.Val	_Atom_chem_shift.Val_err	_Atom_chem_shift.Assign_fig_of_merit	_Atom_chem_shift.Ambiguity_code	_Atom_chem_shift.Ambiguity_set_ID	_Atom_chem_shift.Occupancy	_Atom_chem_shift.Resonance_ID	_Atom_chem_shift.Auth_entity_assembly_ID	_Atom_chem_shift.Auth_asym_ID	_Atom_chem_shift.Auth_seq_ID	_Atom_chem_shift.Auth_comp_ID	_Atom_chem_shift.Auth_atom_ID	_Atom_chem_shift.Details	_Atom_chem_shift.Entry_ID	_Atom_chem_shift.Assigned_chem_shift_list_ID
1,.,.,.,1,CA,13,C,.,CA,R,.,54,ARG,54,.,1,1,.,51459,148,.,.,54,54.207,.,_Atom_chem_shift.ID	_Atom_chem_shift.Assembly_atom_ID	_Atom_chem_shift.Entity_assembly_ID	_Atom_chem_shift.Entity_assembly_asym_ID	_Atom_chem_shift.Entity_ID	_Atom_chem_shift.Comp_index_ID	_Atom_chem_shift.Seq_ID	_Atom_chem_shift.Comp_ID	_Atom_chem_shift.Atom_ID	_Atom_chem_shift.Atom_type	_Atom_chem_shift.Atom_isotope_number	_Atom_chem_shift.Val	_Atom_chem_shift.Val_err	_Atom_chem_shift.Assign_fig_of_merit	_Atom_chem_shift.Ambiguity_code	_Atom_chem_shift.Ambiguity_set_ID	_Atom_chem_shift.Occupancy	_Atom_chem_shift.Resonance_ID	_Atom_chem_shift.Auth_entity_assembly_ID	_Atom_chem_shift.Auth_asym_ID	_Atom_chem_shift.Auth_seq_ID	_Atom_chem_shift.Auth_comp_ID	_Atom_chem_shift.Auth_atom_ID	_Atom_chem_shift.Details	_Atom_chem_shift.Entry_ID	_Atom_chem_shift.Assigned_chem_shift_list_ID
1,.,.,.,1,N,15,N,.,N,R,.,54,ARG,54,.,1,1,.,51459,149,.,.,54,119.367,.,_Atom_chem_shift.ID	_Atom_chem_shift.Assembly_atom_ID	_Atom_chem_shift.Entity_assembly_ID	_Atom_chem_shift.Entity_assembly_asym_ID	_Atom_chem_shift.Entity_ID	_Atom_chem_shift.Comp_index_ID	_Atom_chem_shift.Seq_ID	_Atom_chem_shift.Comp_ID	_Atom_chem_shift.Atom_ID	_Atom_chem_shift.Atom_type	_Atom_chem_shift.Atom_isotope_number	_Atom_chem_shift.Val	_Atom_chem_shift.Val_err	_Atom_chem_shift.Assign_fig_of_merit	_Atom_chem_shift.Ambiguity_code	_Atom_chem_shift.Ambiguity_set_ID	_Atom_chem_shift.Occupancy	_Atom_chem_shift.Resonance_ID	_Atom_chem_shift.Auth_entity_assembly_ID	_Atom_chem_shift.Auth_asym_ID	_Atom_chem_shift.Auth_seq_ID	_Atom_chem_shift.Auth_comp_ID	_Atom_chem_shift.Auth_atom_ID	_Atom_chem_shift.Details	_Atom_chem_shift.Entry_ID	_Atom_chem_shift.Assigned_chem_shift_list_ID
1,.,.,.,1,H,1,H,.,HN,T,.,55,THR,55,.,1,1,.,51459,150,.,.,55,8.691,.,_Atom_chem_shift.ID	_Atom_chem_shift.Assembly_atom_ID	_Atom_chem_shift.Entity_assembly_ID	_Atom_chem_shift.Entity_assembly_asym_ID	_Atom_chem_shift.Entity_ID	_Atom_chem_shift.Comp_index_ID	_Atom_chem_shift.Seq_ID	_Atom_chem_shift.Comp_ID	_Atom_chem_shift.Atom_ID	_Atom_chem_shift.Atom_type	_Atom_chem_shift.Atom_isotope_number	_Atom_chem_shift.Val	_Atom_chem_shift.Val_err	_Atom_chem_shift.Assign_fig_of_merit	_Atom_chem_shift.Ambiguity_code	_Atom_chem_shift.Ambiguity_set_ID	_Atom_chem_shift.Occupancy	_Atom_chem_shift.Resonance_ID	_Atom_chem_shift.Auth_entity_assembly_ID	_Atom_chem_shift.Auth_asym_ID	_Atom_chem_shift.Auth_seq_ID	_Atom_chem_shift.Auth_comp_ID	_Atom_chem_shift.Auth_atom_ID	_Atom_chem_shift.Details	_Atom_chem_shift.Entry_ID	_Atom_chem_shift.Assigned_chem_shift_list_ID
1,.,.,.,1,CA,13,C,.,CA,T,.,55,THR,55,.,1,1,.,51459,151,.,.,55,59.676,.,_Atom_chem_shift.ID	_Atom_chem_shift.Assembly_atom_ID	_Atom_chem_shift.Entity_assembly_ID	_Atom_chem_shift.Entity_assembly_asym_ID	_Atom_chem_shift.Entity_ID	_Atom_chem_shift.Comp_index_ID	_Atom_chem_shift.Seq_ID	_Atom_chem_shift.Comp_ID	_Atom_chem_shift.Atom_ID	_Atom_chem_shift.Atom_type	_Atom_chem_shift.Atom_isotope_number	_Atom_chem_shift.Val	_Atom_chem_shift.Val_err	_Atom_chem_shift.Assign_fig_of_merit	_Atom_chem_shift.Ambiguity_code	_Atom_chem_shift.Ambiguity_set_ID	_Atom_chem_shift.Occupancy	_Atom_chem_shift.Resonance_ID	_Atom_chem_shift.Auth_entity_assembly_ID	_Atom_chem_shift.Auth_asym_ID	_Atom_chem_shift.Auth_seq_ID	_Atom_chem_shift.Auth_comp_ID	_Atom_chem_shift.Auth_atom_ID	_Atom_chem_shift.Details	_Atom_chem_shift.Entry_ID	_Atom_chem_shift.Assigned_chem_shift_list_ID
1,.,.,.,1,N,15,N,.,N,T,.,55,THR,55,.,1,1,.,51459,152,.,.,55,108.886,.,_Atom_chem_shift.ID	_Atom_chem_shift.Assembly_atom_ID	_Atom_chem_shift.Entity_assembly_ID	_Atom_chem_shift.Entity_assembly_asym_ID	_Atom_chem_shift.Entity_ID	_Atom_chem_shift.Comp_index_ID	_Atom_chem_shift.Seq_ID	_Atom_chem_shift.Comp_ID	_Atom_chem_shift.Atom_ID	_Atom_chem_shift.Atom_type	_Atom_chem_shift.Atom_isotope_number	_Atom_chem_shift.Val	_Atom_chem_shift.Val_err	_Atom_chem_shift.Assign_fig_of_merit	_Atom_chem_shift.Ambiguity_code	_Atom_chem_shift.Ambiguity_set_ID	_Atom_chem_shift.Occupancy	_Atom_chem_shift.Resonance_ID	_Atom_chem_shift.Auth_entity_assembly_ID	_Atom_chem_shift.Auth_asym_ID	_Atom_chem_shift.Auth_seq_ID	_Atom_chem_shift.Auth_comp_ID	_Atom_chem_shift.Auth_atom_ID	_Atom_chem_shift.Details	_Atom_chem_shift.Entry_ID	_Atom_chem_shift.Assigned_chem_shift_list_ID
1,.,.,.,1,H,1,H,.,HN,L,.,56,LEU,56,.,1,1,.,51459,153,.,.,56,8.030,.,_Atom_chem_shift.ID	_Atom_chem_shift.Assembly_atom_ID	_Atom_chem_shift.Entity_assembly_ID	_Atom_chem_shift.Entity_assembly_asym_ID	_Atom_chem_shift.Entity_ID	_Atom_chem_shift.Comp_index_ID	_Atom_chem_shift.Seq_ID	_Atom_chem_shift.Comp_ID	_Atom_chem_shift.Atom_ID	_Atom_chem_shift.Atom_type	_Atom_chem_shift.Atom_isotope_number	_Atom_chem_shift.Val	_Atom_chem_shift.Val_err	_Atom_chem_shift.Assign_fig_of_merit	_Atom_chem_shift.Ambiguity_code	_Atom_chem_shift.Ambiguity_set_ID	_Atom_chem_shift.Occupancy	_Atom_chem_shift.Resonance_ID	_Atom_chem_shift.Auth_entity_assembly_ID	_Atom_chem_shift.Auth_asym_ID	_Atom_chem_shift.Auth_seq_ID	_Atom_chem_shift.Auth_comp_ID	_Atom_chem_shift.Auth_atom_ID	_Atom_chem_shift.Details	_Atom_chem_shift.Entry_ID	_Atom_chem_shift.Assigned_chem_shift_list_ID
1,.,.,.,1,CA,13,C,.,CA,L,.,56,LEU,56,.,1,1,.,51459,154,.,.,56,58.582,.,_Atom_chem_shift.ID	_Atom_chem_shift.Assembly_atom_ID	_Atom_chem_shift.Entity_assembly_ID	_Atom_chem_shift.Entity_assembly_asym_ID	_Atom_chem_shift.Entity_ID	_Atom_chem_shift.Comp_index_ID	_Atom_chem_shift.Seq_ID	_Atom_chem_shift.Comp_ID	_Atom_chem_shift.Atom_ID	_Atom_chem_shift.Atom_type	_Atom_chem_shift.Atom_isotope_number	_Atom_chem_shift.Val	_Atom_chem_shift.Val_err	_Atom_chem_shift.Assign_fig_of_merit	_Atom_chem_shift.Ambiguity_code	_Atom_chem_shift.Ambiguity_set_ID	_Atom_chem_shift.Occupancy	_Atom_chem_shift.Resonance_ID	_Atom_chem_shift.Auth_entity_assembly_ID	_Atom_chem_shift.Auth_asym_ID	_Atom_chem_shift.Auth_seq_ID	_Atom_chem_shift.Auth_comp_ID	_Atom_chem_shift.Auth_atom_ID	_Atom_chem_shift.Details	_Atom_chem_shift.Entry_ID	_Atom_chem_shift.Assigned_chem_shift_list_ID
1,.,.,.,1,N,15,N,.,N,L,.,56,LEU,56,.,1,1,.,51459,155,.,.,56,118.155,.,_Atom_chem_shift.ID	_Atom_chem_shift.Assembly_atom_ID	_Atom_chem_shift.Entity_assembly_ID	_Atom_chem_shift.Entity_assembly_asym_ID	_Atom_chem_shift.Entity_ID	_Atom_chem_shift.Comp_index_ID	_Atom_chem_shift.Seq_ID	_Atom_chem_shift.Comp_ID	_Atom_chem_shift.Atom_ID	_Atom_chem_shift.Atom_type	_Atom_chem_shift.Atom_isotope_number	_Atom_chem_shift.Val	_Atom_chem_shift.Val_err	_Atom_chem_shift.Assign_fig_of_merit	_Atom_chem_shift.Ambiguity_code	_Atom_chem_shift.Ambiguity_set_ID	_Atom_chem_shift.Occupancy	_Atom_chem_shift.Resonance_ID	_Atom_chem_shift.Auth_entity_assembly_ID	_Atom_chem_shift.Auth_asym_ID	_Atom_chem_shift.Auth_seq_ID	_Atom_chem_shift.Auth_comp_ID	_Atom_chem_shift.Auth_atom_ID	_Atom_chem_shift.Details	_Atom_chem_shift.Entry_ID	_Atom_chem_shift.Assigned_chem_shift_list_ID
1,.,.,.,1,H,1,H,.,HN,S,.,57,SER,57,.,1,1,.,51459,156,.,.,57,8.348,.,_Atom_chem_shift.ID	_Atom_chem_shift.Assembly_atom_ID	_Atom_chem_shift.Entity_assembly_ID	_Atom_chem_shift.Entity_assembly_asym_ID	_Atom_chem_shift.Entity_ID	_Atom_chem_shift.Comp_index_ID	_Atom_chem_shift.Seq_ID	_Atom_chem_shift.Comp_ID	_Atom_chem_shift.Atom_ID	_Atom_chem_shift.Atom_type	_Atom_chem_shift.Atom_isotope_number	_Atom_chem_shift.Val	_Atom_chem_shift.Val_err	_Atom_chem_shift.Assign_fig_of_merit	_Atom_chem_shift.Ambiguity_code	_Atom_chem_shift.Ambiguity_set_ID	_Atom_chem_shift.Occupancy	_Atom_chem_shift.Resonance_ID	_Atom_chem_shift.Auth_entity_assembly_ID	_Atom_chem_shift.Auth_asym_ID	_Atom_chem_shift.Auth_seq_ID	_Atom_chem_shift.Auth_comp_ID	_Atom_chem_shift.Auth_atom_ID	_Atom_chem_shift.Details	_Atom_chem_shift.Entry_ID	_Atom_chem_shift.Assigned_chem_shift_list_ID
1,.,.,.,1,CA,13,C,.,CA,S,.,57,SER,57,.,1,1,.,51459,157,.,.,57,61.043,.,_Atom_chem_shift.ID	_Atom_chem_shift.Assembly_atom_ID	_Atom_chem_shift.Entity_assembly_ID	_Atom_chem_shift.Entity_assembly_asym_ID	_Atom_chem_shift.Entity_ID	_Atom_chem_shift.Comp_index_ID	_Atom_chem_shift.Seq_ID	_Atom_chem_shift.Comp_ID	_Atom_chem_shift.Atom_ID	_Atom_chem_shift.Atom_type	_Atom_chem_shift.Atom_isotope_number	_Atom_chem_shift.Val	_Atom_chem_shift.Val_err	_Atom_chem_shift.Assign_fig_of_merit	_Atom_chem_shift.Ambiguity_code	_Atom_chem_shift.Ambiguity_set_ID	_Atom_chem_shift.Occupancy	_Atom_chem_shift.Resonance_ID	_Atom_chem_shift.Auth_entity_assembly_ID	_Atom_chem_shift.Auth_asym_ID	_Atom_chem_shift.Auth_seq_ID	_Atom_chem_shift.Auth_comp_ID	_Atom_chem_shift.Auth_atom_ID	_Atom_chem_shift.Details	_Atom_chem_shift.Entry_ID	_Atom_chem_shift.Assigned_chem_shift_list_ID
1,.,.,.,1,N,15,N,.,N,S,.,57,SER,57,.,1,1,.,51459,158,.,.,57,113.521,.,_Atom_chem_shift.ID	_Atom_chem_shift.Assembly_atom_ID	_Atom_chem_shift.Entity_assembly_ID	_Atom_chem_shift.Entity_assembly_asym_ID	_Atom_chem_shift.Entity_ID	_Atom_chem_shift.Comp_index_ID	_Atom_chem_shift.Seq_ID	_Atom_chem_shift.Comp_ID	_Atom_chem_shift.Atom_ID	_Atom_chem_shift.Atom_type	_Atom_chem_shift.Atom_isotope_number	_Atom_chem_shift.Val	_Atom_chem_shift.Val_err	_Atom_chem_shift.Assign_fig_of_merit	_Atom_chem_shift.Ambiguity_code	_Atom_chem_shift.Ambiguity_set_ID	_Atom_chem_shift.Occupancy	_Atom_chem_shift.Resonance_ID	_Atom_chem_shift.Auth_entity_assembly_ID	_Atom_chem_shift.Auth_asym_ID	_Atom_chem_shift.Auth_seq_ID	_Atom_chem_shift.Auth_comp_ID	_Atom_chem_shift.Auth_atom_ID	_Atom_chem_shift.Details	_Atom_chem_shift.Entry_ID	_Atom_chem_shift.Assigned_chem_shift_list_ID
1,.,.,.,1,H,1,H,.,HN,D,.,58,ASP,58,.,1,1,.,51459,159,.,.,58,7.802,.,_Atom_chem_shift.ID	_Atom_chem_shift.Assembly_atom_ID	_Atom_chem_shift.Entity_assembly_ID	_Atom_chem_shift.Entity_assembly_asym_ID	_Atom_chem_shift.Entity_ID	_Atom_chem_shift.Comp_index_ID	_Atom_chem_shift.Seq_ID	_Atom_chem_shift.Comp_ID	_Atom_chem_shift.Atom_ID	_Atom_chem_shift.Atom_type	_Atom_chem_shift.Atom_isotope_number	_Atom_chem_shift.Val	_Atom_chem_shift.Val_err	_Atom_chem_shift.Assign_fig_of_merit	_Atom_chem_shift.Ambiguity_code	_Atom_chem_shift.Ambiguity_set_ID	_Atom_chem_shift.Occupancy	_Atom_chem_shift.Resonance_ID	_Atom_chem_shift.Auth_entity_assembly_ID	_Atom_chem_shift.Auth_asym_ID	_Atom_chem_shift.Auth_seq_ID	_Atom_chem_shift.Auth_comp_ID	_Atom_chem_shift.Auth_atom_ID	_Atom_chem_shift.Details	_Atom_chem_shift.Entry_ID	_Atom_chem_shift.Assigned_chem_shift_list_ID
1,.,.,.,1,CA,13,C,.,CA,D,.,58,ASP,58,.,1,1,.,51459,160,.,.,58,57.352,.,_Atom_chem_shift.ID	_Atom_chem_shift.Assembly_atom_ID	_Atom_chem_shift.Entity_assembly_ID	_Atom_chem_shift.Entity_assembly_asym_ID	_Atom_chem_shift.Entity_ID	_Atom_chem_shift.Comp_index_ID	_Atom_chem_shift.Seq_ID	_Atom_chem_shift.Comp_ID	_Atom_chem_shift.Atom_ID	_Atom_chem_shift.Atom_type	_Atom_chem_shift.Atom_isotope_number	_Atom_chem_shift.Val	_Atom_chem_shift.Val_err	_Atom_chem_shift.Assign_fig_of_merit	_Atom_chem_shift.Ambiguity_code	_Atom_chem_shift.Ambiguity_set_ID	_Atom_chem_shift.Occupancy	_Atom_chem_shift.Resonance_ID	_Atom_chem_shift.Auth_entity_assembly_ID	_Atom_chem_shift.Auth_asym_ID	_Atom_chem_shift.Auth_seq_ID	_Atom_chem_shift.Auth_comp_ID	_Atom_chem_shift.Auth_atom_ID	_Atom_chem_shift.Details	_Atom_chem_shift.Entry_ID	_Atom_chem_shift.Assigned_chem_shift_list_ID
1,.,.,.,1,N,15,N,.,N,D,.,58,ASP,58,.,1,1,.,51459,161,.,.,58,124.572,.,_Atom_chem_shift.ID	_Atom_chem_shift.Assembly_atom_ID	_Atom_chem_shift.Entity_assembly_ID	_Atom_chem_shift.Entity_assembly_asym_ID	_Atom_chem_shift.Entity_ID	_Atom_chem_shift.Comp_index_ID	_Atom_chem_shift.Seq_ID	_Atom_chem_shift.Comp_ID	_Atom_chem_shift.Atom_ID	_Atom_chem_shift.Atom_type	_Atom_chem_shift.Atom_isotope_number	_Atom_chem_shift.Val	_Atom_chem_shift.Val_err	_Atom_chem_shift.Assign_fig_of_merit	_Atom_chem_shift.Ambiguity_code	_Atom_chem_shift.Ambiguity_set_ID	_Atom_chem_shift.Occupancy	_Atom_chem_shift.Resonance_ID	_Atom_chem_shift.Auth_entity_assembly_ID	_Atom_chem_shift.Auth_asym_ID	_Atom_chem_shift.Auth_seq_ID	_Atom_chem_shift.Auth_comp_ID	_Atom_chem_shift.Auth_atom_ID	_Atom_chem_shift.Details	_Atom_chem_shift.Entry_ID	_Atom_chem_shift.Assigned_chem_shift_list_ID
1,.,.,.,1,H,1,H,.,HN,Y,.,59,TYR,59,.,1,1,.,51459,162,.,.,59,7.115,.,_Atom_chem_shift.ID	_Atom_chem_shift.Assembly_atom_ID	_Atom_chem_shift.Entity_assembly_ID	_Atom_chem_shift.Entity_assembly_asym_ID	_Atom_chem_shift.Entity_ID	_Atom_chem_shift.Comp_index_ID	_Atom_chem_shift.Seq_ID	_Atom_chem_shift.Comp_ID	_Atom_chem_shift.Atom_ID	_Atom_chem_shift.Atom_type	_Atom_chem_shift.Atom_isotope_number	_Atom_chem_shift.Val	_Atom_chem_shift.Val_err	_Atom_chem_shift.Assign_fig_of_merit	_Atom_chem_shift.Ambiguity_code	_Atom_chem_shift.Ambiguity_set_ID	_Atom_chem_shift.Occupancy	_Atom_chem_shift.Resonance_ID	_Atom_chem_shift.Auth_entity_assembly_ID	_Atom_chem_shift.Auth_asym_ID	_Atom_chem_shift.Auth_seq_ID	_Atom_chem_shift.Auth_comp_ID	_Atom_chem_shift.Auth_atom_ID	_Atom_chem_shift.Details	_Atom_chem_shift.Entry_ID	_Atom_chem_shift.Assigned_chem_shift_list_ID
1,.,.,.,1,CA,13,C,.,CA,Y,.,59,TYR,59,.,1,1,.,51459,163,.,.,59,58.172,.,_Atom_chem_shift.ID	_Atom_chem_shift.Assembly_atom_ID	_Atom_chem_shift.Entity_assembly_ID	_Atom_chem_shift.Entity_assembly_asym_ID	_Atom_chem_shift.Entity_ID	_Atom_chem_shift.Comp_index_ID	_Atom_chem_shift.Seq_ID	_Atom_chem_shift.Comp_ID	_Atom_chem_shift.Atom_ID	_Atom_chem_shift.Atom_type	_Atom_chem_shift.Atom_isotope_number	_Atom_chem_shift.Val	_Atom_chem_shift.Val_err	_Atom_chem_shift.Assign_fig_of_merit	_Atom_chem_shift.Ambiguity_code	_Atom_chem_shift.Ambiguity_set_ID	_Atom_chem_shift.Occupancy	_Atom_chem_shift.Resonance_ID	_Atom_chem_shift.Auth_entity_assembly_ID	_Atom_chem_shift.Auth_asym_ID	_Atom_chem_shift.Auth_seq_ID	_Atom_chem_shift.Auth_comp_ID	_Atom_chem_shift.Auth_atom_ID	_Atom_chem_shift.Details	_Atom_chem_shift.Entry_ID	_Atom_chem_shift.Assigned_chem_shift_list_ID
1,.,.,.,1,N,15,N,.,N,Y,.,59,TYR,59,.,1,1,.,51459,164,.,.,59,115.803,.,_Atom_chem_shift.ID	_Atom_chem_shift.Assembly_atom_ID	_Atom_chem_shift.Entity_assembly_ID	_Atom_chem_shift.Entity_assembly_asym_ID	_Atom_chem_shift.Entity_ID	_Atom_chem_shift.Comp_index_ID	_Atom_chem_shift.Seq_ID	_Atom_chem_shift.Comp_ID	_Atom_chem_shift.Atom_ID	_Atom_chem_shift.Atom_type	_Atom_chem_shift.Atom_isotope_number	_Atom_chem_shift.Val	_Atom_chem_shift.Val_err	_Atom_chem_shift.Assign_fig_of_merit	_Atom_chem_shift.Ambiguity_code	_Atom_chem_shift.Ambiguity_set_ID	_Atom_chem_shift.Occupancy	_Atom_chem_shift.Resonance_ID	_Atom_chem_shift.Auth_entity_assembly_ID	_Atom_chem_shift.Auth_asym_ID	_Atom_chem_shift.Auth_seq_ID	_Atom_chem_shift.Auth_comp_ID	_Atom_chem_shift.Auth_atom_ID	_Atom_chem_shift.Details	_Atom_chem_shift.Entry_ID	_Atom_chem_shift.Assigned_chem_shift_list_ID
1,.,.,.,1,H,1,H,.,HN,N,.,60,ASN,60,.,1,1,.,51459,165,.,.,60,8.018,.,_Atom_chem_shift.ID	_Atom_chem_shift.Assembly_atom_ID	_Atom_chem_shift.Entity_assembly_ID	_Atom_chem_shift.Entity_assembly_asym_ID	_Atom_chem_shift.Entity_ID	_Atom_chem_shift.Comp_index_ID	_Atom_chem_shift.Seq_ID	_Atom_chem_shift.Comp_ID	_Atom_chem_shift.Atom_ID	_Atom_chem_shift.Atom_type	_Atom_chem_shift.Atom_isotope_number	_Atom_chem_shift.Val	_Atom_chem_shift.Val_err	_Atom_chem_shift.Assign_fig_of_merit	_Atom_chem_shift.Ambiguity_code	_Atom_chem_shift.Ambiguity_set_ID	_Atom_chem_shift.Occupancy	_Atom_chem_shift.Resonance_ID	_Atom_chem_shift.Auth_entity_assembly_ID	_Atom_chem_shift.Auth_asym_ID	_Atom_chem_shift.Auth_seq_ID	_Atom_chem_shift.Auth_comp_ID	_Atom_chem_shift.Auth_atom_ID	_Atom_chem_shift.Details	_Atom_chem_shift.Entry_ID	_Atom_chem_shift.Assigned_chem_shift_list_ID
1,.,.,.,1,CA,13,C,.,CA,N,.,60,ASN,60,.,1,1,.,51459,166,.,.,60,54.070,.,_Atom_chem_shift.ID	_Atom_chem_shift.Assembly_atom_ID	_Atom_chem_shift.Entity_assembly_ID	_Atom_chem_shift.Entity_assembly_asym_ID	_Atom_chem_shift.Entity_ID	_Atom_chem_shift.Comp_index_ID	_Atom_chem_shift.Seq_ID	_Atom_chem_shift.Comp_ID	_Atom_chem_shift.Atom_ID	_Atom_chem_shift.Atom_type	_Atom_chem_shift.Atom_isotope_number	_Atom_chem_shift.Val	_Atom_chem_shift.Val_err	_Atom_chem_shift.Assign_fig_of_merit	_Atom_chem_shift.Ambiguity_code	_Atom_chem_shift.Ambiguity_set_ID	_Atom_chem_shift.Occupancy	_Atom_chem_shift.Resonance_ID	_Atom_chem_shift.Auth_entity_assembly_ID	_Atom_chem_shift.Auth_asym_ID	_Atom_chem_shift.Auth_seq_ID	_Atom_chem_shift.Auth_comp_ID	_Atom_chem_shift.Auth_atom_ID	_Atom_chem_shift.Details	_Atom_chem_shift.Entry_ID	_Atom_chem_shift.Assigned_chem_shift_list_ID
1,.,.,.,1,N,15,N,.,N,N,.,60,ASN,60,.,1,1,.,51459,167,.,.,60,115.945,.,_Atom_chem_shift.ID	_Atom_chem_shift.Assembly_atom_ID	_Atom_chem_shift.Entity_assembly_ID	_Atom_chem_shift.Entity_assembly_asym_ID	_Atom_chem_shift.Entity_ID	_Atom_chem_shift.Comp_index_ID	_Atom_chem_shift.Seq_ID	_Atom_chem_shift.Comp_ID	_Atom_chem_shift.Atom_ID	_Atom_chem_shift.Atom_type	_Atom_chem_shift.Atom_isotope_number	_Atom_chem_shift.Val	_Atom_chem_shift.Val_err	_Atom_chem_shift.Assign_fig_of_merit	_Atom_chem_shift.Ambiguity_code	_Atom_chem_shift.Ambiguity_set_ID	_Atom_chem_shift.Occupancy	_Atom_chem_shift.Resonance_ID	_Atom_chem_shift.Auth_entity_assembly_ID	_Atom_chem_shift.Auth_asym_ID	_Atom_chem_shift.Auth_seq_ID	_Atom_chem_shift.Auth_comp_ID	_Atom_chem_shift.Auth_atom_ID	_Atom_chem_shift.Details	_Atom_chem_shift.Entry_ID	_Atom_chem_shift.Assigned_chem_shift_list_ID
1,.,.,.,1,H,1,H,.,HN,I,.,61,ILE,61,.,1,1,.,51459,168,.,.,61,7.102,.,_Atom_chem_shift.ID	_Atom_chem_shift.Assembly_atom_ID	_Atom_chem_shift.Entity_assembly_ID	_Atom_chem_shift.Entity_assembly_asym_ID	_Atom_chem_shift.Entity_ID	_Atom_chem_shift.Comp_index_ID	_Atom_chem_shift.Seq_ID	_Atom_chem_shift.Comp_ID	_Atom_chem_shift.Atom_ID	_Atom_chem_shift.Atom_type	_Atom_chem_shift.Atom_isotope_number	_Atom_chem_shift.Val	_Atom_chem_shift.Val_err	_Atom_chem_shift.Assign_fig_of_merit	_Atom_chem_shift.Ambiguity_code	_Atom_chem_shift.Ambiguity_set_ID	_Atom_chem_shift.Occupancy	_Atom_chem_shift.Resonance_ID	_Atom_chem_shift.Auth_entity_assembly_ID	_Atom_chem_shift.Auth_asym_ID	_Atom_chem_shift.Auth_seq_ID	_Atom_chem_shift.Auth_comp_ID	_Atom_chem_shift.Auth_atom_ID	_Atom_chem_shift.Details	_Atom_chem_shift.Entry_ID	_Atom_chem_shift.Assigned_chem_shift_list_ID
1,.,.,.,1,CA,13,C,.,CA,I,.,61,ILE,61,.,1,1,.,51459,169,.,.,61,62.410,.,_Atom_chem_shift.ID	_Atom_chem_shift.Assembly_atom_ID	_Atom_chem_shift.Entity_assembly_ID	_Atom_chem_shift.Entity_assembly_asym_ID	_Atom_chem_shift.Entity_ID	_Atom_chem_shift.Comp_index_ID	_Atom_chem_shift.Seq_ID	_Atom_chem_shift.Comp_ID	_Atom_chem_shift.Atom_ID	_Atom_chem_shift.Atom_type	_Atom_chem_shift.Atom_isotope_number	_Atom_chem_shift.Val	_Atom_chem_shift.Val_err	_Atom_chem_shift.Assign_fig_of_merit	_Atom_chem_shift.Ambiguity_code	_Atom_chem_shift.Ambiguity_set_ID	_Atom_chem_shift.Occupancy	_Atom_chem_shift.Resonance_ID	_Atom_chem_shift.Auth_entity_assembly_ID	_Atom_chem_shift.Auth_asym_ID	_Atom_chem_shift.Auth_seq_ID	_Atom_chem_shift.Auth_comp_ID	_Atom_chem_shift.Auth_atom_ID	_Atom_chem_shift.Details	_Atom_chem_shift.Entry_ID	_Atom_chem_shift.Assigned_chem_shift_list_ID
1,.,.,.,1,N,15,N,.,N,I,.,61,ILE,61,.,1,1,.,51459,170,.,.,61,118.940,.,_Atom_chem_shift.ID	_Atom_chem_shift.Assembly_atom_ID	_Atom_chem_shift.Entity_assembly_ID	_Atom_chem_shift.Entity_assembly_asym_ID	_Atom_chem_shift.Entity_ID	_Atom_chem_shift.Comp_index_ID	_Atom_chem_shift.Seq_ID	_Atom_chem_shift.Comp_ID	_Atom_chem_shift.Atom_ID	_Atom_chem_shift.Atom_type	_Atom_chem_shift.Atom_isotope_number	_Atom_chem_shift.Val	_Atom_chem_shift.Val_err	_Atom_chem_shift.Assign_fig_of_merit	_Atom_chem_shift.Ambiguity_code	_Atom_chem_shift.Ambiguity_set_ID	_Atom_chem_shift.Occupancy	_Atom_chem_shift.Resonance_ID	_Atom_chem_shift.Auth_entity_assembly_ID	_Atom_chem_shift.Auth_asym_ID	_Atom_chem_shift.Auth_seq_ID	_Atom_chem_shift.Auth_comp_ID	_Atom_chem_shift.Auth_atom_ID	_Atom_chem_shift.Details	_Atom_chem_shift.Entry_ID	_Atom_chem_shift.Assigned_chem_shift_list_ID
1,.,.,.,1,H,1,H,.,HN,Q,.,62,GLN,62,.,1,1,.,51459,171,.,.,62,7.496,.,_Atom_chem_shift.ID	_Atom_chem_shift.Assembly_atom_ID	_Atom_chem_shift.Entity_assembly_ID	_Atom_chem_shift.Entity_assembly_asym_ID	_Atom_chem_shift.Entity_ID	_Atom_chem_shift.Comp_index_ID	_Atom_chem_shift.Seq_ID	_Atom_chem_shift.Comp_ID	_Atom_chem_shift.Atom_ID	_Atom_chem_shift.Atom_type	_Atom_chem_shift.Atom_isotope_number	_Atom_chem_shift.Val	_Atom_chem_shift.Val_err	_Atom_chem_shift.Assign_fig_of_merit	_Atom_chem_shift.Ambiguity_code	_Atom_chem_shift.Ambiguity_set_ID	_Atom_chem_shift.Occupancy	_Atom_chem_shift.Resonance_ID	_Atom_chem_shift.Auth_entity_assembly_ID	_Atom_chem_shift.Auth_asym_ID	_Atom_chem_shift.Auth_seq_ID	_Atom_chem_shift.Auth_comp_ID	_Atom_chem_shift.Auth_atom_ID	_Atom_chem_shift.Details	_Atom_chem_shift.Entry_ID	_Atom_chem_shift.Assigned_chem_shift_list_ID
1,.,.,.,1,CA,13,C,.,CA,Q,.,62,GLN,62,.,1,1,.,51459,172,.,.,62,53.524,.,_Atom_chem_shift.ID	_Atom_chem_shift.Assembly_atom_ID	_Atom_chem_shift.Entity_assembly_ID	_Atom_chem_shift.Entity_assembly_asym_ID	_Atom_chem_shift.Entity_ID	_Atom_chem_shift.Comp_index_ID	_Atom_chem_shift.Seq_ID	_Atom_chem_shift.Comp_ID	_Atom_chem_shift.Atom_ID	_Atom_chem_shift.Atom_type	_Atom_chem_shift.Atom_isotope_number	_Atom_chem_shift.Val	_Atom_chem_shift.Val_err	_Atom_chem_shift.Assign_fig_of_merit	_Atom_chem_shift.Ambiguity_code	_Atom_chem_shift.Ambiguity_set_ID	_Atom_chem_shift.Occupancy	_Atom_chem_shift.Resonance_ID	_Atom_chem_shift.Auth_entity_assembly_ID	_Atom_chem_shift.Auth_asym_ID	_Atom_chem_shift.Auth_seq_ID	_Atom_chem_shift.Auth_comp_ID	_Atom_chem_shift.Auth_atom_ID	_Atom_chem_shift.Details	_Atom_chem_shift.Entry_ID	_Atom_chem_shift.Assigned_chem_shift_list_ID
1,.,.,.,1,N,15,N,.,N,Q,.,62,GLN,62,.,1,1,.,51459,173,.,.,62,125.000,.,_Atom_chem_shift.ID	_Atom_chem_shift.Assembly_atom_ID	_Atom_chem_shift.Entity_assembly_ID	_Atom_chem_shift.Entity_assembly_asym_ID	_Atom_chem_shift.Entity_ID	_Atom_chem_shift.Comp_index_ID	_Atom_chem_shift.Seq_ID	_Atom_chem_shift.Comp_ID	_Atom_chem_shift.Atom_ID	_Atom_chem_shift.Atom_type	_Atom_chem_shift.Atom_isotope_number	_Atom_chem_shift.Val	_Atom_chem_shift.Val_err	_Atom_chem_shift.Assign_fig_of_merit	_Atom_chem_shift.Ambiguity_code	_Atom_chem_shift.Ambiguity_set_ID	_Atom_chem_shift.Occupancy	_Atom_chem_shift.Resonance_ID	_Atom_chem_shift.Auth_entity_assembly_ID	_Atom_chem_shift.Auth_asym_ID	_Atom_chem_shift.Auth_seq_ID	_Atom_chem_shift.Auth_comp_ID	_Atom_chem_shift.Auth_atom_ID	_Atom_chem_shift.Details	_Atom_chem_shift.Entry_ID	_Atom_chem_shift.Assigned_chem_shift_list_ID
1,.,.,.,1,H,1,H,.,HN,K,.,63,LYS,63,.,1,1,.,51459,174,.,.,63,8.348,.,_Atom_chem_shift.ID	_Atom_chem_shift.Assembly_atom_ID	_Atom_chem_shift.Entity_assembly_ID	_Atom_chem_shift.Entity_assembly_asym_ID	_Atom_chem_shift.Entity_ID	_Atom_chem_shift.Comp_index_ID	_Atom_chem_shift.Seq_ID	_Atom_chem_shift.Comp_ID	_Atom_chem_shift.Atom_ID	_Atom_chem_shift.Atom_type	_Atom_chem_shift.Atom_isotope_number	_Atom_chem_shift.Val	_Atom_chem_shift.Val_err	_Atom_chem_shift.Assign_fig_of_merit	_Atom_chem_shift.Ambiguity_code	_Atom_chem_shift.Ambiguity_set_ID	_Atom_chem_shift.Occupancy	_Atom_chem_shift.Resonance_ID	_Atom_chem_shift.Auth_entity_assembly_ID	_Atom_chem_shift.Auth_asym_ID	_Atom_chem_shift.Auth_seq_ID	_Atom_chem_shift.Auth_comp_ID	_Atom_chem_shift.Auth_atom_ID	_Atom_chem_shift.Details	_Atom_chem_shift.Entry_ID	_Atom_chem_shift.Assigned_chem_shift_list_ID
1,.,.,.,1,CA,13,C,.,CA,K,.,63,LYS,63,.,1,1,.,51459,175,.,.,63,57.762,.,_Atom_chem_shift.ID	_Atom_chem_shift.Assembly_atom_ID	_Atom_chem_shift.Entity_assembly_ID	_Atom_chem_shift.Entity_assembly_asym_ID	_Atom_chem_shift.Entity_ID	_Atom_chem_shift.Comp_index_ID	_Atom_chem_shift.Seq_ID	_Atom_chem_shift.Comp_ID	_Atom_chem_shift.Atom_ID	_Atom_chem_shift.Atom_type	_Atom_chem_shift.Atom_isotope_number	_Atom_chem_shift.Val	_Atom_chem_shift.Val_err	_Atom_chem_shift.Assign_fig_of_merit	_Atom_chem_shift.Ambiguity_code	_Atom_chem_shift.Ambiguity_set_ID	_Atom_chem_shift.Occupancy	_Atom_chem_shift.Resonance_ID	_Atom_chem_shift.Auth_entity_assembly_ID	_Atom_chem_shift.Auth_asym_ID	_Atom_chem_shift.Auth_seq_ID	_Atom_chem_shift.Auth_comp_ID	_Atom_chem_shift.Auth_atom_ID	_Atom_chem_shift.Details	_Atom_chem_shift.Entry_ID	_Atom_chem_shift.Assigned_chem_shift_list_ID
1,.,.,.,1,N,15,N,.,N,K,.,63,LYS,63,.,1,1,.,51459,176,.,.,63,120.580,.,_Atom_chem_shift.ID	_Atom_chem_shift.Assembly_atom_ID	_Atom_chem_shift.Entity_assembly_ID	_Atom_chem_shift.Entity_assembly_asym_ID	_Atom_chem_shift.Entity_ID	_Atom_chem_shift.Comp_index_ID	_Atom_chem_shift.Seq_ID	_Atom_chem_shift.Comp_ID	_Atom_chem_shift.Atom_ID	_Atom_chem_shift.Atom_type	_Atom_chem_shift.Atom_isotope_number	_Atom_chem_shift.Val	_Atom_chem_shift.Val_err	_Atom_chem_shift.Assign_fig_of_merit	_Atom_chem_shift.Ambiguity_code	_Atom_chem_shift.Ambiguity_set_ID	_Atom_chem_shift.Occupancy	_Atom_chem_shift.Resonance_ID	_Atom_chem_shift.Auth_entity_assembly_ID	_Atom_chem_shift.Auth_asym_ID	_Atom_chem_shift.Auth_seq_ID	_Atom_chem_shift.Auth_comp_ID	_Atom_chem_shift.Auth_atom_ID	_Atom_chem_shift.Details	_Atom_chem_shift.Entry_ID	_Atom_chem_shift.Assigned_chem_shift_list_ID
1,.,.,.,1,H,1,H,.,HN,E,.,64,GLU,64,.,1,1,.,51459,177,.,.,64,9.200,.,_Atom_chem_shift.ID	_Atom_chem_shift.Assembly_atom_ID	_Atom_chem_shift.Entity_assembly_ID	_Atom_chem_shift.Entity_assembly_asym_ID	_Atom_chem_shift.Entity_ID	_Atom_chem_shift.Comp_index_ID	_Atom_chem_shift.Seq_ID	_Atom_chem_shift.Comp_ID	_Atom_chem_shift.Atom_ID	_Atom_chem_shift.Atom_type	_Atom_chem_shift.Atom_isotope_number	_Atom_chem_shift.Val	_Atom_chem_shift.Val_err	_Atom_chem_shift.Assign_fig_of_merit	_Atom_chem_shift.Ambiguity_code	_Atom_chem_shift.Ambiguity_set_ID	_Atom_chem_shift.Occupancy	_Atom_chem_shift.Resonance_ID	_Atom_chem_shift.Auth_entity_assembly_ID	_Atom_chem_shift.Auth_asym_ID	_Atom_chem_shift.Auth_seq_ID	_Atom_chem_shift.Auth_comp_ID	_Atom_chem_shift.Auth_atom_ID	_Atom_chem_shift.Details	_Atom_chem_shift.Entry_ID	_Atom_chem_shift.Assigned_chem_shift_list_ID
1,.,.,.,1,CA,13,C,.,CA,E,.,64,GLU,64,.,1,1,.,51459,178,.,.,64,58.309,.,_Atom_chem_shift.ID	_Atom_chem_shift.Assembly_atom_ID	_Atom_chem_shift.Entity_assembly_ID	_Atom_chem_shift.Entity_assembly_asym_ID	_Atom_chem_shift.Entity_ID	_Atom_chem_shift.Comp_index_ID	_Atom_chem_shift.Seq_ID	_Atom_chem_shift.Comp_ID	_Atom_chem_shift.Atom_ID	_Atom_chem_shift.Atom_type	_Atom_chem_shift.Atom_isotope_number	_Atom_chem_shift.Val	_Atom_chem_shift.Val_err	_Atom_chem_shift.Assign_fig_of_merit	_Atom_chem_shift.Ambiguity_code	_Atom_chem_shift.Ambiguity_set_ID	_Atom_chem_shift.Occupancy	_Atom_chem_shift.Resonance_ID	_Atom_chem_shift.Auth_entity_assembly_ID	_Atom_chem_shift.Auth_asym_ID	_Atom_chem_shift.Auth_seq_ID	_Atom_chem_shift.Auth_comp_ID	_Atom_chem_shift.Auth_atom_ID	_Atom_chem_shift.Details	_Atom_chem_shift.Entry_ID	_Atom_chem_shift.Assigned_chem_shift_list_ID
1,.,.,.,1,N,15,N,.,N,E,.,64,GLU,64,.,1,1,.,51459,179,.,.,64,114.662,.,_Atom_chem_shift.ID	_Atom_chem_shift.Assembly_atom_ID	_Atom_chem_shift.Entity_assembly_ID	_Atom_chem_shift.Entity_assembly_asym_ID	_Atom_chem_shift.Entity_ID	_Atom_chem_shift.Comp_index_ID	_Atom_chem_shift.Seq_ID	_Atom_chem_shift.Comp_ID	_Atom_chem_shift.Atom_ID	_Atom_chem_shift.Atom_type	_Atom_chem_shift.Atom_isotope_number	_Atom_chem_shift.Val	_Atom_chem_shift.Val_err	_Atom_chem_shift.Assign_fig_of_merit	_Atom_chem_shift.Ambiguity_code	_Atom_chem_shift.Ambiguity_set_ID	_Atom_chem_shift.Occupancy	_Atom_chem_shift.Resonance_ID	_Atom_chem_shift.Auth_entity_assembly_ID	_Atom_chem_shift.Auth_asym_ID	_Atom_chem_shift.Auth_seq_ID	_Atom_chem_shift.Auth_comp_ID	_Atom_chem_shift.Auth_atom_ID	_Atom_chem_shift.Details	_Atom_chem_shift.Entry_ID	_Atom_chem_shift.Assigned_chem_shift_list_ID
1,.,.,.,1,H,1,H,.,HN,S,.,65,SER,65,.,1,1,.,51459,180,.,.,65,7.535,.,_Atom_chem_shift.ID	_Atom_chem_shift.Assembly_atom_ID	_Atom_chem_shift.Entity_assembly_ID	_Atom_chem_shift.Entity_assembly_asym_ID	_Atom_chem_shift.Entity_ID	_Atom_chem_shift.Comp_index_ID	_Atom_chem_shift.Seq_ID	_Atom_chem_shift.Comp_ID	_Atom_chem_shift.Atom_ID	_Atom_chem_shift.Atom_type	_Atom_chem_shift.Atom_isotope_number	_Atom_chem_shift.Val	_Atom_chem_shift.Val_err	_Atom_chem_shift.Assign_fig_of_merit	_Atom_chem_shift.Ambiguity_code	_Atom_chem_shift.Ambiguity_set_ID	_Atom_chem_shift.Occupancy	_Atom_chem_shift.Resonance_ID	_Atom_chem_shift.Auth_entity_assembly_ID	_Atom_chem_shift.Auth_asym_ID	_Atom_chem_shift.Auth_seq_ID	_Atom_chem_shift.Auth_comp_ID	_Atom_chem_shift.Auth_atom_ID	_Atom_chem_shift.Details	_Atom_chem_shift.Entry_ID	_Atom_chem_shift.Assigned_chem_shift_list_ID
1,.,.,.,1,CA,13,C,.,CA,S,.,65,SER,65,.,1,1,.,51459,181,.,.,65,60.906,.,_Atom_chem_shift.ID	_Atom_chem_shift.Assembly_atom_ID	_Atom_chem_shift.Entity_assembly_ID	_Atom_chem_shift.Entity_assembly_asym_ID	_Atom_chem_shift.Entity_ID	_Atom_chem_shift.Comp_index_ID	_Atom_chem_shift.Seq_ID	_Atom_chem_shift.Comp_ID	_Atom_chem_shift.Atom_ID	_Atom_chem_shift.Atom_type	_Atom_chem_shift.Atom_isotope_number	_Atom_chem_shift.Val	_Atom_chem_shift.Val_err	_Atom_chem_shift.Assign_fig_of_merit	_Atom_chem_shift.Ambiguity_code	_Atom_chem_shift.Ambiguity_set_ID	_Atom_chem_shift.Occupancy	_Atom_chem_shift.Resonance_ID	_Atom_chem_shift.Auth_entity_assembly_ID	_Atom_chem_shift.Auth_asym_ID	_Atom_chem_shift.Auth_seq_ID	_Atom_chem_shift.Auth_comp_ID	_Atom_chem_shift.Auth_atom_ID	_Atom_chem_shift.Details	_Atom_chem_shift.Entry_ID	_Atom_chem_shift.Assigned_chem_shift_list_ID
1,.,.,.,1,N,15,N,.,N,S,.,65,SER,65,.,1,1,.,51459,182,.,.,65,115.089,.,_Atom_chem_shift.ID	_Atom_chem_shift.Assembly_atom_ID	_Atom_chem_shift.Entity_assembly_ID	_Atom_chem_shift.Entity_assembly_asym_ID	_Atom_chem_shift.Entity_ID	_Atom_chem_shift.Comp_index_ID	_Atom_chem_shift.Seq_ID	_Atom_chem_shift.Comp_ID	_Atom_chem_shift.Atom_ID	_Atom_chem_shift.Atom_type	_Atom_chem_shift.Atom_isotope_number	_Atom_chem_shift.Val	_Atom_chem_shift.Val_err	_Atom_chem_shift.Assign_fig_of_merit	_Atom_chem_shift.Ambiguity_code	_Atom_chem_shift.Ambiguity_set_ID	_Atom_chem_shift.Occupancy	_Atom_chem_shift.Resonance_ID	_Atom_chem_shift.Auth_entity_assembly_ID	_Atom_chem_shift.Auth_asym_ID	_Atom_chem_shift.Auth_seq_ID	_Atom_chem_shift.Auth_comp_ID	_Atom_chem_shift.Auth_atom_ID	_Atom_chem_shift.Details	_Atom_chem_shift.Entry_ID	_Atom_chem_shift.Assigned_chem_shift_list_ID
1,.,.,.,1,H,1,H,.,HN,T,.,66,THR,66,.,1,1,.,51459,183,.,.,66,8.577,.,_Atom_chem_shift.ID	_Atom_chem_shift.Assembly_atom_ID	_Atom_chem_shift.Entity_assembly_ID	_Atom_chem_shift.Entity_assembly_asym_ID	_Atom_chem_shift.Entity_ID	_Atom_chem_shift.Comp_index_ID	_Atom_chem_shift.Seq_ID	_Atom_chem_shift.Comp_ID	_Atom_chem_shift.Atom_ID	_Atom_chem_shift.Atom_type	_Atom_chem_shift.Atom_isotope_number	_Atom_chem_shift.Val	_Atom_chem_shift.Val_err	_Atom_chem_shift.Assign_fig_of_merit	_Atom_chem_shift.Ambiguity_code	_Atom_chem_shift.Ambiguity_set_ID	_Atom_chem_shift.Occupancy	_Atom_chem_shift.Resonance_ID	_Atom_chem_shift.Auth_entity_assembly_ID	_Atom_chem_shift.Auth_asym_ID	_Atom_chem_shift.Auth_seq_ID	_Atom_chem_shift.Auth_comp_ID	_Atom_chem_shift.Auth_atom_ID	_Atom_chem_shift.Details	_Atom_chem_shift.Entry_ID	_Atom_chem_shift.Assigned_chem_shift_list_ID
1,.,.,.,1,CA,13,C,.,CA,T,.,66,THR,66,.,1,1,.,51459,184,.,.,66,62.410,.,_Atom_chem_shift.ID	_Atom_chem_shift.Assembly_atom_ID	_Atom_chem_shift.Entity_assembly_ID	_Atom_chem_shift.Entity_assembly_asym_ID	_Atom_chem_shift.Entity_ID	_Atom_chem_shift.Comp_index_ID	_Atom_chem_shift.Seq_ID	_Atom_chem_shift.Comp_ID	_Atom_chem_shift.Atom_ID	_Atom_chem_shift.Atom_type	_Atom_chem_shift.Atom_isotope_number	_Atom_chem_shift.Val	_Atom_chem_shift.Val_err	_Atom_chem_shift.Assign_fig_of_merit	_Atom_chem_shift.Ambiguity_code	_Atom_chem_shift.Ambiguity_set_ID	_Atom_chem_shift.Occupancy	_Atom_chem_shift.Resonance_ID	_Atom_chem_shift.Auth_entity_assembly_ID	_Atom_chem_shift.Auth_asym_ID	_Atom_chem_shift.Auth_seq_ID	_Atom_chem_shift.Auth_comp_ID	_Atom_chem_shift.Auth_atom_ID	_Atom_chem_shift.Details	_Atom_chem_shift.Entry_ID	_Atom_chem_shift.Assigned_chem_shift_list_ID
1,.,.,.,1,N,15,N,.,N,T,.,66,THR,66,.,1,1,.,51459,185,.,.,66,117.514,.,_Atom_chem_shift.ID	_Atom_chem_shift.Assembly_atom_ID	_Atom_chem_shift.Entity_assembly_ID	_Atom_chem_shift.Entity_assembly_asym_ID	_Atom_chem_shift.Entity_ID	_Atom_chem_shift.Comp_index_ID	_Atom_chem_shift.Seq_ID	_Atom_chem_shift.Comp_ID	_Atom_chem_shift.Atom_ID	_Atom_chem_shift.Atom_type	_Atom_chem_shift.Atom_isotope_number	_Atom_chem_shift.Val	_Atom_chem_shift.Val_err	_Atom_chem_shift.Assign_fig_of_merit	_Atom_chem_shift.Ambiguity_code	_Atom_chem_shift.Ambiguity_set_ID	_Atom_chem_shift.Occupancy	_Atom_chem_shift.Resonance_ID	_Atom_chem_shift.Auth_entity_assembly_ID	_Atom_chem_shift.Auth_asym_ID	_Atom_chem_shift.Auth_seq_ID	_Atom_chem_shift.Auth_comp_ID	_Atom_chem_shift.Auth_atom_ID	_Atom_chem_shift.Details	_Atom_chem_shift.Entry_ID	_Atom_chem_shift.Assigned_chem_shift_list_ID
1,.,.,.,1,H,1,H,.,HN,L,.,67,LEU,67,.,1,1,.,51459,186,.,.,67,9.301,.,_Atom_chem_shift.ID	_Atom_chem_shift.Assembly_atom_ID	_Atom_chem_shift.Entity_assembly_ID	_Atom_chem_shift.Entity_assembly_asym_ID	_Atom_chem_shift.Entity_ID	_Atom_chem_shift.Comp_index_ID	_Atom_chem_shift.Seq_ID	_Atom_chem_shift.Comp_ID	_Atom_chem_shift.Atom_ID	_Atom_chem_shift.Atom_type	_Atom_chem_shift.Atom_isotope_number	_Atom_chem_shift.Val	_Atom_chem_shift.Val_err	_Atom_chem_shift.Assign_fig_of_merit	_Atom_chem_shift.Ambiguity_code	_Atom_chem_shift.Ambiguity_set_ID	_Atom_chem_shift.Occupancy	_Atom_chem_shift.Resonance_ID	_Atom_chem_shift.Auth_entity_assembly_ID	_Atom_chem_shift.Auth_asym_ID	_Atom_chem_shift.Auth_seq_ID	_Atom_chem_shift.Auth_comp_ID	_Atom_chem_shift.Auth_atom_ID	_Atom_chem_shift.Details	_Atom_chem_shift.Entry_ID	_Atom_chem_shift.Assigned_chem_shift_list_ID
1,.,.,.,1,CA,13,C,.,CA,L,.,67,LEU,67,.,1,1,.,51459,187,.,.,67,53.660,.,_Atom_chem_shift.ID	_Atom_chem_shift.Assembly_atom_ID	_Atom_chem_shift.Entity_assembly_ID	_Atom_chem_shift.Entity_assembly_asym_ID	_Atom_chem_shift.Entity_ID	_Atom_chem_shift.Comp_index_ID	_Atom_chem_shift.Seq_ID	_Atom_chem_shift.Comp_ID	_Atom_chem_shift.Atom_ID	_Atom_chem_shift.Atom_type	_Atom_chem_shift.Atom_isotope_number	_Atom_chem_shift.Val	_Atom_chem_shift.Val_err	_Atom_chem_shift.Assign_fig_of_merit	_Atom_chem_shift.Ambiguity_code	_Atom_chem_shift.Ambiguity_set_ID	_Atom_chem_shift.Occupancy	_Atom_chem_shift.Resonance_ID	_Atom_chem_shift.Auth_entity_assembly_ID	_Atom_chem_shift.Auth_asym_ID	_Atom_chem_shift.Auth_seq_ID	_Atom_chem_shift.Auth_comp_ID	_Atom_chem_shift.Auth_atom_ID	_Atom_chem_shift.Details	_Atom_chem_shift.Entry_ID	_Atom_chem_shift.Assigned_chem_shift_list_ID
1,.,.,.,1,N,15,N,.,N,L,.,67,LEU,67,.,1,1,.,51459,188,.,.,67,127.923,.,_Atom_chem_shift.ID	_Atom_chem_shift.Assembly_atom_ID	_Atom_chem_shift.Entity_assembly_ID	_Atom_chem_shift.Entity_assembly_asym_ID	_Atom_chem_shift.Entity_ID	_Atom_chem_shift.Comp_index_ID	_Atom_chem_shift.Seq_ID	_Atom_chem_shift.Comp_ID	_Atom_chem_shift.Atom_ID	_Atom_chem_shift.Atom_type	_Atom_chem_shift.Atom_isotope_number	_Atom_chem_shift.Val	_Atom_chem_shift.Val_err	_Atom_chem_shift.Assign_fig_of_merit	_Atom_chem_shift.Ambiguity_code	_Atom_chem_shift.Ambiguity_set_ID	_Atom_chem_shift.Occupancy	_Atom_chem_shift.Resonance_ID	_Atom_chem_shift.Auth_entity_assembly_ID	_Atom_chem_shift.Auth_asym_ID	_Atom_chem_shift.Auth_seq_ID	_Atom_chem_shift.Auth_comp_ID	_Atom_chem_shift.Auth_atom_ID	_Atom_chem_shift.Details	_Atom_chem_shift.Entry_ID	_Atom_chem_shift.Assigned_chem_shift_list_ID
1,.,.,.,1,H,1,H,.,HN,H,.,68,HIS,68,.,1,1,.,51459,189,.,.,68,9.085,.,_Atom_chem_shift.ID	_Atom_chem_shift.Assembly_atom_ID	_Atom_chem_shift.Entity_assembly_ID	_Atom_chem_shift.Entity_assembly_asym_ID	_Atom_chem_shift.Entity_ID	_Atom_chem_shift.Comp_index_ID	_Atom_chem_shift.Seq_ID	_Atom_chem_shift.Comp_ID	_Atom_chem_shift.Atom_ID	_Atom_chem_shift.Atom_type	_Atom_chem_shift.Atom_isotope_number	_Atom_chem_shift.Val	_Atom_chem_shift.Val_err	_Atom_chem_shift.Assign_fig_of_merit	_Atom_chem_shift.Ambiguity_code	_Atom_chem_shift.Ambiguity_set_ID	_Atom_chem_shift.Occupancy	_Atom_chem_shift.Resonance_ID	_Atom_chem_shift.Auth_entity_assembly_ID	_Atom_chem_shift.Auth_asym_ID	_Atom_chem_shift.Auth_seq_ID	_Atom_chem_shift.Auth_comp_ID	_Atom_chem_shift.Auth_atom_ID	_Atom_chem_shift.Details	_Atom_chem_shift.Entry_ID	_Atom_chem_shift.Assigned_chem_shift_list_ID
1,.,.,.,1,CA,13,C,.,CA,H,.,68,HIS,68,.,1,1,.,51459,190,.,.,68,56.121,.,_Atom_chem_shift.ID	_Atom_chem_shift.Assembly_atom_ID	_Atom_chem_shift.Entity_assembly_ID	_Atom_chem_shift.Entity_assembly_asym_ID	_Atom_chem_shift.Entity_ID	_Atom_chem_shift.Comp_index_ID	_Atom_chem_shift.Seq_ID	_Atom_chem_shift.Comp_ID	_Atom_chem_shift.Atom_ID	_Atom_chem_shift.Atom_type	_Atom_chem_shift.Atom_isotope_number	_Atom_chem_shift.Val	_Atom_chem_shift.Val_err	_Atom_chem_shift.Assign_fig_of_merit	_Atom_chem_shift.Ambiguity_code	_Atom_chem_shift.Ambiguity_set_ID	_Atom_chem_shift.Occupancy	_Atom_chem_shift.Resonance_ID	_Atom_chem_shift.Auth_entity_assembly_ID	_Atom_chem_shift.Auth_asym_ID	_Atom_chem_shift.Auth_seq_ID	_Atom_chem_shift.Auth_comp_ID	_Atom_chem_shift.Auth_atom_ID	_Atom_chem_shift.Details	_Atom_chem_shift.Entry_ID	_Atom_chem_shift.Assigned_chem_shift_list_ID
1,.,.,.,1,N,15,N,.,N,H,.,68,HIS,68,.,1,1,.,51459,191,.,.,68,119.510,.,_Atom_chem_shift.ID	_Atom_chem_shift.Assembly_atom_ID	_Atom_chem_shift.Entity_assembly_ID	_Atom_chem_shift.Entity_assembly_asym_ID	_Atom_chem_shift.Entity_ID	_Atom_chem_shift.Comp_index_ID	_Atom_chem_shift.Seq_ID	_Atom_chem_shift.Comp_ID	_Atom_chem_shift.Atom_ID	_Atom_chem_shift.Atom_type	_Atom_chem_shift.Atom_isotope_number	_Atom_chem_shift.Val	_Atom_chem_shift.Val_err	_Atom_chem_shift.Assign_fig_of_merit	_Atom_chem_shift.Ambiguity_code	_Atom_chem_shift.Ambiguity_set_ID	_Atom_chem_shift.Occupancy	_Atom_chem_shift.Resonance_ID	_Atom_chem_shift.Auth_entity_assembly_ID	_Atom_chem_shift.Auth_asym_ID	_Atom_chem_shift.Auth_seq_ID	_Atom_chem_shift.Auth_comp_ID	_Atom_chem_shift.Auth_atom_ID	_Atom_chem_shift.Details	_Atom_chem_shift.Entry_ID	_Atom_chem_shift.Assigned_chem_shift_list_ID
1,.,.,.,1,H,1,H,.,HN,L,.,69,LEU,69,.,1,1,.,51459,192,.,.,69,8.119,.,_Atom_chem_shift.ID	_Atom_chem_shift.Assembly_atom_ID	_Atom_chem_shift.Entity_assembly_ID	_Atom_chem_shift.Entity_assembly_asym_ID	_Atom_chem_shift.Entity_ID	_Atom_chem_shift.Comp_index_ID	_Atom_chem_shift.Seq_ID	_Atom_chem_shift.Comp_ID	_Atom_chem_shift.Atom_ID	_Atom_chem_shift.Atom_type	_Atom_chem_shift.Atom_isotope_number	_Atom_chem_shift.Val	_Atom_chem_shift.Val_err	_Atom_chem_shift.Assign_fig_of_merit	_Atom_chem_shift.Ambiguity_code	_Atom_chem_shift.Ambiguity_set_ID	_Atom_chem_shift.Occupancy	_Atom_chem_shift.Resonance_ID	_Atom_chem_shift.Auth_entity_assembly_ID	_Atom_chem_shift.Auth_asym_ID	_Atom_chem_shift.Auth_seq_ID	_Atom_chem_shift.Auth_comp_ID	_Atom_chem_shift.Auth_atom_ID	_Atom_chem_shift.Details	_Atom_chem_shift.Entry_ID	_Atom_chem_shift.Assigned_chem_shift_list_ID
1,.,.,.,1,CA,13,C,.,CA,L,.,69,LEU,69,.,1,1,.,51459,193,.,.,69,53.660,.,_Atom_chem_shift.ID	_Atom_chem_shift.Assembly_atom_ID	_Atom_chem_shift.Entity_assembly_ID	_Atom_chem_shift.Entity_assembly_asym_ID	_Atom_chem_shift.Entity_ID	_Atom_chem_shift.Comp_index_ID	_Atom_chem_shift.Seq_ID	_Atom_chem_shift.Comp_ID	_Atom_chem_shift.Atom_ID	_Atom_chem_shift.Atom_type	_Atom_chem_shift.Atom_isotope_number	_Atom_chem_shift.Val	_Atom_chem_shift.Val_err	_Atom_chem_shift.Assign_fig_of_merit	_Atom_chem_shift.Ambiguity_code	_Atom_chem_shift.Ambiguity_set_ID	_Atom_chem_shift.Occupancy	_Atom_chem_shift.Resonance_ID	_Atom_chem_shift.Auth_entity_assembly_ID	_Atom_chem_shift.Auth_asym_ID	_Atom_chem_shift.Auth_seq_ID	_Atom_chem_shift.Auth_comp_ID	_Atom_chem_shift.Auth_atom_ID	_Atom_chem_shift.Details	_Atom_chem_shift.Entry_ID	_Atom_chem_shift.Assigned_chem_shift_list_ID
1,.,.,.,1,N,15,N,.,N,L,.,69,LEU,69,.,1,1,.,51459,194,.,.,69,123.788,.,_Atom_chem_shift.ID	_Atom_chem_shift.Assembly_atom_ID	_Atom_chem_shift.Entity_assembly_ID	_Atom_chem_shift.Entity_assembly_asym_ID	_Atom_chem_shift.Entity_ID	_Atom_chem_shift.Comp_index_ID	_Atom_chem_shift.Seq_ID	_Atom_chem_shift.Comp_ID	_Atom_chem_shift.Atom_ID	_Atom_chem_shift.Atom_type	_Atom_chem_shift.Atom_isotope_number	_Atom_chem_shift.Val	_Atom_chem_shift.Val_err	_Atom_chem_shift.Assign_fig_of_merit	_Atom_chem_shift.Ambiguity_code	_Atom_chem_shift.Ambiguity_set_ID	_Atom_chem_shift.Occupancy	_Atom_chem_shift.Resonance_ID	_Atom_chem_shift.Auth_entity_assembly_ID	_Atom_chem_shift.Auth_asym_ID	_Atom_chem_shift.Auth_seq_ID	_Atom_chem_shift.Auth_comp_ID	_Atom_chem_shift.Auth_atom_ID	_Atom_chem_shift.Details	_Atom_chem_shift.Entry_ID	_Atom_chem_shift.Assigned_chem_shift_list_ID
1,.,.,.,1,H,1,H,.,HN,V,.,70,VAL,70,.,1,1,.,51459,195,.,.,70,9.034,.,_Atom_chem_shift.ID	_Atom_chem_shift.Assembly_atom_ID	_Atom_chem_shift.Entity_assembly_ID	_Atom_chem_shift.Entity_assembly_asym_ID	_Atom_chem_shift.Entity_ID	_Atom_chem_shift.Comp_index_ID	_Atom_chem_shift.Seq_ID	_Atom_chem_shift.Comp_ID	_Atom_chem_shift.Atom_ID	_Atom_chem_shift.Atom_type	_Atom_chem_shift.Atom_isotope_number	_Atom_chem_shift.Val	_Atom_chem_shift.Val_err	_Atom_chem_shift.Assign_fig_of_merit	_Atom_chem_shift.Ambiguity_code	_Atom_chem_shift.Ambiguity_set_ID	_Atom_chem_shift.Occupancy	_Atom_chem_shift.Resonance_ID	_Atom_chem_shift.Auth_entity_assembly_ID	_Atom_chem_shift.Auth_asym_ID	_Atom_chem_shift.Auth_seq_ID	_Atom_chem_shift.Auth_comp_ID	_Atom_chem_shift.Auth_atom_ID	_Atom_chem_shift.Details	_Atom_chem_shift.Entry_ID	_Atom_chem_shift.Assigned_chem_shift_list_ID
1,.,.,.,1,CA,13,C,.,CA,V,.,70,VAL,70,.,1,1,.,51459,196,.,.,70,60.360,.,_Atom_chem_shift.ID	_Atom_chem_shift.Assembly_atom_ID	_Atom_chem_shift.Entity_assembly_ID	_Atom_chem_shift.Entity_assembly_asym_ID	_Atom_chem_shift.Entity_ID	_Atom_chem_shift.Comp_index_ID	_Atom_chem_shift.Seq_ID	_Atom_chem_shift.Comp_ID	_Atom_chem_shift.Atom_ID	_Atom_chem_shift.Atom_type	_Atom_chem_shift.Atom_isotope_number	_Atom_chem_shift.Val	_Atom_chem_shift.Val_err	_Atom_chem_shift.Assign_fig_of_merit	_Atom_chem_shift.Ambiguity_code	_Atom_chem_shift.Ambiguity_set_ID	_Atom_chem_shift.Occupancy	_Atom_chem_shift.Resonance_ID	_Atom_chem_shift.Auth_entity_assembly_ID	_Atom_chem_shift.Auth_asym_ID	_Atom_chem_shift.Auth_seq_ID	_Atom_chem_shift.Auth_comp_ID	_Atom_chem_shift.Auth_atom_ID	_Atom_chem_shift.Details	_Atom_chem_shift.Entry_ID	_Atom_chem_shift.Assigned_chem_shift_list_ID
1,.,.,.,1,N,15,N,.,N,V,.,70,VAL,70,.,1,1,.,51459,197,.,.,70,126.426,.,_Atom_chem_shift.ID	_Atom_chem_shift.Assembly_atom_ID	_Atom_chem_shift.Entity_assembly_ID	_Atom_chem_shift.Entity_assembly_asym_ID	_Atom_chem_shift.Entity_ID	_Atom_chem_shift.Comp_index_ID	_Atom_chem_shift.Seq_ID	_Atom_chem_shift.Comp_ID	_Atom_chem_shift.Atom_ID	_Atom_chem_shift.Atom_type	_Atom_chem_shift.Atom_isotope_number	_Atom_chem_shift.Val	_Atom_chem_shift.Val_err	_Atom_chem_shift.Assign_fig_of_merit	_Atom_chem_shift.Ambiguity_code	_Atom_chem_shift.Ambiguity_set_ID	_Atom_chem_shift.Occupancy	_Atom_chem_shift.Resonance_ID	_Atom_chem_shift.Auth_entity_assembly_ID	_Atom_chem_shift.Auth_asym_ID	_Atom_chem_shift.Auth_seq_ID	_Atom_chem_shift.Auth_comp_ID	_Atom_chem_shift.Auth_atom_ID	_Atom_chem_shift.Details	_Atom_chem_shift.Entry_ID	_Atom_chem_shift.Assigned_chem_shift_list_ID
1,.,.,.,1,H,1,H,.,HN,L,.,71,LEU,71,.,1,1,.,51459,198,.,.,71,7.967,.,_Atom_chem_shift.ID	_Atom_chem_shift.Assembly_atom_ID	_Atom_chem_shift.Entity_assembly_ID	_Atom_chem_shift.Entity_assembly_asym_ID	_Atom_chem_shift.Entity_ID	_Atom_chem_shift.Comp_index_ID	_Atom_chem_shift.Seq_ID	_Atom_chem_shift.Comp_ID	_Atom_chem_shift.Atom_ID	_Atom_chem_shift.Atom_type	_Atom_chem_shift.Atom_isotope_number	_Atom_chem_shift.Val	_Atom_chem_shift.Val_err	_Atom_chem_shift.Assign_fig_of_merit	_Atom_chem_shift.Ambiguity_code	_Atom_chem_shift.Ambiguity_set_ID	_Atom_chem_shift.Occupancy	_Atom_chem_shift.Resonance_ID	_Atom_chem_shift.Auth_entity_assembly_ID	_Atom_chem_shift.Auth_asym_ID	_Atom_chem_shift.Auth_seq_ID	_Atom_chem_shift.Auth_comp_ID	_Atom_chem_shift.Auth_atom_ID	_Atom_chem_shift.Details	_Atom_chem_shift.Entry_ID	_Atom_chem_shift.Assigned_chem_shift_list_ID
1,.,.,.,1,CA,13,C,.,CA,L,.,71,LEU,71,.,1,1,.,51459,199,.,.,71,53.934,.,_Atom_chem_shift.ID	_Atom_chem_shift.Assembly_atom_ID	_Atom_chem_shift.Entity_assembly_ID	_Atom_chem_shift.Entity_assembly_asym_ID	_Atom_chem_shift.Entity_ID	_Atom_chem_shift.Comp_index_ID	_Atom_chem_shift.Seq_ID	_Atom_chem_shift.Comp_ID	_Atom_chem_shift.Atom_ID	_Atom_chem_shift.Atom_type	_Atom_chem_shift.Atom_isotope_number	_Atom_chem_shift.Val	_Atom_chem_shift.Val_err	_Atom_chem_shift.Assign_fig_of_merit	_Atom_chem_shift.Ambiguity_code	_Atom_chem_shift.Ambiguity_set_ID	_Atom_chem_shift.Occupancy	_Atom_chem_shift.Resonance_ID	_Atom_chem_shift.Auth_entity_assembly_ID	_Atom_chem_shift.Auth_asym_ID	_Atom_chem_shift.Auth_seq_ID	_Atom_chem_shift.Auth_comp_ID	_Atom_chem_shift.Auth_atom_ID	_Atom_chem_shift.Details	_Atom_chem_shift.Entry_ID	_Atom_chem_shift.Assigned_chem_shift_list_ID
1,.,.,.,1,N,15,N,.,N,L,.,71,LEU,71,.,1,1,.,51459,200,.,.,71,122.861,.,_Atom_chem_shift.ID	_Atom_chem_shift.Assembly_atom_ID	_Atom_chem_shift.Entity_assembly_ID	_Atom_chem_shift.Entity_assembly_asym_ID	_Atom_chem_shift.Entity_ID	_Atom_chem_shift.Comp_index_ID	_Atom_chem_shift.Seq_ID	_Atom_chem_shift.Comp_ID	_Atom_chem_shift.Atom_ID	_Atom_chem_shift.Atom_type	_Atom_chem_shift.Atom_isotope_number	_Atom_chem_shift.Val	_Atom_chem_shift.Val_err	_Atom_chem_shift.Assign_fig_of_merit	_Atom_chem_shift.Ambiguity_code	_Atom_chem_shift.Ambiguity_set_ID	_Atom_chem_shift.Occupancy	_Atom_chem_shift.Resonance_ID	_Atom_chem_shift.Auth_entity_assembly_ID	_Atom_chem_shift.Auth_asym_ID	_Atom_chem_shift.Auth_seq_ID	_Atom_chem_shift.Auth_comp_ID	_Atom_chem_shift.Auth_atom_ID	_Atom_chem_shift.Details	_Atom_chem_shift.Entry_ID	_Atom_chem_shift.Assigned_chem_shift_list_ID
1,.,.,.,1,H,1,H,.,HN,R,.,72,ARG,72,.,1,1,.,51459,201,.,.,72,8.437,.,_Atom_chem_shift.ID	_Atom_chem_shift.Assembly_atom_ID	_Atom_chem_shift.Entity_assembly_ID	_Atom_chem_shift.Entity_assembly_asym_ID	_Atom_chem_shift.Entity_ID	_Atom_chem_shift.Comp_index_ID	_Atom_chem_shift.Seq_ID	_Atom_chem_shift.Comp_ID	_Atom_chem_shift.Atom_ID	_Atom_chem_shift.Atom_type	_Atom_chem_shift.Atom_isotope_number	_Atom_chem_shift.Val	_Atom_chem_shift.Val_err	_Atom_chem_shift.Assign_fig_of_merit	_Atom_chem_shift.Ambiguity_code	_Atom_chem_shift.Ambiguity_set_ID	_Atom_chem_shift.Occupancy	_Atom_chem_shift.Resonance_ID	_Atom_chem_shift.Auth_entity_assembly_ID	_Atom_chem_shift.Auth_asym_ID	_Atom_chem_shift.Auth_seq_ID	_Atom_chem_shift.Auth_comp_ID	_Atom_chem_shift.Auth_atom_ID	_Atom_chem_shift.Details	_Atom_chem_shift.Entry_ID	_Atom_chem_shift.Assigned_chem_shift_list_ID
1,.,.,.,1,CA,13,C,.,CA,R,.,72,ARG,72,.,1,1,.,51459,202,.,.,72,55.711,.,_Atom_chem_shift.ID	_Atom_chem_shift.Assembly_atom_ID	_Atom_chem_shift.Entity_assembly_ID	_Atom_chem_shift.Entity_assembly_asym_ID	_Atom_chem_shift.Entity_ID	_Atom_chem_shift.Comp_index_ID	_Atom_chem_shift.Seq_ID	_Atom_chem_shift.Comp_ID	_Atom_chem_shift.Atom_ID	_Atom_chem_shift.Atom_type	_Atom_chem_shift.Atom_isotope_number	_Atom_chem_shift.Val	_Atom_chem_shift.Val_err	_Atom_chem_shift.Assign_fig_of_merit	_Atom_chem_shift.Ambiguity_code	_Atom_chem_shift.Ambiguity_set_ID	_Atom_chem_shift.Occupancy	_Atom_chem_shift.Resonance_ID	_Atom_chem_shift.Auth_entity_assembly_ID	_Atom_chem_shift.Auth_asym_ID	_Atom_chem_shift.Auth_seq_ID	_Atom_chem_shift.Auth_comp_ID	_Atom_chem_shift.Auth_atom_ID	_Atom_chem_shift.Details	_Atom_chem_shift.Entry_ID	_Atom_chem_shift.Assigned_chem_shift_list_ID
1,.,.,.,1,N,15,N,.,N,R,.,72,ARG,72,.,1,1,.,51459,203,.,.,72,123.645,.,_Atom_chem_shift.ID	_Atom_chem_shift.Assembly_atom_ID	_Atom_chem_shift.Entity_assembly_ID	_Atom_chem_shift.Entity_assembly_asym_ID	_Atom_chem_shift.Entity_ID	_Atom_chem_shift.Comp_index_ID	_Atom_chem_shift.Seq_ID	_Atom_chem_shift.Comp_ID	_Atom_chem_shift.Atom_ID	_Atom_chem_shift.Atom_type	_Atom_chem_shift.Atom_isotope_number	_Atom_chem_shift.Val	_Atom_chem_shift.Val_err	_Atom_chem_shift.Assign_fig_of_merit	_Atom_chem_shift.Ambiguity_code	_Atom_chem_shift.Ambiguity_set_ID	_Atom_chem_shift.Occupancy	_Atom_chem_shift.Resonance_ID	_Atom_chem_shift.Auth_entity_assembly_ID	_Atom_chem_shift.Auth_asym_ID	_Atom_chem_shift.Auth_seq_ID	_Atom_chem_shift.Auth_comp_ID	_Atom_chem_shift.Auth_atom_ID	_Atom_chem_shift.Details	_Atom_chem_shift.Entry_ID	_Atom_chem_shift.Assigned_chem_shift_list_ID
1,.,.,.,1,H,1,H,.,HN,L,.,73,LEU,73,.,1,1,.,51459,204,.,.,73,8.234,.,_Atom_chem_shift.ID	_Atom_chem_shift.Assembly_atom_ID	_Atom_chem_shift.Entity_assembly_ID	_Atom_chem_shift.Entity_assembly_asym_ID	_Atom_chem_shift.Entity_ID	_Atom_chem_shift.Comp_index_ID	_Atom_chem_shift.Seq_ID	_Atom_chem_shift.Comp_ID	_Atom_chem_shift.Atom_ID	_Atom_chem_shift.Atom_type	_Atom_chem_shift.Atom_isotope_number	_Atom_chem_shift.Val	_Atom_chem_shift.Val_err	_Atom_chem_shift.Assign_fig_of_merit	_Atom_chem_shift.Ambiguity_code	_Atom_chem_shift.Ambiguity_set_ID	_Atom_chem_shift.Occupancy	_Atom_chem_shift.Resonance_ID	_Atom_chem_shift.Auth_entity_assembly_ID	_Atom_chem_shift.Auth_asym_ID	_Atom_chem_shift.Auth_seq_ID	_Atom_chem_shift.Auth_comp_ID	_Atom_chem_shift.Auth_atom_ID	_Atom_chem_shift.Details	_Atom_chem_shift.Entry_ID	_Atom_chem_shift.Assigned_chem_shift_list_ID
1,.,.,.,1,CA,13,C,.,CA,L,.,73,LEU,73,.,1,1,.,51459,205,.,.,73,54.754,.,_Atom_chem_shift.ID	_Atom_chem_shift.Assembly_atom_ID	_Atom_chem_shift.Entity_assembly_ID	_Atom_chem_shift.Entity_assembly_asym_ID	_Atom_chem_shift.Entity_ID	_Atom_chem_shift.Comp_index_ID	_Atom_chem_shift.Seq_ID	_Atom_chem_shift.Comp_ID	_Atom_chem_shift.Atom_ID	_Atom_chem_shift.Atom_type	_Atom_chem_shift.Atom_isotope_number	_Atom_chem_shift.Val	_Atom_chem_shift.Val_err	_Atom_chem_shift.Assign_fig_of_merit	_Atom_chem_shift.Ambiguity_code	_Atom_chem_shift.Ambiguity_set_ID	_Atom_chem_shift.Occupancy	_Atom_chem_shift.Resonance_ID	_Atom_chem_shift.Auth_entity_assembly_ID	_Atom_chem_shift.Auth_asym_ID	_Atom_chem_shift.Auth_seq_ID	_Atom_chem_shift.Auth_comp_ID	_Atom_chem_shift.Auth_atom_ID	_Atom_chem_shift.Details	_Atom_chem_shift.Entry_ID	_Atom_chem_shift.Assigned_chem_shift_list_ID
1,.,.,.,1,N,15,N,.,N,L,.,73,LEU,73,.,1,1,.,51459,206,.,.,73,124.572,.,_Atom_chem_shift.ID	_Atom_chem_shift.Assembly_atom_ID	_Atom_chem_shift.Entity_assembly_ID	_Atom_chem_shift.Entity_assembly_asym_ID	_Atom_chem_shift.Entity_ID	_Atom_chem_shift.Comp_index_ID	_Atom_chem_shift.Seq_ID	_Atom_chem_shift.Comp_ID	_Atom_chem_shift.Atom_ID	_Atom_chem_shift.Atom_type	_Atom_chem_shift.Atom_isotope_number	_Atom_chem_shift.Val	_Atom_chem_shift.Val_err	_Atom_chem_shift.Assign_fig_of_merit	_Atom_chem_shift.Ambiguity_code	_Atom_chem_shift.Ambiguity_set_ID	_Atom_chem_shift.Occupancy	_Atom_chem_shift.Resonance_ID	_Atom_chem_shift.Auth_entity_assembly_ID	_Atom_chem_shift.Auth_asym_ID	_Atom_chem_shift.Auth_seq_ID	_Atom_chem_shift.Auth_comp_ID	_Atom_chem_shift.Auth_atom_ID	_Atom_chem_shift.Details	_Atom_chem_shift.Entry_ID	_Atom_chem_shift.Assigned_chem_shift_list_ID
1,.,.,.,1,H,1,H,.,HN,R,.,74,ARG,74,.,1,1,.,51459,207,.,.,74,8.297,.,_Atom_chem_shift.ID	_Atom_chem_shift.Assembly_atom_ID	_Atom_chem_shift.Entity_assembly_ID	_Atom_chem_shift.Entity_assembly_asym_ID	_Atom_chem_shift.Entity_ID	_Atom_chem_shift.Comp_index_ID	_Atom_chem_shift.Seq_ID	_Atom_chem_shift.Comp_ID	_Atom_chem_shift.Atom_ID	_Atom_chem_shift.Atom_type	_Atom_chem_shift.Atom_isotope_number	_Atom_chem_shift.Val	_Atom_chem_shift.Val_err	_Atom_chem_shift.Assign_fig_of_merit	_Atom_chem_shift.Ambiguity_code	_Atom_chem_shift.Ambiguity_set_ID	_Atom_chem_shift.Occupancy	_Atom_chem_shift.Resonance_ID	_Atom_chem_shift.Auth_entity_assembly_ID	_Atom_chem_shift.Auth_asym_ID	_Atom_chem_shift.Auth_seq_ID	_Atom_chem_shift.Auth_comp_ID	_Atom_chem_shift.Auth_atom_ID	_Atom_chem_shift.Details	_Atom_chem_shift.Entry_ID	_Atom_chem_shift.Assigned_chem_shift_list_ID
1,.,.,.,1,CA,13,C,.,CA,R,.,74,ARG,74,.,1,1,.,51459,208,.,.,74,56.531,.,_Atom_chem_shift.ID	_Atom_chem_shift.Assembly_atom_ID	_Atom_chem_shift.Entity_assembly_ID	_Atom_chem_shift.Entity_assembly_asym_ID	_Atom_chem_shift.Entity_ID	_Atom_chem_shift.Comp_index_ID	_Atom_chem_shift.Seq_ID	_Atom_chem_shift.Comp_ID	_Atom_chem_shift.Atom_ID	_Atom_chem_shift.Atom_type	_Atom_chem_shift.Atom_isotope_number	_Atom_chem_shift.Val	_Atom_chem_shift.Val_err	_Atom_chem_shift.Assign_fig_of_merit	_Atom_chem_shift.Ambiguity_code	_Atom_chem_shift.Ambiguity_set_ID	_Atom_chem_shift.Occupancy	_Atom_chem_shift.Resonance_ID	_Atom_chem_shift.Auth_entity_assembly_ID	_Atom_chem_shift.Auth_asym_ID	_Atom_chem_shift.Auth_seq_ID	_Atom_chem_shift.Auth_comp_ID	_Atom_chem_shift.Auth_atom_ID	_Atom_chem_shift.Details	_Atom_chem_shift.Entry_ID	_Atom_chem_shift.Assigned_chem_shift_list_ID
1,.,.,.,1,N,15,N,.,N,R,.,74,ARG,74,.,1,1,.,51459,209,.,.,74,121.934,.,_Atom_chem_shift.ID	_Atom_chem_shift.Assembly_atom_ID	_Atom_chem_shift.Entity_assembly_ID	_Atom_chem_shift.Entity_assembly_asym_ID	_Atom_chem_shift.Entity_ID	_Atom_chem_shift.Comp_index_ID	_Atom_chem_shift.Seq_ID	_Atom_chem_shift.Comp_ID	_Atom_chem_shift.Atom_ID	_Atom_chem_shift.Atom_type	_Atom_chem_shift.Atom_isotope_number	_Atom_chem_shift.Val	_Atom_chem_shift.Val_err	_Atom_chem_shift.Assign_fig_of_merit	_Atom_chem_shift.Ambiguity_code	_Atom_chem_shift.Ambiguity_set_ID	_Atom_chem_shift.Occupancy	_Atom_chem_shift.Resonance_ID	_Atom_chem_shift.Auth_entity_assembly_ID	_Atom_chem_shift.Auth_asym_ID	_Atom_chem_shift.Auth_seq_ID	_Atom_chem_shift.Auth_comp_ID	_Atom_chem_shift.Auth_atom_ID	_Atom_chem_shift.Details	_Atom_chem_shift.Entry_ID	_Atom_chem_shift.Assigned_chem_shift_list_ID
1,.,.,.,1,H,1,H,.,HN,G,.,75,GLY,75,.,1,1,.,51459,210,.,.,75,8.348,.,_Atom_chem_shift.ID	_Atom_chem_shift.Assembly_atom_ID	_Atom_chem_shift.Entity_assembly_ID	_Atom_chem_shift.Entity_assembly_asym_ID	_Atom_chem_shift.Entity_ID	_Atom_chem_shift.Comp_index_ID	_Atom_chem_shift.Seq_ID	_Atom_chem_shift.Comp_ID	_Atom_chem_shift.Atom_ID	_Atom_chem_shift.Atom_type	_Atom_chem_shift.Atom_isotope_number	_Atom_chem_shift.Val	_Atom_chem_shift.Val_err	_Atom_chem_shift.Assign_fig_of_merit	_Atom_chem_shift.Ambiguity_code	_Atom_chem_shift.Ambiguity_set_ID	_Atom_chem_shift.Occupancy	_Atom_chem_shift.Resonance_ID	_Atom_chem_shift.Auth_entity_assembly_ID	_Atom_chem_shift.Auth_asym_ID	_Atom_chem_shift.Auth_seq_ID	_Atom_chem_shift.Auth_comp_ID	_Atom_chem_shift.Auth_atom_ID	_Atom_chem_shift.Details	_Atom_chem_shift.Entry_ID	_Atom_chem_shift.Assigned_chem_shift_list_ID
1,.,.,.,1,CA,13,C,.,CA,G,.,75,GLY,75,.,1,1,.,51459,211,.,.,75,45.184,.,_Atom_chem_shift.ID	_Atom_chem_shift.Assembly_atom_ID	_Atom_chem_shift.Entity_assembly_ID	_Atom_chem_shift.Entity_assembly_asym_ID	_Atom_chem_shift.Entity_ID	_Atom_chem_shift.Comp_index_ID	_Atom_chem_shift.Seq_ID	_Atom_chem_shift.Comp_ID	_Atom_chem_shift.Atom_ID	_Atom_chem_shift.Atom_type	_Atom_chem_shift.Atom_isotope_number	_Atom_chem_shift.Val	_Atom_chem_shift.Val_err	_Atom_chem_shift.Assign_fig_of_merit	_Atom_chem_shift.Ambiguity_code	_Atom_chem_shift.Ambiguity_set_ID	_Atom_chem_shift.Occupancy	_Atom_chem_shift.Resonance_ID	_Atom_chem_shift.Auth_entity_assembly_ID	_Atom_chem_shift.Auth_asym_ID	_Atom_chem_shift.Auth_seq_ID	_Atom_chem_shift.Auth_comp_ID	_Atom_chem_shift.Auth_atom_ID	_Atom_chem_shift.Details	_Atom_chem_shift.Entry_ID	_Atom_chem_shift.Assigned_chem_shift_list_ID
1,.,.,.,1,N,15,N,.,N,G,.,75,GLY,75,.,1,1,.,51459,212,.,.,75,111.097,.,_Atom_chem_shift.ID	_Atom_chem_shift.Assembly_atom_ID	_Atom_chem_shift.Entity_assembly_ID	_Atom_chem_shift.Entity_assembly_asym_ID	_Atom_chem_shift.Entity_ID	_Atom_chem_shift.Comp_index_ID	_Atom_chem_shift.Seq_ID	_Atom_chem_shift.Comp_ID	_Atom_chem_shift.Atom_ID	_Atom_chem_shift.Atom_type	_Atom_chem_shift.Atom_isotope_number	_Atom_chem_shift.Val	_Atom_chem_shift.Val_err	_Atom_chem_shift.Assign_fig_of_merit	_Atom_chem_shift.Ambiguity_code	_Atom_chem_shift.Ambiguity_set_ID	_Atom_chem_shift.Occupancy	_Atom_chem_shift.Resonance_ID	_Atom_chem_shift.Auth_entity_assembly_ID	_Atom_chem_shift.Auth_asym_ID	_Atom_chem_shift.Auth_seq_ID	_Atom_chem_shift.Auth_comp_ID	_Atom_chem_shift.Auth_atom_ID	_Atom_chem_shift.Details	_Atom_chem_shift.Entry_ID	_Atom_chem_shift.Assigned_chem_shift_list_ID
1,.,.,.,1,H,1,H,.,HN,G,.,76,GLY,76,.,1,1,.,51459,213,.,.,76,7.814,.,_Atom_chem_shift.ID	_Atom_chem_shift.Assembly_atom_ID	_Atom_chem_shift.Entity_assembly_ID	_Atom_chem_shift.Entity_assembly_asym_ID	_Atom_chem_shift.Entity_ID	_Atom_chem_shift.Comp_index_ID	_Atom_chem_shift.Seq_ID	_Atom_chem_shift.Comp_ID	_Atom_chem_shift.Atom_ID	_Atom_chem_shift.Atom_type	_Atom_chem_shift.Atom_isotope_number	_Atom_chem_shift.Val	_Atom_chem_shift.Val_err	_Atom_chem_shift.Assign_fig_of_merit	_Atom_chem_shift.Ambiguity_code	_Atom_chem_shift.Ambiguity_set_ID	_Atom_chem_shift.Occupancy	_Atom_chem_shift.Resonance_ID	_Atom_chem_shift.Auth_entity_assembly_ID	_Atom_chem_shift.Auth_asym_ID	_Atom_chem_shift.Auth_seq_ID	_Atom_chem_shift.Auth_comp_ID	_Atom_chem_shift.Auth_atom_ID	_Atom_chem_shift.Details	_Atom_chem_shift.Entry_ID	_Atom_chem_shift.Assigned_chem_shift_list_ID
1,.,.,.,1,CA,13,C,.,CA,G,.,76,GLY,76,.,1,1,.,51459,214,.,.,76,46.004,.,_Atom_chem_shift.ID	_Atom_chem_shift.Assembly_atom_ID	_Atom_chem_shift.Entity_assembly_ID	_Atom_chem_shift.Entity_assembly_asym_ID	_Atom_chem_shift.Entity_ID	_Atom_chem_shift.Comp_index_ID	_Atom_chem_shift.Seq_ID	_Atom_chem_shift.Comp_ID	_Atom_chem_shift.Atom_ID	_Atom_chem_shift.Atom_type	_Atom_chem_shift.Atom_isotope_number	_Atom_chem_shift.Val	_Atom_chem_shift.Val_err	_Atom_chem_shift.Assign_fig_of_merit	_Atom_chem_shift.Ambiguity_code	_Atom_chem_shift.Ambiguity_set_ID	_Atom_chem_shift.Occupancy	_Atom_chem_shift.Resonance_ID	_Atom_chem_shift.Auth_entity_assembly_ID	_Atom_chem_shift.Auth_asym_ID	_Atom_chem_shift.Auth_seq_ID	_Atom_chem_shift.Auth_comp_ID	_Atom_chem_shift.Auth_atom_ID	_Atom_chem_shift.Details	_Atom_chem_shift.Entry_ID	_Atom_chem_shift.Assigned_chem_shift_list_ID
1,.,.,.,1,N,15,N,.,N,G,.,76,GLY,76,.,1,1,.,51459,215,.,.,76,115.161,.,_Atom_chem_shift.ID	_Atom_chem_shift.Assembly_atom_ID	_Atom_chem_shift.Entity_assembly_ID	_Atom_chem_shift.Entity_assembly_asym_ID	_Atom_chem_shift.Entity_ID	_Atom_chem_shift.Comp_index_ID	_Atom_chem_shift.Seq_ID	_Atom_chem_shift.Comp_ID	_Atom_chem_shift.Atom_ID	_Atom_chem_shift.Atom_type	_Atom_chem_shift.Atom_isotope_number	_Atom_chem_shift.Val	_Atom_chem_shift.Val_err	_Atom_chem_shift.Assign_fig_of_merit	_Atom_chem_shift.Ambiguity_code	_Atom_chem_shift.Ambiguity_set_ID	_Atom_chem_shift.Occupancy	_Atom_chem_shift.Resonance_ID	_Atom_chem_shift.Auth_entity_assembly_ID	_Atom_chem_shift.Auth_asym_ID	_Atom_chem_shift.Auth_seq_ID	_Atom_chem_shift.Auth_comp_ID	_Atom_chem_shift.Auth_atom_ID	_Atom_chem_shift.Details	_Atom_chem_shift.Entry_ID	_Atom_chem_shift.Assigned_chem_shift_list_ID
