_Atom_chem_shift.Ambiguity_code,_Atom_chem_shift.Ambiguity_set_ID,_Atom_chem_shift.Assembly_atom_ID,_Atom_chem_shift.Assign_fig_of_merit,_Atom_chem_shift.Assigned_chem_shift_list_ID,_Atom_chem_shift.Atom_ID,_Atom_chem_shift.Atom_isotope_number,_Atom_chem_shift.Atom_type,_Atom_chem_shift.Auth_asym_ID,_Atom_chem_shift.Auth_atom_ID,_Atom_chem_shift.Auth_comp_ID,_Atom_chem_shift.Auth_entity_assembly_ID,_Atom_chem_shift.Auth_seq_ID,_Atom_chem_shift.Comp_ID,_Atom_chem_shift.Comp_index_ID,_Atom_chem_shift.Details,_Atom_chem_shift.Entity_ID,_Atom_chem_shift.Entity_assembly_ID,_Atom_chem_shift.Entity_assembly_asym_ID,_Atom_chem_shift.Entry_ID,_Atom_chem_shift.ID,_Atom_chem_shift.Occupancy,_Atom_chem_shift.Resonance_ID,_Atom_chem_shift.Seq_ID,_Atom_chem_shift.Val,_Atom_chem_shift.Val_err,__tags_order__
1,.,.,.,1,CA,13,C,.,CA,M,.,1,MET,1,.,1,1,.,51461,1,.,.,1,54.344,.,_Atom_chem_shift.ID	_Atom_chem_shift.Assembly_atom_ID	_Atom_chem_shift.Entity_assembly_ID	_Atom_chem_shift.Entity_assembly_asym_ID	_Atom_chem_shift.Entity_ID	_Atom_chem_shift.Comp_index_ID	_Atom_chem_shift.Seq_ID	_Atom_chem_shift.Comp_ID	_Atom_chem_shift.Atom_ID	_Atom_chem_shift.Atom_type	_Atom_chem_shift.Atom_isotope_number	_Atom_chem_shift.Val	_Atom_chem_shift.Val_err	_Atom_chem_shift.Assign_fig_of_merit	_Atom_chem_shift.Ambiguity_code	_Atom_chem_shift.Ambiguity_set_ID	_Atom_chem_shift.Occupancy	_Atom_chem_shift.Resonance_ID	_Atom_chem_shift.Auth_entity_assembly_ID	_Atom_chem_shift.Auth_asym_ID	_Atom_chem_shift.Auth_seq_ID	_Atom_chem_shift.Auth_comp_ID	_Atom_chem_shift.Auth_atom_ID	_Atom_chem_shift.Details	_Atom_chem_shift.Entry_ID	_Atom_chem_shift.Assigned_chem_shift_list_ID
1,.,.,.,1,H,1,H,.,HN,Q,.,2,GLN,2,.,1,1,.,51461,2,.,.,2,8.755,.,_Atom_chem_shift.ID	_Atom_chem_shift.Assembly_atom_ID	_Atom_chem_shift.Entity_assembly_ID	_Atom_chem_shift.Entity_assembly_asym_ID	_Atom_chem_shift.Entity_ID	_Atom_chem_shift.Comp_index_ID	_Atom_chem_shift.Seq_ID	_Atom_chem_shift.Comp_ID	_Atom_chem_shift.Atom_ID	_Atom_chem_shift.Atom_type	_Atom_chem_shift.Atom_isotope_number	_Atom_chem_shift.Val	_Atom_chem_shift.Val_err	_Atom_chem_shift.Assign_fig_of_merit	_Atom_chem_shift.Ambiguity_code	_Atom_chem_shift.Ambiguity_set_ID	_Atom_chem_shift.Occupancy	_Atom_chem_shift.Resonance_ID	_Atom_chem_shift.Auth_entity_assembly_ID	_Atom_chem_shift.Auth_asym_ID	_Atom_chem_shift.Auth_seq_ID	_Atom_chem_shift.Auth_comp_ID	_Atom_chem_shift.Auth_atom_ID	_Atom_chem_shift.Details	_Atom_chem_shift.Entry_ID	_Atom_chem_shift.Assigned_chem_shift_list_ID
1,.,.,.,1,CA,13,C,.,CA,Q,.,2,GLN,2,.,1,1,.,51461,3,.,.,2,55.301,.,_Atom_chem_shift.ID	_Atom_chem_shift.Assembly_atom_ID	_Atom_chem_shift.Entity_assembly_ID	_Atom_chem_shift.Entity_assembly_asym_ID	_Atom_chem_shift.Entity_ID	_Atom_chem_shift.Comp_index_ID	_Atom_chem_shift.Seq_ID	_Atom_chem_shift.Comp_ID	_Atom_chem_shift.Atom_ID	_Atom_chem_shift.Atom_type	_Atom_chem_shift.Atom_isotope_number	_Atom_chem_shift.Val	_Atom_chem_shift.Val_err	_Atom_chem_shift.Assign_fig_of_merit	_Atom_chem_shift.Ambiguity_code	_Atom_chem_shift.Ambiguity_set_ID	_Atom_chem_shift.Occupancy	_Atom_chem_shift.Resonance_ID	_Atom_chem_shift.Auth_entity_assembly_ID	_Atom_chem_shift.Auth_asym_ID	_Atom_chem_shift.Auth_seq_ID	_Atom_chem_shift.Auth_comp_ID	_Atom_chem_shift.Auth_atom_ID	_Atom_chem_shift.Details	_Atom_chem_shift.Entry_ID	_Atom_chem_shift.Assigned_chem_shift_list_ID
1,.,.,.,1,N,15,N,.,N,Q,.,2,GLN,2,.,1,1,.,51461,4,.,.,2,123.859,.,_Atom_chem_shift.ID	_Atom_chem_shift.Assembly_atom_ID	_Atom_chem_shift.Entity_assembly_ID	_Atom_chem_shift.Entity_assembly_asym_ID	_Atom_chem_shift.Entity_ID	_Atom_chem_shift.Comp_index_ID	_Atom_chem_shift.Seq_ID	_Atom_chem_shift.Comp_ID	_Atom_chem_shift.Atom_ID	_Atom_chem_shift.Atom_type	_Atom_chem_shift.Atom_isotope_number	_Atom_chem_shift.Val	_Atom_chem_shift.Val_err	_Atom_chem_shift.Assign_fig_of_merit	_Atom_chem_shift.Ambiguity_code	_Atom_chem_shift.Ambiguity_set_ID	_Atom_chem_shift.Occupancy	_Atom_chem_shift.Resonance_ID	_Atom_chem_shift.Auth_entity_assembly_ID	_Atom_chem_shift.Auth_asym_ID	_Atom_chem_shift.Auth_seq_ID	_Atom_chem_shift.Auth_comp_ID	_Atom_chem_shift.Auth_atom_ID	_Atom_chem_shift.Details	_Atom_chem_shift.Entry_ID	_Atom_chem_shift.Assigned_chem_shift_list_ID
1,.,.,.,1,H,1,H,.,HN,I,.,3,ILE,3,.,1,1,.,51461,5,.,.,3,8.247,.,_Atom_chem_shift.ID	_Atom_chem_shift.Assembly_atom_ID	_Atom_chem_shift.Entity_assembly_ID	_Atom_chem_shift.Entity_assembly_asym_ID	_Atom_chem_shift.Entity_ID	_Atom_chem_shift.Comp_index_ID	_Atom_chem_shift.Seq_ID	_Atom_chem_shift.Comp_ID	_Atom_chem_shift.Atom_ID	_Atom_chem_shift.Atom_type	_Atom_chem_shift.Atom_isotope_number	_Atom_chem_shift.Val	_Atom_chem_shift.Val_err	_Atom_chem_shift.Assign_fig_of_merit	_Atom_chem_shift.Ambiguity_code	_Atom_chem_shift.Ambiguity_set_ID	_Atom_chem_shift.Occupancy	_Atom_chem_shift.Resonance_ID	_Atom_chem_shift.Auth_entity_assembly_ID	_Atom_chem_shift.Auth_asym_ID	_Atom_chem_shift.Auth_seq_ID	_Atom_chem_shift.Auth_comp_ID	_Atom_chem_shift.Auth_atom_ID	_Atom_chem_shift.Details	_Atom_chem_shift.Entry_ID	_Atom_chem_shift.Assigned_chem_shift_list_ID
1,.,.,.,1,CA,13,C,.,CA,I,.,3,ILE,3,.,1,1,.,51461,6,.,.,3,59.402,.,_Atom_chem_shift.ID	_Atom_chem_shift.Assembly_atom_ID	_Atom_chem_shift.Entity_assembly_ID	_Atom_chem_shift.Entity_assembly_asym_ID	_Atom_chem_shift.Entity_ID	_Atom_chem_shift.Comp_index_ID	_Atom_chem_shift.Seq_ID	_Atom_chem_shift.Comp_ID	_Atom_chem_shift.Atom_ID	_Atom_chem_shift.Atom_type	_Atom_chem_shift.Atom_isotope_number	_Atom_chem_shift.Val	_Atom_chem_shift.Val_err	_Atom_chem_shift.Assign_fig_of_merit	_Atom_chem_shift.Ambiguity_code	_Atom_chem_shift.Ambiguity_set_ID	_Atom_chem_shift.Occupancy	_Atom_chem_shift.Resonance_ID	_Atom_chem_shift.Auth_entity_assembly_ID	_Atom_chem_shift.Auth_asym_ID	_Atom_chem_shift.Auth_seq_ID	_Atom_chem_shift.Auth_comp_ID	_Atom_chem_shift.Auth_atom_ID	_Atom_chem_shift.Details	_Atom_chem_shift.Entry_ID	_Atom_chem_shift.Assigned_chem_shift_list_ID
1,.,.,.,1,N,15,N,.,N,I,.,3,ILE,3,.,1,1,.,51461,7,.,.,3,116.444,.,_Atom_chem_shift.ID	_Atom_chem_shift.Assembly_atom_ID	_Atom_chem_shift.Entity_assembly_ID	_Atom_chem_shift.Entity_assembly_asym_ID	_Atom_chem_shift.Entity_ID	_Atom_chem_shift.Comp_index_ID	_Atom_chem_shift.Seq_ID	_Atom_chem_shift.Comp_ID	_Atom_chem_shift.Atom_ID	_Atom_chem_shift.Atom_type	_Atom_chem_shift.Atom_isotope_number	_Atom_chem_shift.Val	_Atom_chem_shift.Val_err	_Atom_chem_shift.Assign_fig_of_merit	_Atom_chem_shift.Ambiguity_code	_Atom_chem_shift.Ambiguity_set_ID	_Atom_chem_shift.Occupancy	_Atom_chem_shift.Resonance_ID	_Atom_chem_shift.Auth_entity_assembly_ID	_Atom_chem_shift.Auth_asym_ID	_Atom_chem_shift.Auth_seq_ID	_Atom_chem_shift.Auth_comp_ID	_Atom_chem_shift.Auth_atom_ID	_Atom_chem_shift.Details	_Atom_chem_shift.Entry_ID	_Atom_chem_shift.Assigned_chem_shift_list_ID
1,.,.,.,1,H,1,H,.,HN,F,.,4,PHE,4,.,1,1,.,51461,8,.,.,4,8.412,.,_Atom_chem_shift.ID	_Atom_chem_shift.Assembly_atom_ID	_Atom_chem_shift.Entity_assembly_ID	_Atom_chem_shift.Entity_assembly_asym_ID	_Atom_chem_shift.Entity_ID	_Atom_chem_shift.Comp_index_ID	_Atom_chem_shift.Seq_ID	_Atom_chem_shift.Comp_ID	_Atom_chem_shift.Atom_ID	_Atom_chem_shift.Atom_type	_Atom_chem_shift.Atom_isotope_number	_Atom_chem_shift.Val	_Atom_chem_shift.Val_err	_Atom_chem_shift.Assign_fig_of_merit	_Atom_chem_shift.Ambiguity_code	_Atom_chem_shift.Ambiguity_set_ID	_Atom_chem_shift.Occupancy	_Atom_chem_shift.Resonance_ID	_Atom_chem_shift.Auth_entity_assembly_ID	_Atom_chem_shift.Auth_asym_ID	_Atom_chem_shift.Auth_seq_ID	_Atom_chem_shift.Auth_comp_ID	_Atom_chem_shift.Auth_atom_ID	_Atom_chem_shift.Details	_Atom_chem_shift.Entry_ID	_Atom_chem_shift.Assigned_chem_shift_list_ID
1,.,.,.,1,CA,13,C,.,CA,F,.,4,PHE,4,.,1,1,.,51461,9,.,.,4,55.027,.,_Atom_chem_shift.ID	_Atom_chem_shift.Assembly_atom_ID	_Atom_chem_shift.Entity_assembly_ID	_Atom_chem_shift.Entity_assembly_asym_ID	_Atom_chem_shift.Entity_ID	_Atom_chem_shift.Comp_index_ID	_Atom_chem_shift.Seq_ID	_Atom_chem_shift.Comp_ID	_Atom_chem_shift.Atom_ID	_Atom_chem_shift.Atom_type	_Atom_chem_shift.Atom_isotope_number	_Atom_chem_shift.Val	_Atom_chem_shift.Val_err	_Atom_chem_shift.Assign_fig_of_merit	_Atom_chem_shift.Ambiguity_code	_Atom_chem_shift.Ambiguity_set_ID	_Atom_chem_shift.Occupancy	_Atom_chem_shift.Resonance_ID	_Atom_chem_shift.Auth_entity_assembly_ID	_Atom_chem_shift.Auth_asym_ID	_Atom_chem_shift.Auth_seq_ID	_Atom_chem_shift.Auth_comp_ID	_Atom_chem_shift.Auth_atom_ID	_Atom_chem_shift.Details	_Atom_chem_shift.Entry_ID	_Atom_chem_shift.Assigned_chem_shift_list_ID
1,.,.,.,1,N,15,N,.,N,F,.,4,PHE,4,.,1,1,.,51461,10,.,.,4,118.940,.,_Atom_chem_shift.ID	_Atom_chem_shift.Assembly_atom_ID	_Atom_chem_shift.Entity_assembly_ID	_Atom_chem_shift.Entity_assembly_asym_ID	_Atom_chem_shift.Entity_ID	_Atom_chem_shift.Comp_index_ID	_Atom_chem_shift.Seq_ID	_Atom_chem_shift.Comp_ID	_Atom_chem_shift.Atom_ID	_Atom_chem_shift.Atom_type	_Atom_chem_shift.Atom_isotope_number	_Atom_chem_shift.Val	_Atom_chem_shift.Val_err	_Atom_chem_shift.Assign_fig_of_merit	_Atom_chem_shift.Ambiguity_code	_Atom_chem_shift.Ambiguity_set_ID	_Atom_chem_shift.Occupancy	_Atom_chem_shift.Resonance_ID	_Atom_chem_shift.Auth_entity_assembly_ID	_Atom_chem_shift.Auth_asym_ID	_Atom_chem_shift.Auth_seq_ID	_Atom_chem_shift.Auth_comp_ID	_Atom_chem_shift.Auth_atom_ID	_Atom_chem_shift.Details	_Atom_chem_shift.Entry_ID	_Atom_chem_shift.Assigned_chem_shift_list_ID
1,.,.,.,1,H,1,H,.,HN,V,.,5,VAL,5,.,1,1,.,51461,11,.,.,5,9.124,.,_Atom_chem_shift.ID	_Atom_chem_shift.Assembly_atom_ID	_Atom_chem_shift.Entity_assembly_ID	_Atom_chem_shift.Entity_assembly_asym_ID	_Atom_chem_shift.Entity_ID	_Atom_chem_shift.Comp_index_ID	_Atom_chem_shift.Seq_ID	_Atom_chem_shift.Comp_ID	_Atom_chem_shift.Atom_ID	_Atom_chem_shift.Atom_type	_Atom_chem_shift.Atom_isotope_number	_Atom_chem_shift.Val	_Atom_chem_shift.Val_err	_Atom_chem_shift.Assign_fig_of_merit	_Atom_chem_shift.Ambiguity_code	_Atom_chem_shift.Ambiguity_set_ID	_Atom_chem_shift.Occupancy	_Atom_chem_shift.Resonance_ID	_Atom_chem_shift.Auth_entity_assembly_ID	_Atom_chem_shift.Auth_asym_ID	_Atom_chem_shift.Auth_seq_ID	_Atom_chem_shift.Auth_comp_ID	_Atom_chem_shift.Auth_atom_ID	_Atom_chem_shift.Details	_Atom_chem_shift.Entry_ID	_Atom_chem_shift.Assigned_chem_shift_list_ID
1,.,.,.,1,CA,13,C,.,CA,V,.,5,VAL,5,.,1,1,.,51461,12,.,.,5,60.223,.,_Atom_chem_shift.ID	_Atom_chem_shift.Assembly_atom_ID	_Atom_chem_shift.Entity_assembly_ID	_Atom_chem_shift.Entity_assembly_asym_ID	_Atom_chem_shift.Entity_ID	_Atom_chem_shift.Comp_index_ID	_Atom_chem_shift.Seq_ID	_Atom_chem_shift.Comp_ID	_Atom_chem_shift.Atom_ID	_Atom_chem_shift.Atom_type	_Atom_chem_shift.Atom_isotope_number	_Atom_chem_shift.Val	_Atom_chem_shift.Val_err	_Atom_chem_shift.Assign_fig_of_merit	_Atom_chem_shift.Ambiguity_code	_Atom_chem_shift.Ambiguity_set_ID	_Atom_chem_shift.Occupancy	_Atom_chem_shift.Resonance_ID	_Atom_chem_shift.Auth_entity_assembly_ID	_Atom_chem_shift.Auth_asym_ID	_Atom_chem_shift.Auth_seq_ID	_Atom_chem_shift.Auth_comp_ID	_Atom_chem_shift.Auth_atom_ID	_Atom_chem_shift.Details	_Atom_chem_shift.Entry_ID	_Atom_chem_shift.Assigned_chem_shift_list_ID
1,.,.,.,1,N,15,N,.,N,V,.,5,VAL,5,.,1,1,.,51461,13,.,.,5,121.435,.,_Atom_chem_shift.ID	_Atom_chem_shift.Assembly_atom_ID	_Atom_chem_shift.Entity_assembly_ID	_Atom_chem_shift.Entity_assembly_asym_ID	_Atom_chem_shift.Entity_ID	_Atom_chem_shift.Comp_index_ID	_Atom_chem_shift.Seq_ID	_Atom_chem_shift.Comp_ID	_Atom_chem_shift.Atom_ID	_Atom_chem_shift.Atom_type	_Atom_chem_shift.Atom_isotope_number	_Atom_chem_shift.Val	_Atom_chem_shift.Val_err	_Atom_chem_shift.Assign_fig_of_merit	_Atom_chem_shift.Ambiguity_code	_Atom_chem_shift.Ambiguity_set_ID	_Atom_chem_shift.Occupancy	_Atom_chem_shift.Resonance_ID	_Atom_chem_shift.Auth_entity_assembly_ID	_Atom_chem_shift.Auth_asym_ID	_Atom_chem_shift.Auth_seq_ID	_Atom_chem_shift.Auth_comp_ID	_Atom_chem_shift.Auth_atom_ID	_Atom_chem_shift.Details	_Atom_chem_shift.Entry_ID	_Atom_chem_shift.Assigned_chem_shift_list_ID
1,.,.,.,1,H,1,H,.,HN,K,.,6,LYS,6,.,1,1,.,51461,14,.,.,6,8.781,.,_Atom_chem_shift.ID	_Atom_chem_shift.Assembly_atom_ID	_Atom_chem_shift.Entity_assembly_ID	_Atom_chem_shift.Entity_assembly_asym_ID	_Atom_chem_shift.Entity_ID	_Atom_chem_shift.Comp_index_ID	_Atom_chem_shift.Seq_ID	_Atom_chem_shift.Comp_ID	_Atom_chem_shift.Atom_ID	_Atom_chem_shift.Atom_type	_Atom_chem_shift.Atom_isotope_number	_Atom_chem_shift.Val	_Atom_chem_shift.Val_err	_Atom_chem_shift.Assign_fig_of_merit	_Atom_chem_shift.Ambiguity_code	_Atom_chem_shift.Ambiguity_set_ID	_Atom_chem_shift.Occupancy	_Atom_chem_shift.Resonance_ID	_Atom_chem_shift.Auth_entity_assembly_ID	_Atom_chem_shift.Auth_asym_ID	_Atom_chem_shift.Auth_seq_ID	_Atom_chem_shift.Auth_comp_ID	_Atom_chem_shift.Auth_atom_ID	_Atom_chem_shift.Details	_Atom_chem_shift.Entry_ID	_Atom_chem_shift.Assigned_chem_shift_list_ID
1,.,.,.,1,CA,13,C,.,CA,K,.,6,LYS,6,.,1,1,.,51461,15,.,.,6,54.480,.,_Atom_chem_shift.ID	_Atom_chem_shift.Assembly_atom_ID	_Atom_chem_shift.Entity_assembly_ID	_Atom_chem_shift.Entity_assembly_asym_ID	_Atom_chem_shift.Entity_ID	_Atom_chem_shift.Comp_index_ID	_Atom_chem_shift.Seq_ID	_Atom_chem_shift.Comp_ID	_Atom_chem_shift.Atom_ID	_Atom_chem_shift.Atom_type	_Atom_chem_shift.Atom_isotope_number	_Atom_chem_shift.Val	_Atom_chem_shift.Val_err	_Atom_chem_shift.Assign_fig_of_merit	_Atom_chem_shift.Ambiguity_code	_Atom_chem_shift.Ambiguity_set_ID	_Atom_chem_shift.Occupancy	_Atom_chem_shift.Resonance_ID	_Atom_chem_shift.Auth_entity_assembly_ID	_Atom_chem_shift.Auth_asym_ID	_Atom_chem_shift.Auth_seq_ID	_Atom_chem_shift.Auth_comp_ID	_Atom_chem_shift.Auth_atom_ID	_Atom_chem_shift.Details	_Atom_chem_shift.Entry_ID	_Atom_chem_shift.Assigned_chem_shift_list_ID
1,.,.,.,1,N,15,N,.,N,K,.,6,LYS,6,.,1,1,.,51461,16,.,.,6,128.136,.,_Atom_chem_shift.ID	_Atom_chem_shift.Assembly_atom_ID	_Atom_chem_shift.Entity_assembly_ID	_Atom_chem_shift.Entity_assembly_asym_ID	_Atom_chem_shift.Entity_ID	_Atom_chem_shift.Comp_index_ID	_Atom_chem_shift.Seq_ID	_Atom_chem_shift.Comp_ID	_Atom_chem_shift.Atom_ID	_Atom_chem_shift.Atom_type	_Atom_chem_shift.Atom_isotope_number	_Atom_chem_shift.Val	_Atom_chem_shift.Val_err	_Atom_chem_shift.Assign_fig_of_merit	_Atom_chem_shift.Ambiguity_code	_Atom_chem_shift.Ambiguity_set_ID	_Atom_chem_shift.Occupancy	_Atom_chem_shift.Resonance_ID	_Atom_chem_shift.Auth_entity_assembly_ID	_Atom_chem_shift.Auth_asym_ID	_Atom_chem_shift.Auth_seq_ID	_Atom_chem_shift.Auth_comp_ID	_Atom_chem_shift.Auth_atom_ID	_Atom_chem_shift.Details	_Atom_chem_shift.Entry_ID	_Atom_chem_shift.Assigned_chem_shift_list_ID
1,.,.,.,1,H,1,H,.,HN,T,.,7,THR,7,.,1,1,.,51461,17,.,.,7,8.590,.,_Atom_chem_shift.ID	_Atom_chem_shift.Assembly_atom_ID	_Atom_chem_shift.Entity_assembly_ID	_Atom_chem_shift.Entity_assembly_asym_ID	_Atom_chem_shift.Entity_ID	_Atom_chem_shift.Comp_index_ID	_Atom_chem_shift.Seq_ID	_Atom_chem_shift.Comp_ID	_Atom_chem_shift.Atom_ID	_Atom_chem_shift.Atom_type	_Atom_chem_shift.Atom_isotope_number	_Atom_chem_shift.Val	_Atom_chem_shift.Val_err	_Atom_chem_shift.Assign_fig_of_merit	_Atom_chem_shift.Ambiguity_code	_Atom_chem_shift.Ambiguity_set_ID	_Atom_chem_shift.Occupancy	_Atom_chem_shift.Resonance_ID	_Atom_chem_shift.Auth_entity_assembly_ID	_Atom_chem_shift.Auth_asym_ID	_Atom_chem_shift.Auth_seq_ID	_Atom_chem_shift.Auth_comp_ID	_Atom_chem_shift.Auth_atom_ID	_Atom_chem_shift.Details	_Atom_chem_shift.Entry_ID	_Atom_chem_shift.Assigned_chem_shift_list_ID
1,.,.,.,1,CA,13,C,.,CA,T,.,7,THR,7,.,1,1,.,51461,18,.,.,7,60.496,.,_Atom_chem_shift.ID	_Atom_chem_shift.Assembly_atom_ID	_Atom_chem_shift.Entity_assembly_ID	_Atom_chem_shift.Entity_assembly_asym_ID	_Atom_chem_shift.Entity_ID	_Atom_chem_shift.Comp_index_ID	_Atom_chem_shift.Seq_ID	_Atom_chem_shift.Comp_ID	_Atom_chem_shift.Atom_ID	_Atom_chem_shift.Atom_type	_Atom_chem_shift.Atom_isotope_number	_Atom_chem_shift.Val	_Atom_chem_shift.Val_err	_Atom_chem_shift.Assign_fig_of_merit	_Atom_chem_shift.Ambiguity_code	_Atom_chem_shift.Ambiguity_set_ID	_Atom_chem_shift.Occupancy	_Atom_chem_shift.Resonance_ID	_Atom_chem_shift.Auth_entity_assembly_ID	_Atom_chem_shift.Auth_asym_ID	_Atom_chem_shift.Auth_seq_ID	_Atom_chem_shift.Auth_comp_ID	_Atom_chem_shift.Auth_atom_ID	_Atom_chem_shift.Details	_Atom_chem_shift.Entry_ID	_Atom_chem_shift.Assigned_chem_shift_list_ID
1,.,.,.,1,N,15,N,.,N,T,.,7,THR,7,.,1,1,.,51461,19,.,.,7,115.803,.,_Atom_chem_shift.ID	_Atom_chem_shift.Assembly_atom_ID	_Atom_chem_shift.Entity_assembly_ID	_Atom_chem_shift.Entity_assembly_asym_ID	_Atom_chem_shift.Entity_ID	_Atom_chem_shift.Comp_index_ID	_Atom_chem_shift.Seq_ID	_Atom_chem_shift.Comp_ID	_Atom_chem_shift.Atom_ID	_Atom_chem_shift.Atom_type	_Atom_chem_shift.Atom_isotope_number	_Atom_chem_shift.Val	_Atom_chem_shift.Val_err	_Atom_chem_shift.Assign_fig_of_merit	_Atom_chem_shift.Ambiguity_code	_Atom_chem_shift.Ambiguity_set_ID	_Atom_chem_shift.Occupancy	_Atom_chem_shift.Resonance_ID	_Atom_chem_shift.Auth_entity_assembly_ID	_Atom_chem_shift.Auth_asym_ID	_Atom_chem_shift.Auth_seq_ID	_Atom_chem_shift.Auth_comp_ID	_Atom_chem_shift.Auth_atom_ID	_Atom_chem_shift.Details	_Atom_chem_shift.Entry_ID	_Atom_chem_shift.Assigned_chem_shift_list_ID
1,.,.,.,1,H,1,H,.,HN,L,.,8,LEU,8,.,1,1,.,51461,20,.,.,8,8.971,.,_Atom_chem_shift.ID	_Atom_chem_shift.Assembly_atom_ID	_Atom_chem_shift.Entity_assembly_ID	_Atom_chem_shift.Entity_assembly_asym_ID	_Atom_chem_shift.Entity_ID	_Atom_chem_shift.Comp_index_ID	_Atom_chem_shift.Seq_ID	_Atom_chem_shift.Comp_ID	_Atom_chem_shift.Atom_ID	_Atom_chem_shift.Atom_type	_Atom_chem_shift.Atom_isotope_number	_Atom_chem_shift.Val	_Atom_chem_shift.Val_err	_Atom_chem_shift.Assign_fig_of_merit	_Atom_chem_shift.Ambiguity_code	_Atom_chem_shift.Ambiguity_set_ID	_Atom_chem_shift.Occupancy	_Atom_chem_shift.Resonance_ID	_Atom_chem_shift.Auth_entity_assembly_ID	_Atom_chem_shift.Auth_asym_ID	_Atom_chem_shift.Auth_seq_ID	_Atom_chem_shift.Auth_comp_ID	_Atom_chem_shift.Auth_atom_ID	_Atom_chem_shift.Details	_Atom_chem_shift.Entry_ID	_Atom_chem_shift.Assigned_chem_shift_list_ID
1,.,.,.,1,CA,13,C,.,CA,L,.,8,LEU,8,.,1,1,.,51461,21,.,.,8,57.352,.,_Atom_chem_shift.ID	_Atom_chem_shift.Assembly_atom_ID	_Atom_chem_shift.Entity_assembly_ID	_Atom_chem_shift.Entity_assembly_asym_ID	_Atom_chem_shift.Entity_ID	_Atom_chem_shift.Comp_index_ID	_Atom_chem_shift.Seq_ID	_Atom_chem_shift.Comp_ID	_Atom_chem_shift.Atom_ID	_Atom_chem_shift.Atom_type	_Atom_chem_shift.Atom_isotope_number	_Atom_chem_shift.Val	_Atom_chem_shift.Val_err	_Atom_chem_shift.Assign_fig_of_merit	_Atom_chem_shift.Ambiguity_code	_Atom_chem_shift.Ambiguity_set_ID	_Atom_chem_shift.Occupancy	_Atom_chem_shift.Resonance_ID	_Atom_chem_shift.Auth_entity_assembly_ID	_Atom_chem_shift.Auth_asym_ID	_Atom_chem_shift.Auth_seq_ID	_Atom_chem_shift.Auth_comp_ID	_Atom_chem_shift.Auth_atom_ID	_Atom_chem_shift.Details	_Atom_chem_shift.Entry_ID	_Atom_chem_shift.Assigned_chem_shift_list_ID
1,.,.,.,1,N,15,N,.,N,L,.,8,LEU,8,.,1,1,.,51461,22,.,.,8,121.363,.,_Atom_chem_shift.ID	_Atom_chem_shift.Assembly_atom_ID	_Atom_chem_shift.Entity_assembly_ID	_Atom_chem_shift.Entity_assembly_asym_ID	_Atom_chem_shift.Entity_ID	_Atom_chem_shift.Comp_index_ID	_Atom_chem_shift.Seq_ID	_Atom_chem_shift.Comp_ID	_Atom_chem_shift.Atom_ID	_Atom_chem_shift.Atom_type	_Atom_chem_shift.Atom_isotope_number	_Atom_chem_shift.Val	_Atom_chem_shift.Val_err	_Atom_chem_shift.Assign_fig_of_merit	_Atom_chem_shift.Ambiguity_code	_Atom_chem_shift.Ambiguity_set_ID	_Atom_chem_shift.Occupancy	_Atom_chem_shift.Resonance_ID	_Atom_chem_shift.Auth_entity_assembly_ID	_Atom_chem_shift.Auth_asym_ID	_Atom_chem_shift.Auth_seq_ID	_Atom_chem_shift.Auth_comp_ID	_Atom_chem_shift.Auth_atom_ID	_Atom_chem_shift.Details	_Atom_chem_shift.Entry_ID	_Atom_chem_shift.Assigned_chem_shift_list_ID
1,.,.,.,1,H,1,H,.,HN,T,.,9,THR,9,.,1,1,.,51461,23,.,.,9,7.472,.,_Atom_chem_shift.ID	_Atom_chem_shift.Assembly_atom_ID	_Atom_chem_shift.Entity_assembly_ID	_Atom_chem_shift.Entity_assembly_asym_ID	_Atom_chem_shift.Entity_ID	_Atom_chem_shift.Comp_index_ID	_Atom_chem_shift.Seq_ID	_Atom_chem_shift.Comp_ID	_Atom_chem_shift.Atom_ID	_Atom_chem_shift.Atom_type	_Atom_chem_shift.Atom_isotope_number	_Atom_chem_shift.Val	_Atom_chem_shift.Val_err	_Atom_chem_shift.Assign_fig_of_merit	_Atom_chem_shift.Ambiguity_code	_Atom_chem_shift.Ambiguity_set_ID	_Atom_chem_shift.Occupancy	_Atom_chem_shift.Resonance_ID	_Atom_chem_shift.Auth_entity_assembly_ID	_Atom_chem_shift.Auth_asym_ID	_Atom_chem_shift.Auth_seq_ID	_Atom_chem_shift.Auth_comp_ID	_Atom_chem_shift.Auth_atom_ID	_Atom_chem_shift.Details	_Atom_chem_shift.Entry_ID	_Atom_chem_shift.Assigned_chem_shift_list_ID
1,.,.,.,1,CA,13,C,.,CA,T,.,9,THR,9,.,1,1,.,51461,24,.,.,9,61.317,.,_Atom_chem_shift.ID	_Atom_chem_shift.Assembly_atom_ID	_Atom_chem_shift.Entity_assembly_ID	_Atom_chem_shift.Entity_assembly_asym_ID	_Atom_chem_shift.Entity_ID	_Atom_chem_shift.Comp_index_ID	_Atom_chem_shift.Seq_ID	_Atom_chem_shift.Comp_ID	_Atom_chem_shift.Atom_ID	_Atom_chem_shift.Atom_type	_Atom_chem_shift.Atom_isotope_number	_Atom_chem_shift.Val	_Atom_chem_shift.Val_err	_Atom_chem_shift.Assign_fig_of_merit	_Atom_chem_shift.Ambiguity_code	_Atom_chem_shift.Ambiguity_set_ID	_Atom_chem_shift.Occupancy	_Atom_chem_shift.Resonance_ID	_Atom_chem_shift.Auth_entity_assembly_ID	_Atom_chem_shift.Auth_asym_ID	_Atom_chem_shift.Auth_seq_ID	_Atom_chem_shift.Auth_comp_ID	_Atom_chem_shift.Auth_atom_ID	_Atom_chem_shift.Details	_Atom_chem_shift.Entry_ID	_Atom_chem_shift.Assigned_chem_shift_list_ID
1,.,.,.,1,N,15,N,.,N,T,.,9,THR,9,.,1,1,.,51461,25,.,.,9,106.036,.,_Atom_chem_shift.ID	_Atom_chem_shift.Assembly_atom_ID	_Atom_chem_shift.Entity_assembly_ID	_Atom_chem_shift.Entity_assembly_asym_ID	_Atom_chem_shift.Entity_ID	_Atom_chem_shift.Comp_index_ID	_Atom_chem_shift.Seq_ID	_Atom_chem_shift.Comp_ID	_Atom_chem_shift.Atom_ID	_Atom_chem_shift.Atom_type	_Atom_chem_shift.Atom_isotope_number	_Atom_chem_shift.Val	_Atom_chem_shift.Val_err	_Atom_chem_shift.Assign_fig_of_merit	_Atom_chem_shift.Ambiguity_code	_Atom_chem_shift.Ambiguity_set_ID	_Atom_chem_shift.Occupancy	_Atom_chem_shift.Resonance_ID	_Atom_chem_shift.Auth_entity_assembly_ID	_Atom_chem_shift.Auth_asym_ID	_Atom_chem_shift.Auth_seq_ID	_Atom_chem_shift.Auth_comp_ID	_Atom_chem_shift.Auth_atom_ID	_Atom_chem_shift.Details	_Atom_chem_shift.Entry_ID	_Atom_chem_shift.Assigned_chem_shift_list_ID
1,.,.,.,1,H,1,H,.,HN,G,.,10,GLY,10,.,1,1,.,51461,26,.,.,10,7.650,.,_Atom_chem_shift.ID	_Atom_chem_shift.Assembly_atom_ID	_Atom_chem_shift.Entity_assembly_ID	_Atom_chem_shift.Entity_assembly_asym_ID	_Atom_chem_shift.Entity_ID	_Atom_chem_shift.Comp_index_ID	_Atom_chem_shift.Seq_ID	_Atom_chem_shift.Comp_ID	_Atom_chem_shift.Atom_ID	_Atom_chem_shift.Atom_type	_Atom_chem_shift.Atom_isotope_number	_Atom_chem_shift.Val	_Atom_chem_shift.Val_err	_Atom_chem_shift.Assign_fig_of_merit	_Atom_chem_shift.Ambiguity_code	_Atom_chem_shift.Ambiguity_set_ID	_Atom_chem_shift.Occupancy	_Atom_chem_shift.Resonance_ID	_Atom_chem_shift.Auth_entity_assembly_ID	_Atom_chem_shift.Auth_asym_ID	_Atom_chem_shift.Auth_seq_ID	_Atom_chem_shift.Auth_comp_ID	_Atom_chem_shift.Auth_atom_ID	_Atom_chem_shift.Details	_Atom_chem_shift.Entry_ID	_Atom_chem_shift.Assigned_chem_shift_list_ID
1,.,.,.,1,CA,13,C,.,CA,G,.,10,GLY,10,.,1,1,.,51461,27,.,.,10,45.320,.,_Atom_chem_shift.ID	_Atom_chem_shift.Assembly_atom_ID	_Atom_chem_shift.Entity_assembly_ID	_Atom_chem_shift.Entity_assembly_asym_ID	_Atom_chem_shift.Entity_ID	_Atom_chem_shift.Comp_index_ID	_Atom_chem_shift.Seq_ID	_Atom_chem_shift.Comp_ID	_Atom_chem_shift.Atom_ID	_Atom_chem_shift.Atom_type	_Atom_chem_shift.Atom_isotope_number	_Atom_chem_shift.Val	_Atom_chem_shift.Val_err	_Atom_chem_shift.Assign_fig_of_merit	_Atom_chem_shift.Ambiguity_code	_Atom_chem_shift.Ambiguity_set_ID	_Atom_chem_shift.Occupancy	_Atom_chem_shift.Resonance_ID	_Atom_chem_shift.Auth_entity_assembly_ID	_Atom_chem_shift.Auth_asym_ID	_Atom_chem_shift.Auth_seq_ID	_Atom_chem_shift.Auth_comp_ID	_Atom_chem_shift.Auth_atom_ID	_Atom_chem_shift.Details	_Atom_chem_shift.Entry_ID	_Atom_chem_shift.Assigned_chem_shift_list_ID
1,.,.,.,1,N,15,N,.,N,G,.,10,GLY,10,.,1,1,.,51461,28,.,.,10,109.458,.,_Atom_chem_shift.ID	_Atom_chem_shift.Assembly_atom_ID	_Atom_chem_shift.Entity_assembly_ID	_Atom_chem_shift.Entity_assembly_asym_ID	_Atom_chem_shift.Entity_ID	_Atom_chem_shift.Comp_index_ID	_Atom_chem_shift.Seq_ID	_Atom_chem_shift.Comp_ID	_Atom_chem_shift.Atom_ID	_Atom_chem_shift.Atom_type	_Atom_chem_shift.Atom_isotope_number	_Atom_chem_shift.Val	_Atom_chem_shift.Val_err	_Atom_chem_shift.Assign_fig_of_merit	_Atom_chem_shift.Ambiguity_code	_Atom_chem_shift.Ambiguity_set_ID	_Atom_chem_shift.Occupancy	_Atom_chem_shift.Resonance_ID	_Atom_chem_shift.Auth_entity_assembly_ID	_Atom_chem_shift.Auth_asym_ID	_Atom_chem_shift.Auth_seq_ID	_Atom_chem_shift.Auth_comp_ID	_Atom_chem_shift.Auth_atom_ID	_Atom_chem_shift.Details	_Atom_chem_shift.Entry_ID	_Atom_chem_shift.Assigned_chem_shift_list_ID
1,.,.,.,1,H,1,H,.,HN,K,.,11,LYS,11,.,1,1,.,51461,29,.,.,11,7.090,.,_Atom_chem_shift.ID	_Atom_chem_shift.Assembly_atom_ID	_Atom_chem_shift.Entity_assembly_ID	_Atom_chem_shift.Entity_assembly_asym_ID	_Atom_chem_shift.Entity_ID	_Atom_chem_shift.Comp_index_ID	_Atom_chem_shift.Seq_ID	_Atom_chem_shift.Comp_ID	_Atom_chem_shift.Atom_ID	_Atom_chem_shift.Atom_type	_Atom_chem_shift.Atom_isotope_number	_Atom_chem_shift.Val	_Atom_chem_shift.Val_err	_Atom_chem_shift.Assign_fig_of_merit	_Atom_chem_shift.Ambiguity_code	_Atom_chem_shift.Ambiguity_set_ID	_Atom_chem_shift.Occupancy	_Atom_chem_shift.Resonance_ID	_Atom_chem_shift.Auth_entity_assembly_ID	_Atom_chem_shift.Auth_asym_ID	_Atom_chem_shift.Auth_seq_ID	_Atom_chem_shift.Auth_comp_ID	_Atom_chem_shift.Auth_atom_ID	_Atom_chem_shift.Details	_Atom_chem_shift.Entry_ID	_Atom_chem_shift.Assigned_chem_shift_list_ID
1,.,.,.,1,CA,13,C,.,CA,K,.,11,LYS,11,.,1,1,.,51461,30,.,.,11,56.258,.,_Atom_chem_shift.ID	_Atom_chem_shift.Assembly_atom_ID	_Atom_chem_shift.Entity_assembly_ID	_Atom_chem_shift.Entity_assembly_asym_ID	_Atom_chem_shift.Entity_ID	_Atom_chem_shift.Comp_index_ID	_Atom_chem_shift.Seq_ID	_Atom_chem_shift.Comp_ID	_Atom_chem_shift.Atom_ID	_Atom_chem_shift.Atom_type	_Atom_chem_shift.Atom_isotope_number	_Atom_chem_shift.Val	_Atom_chem_shift.Val_err	_Atom_chem_shift.Assign_fig_of_merit	_Atom_chem_shift.Ambiguity_code	_Atom_chem_shift.Ambiguity_set_ID	_Atom_chem_shift.Occupancy	_Atom_chem_shift.Resonance_ID	_Atom_chem_shift.Auth_entity_assembly_ID	_Atom_chem_shift.Auth_asym_ID	_Atom_chem_shift.Auth_seq_ID	_Atom_chem_shift.Auth_comp_ID	_Atom_chem_shift.Auth_atom_ID	_Atom_chem_shift.Details	_Atom_chem_shift.Entry_ID	_Atom_chem_shift.Assigned_chem_shift_list_ID
1,.,.,.,1,N,15,N,.,N,K,.,11,LYS,11,.,1,1,.,51461,31,.,.,11,122.076,.,_Atom_chem_shift.ID	_Atom_chem_shift.Assembly_atom_ID	_Atom_chem_shift.Entity_assembly_ID	_Atom_chem_shift.Entity_assembly_asym_ID	_Atom_chem_shift.Entity_ID	_Atom_chem_shift.Comp_index_ID	_Atom_chem_shift.Seq_ID	_Atom_chem_shift.Comp_ID	_Atom_chem_shift.Atom_ID	_Atom_chem_shift.Atom_type	_Atom_chem_shift.Atom_isotope_number	_Atom_chem_shift.Val	_Atom_chem_shift.Val_err	_Atom_chem_shift.Assign_fig_of_merit	_Atom_chem_shift.Ambiguity_code	_Atom_chem_shift.Ambiguity_set_ID	_Atom_chem_shift.Occupancy	_Atom_chem_shift.Resonance_ID	_Atom_chem_shift.Auth_entity_assembly_ID	_Atom_chem_shift.Auth_asym_ID	_Atom_chem_shift.Auth_seq_ID	_Atom_chem_shift.Auth_comp_ID	_Atom_chem_shift.Auth_atom_ID	_Atom_chem_shift.Details	_Atom_chem_shift.Entry_ID	_Atom_chem_shift.Assigned_chem_shift_list_ID
1,.,.,.,1,H,1,H,.,HN,T,.,12,THR,12,.,1,1,.,51461,32,.,.,12,8.476,.,_Atom_chem_shift.ID	_Atom_chem_shift.Assembly_atom_ID	_Atom_chem_shift.Entity_assembly_ID	_Atom_chem_shift.Entity_assembly_asym_ID	_Atom_chem_shift.Entity_ID	_Atom_chem_shift.Comp_index_ID	_Atom_chem_shift.Seq_ID	_Atom_chem_shift.Comp_ID	_Atom_chem_shift.Atom_ID	_Atom_chem_shift.Atom_type	_Atom_chem_shift.Atom_isotope_number	_Atom_chem_shift.Val	_Atom_chem_shift.Val_err	_Atom_chem_shift.Assign_fig_of_merit	_Atom_chem_shift.Ambiguity_code	_Atom_chem_shift.Ambiguity_set_ID	_Atom_chem_shift.Occupancy	_Atom_chem_shift.Resonance_ID	_Atom_chem_shift.Auth_entity_assembly_ID	_Atom_chem_shift.Auth_asym_ID	_Atom_chem_shift.Auth_seq_ID	_Atom_chem_shift.Auth_comp_ID	_Atom_chem_shift.Auth_atom_ID	_Atom_chem_shift.Details	_Atom_chem_shift.Entry_ID	_Atom_chem_shift.Assigned_chem_shift_list_ID
1,.,.,.,1,CA,13,C,.,CA,T,.,12,THR,12,.,1,1,.,51461,33,.,.,12,62.137,.,_Atom_chem_shift.ID	_Atom_chem_shift.Assembly_atom_ID	_Atom_chem_shift.Entity_assembly_ID	_Atom_chem_shift.Entity_assembly_asym_ID	_Atom_chem_shift.Entity_ID	_Atom_chem_shift.Comp_index_ID	_Atom_chem_shift.Seq_ID	_Atom_chem_shift.Comp_ID	_Atom_chem_shift.Atom_ID	_Atom_chem_shift.Atom_type	_Atom_chem_shift.Atom_isotope_number	_Atom_chem_shift.Val	_Atom_chem_shift.Val_err	_Atom_chem_shift.Assign_fig_of_merit	_Atom_chem_shift.Ambiguity_code	_Atom_chem_shift.Ambiguity_set_ID	_Atom_chem_shift.Occupancy	_Atom_chem_shift.Resonance_ID	_Atom_chem_shift.Auth_entity_assembly_ID	_Atom_chem_shift.Auth_asym_ID	_Atom_chem_shift.Auth_seq_ID	_Atom_chem_shift.Auth_comp_ID	_Atom_chem_shift.Auth_atom_ID	_Atom_chem_shift.Details	_Atom_chem_shift.Entry_ID	_Atom_chem_shift.Assigned_chem_shift_list_ID
1,.,.,.,1,N,15,N,.,N,T,.,12,THR,12,.,1,1,.,51461,34,.,.,12,120.793,.,_Atom_chem_shift.ID	_Atom_chem_shift.Assembly_atom_ID	_Atom_chem_shift.Entity_assembly_ID	_Atom_chem_shift.Entity_assembly_asym_ID	_Atom_chem_shift.Entity_ID	_Atom_chem_shift.Comp_index_ID	_Atom_chem_shift.Seq_ID	_Atom_chem_shift.Comp_ID	_Atom_chem_shift.Atom_ID	_Atom_chem_shift.Atom_type	_Atom_chem_shift.Atom_isotope_number	_Atom_chem_shift.Val	_Atom_chem_shift.Val_err	_Atom_chem_shift.Assign_fig_of_merit	_Atom_chem_shift.Ambiguity_code	_Atom_chem_shift.Ambiguity_set_ID	_Atom_chem_shift.Occupancy	_Atom_chem_shift.Resonance_ID	_Atom_chem_shift.Auth_entity_assembly_ID	_Atom_chem_shift.Auth_asym_ID	_Atom_chem_shift.Auth_seq_ID	_Atom_chem_shift.Auth_comp_ID	_Atom_chem_shift.Auth_atom_ID	_Atom_chem_shift.Details	_Atom_chem_shift.Entry_ID	_Atom_chem_shift.Assigned_chem_shift_list_ID
1,.,.,.,1,H,1,H,.,HN,I,.,13,ILE,13,.,1,1,.,51461,35,.,.,13,9.378,.,_Atom_chem_shift.ID	_Atom_chem_shift.Assembly_atom_ID	_Atom_chem_shift.Entity_assembly_ID	_Atom_chem_shift.Entity_assembly_asym_ID	_Atom_chem_shift.Entity_ID	_Atom_chem_shift.Comp_index_ID	_Atom_chem_shift.Seq_ID	_Atom_chem_shift.Comp_ID	_Atom_chem_shift.Atom_ID	_Atom_chem_shift.Atom_type	_Atom_chem_shift.Atom_isotope_number	_Atom_chem_shift.Val	_Atom_chem_shift.Val_err	_Atom_chem_shift.Assign_fig_of_merit	_Atom_chem_shift.Ambiguity_code	_Atom_chem_shift.Ambiguity_set_ID	_Atom_chem_shift.Occupancy	_Atom_chem_shift.Resonance_ID	_Atom_chem_shift.Auth_entity_assembly_ID	_Atom_chem_shift.Auth_asym_ID	_Atom_chem_shift.Auth_seq_ID	_Atom_chem_shift.Auth_comp_ID	_Atom_chem_shift.Auth_atom_ID	_Atom_chem_shift.Details	_Atom_chem_shift.Entry_ID	_Atom_chem_shift.Assigned_chem_shift_list_ID
1,.,.,.,1,CA,13,C,.,CA,I,.,13,ILE,13,.,1,1,.,51461,36,.,.,13,59.949,.,_Atom_chem_shift.ID	_Atom_chem_shift.Assembly_atom_ID	_Atom_chem_shift.Entity_assembly_ID	_Atom_chem_shift.Entity_assembly_asym_ID	_Atom_chem_shift.Entity_ID	_Atom_chem_shift.Comp_index_ID	_Atom_chem_shift.Seq_ID	_Atom_chem_shift.Comp_ID	_Atom_chem_shift.Atom_ID	_Atom_chem_shift.Atom_type	_Atom_chem_shift.Atom_isotope_number	_Atom_chem_shift.Val	_Atom_chem_shift.Val_err	_Atom_chem_shift.Assign_fig_of_merit	_Atom_chem_shift.Ambiguity_code	_Atom_chem_shift.Ambiguity_set_ID	_Atom_chem_shift.Occupancy	_Atom_chem_shift.Resonance_ID	_Atom_chem_shift.Auth_entity_assembly_ID	_Atom_chem_shift.Auth_asym_ID	_Atom_chem_shift.Auth_seq_ID	_Atom_chem_shift.Auth_comp_ID	_Atom_chem_shift.Auth_atom_ID	_Atom_chem_shift.Details	_Atom_chem_shift.Entry_ID	_Atom_chem_shift.Assigned_chem_shift_list_ID
1,.,.,.,1,N,15,N,.,N,I,.,13,ILE,13,.,1,1,.,51461,37,.,.,13,127.922,.,_Atom_chem_shift.ID	_Atom_chem_shift.Assembly_atom_ID	_Atom_chem_shift.Entity_assembly_ID	_Atom_chem_shift.Entity_assembly_asym_ID	_Atom_chem_shift.Entity_ID	_Atom_chem_shift.Comp_index_ID	_Atom_chem_shift.Seq_ID	_Atom_chem_shift.Comp_ID	_Atom_chem_shift.Atom_ID	_Atom_chem_shift.Atom_type	_Atom_chem_shift.Atom_isotope_number	_Atom_chem_shift.Val	_Atom_chem_shift.Val_err	_Atom_chem_shift.Assign_fig_of_merit	_Atom_chem_shift.Ambiguity_code	_Atom_chem_shift.Ambiguity_set_ID	_Atom_chem_shift.Occupancy	_Atom_chem_shift.Resonance_ID	_Atom_chem_shift.Auth_entity_assembly_ID	_Atom_chem_shift.Auth_asym_ID	_Atom_chem_shift.Auth_seq_ID	_Atom_chem_shift.Auth_comp_ID	_Atom_chem_shift.Auth_atom_ID	_Atom_chem_shift.Details	_Atom_chem_shift.Entry_ID	_Atom_chem_shift.Assigned_chem_shift_list_ID
1,.,.,.,1,H,1,H,.,HN,T,.,14,THR,14,.,1,1,.,51461,38,.,.,14,8.552,.,_Atom_chem_shift.ID	_Atom_chem_shift.Assembly_atom_ID	_Atom_chem_shift.Entity_assembly_ID	_Atom_chem_shift.Entity_assembly_asym_ID	_Atom_chem_shift.Entity_ID	_Atom_chem_shift.Comp_index_ID	_Atom_chem_shift.Seq_ID	_Atom_chem_shift.Comp_ID	_Atom_chem_shift.Atom_ID	_Atom_chem_shift.Atom_type	_Atom_chem_shift.Atom_isotope_number	_Atom_chem_shift.Val	_Atom_chem_shift.Val_err	_Atom_chem_shift.Assign_fig_of_merit	_Atom_chem_shift.Ambiguity_code	_Atom_chem_shift.Ambiguity_set_ID	_Atom_chem_shift.Occupancy	_Atom_chem_shift.Resonance_ID	_Atom_chem_shift.Auth_entity_assembly_ID	_Atom_chem_shift.Auth_asym_ID	_Atom_chem_shift.Auth_seq_ID	_Atom_chem_shift.Auth_comp_ID	_Atom_chem_shift.Auth_atom_ID	_Atom_chem_shift.Details	_Atom_chem_shift.Entry_ID	_Atom_chem_shift.Assigned_chem_shift_list_ID
1,.,.,.,1,CA,13,C,.,CA,T,.,14,THR,14,.,1,1,.,51461,39,.,.,14,62.137,.,_Atom_chem_shift.ID	_Atom_chem_shift.Assembly_atom_ID	_Atom_chem_shift.Entity_assembly_ID	_Atom_chem_shift.Entity_assembly_asym_ID	_Atom_chem_shift.Entity_ID	_Atom_chem_shift.Comp_index_ID	_Atom_chem_shift.Seq_ID	_Atom_chem_shift.Comp_ID	_Atom_chem_shift.Atom_ID	_Atom_chem_shift.Atom_type	_Atom_chem_shift.Atom_isotope_number	_Atom_chem_shift.Val	_Atom_chem_shift.Val_err	_Atom_chem_shift.Assign_fig_of_merit	_Atom_chem_shift.Ambiguity_code	_Atom_chem_shift.Ambiguity_set_ID	_Atom_chem_shift.Occupancy	_Atom_chem_shift.Resonance_ID	_Atom_chem_shift.Auth_entity_assembly_ID	_Atom_chem_shift.Auth_asym_ID	_Atom_chem_shift.Auth_seq_ID	_Atom_chem_shift.Auth_comp_ID	_Atom_chem_shift.Auth_atom_ID	_Atom_chem_shift.Details	_Atom_chem_shift.Entry_ID	_Atom_chem_shift.Assigned_chem_shift_list_ID
1,.,.,.,1,N,15,N,.,N,T,.,14,THR,14,.,1,1,.,51461,40,.,.,14,122.005,.,_Atom_chem_shift.ID	_Atom_chem_shift.Assembly_atom_ID	_Atom_chem_shift.Entity_assembly_ID	_Atom_chem_shift.Entity_assembly_asym_ID	_Atom_chem_shift.Entity_ID	_Atom_chem_shift.Comp_index_ID	_Atom_chem_shift.Seq_ID	_Atom_chem_shift.Comp_ID	_Atom_chem_shift.Atom_ID	_Atom_chem_shift.Atom_type	_Atom_chem_shift.Atom_isotope_number	_Atom_chem_shift.Val	_Atom_chem_shift.Val_err	_Atom_chem_shift.Assign_fig_of_merit	_Atom_chem_shift.Ambiguity_code	_Atom_chem_shift.Ambiguity_set_ID	_Atom_chem_shift.Occupancy	_Atom_chem_shift.Resonance_ID	_Atom_chem_shift.Auth_entity_assembly_ID	_Atom_chem_shift.Auth_asym_ID	_Atom_chem_shift.Auth_seq_ID	_Atom_chem_shift.Auth_comp_ID	_Atom_chem_shift.Auth_atom_ID	_Atom_chem_shift.Details	_Atom_chem_shift.Entry_ID	_Atom_chem_shift.Assigned_chem_shift_list_ID
1,.,.,.,1,H,1,H,.,HN,L,.,15,LEU,15,.,1,1,.,51461,41,.,.,15,8.641,.,_Atom_chem_shift.ID	_Atom_chem_shift.Assembly_atom_ID	_Atom_chem_shift.Entity_assembly_ID	_Atom_chem_shift.Entity_assembly_asym_ID	_Atom_chem_shift.Entity_ID	_Atom_chem_shift.Comp_index_ID	_Atom_chem_shift.Seq_ID	_Atom_chem_shift.Comp_ID	_Atom_chem_shift.Atom_ID	_Atom_chem_shift.Atom_type	_Atom_chem_shift.Atom_isotope_number	_Atom_chem_shift.Val	_Atom_chem_shift.Val_err	_Atom_chem_shift.Assign_fig_of_merit	_Atom_chem_shift.Ambiguity_code	_Atom_chem_shift.Ambiguity_set_ID	_Atom_chem_shift.Occupancy	_Atom_chem_shift.Resonance_ID	_Atom_chem_shift.Auth_entity_assembly_ID	_Atom_chem_shift.Auth_asym_ID	_Atom_chem_shift.Auth_seq_ID	_Atom_chem_shift.Auth_comp_ID	_Atom_chem_shift.Auth_atom_ID	_Atom_chem_shift.Details	_Atom_chem_shift.Entry_ID	_Atom_chem_shift.Assigned_chem_shift_list_ID
1,.,.,.,1,CA,13,C,.,CA,L,.,15,LEU,15,.,1,1,.,51461,42,.,.,15,52.977,.,_Atom_chem_shift.ID	_Atom_chem_shift.Assembly_atom_ID	_Atom_chem_shift.Entity_assembly_ID	_Atom_chem_shift.Entity_assembly_asym_ID	_Atom_chem_shift.Entity_ID	_Atom_chem_shift.Comp_index_ID	_Atom_chem_shift.Seq_ID	_Atom_chem_shift.Comp_ID	_Atom_chem_shift.Atom_ID	_Atom_chem_shift.Atom_type	_Atom_chem_shift.Atom_isotope_number	_Atom_chem_shift.Val	_Atom_chem_shift.Val_err	_Atom_chem_shift.Assign_fig_of_merit	_Atom_chem_shift.Ambiguity_code	_Atom_chem_shift.Ambiguity_set_ID	_Atom_chem_shift.Occupancy	_Atom_chem_shift.Resonance_ID	_Atom_chem_shift.Auth_entity_assembly_ID	_Atom_chem_shift.Auth_asym_ID	_Atom_chem_shift.Auth_seq_ID	_Atom_chem_shift.Auth_comp_ID	_Atom_chem_shift.Auth_atom_ID	_Atom_chem_shift.Details	_Atom_chem_shift.Entry_ID	_Atom_chem_shift.Assigned_chem_shift_list_ID
1,.,.,.,1,N,15,N,.,N,L,.,15,LEU,15,.,1,1,.,51461,43,.,.,15,125.641,.,_Atom_chem_shift.ID	_Atom_chem_shift.Assembly_atom_ID	_Atom_chem_shift.Entity_assembly_ID	_Atom_chem_shift.Entity_assembly_asym_ID	_Atom_chem_shift.Entity_ID	_Atom_chem_shift.Comp_index_ID	_Atom_chem_shift.Seq_ID	_Atom_chem_shift.Comp_ID	_Atom_chem_shift.Atom_ID	_Atom_chem_shift.Atom_type	_Atom_chem_shift.Atom_isotope_number	_Atom_chem_shift.Val	_Atom_chem_shift.Val_err	_Atom_chem_shift.Assign_fig_of_merit	_Atom_chem_shift.Ambiguity_code	_Atom_chem_shift.Ambiguity_set_ID	_Atom_chem_shift.Occupancy	_Atom_chem_shift.Resonance_ID	_Atom_chem_shift.Auth_entity_assembly_ID	_Atom_chem_shift.Auth_asym_ID	_Atom_chem_shift.Auth_seq_ID	_Atom_chem_shift.Auth_comp_ID	_Atom_chem_shift.Auth_atom_ID	_Atom_chem_shift.Details	_Atom_chem_shift.Entry_ID	_Atom_chem_shift.Assigned_chem_shift_list_ID
1,.,.,.,1,H,1,H,.,HN,E,.,16,GLU,16,.,1,1,.,51461,44,.,.,16,7.675,.,_Atom_chem_shift.ID	_Atom_chem_shift.Assembly_atom_ID	_Atom_chem_shift.Entity_assembly_ID	_Atom_chem_shift.Entity_assembly_asym_ID	_Atom_chem_shift.Entity_ID	_Atom_chem_shift.Comp_index_ID	_Atom_chem_shift.Seq_ID	_Atom_chem_shift.Comp_ID	_Atom_chem_shift.Atom_ID	_Atom_chem_shift.Atom_type	_Atom_chem_shift.Atom_isotope_number	_Atom_chem_shift.Val	_Atom_chem_shift.Val_err	_Atom_chem_shift.Assign_fig_of_merit	_Atom_chem_shift.Ambiguity_code	_Atom_chem_shift.Ambiguity_set_ID	_Atom_chem_shift.Occupancy	_Atom_chem_shift.Resonance_ID	_Atom_chem_shift.Auth_entity_assembly_ID	_Atom_chem_shift.Auth_asym_ID	_Atom_chem_shift.Auth_seq_ID	_Atom_chem_shift.Auth_comp_ID	_Atom_chem_shift.Auth_atom_ID	_Atom_chem_shift.Details	_Atom_chem_shift.Entry_ID	_Atom_chem_shift.Assigned_chem_shift_list_ID
1,.,.,.,1,CA,13,C,.,CA,E,.,16,GLU,16,.,1,1,.,51461,45,.,.,16,54.754,.,_Atom_chem_shift.ID	_Atom_chem_shift.Assembly_atom_ID	_Atom_chem_shift.Entity_assembly_ID	_Atom_chem_shift.Entity_assembly_asym_ID	_Atom_chem_shift.Entity_ID	_Atom_chem_shift.Comp_index_ID	_Atom_chem_shift.Seq_ID	_Atom_chem_shift.Comp_ID	_Atom_chem_shift.Atom_ID	_Atom_chem_shift.Atom_type	_Atom_chem_shift.Atom_isotope_number	_Atom_chem_shift.Val	_Atom_chem_shift.Val_err	_Atom_chem_shift.Assign_fig_of_merit	_Atom_chem_shift.Ambiguity_code	_Atom_chem_shift.Ambiguity_set_ID	_Atom_chem_shift.Occupancy	_Atom_chem_shift.Resonance_ID	_Atom_chem_shift.Auth_entity_assembly_ID	_Atom_chem_shift.Auth_asym_ID	_Atom_chem_shift.Auth_seq_ID	_Atom_chem_shift.Auth_comp_ID	_Atom_chem_shift.Auth_atom_ID	_Atom_chem_shift.Details	_Atom_chem_shift.Entry_ID	_Atom_chem_shift.Assigned_chem_shift_list_ID
1,.,.,.,1,N,15,N,.,N,E,.,16,GLU,16,.,1,1,.,51461,46,.,.,16,122.789,.,_Atom_chem_shift.ID	_Atom_chem_shift.Assembly_atom_ID	_Atom_chem_shift.Entity_assembly_ID	_Atom_chem_shift.Entity_assembly_asym_ID	_Atom_chem_shift.Entity_ID	_Atom_chem_shift.Comp_index_ID	_Atom_chem_shift.Seq_ID	_Atom_chem_shift.Comp_ID	_Atom_chem_shift.Atom_ID	_Atom_chem_shift.Atom_type	_Atom_chem_shift.Atom_isotope_number	_Atom_chem_shift.Val	_Atom_chem_shift.Val_err	_Atom_chem_shift.Assign_fig_of_merit	_Atom_chem_shift.Ambiguity_code	_Atom_chem_shift.Ambiguity_set_ID	_Atom_chem_shift.Occupancy	_Atom_chem_shift.Resonance_ID	_Atom_chem_shift.Auth_entity_assembly_ID	_Atom_chem_shift.Auth_asym_ID	_Atom_chem_shift.Auth_seq_ID	_Atom_chem_shift.Auth_comp_ID	_Atom_chem_shift.Auth_atom_ID	_Atom_chem_shift.Details	_Atom_chem_shift.Entry_ID	_Atom_chem_shift.Assigned_chem_shift_list_ID
1,.,.,.,1,H,1,H,.,HN,V,.,17,VAL,17,.,1,1,.,51461,47,.,.,17,8.615,.,_Atom_chem_shift.ID	_Atom_chem_shift.Assembly_atom_ID	_Atom_chem_shift.Entity_assembly_ID	_Atom_chem_shift.Entity_assembly_asym_ID	_Atom_chem_shift.Entity_ID	_Atom_chem_shift.Comp_index_ID	_Atom_chem_shift.Seq_ID	_Atom_chem_shift.Comp_ID	_Atom_chem_shift.Atom_ID	_Atom_chem_shift.Atom_type	_Atom_chem_shift.Atom_isotope_number	_Atom_chem_shift.Val	_Atom_chem_shift.Val_err	_Atom_chem_shift.Assign_fig_of_merit	_Atom_chem_shift.Ambiguity_code	_Atom_chem_shift.Ambiguity_set_ID	_Atom_chem_shift.Occupancy	_Atom_chem_shift.Resonance_ID	_Atom_chem_shift.Auth_entity_assembly_ID	_Atom_chem_shift.Auth_asym_ID	_Atom_chem_shift.Auth_seq_ID	_Atom_chem_shift.Auth_comp_ID	_Atom_chem_shift.Auth_atom_ID	_Atom_chem_shift.Details	_Atom_chem_shift.Entry_ID	_Atom_chem_shift.Assigned_chem_shift_list_ID
1,.,.,.,1,CA,13,C,.,CA,V,.,17,VAL,17,.,1,1,.,51461,48,.,.,17,58.445,.,_Atom_chem_shift.ID	_Atom_chem_shift.Assembly_atom_ID	_Atom_chem_shift.Entity_assembly_ID	_Atom_chem_shift.Entity_assembly_asym_ID	_Atom_chem_shift.Entity_ID	_Atom_chem_shift.Comp_index_ID	_Atom_chem_shift.Seq_ID	_Atom_chem_shift.Comp_ID	_Atom_chem_shift.Atom_ID	_Atom_chem_shift.Atom_type	_Atom_chem_shift.Atom_isotope_number	_Atom_chem_shift.Val	_Atom_chem_shift.Val_err	_Atom_chem_shift.Assign_fig_of_merit	_Atom_chem_shift.Ambiguity_code	_Atom_chem_shift.Ambiguity_set_ID	_Atom_chem_shift.Occupancy	_Atom_chem_shift.Resonance_ID	_Atom_chem_shift.Auth_entity_assembly_ID	_Atom_chem_shift.Auth_asym_ID	_Atom_chem_shift.Auth_seq_ID	_Atom_chem_shift.Auth_comp_ID	_Atom_chem_shift.Auth_atom_ID	_Atom_chem_shift.Details	_Atom_chem_shift.Entry_ID	_Atom_chem_shift.Assigned_chem_shift_list_ID
1,.,.,.,1,N,15,N,.,N,V,.,17,VAL,17,.,1,1,.,51461,49,.,.,17,117.728,.,_Atom_chem_shift.ID	_Atom_chem_shift.Assembly_atom_ID	_Atom_chem_shift.Entity_assembly_ID	_Atom_chem_shift.Entity_assembly_asym_ID	_Atom_chem_shift.Entity_ID	_Atom_chem_shift.Comp_index_ID	_Atom_chem_shift.Seq_ID	_Atom_chem_shift.Comp_ID	_Atom_chem_shift.Atom_ID	_Atom_chem_shift.Atom_type	_Atom_chem_shift.Atom_isotope_number	_Atom_chem_shift.Val	_Atom_chem_shift.Val_err	_Atom_chem_shift.Assign_fig_of_merit	_Atom_chem_shift.Ambiguity_code	_Atom_chem_shift.Ambiguity_set_ID	_Atom_chem_shift.Occupancy	_Atom_chem_shift.Resonance_ID	_Atom_chem_shift.Auth_entity_assembly_ID	_Atom_chem_shift.Auth_asym_ID	_Atom_chem_shift.Auth_seq_ID	_Atom_chem_shift.Auth_comp_ID	_Atom_chem_shift.Auth_atom_ID	_Atom_chem_shift.Details	_Atom_chem_shift.Entry_ID	_Atom_chem_shift.Assigned_chem_shift_list_ID
1,.,.,.,1,H,1,H,.,HN,E,.,18,GLU,18,.,1,1,.,51461,50,.,.,18,8.768,.,_Atom_chem_shift.ID	_Atom_chem_shift.Assembly_atom_ID	_Atom_chem_shift.Entity_assembly_ID	_Atom_chem_shift.Entity_assembly_asym_ID	_Atom_chem_shift.Entity_ID	_Atom_chem_shift.Comp_index_ID	_Atom_chem_shift.Seq_ID	_Atom_chem_shift.Comp_ID	_Atom_chem_shift.Atom_ID	_Atom_chem_shift.Atom_type	_Atom_chem_shift.Atom_isotope_number	_Atom_chem_shift.Val	_Atom_chem_shift.Val_err	_Atom_chem_shift.Assign_fig_of_merit	_Atom_chem_shift.Ambiguity_code	_Atom_chem_shift.Ambiguity_set_ID	_Atom_chem_shift.Occupancy	_Atom_chem_shift.Resonance_ID	_Atom_chem_shift.Auth_entity_assembly_ID	_Atom_chem_shift.Auth_asym_ID	_Atom_chem_shift.Auth_seq_ID	_Atom_chem_shift.Auth_comp_ID	_Atom_chem_shift.Auth_atom_ID	_Atom_chem_shift.Details	_Atom_chem_shift.Entry_ID	_Atom_chem_shift.Assigned_chem_shift_list_ID
1,.,.,.,1,CA,13,C,.,CA,E,.,18,GLU,18,.,1,1,.,51461,51,.,.,18,52.704,.,_Atom_chem_shift.ID	_Atom_chem_shift.Assembly_atom_ID	_Atom_chem_shift.Entity_assembly_ID	_Atom_chem_shift.Entity_assembly_asym_ID	_Atom_chem_shift.Entity_ID	_Atom_chem_shift.Comp_index_ID	_Atom_chem_shift.Seq_ID	_Atom_chem_shift.Comp_ID	_Atom_chem_shift.Atom_ID	_Atom_chem_shift.Atom_type	_Atom_chem_shift.Atom_isotope_number	_Atom_chem_shift.Val	_Atom_chem_shift.Val_err	_Atom_chem_shift.Assign_fig_of_merit	_Atom_chem_shift.Ambiguity_code	_Atom_chem_shift.Ambiguity_set_ID	_Atom_chem_shift.Occupancy	_Atom_chem_shift.Resonance_ID	_Atom_chem_shift.Auth_entity_assembly_ID	_Atom_chem_shift.Auth_asym_ID	_Atom_chem_shift.Auth_seq_ID	_Atom_chem_shift.Auth_comp_ID	_Atom_chem_shift.Auth_atom_ID	_Atom_chem_shift.Details	_Atom_chem_shift.Entry_ID	_Atom_chem_shift.Assigned_chem_shift_list_ID
1,.,.,.,1,N,15,N,.,N,E,.,18,GLU,18,.,1,1,.,51461,52,.,.,18,120.080,.,_Atom_chem_shift.ID	_Atom_chem_shift.Assembly_atom_ID	_Atom_chem_shift.Entity_assembly_ID	_Atom_chem_shift.Entity_assembly_asym_ID	_Atom_chem_shift.Entity_ID	_Atom_chem_shift.Comp_index_ID	_Atom_chem_shift.Seq_ID	_Atom_chem_shift.Comp_ID	_Atom_chem_shift.Atom_ID	_Atom_chem_shift.Atom_type	_Atom_chem_shift.Atom_isotope_number	_Atom_chem_shift.Val	_Atom_chem_shift.Val_err	_Atom_chem_shift.Assign_fig_of_merit	_Atom_chem_shift.Ambiguity_code	_Atom_chem_shift.Ambiguity_set_ID	_Atom_chem_shift.Occupancy	_Atom_chem_shift.Resonance_ID	_Atom_chem_shift.Auth_entity_assembly_ID	_Atom_chem_shift.Auth_asym_ID	_Atom_chem_shift.Auth_seq_ID	_Atom_chem_shift.Auth_comp_ID	_Atom_chem_shift.Auth_atom_ID	_Atom_chem_shift.Details	_Atom_chem_shift.Entry_ID	_Atom_chem_shift.Assigned_chem_shift_list_ID
1,.,.,.,1,CA,13,C,.,CA,P,.,19,PRO,19,.,1,1,.,51461,53,.,.,19,65.145,.,_Atom_chem_shift.ID	_Atom_chem_shift.Assembly_atom_ID	_Atom_chem_shift.Entity_assembly_ID	_Atom_chem_shift.Entity_assembly_asym_ID	_Atom_chem_shift.Entity_ID	_Atom_chem_shift.Comp_index_ID	_Atom_chem_shift.Seq_ID	_Atom_chem_shift.Comp_ID	_Atom_chem_shift.Atom_ID	_Atom_chem_shift.Atom_type	_Atom_chem_shift.Atom_isotope_number	_Atom_chem_shift.Val	_Atom_chem_shift.Val_err	_Atom_chem_shift.Assign_fig_of_merit	_Atom_chem_shift.Ambiguity_code	_Atom_chem_shift.Ambiguity_set_ID	_Atom_chem_shift.Occupancy	_Atom_chem_shift.Resonance_ID	_Atom_chem_shift.Auth_entity_assembly_ID	_Atom_chem_shift.Auth_asym_ID	_Atom_chem_shift.Auth_seq_ID	_Atom_chem_shift.Auth_comp_ID	_Atom_chem_shift.Auth_atom_ID	_Atom_chem_shift.Details	_Atom_chem_shift.Entry_ID	_Atom_chem_shift.Assigned_chem_shift_list_ID
1,.,.,.,1,H,1,H,.,HN,S,.,20,SER,20,.,1,1,.,51461,54,.,.,20,6.874,.,_Atom_chem_shift.ID	_Atom_chem_shift.Assembly_atom_ID	_Atom_chem_shift.Entity_assembly_ID	_Atom_chem_shift.Entity_assembly_asym_ID	_Atom_chem_shift.Entity_ID	_Atom_chem_shift.Comp_index_ID	_Atom_chem_shift.Seq_ID	_Atom_chem_shift.Comp_ID	_Atom_chem_shift.Atom_ID	_Atom_chem_shift.Atom_type	_Atom_chem_shift.Atom_isotope_number	_Atom_chem_shift.Val	_Atom_chem_shift.Val_err	_Atom_chem_shift.Assign_fig_of_merit	_Atom_chem_shift.Ambiguity_code	_Atom_chem_shift.Ambiguity_set_ID	_Atom_chem_shift.Occupancy	_Atom_chem_shift.Resonance_ID	_Atom_chem_shift.Auth_entity_assembly_ID	_Atom_chem_shift.Auth_asym_ID	_Atom_chem_shift.Auth_seq_ID	_Atom_chem_shift.Auth_comp_ID	_Atom_chem_shift.Auth_atom_ID	_Atom_chem_shift.Details	_Atom_chem_shift.Entry_ID	_Atom_chem_shift.Assigned_chem_shift_list_ID
1,.,.,.,1,CA,13,C,.,CA,S,.,20,SER,20,.,1,1,.,51461,55,.,.,20,57.352,.,_Atom_chem_shift.ID	_Atom_chem_shift.Assembly_atom_ID	_Atom_chem_shift.Entity_assembly_ID	_Atom_chem_shift.Entity_assembly_asym_ID	_Atom_chem_shift.Entity_ID	_Atom_chem_shift.Comp_index_ID	_Atom_chem_shift.Seq_ID	_Atom_chem_shift.Comp_ID	_Atom_chem_shift.Atom_ID	_Atom_chem_shift.Atom_type	_Atom_chem_shift.Atom_isotope_number	_Atom_chem_shift.Val	_Atom_chem_shift.Val_err	_Atom_chem_shift.Assign_fig_of_merit	_Atom_chem_shift.Ambiguity_code	_Atom_chem_shift.Ambiguity_set_ID	_Atom_chem_shift.Occupancy	_Atom_chem_shift.Resonance_ID	_Atom_chem_shift.Auth_entity_assembly_ID	_Atom_chem_shift.Auth_asym_ID	_Atom_chem_shift.Auth_seq_ID	_Atom_chem_shift.Auth_comp_ID	_Atom_chem_shift.Auth_atom_ID	_Atom_chem_shift.Details	_Atom_chem_shift.Entry_ID	_Atom_chem_shift.Assigned_chem_shift_list_ID
1,.,.,.,1,N,15,N,.,N,S,.,20,SER,20,.,1,1,.,51461,56,.,.,20,103.826,.,_Atom_chem_shift.ID	_Atom_chem_shift.Assembly_atom_ID	_Atom_chem_shift.Entity_assembly_ID	_Atom_chem_shift.Entity_assembly_asym_ID	_Atom_chem_shift.Entity_ID	_Atom_chem_shift.Comp_index_ID	_Atom_chem_shift.Seq_ID	_Atom_chem_shift.Comp_ID	_Atom_chem_shift.Atom_ID	_Atom_chem_shift.Atom_type	_Atom_chem_shift.Atom_isotope_number	_Atom_chem_shift.Val	_Atom_chem_shift.Val_err	_Atom_chem_shift.Assign_fig_of_merit	_Atom_chem_shift.Ambiguity_code	_Atom_chem_shift.Ambiguity_set_ID	_Atom_chem_shift.Occupancy	_Atom_chem_shift.Resonance_ID	_Atom_chem_shift.Auth_entity_assembly_ID	_Atom_chem_shift.Auth_asym_ID	_Atom_chem_shift.Auth_seq_ID	_Atom_chem_shift.Auth_comp_ID	_Atom_chem_shift.Auth_atom_ID	_Atom_chem_shift.Details	_Atom_chem_shift.Entry_ID	_Atom_chem_shift.Assigned_chem_shift_list_ID
1,.,.,.,1,H,1,H,.,HN,D,.,21,ASP,21,.,1,1,.,51461,57,.,.,21,7.840,.,_Atom_chem_shift.ID	_Atom_chem_shift.Assembly_atom_ID	_Atom_chem_shift.Entity_assembly_ID	_Atom_chem_shift.Entity_assembly_asym_ID	_Atom_chem_shift.Entity_ID	_Atom_chem_shift.Comp_index_ID	_Atom_chem_shift.Seq_ID	_Atom_chem_shift.Comp_ID	_Atom_chem_shift.Atom_ID	_Atom_chem_shift.Atom_type	_Atom_chem_shift.Atom_isotope_number	_Atom_chem_shift.Val	_Atom_chem_shift.Val_err	_Atom_chem_shift.Assign_fig_of_merit	_Atom_chem_shift.Ambiguity_code	_Atom_chem_shift.Ambiguity_set_ID	_Atom_chem_shift.Occupancy	_Atom_chem_shift.Resonance_ID	_Atom_chem_shift.Auth_entity_assembly_ID	_Atom_chem_shift.Auth_asym_ID	_Atom_chem_shift.Auth_seq_ID	_Atom_chem_shift.Auth_comp_ID	_Atom_chem_shift.Auth_atom_ID	_Atom_chem_shift.Details	_Atom_chem_shift.Entry_ID	_Atom_chem_shift.Assigned_chem_shift_list_ID
1,.,.,.,1,CA,13,C,.,CA,D,.,21,ASP,21,.,1,1,.,51461,58,.,.,21,55.575,.,_Atom_chem_shift.ID	_Atom_chem_shift.Assembly_atom_ID	_Atom_chem_shift.Entity_assembly_ID	_Atom_chem_shift.Entity_assembly_asym_ID	_Atom_chem_shift.Entity_ID	_Atom_chem_shift.Comp_index_ID	_Atom_chem_shift.Seq_ID	_Atom_chem_shift.Comp_ID	_Atom_chem_shift.Atom_ID	_Atom_chem_shift.Atom_type	_Atom_chem_shift.Atom_isotope_number	_Atom_chem_shift.Val	_Atom_chem_shift.Val_err	_Atom_chem_shift.Assign_fig_of_merit	_Atom_chem_shift.Ambiguity_code	_Atom_chem_shift.Ambiguity_set_ID	_Atom_chem_shift.Occupancy	_Atom_chem_shift.Resonance_ID	_Atom_chem_shift.Auth_entity_assembly_ID	_Atom_chem_shift.Auth_asym_ID	_Atom_chem_shift.Auth_seq_ID	_Atom_chem_shift.Auth_comp_ID	_Atom_chem_shift.Auth_atom_ID	_Atom_chem_shift.Details	_Atom_chem_shift.Entry_ID	_Atom_chem_shift.Assigned_chem_shift_list_ID
1,.,.,.,1,N,15,N,.,N,D,.,21,ASP,21,.,1,1,.,51461,59,.,.,21,124.072,.,_Atom_chem_shift.ID	_Atom_chem_shift.Assembly_atom_ID	_Atom_chem_shift.Entity_assembly_ID	_Atom_chem_shift.Entity_assembly_asym_ID	_Atom_chem_shift.Entity_ID	_Atom_chem_shift.Comp_index_ID	_Atom_chem_shift.Seq_ID	_Atom_chem_shift.Comp_ID	_Atom_chem_shift.Atom_ID	_Atom_chem_shift.Atom_type	_Atom_chem_shift.Atom_isotope_number	_Atom_chem_shift.Val	_Atom_chem_shift.Val_err	_Atom_chem_shift.Assign_fig_of_merit	_Atom_chem_shift.Ambiguity_code	_Atom_chem_shift.Ambiguity_set_ID	_Atom_chem_shift.Occupancy	_Atom_chem_shift.Resonance_ID	_Atom_chem_shift.Auth_entity_assembly_ID	_Atom_chem_shift.Auth_asym_ID	_Atom_chem_shift.Auth_seq_ID	_Atom_chem_shift.Auth_comp_ID	_Atom_chem_shift.Auth_atom_ID	_Atom_chem_shift.Details	_Atom_chem_shift.Entry_ID	_Atom_chem_shift.Assigned_chem_shift_list_ID
1,.,.,.,1,H,1,H,.,HN,T,.,22,THR,22,.,1,1,.,51461,60,.,.,22,7.726,.,_Atom_chem_shift.ID	_Atom_chem_shift.Assembly_atom_ID	_Atom_chem_shift.Entity_assembly_ID	_Atom_chem_shift.Entity_assembly_asym_ID	_Atom_chem_shift.Entity_ID	_Atom_chem_shift.Comp_index_ID	_Atom_chem_shift.Seq_ID	_Atom_chem_shift.Comp_ID	_Atom_chem_shift.Atom_ID	_Atom_chem_shift.Atom_type	_Atom_chem_shift.Atom_isotope_number	_Atom_chem_shift.Val	_Atom_chem_shift.Val_err	_Atom_chem_shift.Assign_fig_of_merit	_Atom_chem_shift.Ambiguity_code	_Atom_chem_shift.Ambiguity_set_ID	_Atom_chem_shift.Occupancy	_Atom_chem_shift.Resonance_ID	_Atom_chem_shift.Auth_entity_assembly_ID	_Atom_chem_shift.Auth_asym_ID	_Atom_chem_shift.Auth_seq_ID	_Atom_chem_shift.Auth_comp_ID	_Atom_chem_shift.Auth_atom_ID	_Atom_chem_shift.Details	_Atom_chem_shift.Entry_ID	_Atom_chem_shift.Assigned_chem_shift_list_ID
1,.,.,.,1,CA,13,C,.,CA,T,.,22,THR,22,.,1,1,.,51461,61,.,.,22,59.539,.,_Atom_chem_shift.ID	_Atom_chem_shift.Assembly_atom_ID	_Atom_chem_shift.Entity_assembly_ID	_Atom_chem_shift.Entity_assembly_asym_ID	_Atom_chem_shift.Entity_ID	_Atom_chem_shift.Comp_index_ID	_Atom_chem_shift.Seq_ID	_Atom_chem_shift.Comp_ID	_Atom_chem_shift.Atom_ID	_Atom_chem_shift.Atom_type	_Atom_chem_shift.Atom_isotope_number	_Atom_chem_shift.Val	_Atom_chem_shift.Val_err	_Atom_chem_shift.Assign_fig_of_merit	_Atom_chem_shift.Ambiguity_code	_Atom_chem_shift.Ambiguity_set_ID	_Atom_chem_shift.Occupancy	_Atom_chem_shift.Resonance_ID	_Atom_chem_shift.Auth_entity_assembly_ID	_Atom_chem_shift.Auth_asym_ID	_Atom_chem_shift.Auth_seq_ID	_Atom_chem_shift.Auth_comp_ID	_Atom_chem_shift.Auth_atom_ID	_Atom_chem_shift.Details	_Atom_chem_shift.Entry_ID	_Atom_chem_shift.Assigned_chem_shift_list_ID
1,.,.,.,1,N,15,N,.,N,T,.,22,THR,22,.,1,1,.,51461,62,.,.,22,108.460,.,_Atom_chem_shift.ID	_Atom_chem_shift.Assembly_atom_ID	_Atom_chem_shift.Entity_assembly_ID	_Atom_chem_shift.Entity_assembly_asym_ID	_Atom_chem_shift.Entity_ID	_Atom_chem_shift.Comp_index_ID	_Atom_chem_shift.Seq_ID	_Atom_chem_shift.Comp_ID	_Atom_chem_shift.Atom_ID	_Atom_chem_shift.Atom_type	_Atom_chem_shift.Atom_isotope_number	_Atom_chem_shift.Val	_Atom_chem_shift.Val_err	_Atom_chem_shift.Assign_fig_of_merit	_Atom_chem_shift.Ambiguity_code	_Atom_chem_shift.Ambiguity_set_ID	_Atom_chem_shift.Occupancy	_Atom_chem_shift.Resonance_ID	_Atom_chem_shift.Auth_entity_assembly_ID	_Atom_chem_shift.Auth_asym_ID	_Atom_chem_shift.Auth_seq_ID	_Atom_chem_shift.Auth_comp_ID	_Atom_chem_shift.Auth_atom_ID	_Atom_chem_shift.Details	_Atom_chem_shift.Entry_ID	_Atom_chem_shift.Assigned_chem_shift_list_ID
1,.,.,.,1,H,1,H,.,HN,I,.,23,ILE,23,.,1,1,.,51461,63,.,.,23,8.285,.,_Atom_chem_shift.ID	_Atom_chem_shift.Assembly_atom_ID	_Atom_chem_shift.Entity_assembly_ID	_Atom_chem_shift.Entity_assembly_asym_ID	_Atom_chem_shift.Entity_ID	_Atom_chem_shift.Comp_index_ID	_Atom_chem_shift.Seq_ID	_Atom_chem_shift.Comp_ID	_Atom_chem_shift.Atom_ID	_Atom_chem_shift.Atom_type	_Atom_chem_shift.Atom_isotope_number	_Atom_chem_shift.Val	_Atom_chem_shift.Val_err	_Atom_chem_shift.Assign_fig_of_merit	_Atom_chem_shift.Ambiguity_code	_Atom_chem_shift.Ambiguity_set_ID	_Atom_chem_shift.Occupancy	_Atom_chem_shift.Resonance_ID	_Atom_chem_shift.Auth_entity_assembly_ID	_Atom_chem_shift.Auth_asym_ID	_Atom_chem_shift.Auth_seq_ID	_Atom_chem_shift.Auth_comp_ID	_Atom_chem_shift.Auth_atom_ID	_Atom_chem_shift.Details	_Atom_chem_shift.Entry_ID	_Atom_chem_shift.Assigned_chem_shift_list_ID
1,.,.,.,1,CA,13,C,.,CA,I,.,23,ILE,23,.,1,1,.,51461,64,.,.,23,62.273,.,_Atom_chem_shift.ID	_Atom_chem_shift.Assembly_atom_ID	_Atom_chem_shift.Entity_assembly_ID	_Atom_chem_shift.Entity_assembly_asym_ID	_Atom_chem_shift.Entity_ID	_Atom_chem_shift.Comp_index_ID	_Atom_chem_shift.Seq_ID	_Atom_chem_shift.Comp_ID	_Atom_chem_shift.Atom_ID	_Atom_chem_shift.Atom_type	_Atom_chem_shift.Atom_isotope_number	_Atom_chem_shift.Val	_Atom_chem_shift.Val_err	_Atom_chem_shift.Assign_fig_of_merit	_Atom_chem_shift.Ambiguity_code	_Atom_chem_shift.Ambiguity_set_ID	_Atom_chem_shift.Occupancy	_Atom_chem_shift.Resonance_ID	_Atom_chem_shift.Auth_entity_assembly_ID	_Atom_chem_shift.Auth_asym_ID	_Atom_chem_shift.Auth_seq_ID	_Atom_chem_shift.Auth_comp_ID	_Atom_chem_shift.Auth_atom_ID	_Atom_chem_shift.Details	_Atom_chem_shift.Entry_ID	_Atom_chem_shift.Assigned_chem_shift_list_ID
1,.,.,.,1,N,15,N,.,N,I,.,23,ILE,23,.,1,1,.,51461,65,.,.,23,121.007,.,_Atom_chem_shift.ID	_Atom_chem_shift.Assembly_atom_ID	_Atom_chem_shift.Entity_assembly_ID	_Atom_chem_shift.Entity_assembly_asym_ID	_Atom_chem_shift.Entity_ID	_Atom_chem_shift.Comp_index_ID	_Atom_chem_shift.Seq_ID	_Atom_chem_shift.Comp_ID	_Atom_chem_shift.Atom_ID	_Atom_chem_shift.Atom_type	_Atom_chem_shift.Atom_isotope_number	_Atom_chem_shift.Val	_Atom_chem_shift.Val_err	_Atom_chem_shift.Assign_fig_of_merit	_Atom_chem_shift.Ambiguity_code	_Atom_chem_shift.Ambiguity_set_ID	_Atom_chem_shift.Occupancy	_Atom_chem_shift.Resonance_ID	_Atom_chem_shift.Auth_entity_assembly_ID	_Atom_chem_shift.Auth_asym_ID	_Atom_chem_shift.Auth_seq_ID	_Atom_chem_shift.Auth_comp_ID	_Atom_chem_shift.Auth_atom_ID	_Atom_chem_shift.Details	_Atom_chem_shift.Entry_ID	_Atom_chem_shift.Assigned_chem_shift_list_ID
1,.,.,.,1,CA,13,C,.,CA,E,.,24,GLU,24,.,1,1,.,51461,66,.,.,24,60.633,.,_Atom_chem_shift.ID	_Atom_chem_shift.Assembly_atom_ID	_Atom_chem_shift.Entity_assembly_ID	_Atom_chem_shift.Entity_assembly_asym_ID	_Atom_chem_shift.Entity_ID	_Atom_chem_shift.Comp_index_ID	_Atom_chem_shift.Seq_ID	_Atom_chem_shift.Comp_ID	_Atom_chem_shift.Atom_ID	_Atom_chem_shift.Atom_type	_Atom_chem_shift.Atom_isotope_number	_Atom_chem_shift.Val	_Atom_chem_shift.Val_err	_Atom_chem_shift.Assign_fig_of_merit	_Atom_chem_shift.Ambiguity_code	_Atom_chem_shift.Ambiguity_set_ID	_Atom_chem_shift.Occupancy	_Atom_chem_shift.Resonance_ID	_Atom_chem_shift.Auth_entity_assembly_ID	_Atom_chem_shift.Auth_asym_ID	_Atom_chem_shift.Auth_seq_ID	_Atom_chem_shift.Auth_comp_ID	_Atom_chem_shift.Auth_atom_ID	_Atom_chem_shift.Details	_Atom_chem_shift.Entry_ID	_Atom_chem_shift.Assigned_chem_shift_list_ID
1,.,.,.,1,H,1,H,.,HN,N,.,25,ASN,25,.,1,1,.,51461,67,.,.,25,7.713,.,_Atom_chem_shift.ID	_Atom_chem_shift.Assembly_atom_ID	_Atom_chem_shift.Entity_assembly_ID	_Atom_chem_shift.Entity_assembly_asym_ID	_Atom_chem_shift.Entity_ID	_Atom_chem_shift.Comp_index_ID	_Atom_chem_shift.Seq_ID	_Atom_chem_shift.Comp_ID	_Atom_chem_shift.Atom_ID	_Atom_chem_shift.Atom_type	_Atom_chem_shift.Atom_isotope_number	_Atom_chem_shift.Val	_Atom_chem_shift.Val_err	_Atom_chem_shift.Assign_fig_of_merit	_Atom_chem_shift.Ambiguity_code	_Atom_chem_shift.Ambiguity_set_ID	_Atom_chem_shift.Occupancy	_Atom_chem_shift.Resonance_ID	_Atom_chem_shift.Auth_entity_assembly_ID	_Atom_chem_shift.Auth_asym_ID	_Atom_chem_shift.Auth_seq_ID	_Atom_chem_shift.Auth_comp_ID	_Atom_chem_shift.Auth_atom_ID	_Atom_chem_shift.Details	_Atom_chem_shift.Entry_ID	_Atom_chem_shift.Assigned_chem_shift_list_ID
1,.,.,.,1,CA,13,C,.,CA,N,.,25,ASN,25,.,1,1,.,51461,68,.,.,25,55.984,.,_Atom_chem_shift.ID	_Atom_chem_shift.Assembly_atom_ID	_Atom_chem_shift.Entity_assembly_ID	_Atom_chem_shift.Entity_assembly_asym_ID	_Atom_chem_shift.Entity_ID	_Atom_chem_shift.Comp_index_ID	_Atom_chem_shift.Seq_ID	_Atom_chem_shift.Comp_ID	_Atom_chem_shift.Atom_ID	_Atom_chem_shift.Atom_type	_Atom_chem_shift.Atom_isotope_number	_Atom_chem_shift.Val	_Atom_chem_shift.Val_err	_Atom_chem_shift.Assign_fig_of_merit	_Atom_chem_shift.Ambiguity_code	_Atom_chem_shift.Ambiguity_set_ID	_Atom_chem_shift.Occupancy	_Atom_chem_shift.Resonance_ID	_Atom_chem_shift.Auth_entity_assembly_ID	_Atom_chem_shift.Auth_asym_ID	_Atom_chem_shift.Auth_seq_ID	_Atom_chem_shift.Auth_comp_ID	_Atom_chem_shift.Auth_atom_ID	_Atom_chem_shift.Details	_Atom_chem_shift.Entry_ID	_Atom_chem_shift.Assigned_chem_shift_list_ID
1,.,.,.,1,N,15,N,.,N,N,.,25,ASN,25,.,1,1,.,51461,69,.,.,25,121.791,.,_Atom_chem_shift.ID	_Atom_chem_shift.Assembly_atom_ID	_Atom_chem_shift.Entity_assembly_ID	_Atom_chem_shift.Entity_assembly_asym_ID	_Atom_chem_shift.Entity_ID	_Atom_chem_shift.Comp_index_ID	_Atom_chem_shift.Seq_ID	_Atom_chem_shift.Comp_ID	_Atom_chem_shift.Atom_ID	_Atom_chem_shift.Atom_type	_Atom_chem_shift.Atom_isotope_number	_Atom_chem_shift.Val	_Atom_chem_shift.Val_err	_Atom_chem_shift.Assign_fig_of_merit	_Atom_chem_shift.Ambiguity_code	_Atom_chem_shift.Ambiguity_set_ID	_Atom_chem_shift.Occupancy	_Atom_chem_shift.Resonance_ID	_Atom_chem_shift.Auth_entity_assembly_ID	_Atom_chem_shift.Auth_asym_ID	_Atom_chem_shift.Auth_seq_ID	_Atom_chem_shift.Auth_comp_ID	_Atom_chem_shift.Auth_atom_ID	_Atom_chem_shift.Details	_Atom_chem_shift.Entry_ID	_Atom_chem_shift.Assigned_chem_shift_list_ID
1,.,.,.,1,H,1,H,.,HN,V,.,26,VAL,26,.,1,1,.,51461,70,.,.,26,7.866,.,_Atom_chem_shift.ID	_Atom_chem_shift.Assembly_atom_ID	_Atom_chem_shift.Entity_assembly_ID	_Atom_chem_shift.Entity_assembly_asym_ID	_Atom_chem_shift.Entity_ID	_Atom_chem_shift.Comp_index_ID	_Atom_chem_shift.Seq_ID	_Atom_chem_shift.Comp_ID	_Atom_chem_shift.Atom_ID	_Atom_chem_shift.Atom_type	_Atom_chem_shift.Atom_isotope_number	_Atom_chem_shift.Val	_Atom_chem_shift.Val_err	_Atom_chem_shift.Assign_fig_of_merit	_Atom_chem_shift.Ambiguity_code	_Atom_chem_shift.Ambiguity_set_ID	_Atom_chem_shift.Occupancy	_Atom_chem_shift.Resonance_ID	_Atom_chem_shift.Auth_entity_assembly_ID	_Atom_chem_shift.Auth_asym_ID	_Atom_chem_shift.Auth_seq_ID	_Atom_chem_shift.Auth_comp_ID	_Atom_chem_shift.Auth_atom_ID	_Atom_chem_shift.Details	_Atom_chem_shift.Entry_ID	_Atom_chem_shift.Assigned_chem_shift_list_ID
1,.,.,.,1,CA,13,C,.,CA,V,.,26,VAL,26,.,1,1,.,51461,71,.,.,26,67.196,.,_Atom_chem_shift.ID	_Atom_chem_shift.Assembly_atom_ID	_Atom_chem_shift.Entity_assembly_ID	_Atom_chem_shift.Entity_assembly_asym_ID	_Atom_chem_shift.Entity_ID	_Atom_chem_shift.Comp_index_ID	_Atom_chem_shift.Seq_ID	_Atom_chem_shift.Comp_ID	_Atom_chem_shift.Atom_ID	_Atom_chem_shift.Atom_type	_Atom_chem_shift.Atom_isotope_number	_Atom_chem_shift.Val	_Atom_chem_shift.Val_err	_Atom_chem_shift.Assign_fig_of_merit	_Atom_chem_shift.Ambiguity_code	_Atom_chem_shift.Ambiguity_set_ID	_Atom_chem_shift.Occupancy	_Atom_chem_shift.Resonance_ID	_Atom_chem_shift.Auth_entity_assembly_ID	_Atom_chem_shift.Auth_asym_ID	_Atom_chem_shift.Auth_seq_ID	_Atom_chem_shift.Auth_comp_ID	_Atom_chem_shift.Auth_atom_ID	_Atom_chem_shift.Details	_Atom_chem_shift.Entry_ID	_Atom_chem_shift.Assigned_chem_shift_list_ID
1,.,.,.,1,N,15,N,.,N,V,.,26,VAL,26,.,1,1,.,51461,72,.,.,26,123.217,.,_Atom_chem_shift.ID	_Atom_chem_shift.Assembly_atom_ID	_Atom_chem_shift.Entity_assembly_ID	_Atom_chem_shift.Entity_assembly_asym_ID	_Atom_chem_shift.Entity_ID	_Atom_chem_shift.Comp_index_ID	_Atom_chem_shift.Seq_ID	_Atom_chem_shift.Comp_ID	_Atom_chem_shift.Atom_ID	_Atom_chem_shift.Atom_type	_Atom_chem_shift.Atom_isotope_number	_Atom_chem_shift.Val	_Atom_chem_shift.Val_err	_Atom_chem_shift.Assign_fig_of_merit	_Atom_chem_shift.Ambiguity_code	_Atom_chem_shift.Ambiguity_set_ID	_Atom_chem_shift.Occupancy	_Atom_chem_shift.Resonance_ID	_Atom_chem_shift.Auth_entity_assembly_ID	_Atom_chem_shift.Auth_asym_ID	_Atom_chem_shift.Auth_seq_ID	_Atom_chem_shift.Auth_comp_ID	_Atom_chem_shift.Auth_atom_ID	_Atom_chem_shift.Details	_Atom_chem_shift.Entry_ID	_Atom_chem_shift.Assigned_chem_shift_list_ID
1,.,.,.,1,H,1,H,.,HN,K,.,27,LYS,27,.,1,1,.,51461,73,.,.,27,8.348,.,_Atom_chem_shift.ID	_Atom_chem_shift.Assembly_atom_ID	_Atom_chem_shift.Entity_assembly_ID	_Atom_chem_shift.Entity_assembly_asym_ID	_Atom_chem_shift.Entity_ID	_Atom_chem_shift.Comp_index_ID	_Atom_chem_shift.Seq_ID	_Atom_chem_shift.Comp_ID	_Atom_chem_shift.Atom_ID	_Atom_chem_shift.Atom_type	_Atom_chem_shift.Atom_isotope_number	_Atom_chem_shift.Val	_Atom_chem_shift.Val_err	_Atom_chem_shift.Assign_fig_of_merit	_Atom_chem_shift.Ambiguity_code	_Atom_chem_shift.Ambiguity_set_ID	_Atom_chem_shift.Occupancy	_Atom_chem_shift.Resonance_ID	_Atom_chem_shift.Auth_entity_assembly_ID	_Atom_chem_shift.Auth_asym_ID	_Atom_chem_shift.Auth_seq_ID	_Atom_chem_shift.Auth_comp_ID	_Atom_chem_shift.Auth_atom_ID	_Atom_chem_shift.Details	_Atom_chem_shift.Entry_ID	_Atom_chem_shift.Assigned_chem_shift_list_ID
1,.,.,.,1,CA,13,C,.,CA,K,.,27,LYS,27,.,1,1,.,51461,74,.,.,27,59.129,.,_Atom_chem_shift.ID	_Atom_chem_shift.Assembly_atom_ID	_Atom_chem_shift.Entity_assembly_ID	_Atom_chem_shift.Entity_assembly_asym_ID	_Atom_chem_shift.Entity_ID	_Atom_chem_shift.Comp_index_ID	_Atom_chem_shift.Seq_ID	_Atom_chem_shift.Comp_ID	_Atom_chem_shift.Atom_ID	_Atom_chem_shift.Atom_type	_Atom_chem_shift.Atom_isotope_number	_Atom_chem_shift.Val	_Atom_chem_shift.Val_err	_Atom_chem_shift.Assign_fig_of_merit	_Atom_chem_shift.Ambiguity_code	_Atom_chem_shift.Ambiguity_set_ID	_Atom_chem_shift.Occupancy	_Atom_chem_shift.Resonance_ID	_Atom_chem_shift.Auth_entity_assembly_ID	_Atom_chem_shift.Auth_asym_ID	_Atom_chem_shift.Auth_seq_ID	_Atom_chem_shift.Auth_comp_ID	_Atom_chem_shift.Auth_atom_ID	_Atom_chem_shift.Details	_Atom_chem_shift.Entry_ID	_Atom_chem_shift.Assigned_chem_shift_list_ID
1,.,.,.,1,N,15,N,.,N,K,.,27,LYS,27,.,1,1,.,51461,75,.,.,27,119.011,.,_Atom_chem_shift.ID	_Atom_chem_shift.Assembly_atom_ID	_Atom_chem_shift.Entity_assembly_ID	_Atom_chem_shift.Entity_assembly_asym_ID	_Atom_chem_shift.Entity_ID	_Atom_chem_shift.Comp_index_ID	_Atom_chem_shift.Seq_ID	_Atom_chem_shift.Comp_ID	_Atom_chem_shift.Atom_ID	_Atom_chem_shift.Atom_type	_Atom_chem_shift.Atom_isotope_number	_Atom_chem_shift.Val	_Atom_chem_shift.Val_err	_Atom_chem_shift.Assign_fig_of_merit	_Atom_chem_shift.Ambiguity_code	_Atom_chem_shift.Ambiguity_set_ID	_Atom_chem_shift.Occupancy	_Atom_chem_shift.Resonance_ID	_Atom_chem_shift.Auth_entity_assembly_ID	_Atom_chem_shift.Auth_asym_ID	_Atom_chem_shift.Auth_seq_ID	_Atom_chem_shift.Auth_comp_ID	_Atom_chem_shift.Auth_atom_ID	_Atom_chem_shift.Details	_Atom_chem_shift.Entry_ID	_Atom_chem_shift.Assigned_chem_shift_list_ID
1,.,.,.,1,H,1,H,.,HN,A,.,28,ALA,28,.,1,1,.,51461,76,.,.,28,7.827,.,_Atom_chem_shift.ID	_Atom_chem_shift.Assembly_atom_ID	_Atom_chem_shift.Entity_assembly_ID	_Atom_chem_shift.Entity_assembly_asym_ID	_Atom_chem_shift.Entity_ID	_Atom_chem_shift.Comp_index_ID	_Atom_chem_shift.Seq_ID	_Atom_chem_shift.Comp_ID	_Atom_chem_shift.Atom_ID	_Atom_chem_shift.Atom_type	_Atom_chem_shift.Atom_isotope_number	_Atom_chem_shift.Val	_Atom_chem_shift.Val_err	_Atom_chem_shift.Assign_fig_of_merit	_Atom_chem_shift.Ambiguity_code	_Atom_chem_shift.Ambiguity_set_ID	_Atom_chem_shift.Occupancy	_Atom_chem_shift.Resonance_ID	_Atom_chem_shift.Auth_entity_assembly_ID	_Atom_chem_shift.Auth_asym_ID	_Atom_chem_shift.Auth_seq_ID	_Atom_chem_shift.Auth_comp_ID	_Atom_chem_shift.Auth_atom_ID	_Atom_chem_shift.Details	_Atom_chem_shift.Entry_ID	_Atom_chem_shift.Assigned_chem_shift_list_ID
1,.,.,.,1,CA,13,C,.,CA,A,.,28,ALA,28,.,1,1,.,51461,77,.,.,28,55.437,.,_Atom_chem_shift.ID	_Atom_chem_shift.Assembly_atom_ID	_Atom_chem_shift.Entity_assembly_ID	_Atom_chem_shift.Entity_assembly_asym_ID	_Atom_chem_shift.Entity_ID	_Atom_chem_shift.Comp_index_ID	_Atom_chem_shift.Seq_ID	_Atom_chem_shift.Comp_ID	_Atom_chem_shift.Atom_ID	_Atom_chem_shift.Atom_type	_Atom_chem_shift.Atom_isotope_number	_Atom_chem_shift.Val	_Atom_chem_shift.Val_err	_Atom_chem_shift.Assign_fig_of_merit	_Atom_chem_shift.Ambiguity_code	_Atom_chem_shift.Ambiguity_set_ID	_Atom_chem_shift.Occupancy	_Atom_chem_shift.Resonance_ID	_Atom_chem_shift.Auth_entity_assembly_ID	_Atom_chem_shift.Auth_asym_ID	_Atom_chem_shift.Auth_seq_ID	_Atom_chem_shift.Auth_comp_ID	_Atom_chem_shift.Auth_atom_ID	_Atom_chem_shift.Details	_Atom_chem_shift.Entry_ID	_Atom_chem_shift.Assigned_chem_shift_list_ID
1,.,.,.,1,N,15,N,.,N,A,.,28,ALA,28,.,1,1,.,51461,78,.,.,28,123.930,.,_Atom_chem_shift.ID	_Atom_chem_shift.Assembly_atom_ID	_Atom_chem_shift.Entity_assembly_ID	_Atom_chem_shift.Entity_assembly_asym_ID	_Atom_chem_shift.Entity_ID	_Atom_chem_shift.Comp_index_ID	_Atom_chem_shift.Seq_ID	_Atom_chem_shift.Comp_ID	_Atom_chem_shift.Atom_ID	_Atom_chem_shift.Atom_type	_Atom_chem_shift.Atom_isotope_number	_Atom_chem_shift.Val	_Atom_chem_shift.Val_err	_Atom_chem_shift.Assign_fig_of_merit	_Atom_chem_shift.Ambiguity_code	_Atom_chem_shift.Ambiguity_set_ID	_Atom_chem_shift.Occupancy	_Atom_chem_shift.Resonance_ID	_Atom_chem_shift.Auth_entity_assembly_ID	_Atom_chem_shift.Auth_asym_ID	_Atom_chem_shift.Auth_seq_ID	_Atom_chem_shift.Auth_comp_ID	_Atom_chem_shift.Auth_atom_ID	_Atom_chem_shift.Details	_Atom_chem_shift.Entry_ID	_Atom_chem_shift.Assigned_chem_shift_list_ID
1,.,.,.,1,H,1,H,.,HN,C,.,29,CYS,29,.,1,1,.,51461,79,.,.,29,7.815,.,_Atom_chem_shift.ID	_Atom_chem_shift.Assembly_atom_ID	_Atom_chem_shift.Entity_assembly_ID	_Atom_chem_shift.Entity_assembly_asym_ID	_Atom_chem_shift.Entity_ID	_Atom_chem_shift.Comp_index_ID	_Atom_chem_shift.Seq_ID	_Atom_chem_shift.Comp_ID	_Atom_chem_shift.Atom_ID	_Atom_chem_shift.Atom_type	_Atom_chem_shift.Atom_isotope_number	_Atom_chem_shift.Val	_Atom_chem_shift.Val_err	_Atom_chem_shift.Assign_fig_of_merit	_Atom_chem_shift.Ambiguity_code	_Atom_chem_shift.Ambiguity_set_ID	_Atom_chem_shift.Occupancy	_Atom_chem_shift.Resonance_ID	_Atom_chem_shift.Auth_entity_assembly_ID	_Atom_chem_shift.Auth_asym_ID	_Atom_chem_shift.Auth_seq_ID	_Atom_chem_shift.Auth_comp_ID	_Atom_chem_shift.Auth_atom_ID	_Atom_chem_shift.Details	_Atom_chem_shift.Entry_ID	_Atom_chem_shift.Assigned_chem_shift_list_ID
1,.,.,.,1,CA,13,C,.,CA,C,.,29,CYS,29,.,1,1,.,51461,80,.,.,29,59.402,.,_Atom_chem_shift.ID	_Atom_chem_shift.Assembly_atom_ID	_Atom_chem_shift.Entity_assembly_ID	_Atom_chem_shift.Entity_assembly_asym_ID	_Atom_chem_shift.Entity_ID	_Atom_chem_shift.Comp_index_ID	_Atom_chem_shift.Seq_ID	_Atom_chem_shift.Comp_ID	_Atom_chem_shift.Atom_ID	_Atom_chem_shift.Atom_type	_Atom_chem_shift.Atom_isotope_number	_Atom_chem_shift.Val	_Atom_chem_shift.Val_err	_Atom_chem_shift.Assign_fig_of_merit	_Atom_chem_shift.Ambiguity_code	_Atom_chem_shift.Ambiguity_set_ID	_Atom_chem_shift.Occupancy	_Atom_chem_shift.Resonance_ID	_Atom_chem_shift.Auth_entity_assembly_ID	_Atom_chem_shift.Auth_asym_ID	_Atom_chem_shift.Auth_seq_ID	_Atom_chem_shift.Auth_comp_ID	_Atom_chem_shift.Auth_atom_ID	_Atom_chem_shift.Details	_Atom_chem_shift.Entry_ID	_Atom_chem_shift.Assigned_chem_shift_list_ID
1,.,.,.,1,N,15,N,.,N,C,.,29,CYS,29,.,1,1,.,51461,81,.,.,29,120.152,.,_Atom_chem_shift.ID	_Atom_chem_shift.Assembly_atom_ID	_Atom_chem_shift.Entity_assembly_ID	_Atom_chem_shift.Entity_assembly_asym_ID	_Atom_chem_shift.Entity_ID	_Atom_chem_shift.Comp_index_ID	_Atom_chem_shift.Seq_ID	_Atom_chem_shift.Comp_ID	_Atom_chem_shift.Atom_ID	_Atom_chem_shift.Atom_type	_Atom_chem_shift.Atom_isotope_number	_Atom_chem_shift.Val	_Atom_chem_shift.Val_err	_Atom_chem_shift.Assign_fig_of_merit	_Atom_chem_shift.Ambiguity_code	_Atom_chem_shift.Ambiguity_set_ID	_Atom_chem_shift.Occupancy	_Atom_chem_shift.Resonance_ID	_Atom_chem_shift.Auth_entity_assembly_ID	_Atom_chem_shift.Auth_asym_ID	_Atom_chem_shift.Auth_seq_ID	_Atom_chem_shift.Auth_comp_ID	_Atom_chem_shift.Auth_atom_ID	_Atom_chem_shift.Details	_Atom_chem_shift.Entry_ID	_Atom_chem_shift.Assigned_chem_shift_list_ID
1,.,.,.,1,H,1,H,.,HN,I,.,30,ILE,30,.,1,1,.,51461,82,.,.,30,8.171,.,_Atom_chem_shift.ID	_Atom_chem_shift.Assembly_atom_ID	_Atom_chem_shift.Entity_assembly_ID	_Atom_chem_shift.Entity_assembly_asym_ID	_Atom_chem_shift.Entity_ID	_Atom_chem_shift.Comp_index_ID	_Atom_chem_shift.Seq_ID	_Atom_chem_shift.Comp_ID	_Atom_chem_shift.Atom_ID	_Atom_chem_shift.Atom_type	_Atom_chem_shift.Atom_isotope_number	_Atom_chem_shift.Val	_Atom_chem_shift.Val_err	_Atom_chem_shift.Assign_fig_of_merit	_Atom_chem_shift.Ambiguity_code	_Atom_chem_shift.Ambiguity_set_ID	_Atom_chem_shift.Occupancy	_Atom_chem_shift.Resonance_ID	_Atom_chem_shift.Auth_entity_assembly_ID	_Atom_chem_shift.Auth_asym_ID	_Atom_chem_shift.Auth_seq_ID	_Atom_chem_shift.Auth_comp_ID	_Atom_chem_shift.Auth_atom_ID	_Atom_chem_shift.Details	_Atom_chem_shift.Entry_ID	_Atom_chem_shift.Assigned_chem_shift_list_ID
1,.,.,.,1,CA,13,C,.,CA,I,.,30,ILE,30,.,1,1,.,51461,83,.,.,30,65.965,.,_Atom_chem_shift.ID	_Atom_chem_shift.Assembly_atom_ID	_Atom_chem_shift.Entity_assembly_ID	_Atom_chem_shift.Entity_assembly_asym_ID	_Atom_chem_shift.Entity_ID	_Atom_chem_shift.Comp_index_ID	_Atom_chem_shift.Seq_ID	_Atom_chem_shift.Comp_ID	_Atom_chem_shift.Atom_ID	_Atom_chem_shift.Atom_type	_Atom_chem_shift.Atom_isotope_number	_Atom_chem_shift.Val	_Atom_chem_shift.Val_err	_Atom_chem_shift.Assign_fig_of_merit	_Atom_chem_shift.Ambiguity_code	_Atom_chem_shift.Ambiguity_set_ID	_Atom_chem_shift.Occupancy	_Atom_chem_shift.Resonance_ID	_Atom_chem_shift.Auth_entity_assembly_ID	_Atom_chem_shift.Auth_asym_ID	_Atom_chem_shift.Auth_seq_ID	_Atom_chem_shift.Auth_comp_ID	_Atom_chem_shift.Auth_atom_ID	_Atom_chem_shift.Details	_Atom_chem_shift.Entry_ID	_Atom_chem_shift.Assigned_chem_shift_list_ID
1,.,.,.,1,N,15,N,.,N,I,.,30,ILE,30,.,1,1,.,51461,84,.,.,30,120.936,.,_Atom_chem_shift.ID	_Atom_chem_shift.Assembly_atom_ID	_Atom_chem_shift.Entity_assembly_ID	_Atom_chem_shift.Entity_assembly_asym_ID	_Atom_chem_shift.Entity_ID	_Atom_chem_shift.Comp_index_ID	_Atom_chem_shift.Seq_ID	_Atom_chem_shift.Comp_ID	_Atom_chem_shift.Atom_ID	_Atom_chem_shift.Atom_type	_Atom_chem_shift.Atom_isotope_number	_Atom_chem_shift.Val	_Atom_chem_shift.Val_err	_Atom_chem_shift.Assign_fig_of_merit	_Atom_chem_shift.Ambiguity_code	_Atom_chem_shift.Ambiguity_set_ID	_Atom_chem_shift.Occupancy	_Atom_chem_shift.Resonance_ID	_Atom_chem_shift.Auth_entity_assembly_ID	_Atom_chem_shift.Auth_asym_ID	_Atom_chem_shift.Auth_seq_ID	_Atom_chem_shift.Auth_comp_ID	_Atom_chem_shift.Auth_atom_ID	_Atom_chem_shift.Details	_Atom_chem_shift.Entry_ID	_Atom_chem_shift.Assigned_chem_shift_list_ID
1,.,.,.,1,H,1,H,.,HN,Q,.,31,GLN,31,.,1,1,.,51461,85,.,.,31,8.387,.,_Atom_chem_shift.ID	_Atom_chem_shift.Assembly_atom_ID	_Atom_chem_shift.Entity_assembly_ID	_Atom_chem_shift.Entity_assembly_asym_ID	_Atom_chem_shift.Entity_ID	_Atom_chem_shift.Comp_index_ID	_Atom_chem_shift.Seq_ID	_Atom_chem_shift.Comp_ID	_Atom_chem_shift.Atom_ID	_Atom_chem_shift.Atom_type	_Atom_chem_shift.Atom_isotope_number	_Atom_chem_shift.Val	_Atom_chem_shift.Val_err	_Atom_chem_shift.Assign_fig_of_merit	_Atom_chem_shift.Ambiguity_code	_Atom_chem_shift.Ambiguity_set_ID	_Atom_chem_shift.Occupancy	_Atom_chem_shift.Resonance_ID	_Atom_chem_shift.Auth_entity_assembly_ID	_Atom_chem_shift.Auth_asym_ID	_Atom_chem_shift.Auth_seq_ID	_Atom_chem_shift.Auth_comp_ID	_Atom_chem_shift.Auth_atom_ID	_Atom_chem_shift.Details	_Atom_chem_shift.Entry_ID	_Atom_chem_shift.Assigned_chem_shift_list_ID
1,.,.,.,1,CA,13,C,.,CA,Q,.,31,GLN,31,.,1,1,.,51461,86,.,.,31,59.950,.,_Atom_chem_shift.ID	_Atom_chem_shift.Assembly_atom_ID	_Atom_chem_shift.Entity_assembly_ID	_Atom_chem_shift.Entity_assembly_asym_ID	_Atom_chem_shift.Entity_ID	_Atom_chem_shift.Comp_index_ID	_Atom_chem_shift.Seq_ID	_Atom_chem_shift.Comp_ID	_Atom_chem_shift.Atom_ID	_Atom_chem_shift.Atom_type	_Atom_chem_shift.Atom_isotope_number	_Atom_chem_shift.Val	_Atom_chem_shift.Val_err	_Atom_chem_shift.Assign_fig_of_merit	_Atom_chem_shift.Ambiguity_code	_Atom_chem_shift.Ambiguity_set_ID	_Atom_chem_shift.Occupancy	_Atom_chem_shift.Resonance_ID	_Atom_chem_shift.Auth_entity_assembly_ID	_Atom_chem_shift.Auth_asym_ID	_Atom_chem_shift.Auth_seq_ID	_Atom_chem_shift.Auth_comp_ID	_Atom_chem_shift.Auth_atom_ID	_Atom_chem_shift.Details	_Atom_chem_shift.Entry_ID	_Atom_chem_shift.Assigned_chem_shift_list_ID
1,.,.,.,1,N,15,N,.,N,Q,.,31,GLN,31,.,1,1,.,51461,87,.,.,31,123.431,.,_Atom_chem_shift.ID	_Atom_chem_shift.Assembly_atom_ID	_Atom_chem_shift.Entity_assembly_ID	_Atom_chem_shift.Entity_assembly_asym_ID	_Atom_chem_shift.Entity_ID	_Atom_chem_shift.Comp_index_ID	_Atom_chem_shift.Seq_ID	_Atom_chem_shift.Comp_ID	_Atom_chem_shift.Atom_ID	_Atom_chem_shift.Atom_type	_Atom_chem_shift.Atom_isotope_number	_Atom_chem_shift.Val	_Atom_chem_shift.Val_err	_Atom_chem_shift.Assign_fig_of_merit	_Atom_chem_shift.Ambiguity_code	_Atom_chem_shift.Ambiguity_set_ID	_Atom_chem_shift.Occupancy	_Atom_chem_shift.Resonance_ID	_Atom_chem_shift.Auth_entity_assembly_ID	_Atom_chem_shift.Auth_asym_ID	_Atom_chem_shift.Auth_seq_ID	_Atom_chem_shift.Auth_comp_ID	_Atom_chem_shift.Auth_atom_ID	_Atom_chem_shift.Details	_Atom_chem_shift.Entry_ID	_Atom_chem_shift.Assigned_chem_shift_list_ID
1,.,.,.,1,H,1,H,.,HN,D,.,32,ASP,32,.,1,1,.,51461,88,.,.,32,7.751,.,_Atom_chem_shift.ID	_Atom_chem_shift.Assembly_atom_ID	_Atom_chem_shift.Entity_assembly_ID	_Atom_chem_shift.Entity_assembly_asym_ID	_Atom_chem_shift.Entity_ID	_Atom_chem_shift.Comp_index_ID	_Atom_chem_shift.Seq_ID	_Atom_chem_shift.Comp_ID	_Atom_chem_shift.Atom_ID	_Atom_chem_shift.Atom_type	_Atom_chem_shift.Atom_isotope_number	_Atom_chem_shift.Val	_Atom_chem_shift.Val_err	_Atom_chem_shift.Assign_fig_of_merit	_Atom_chem_shift.Ambiguity_code	_Atom_chem_shift.Ambiguity_set_ID	_Atom_chem_shift.Occupancy	_Atom_chem_shift.Resonance_ID	_Atom_chem_shift.Auth_entity_assembly_ID	_Atom_chem_shift.Auth_asym_ID	_Atom_chem_shift.Auth_seq_ID	_Atom_chem_shift.Auth_comp_ID	_Atom_chem_shift.Auth_atom_ID	_Atom_chem_shift.Details	_Atom_chem_shift.Entry_ID	_Atom_chem_shift.Assigned_chem_shift_list_ID
1,.,.,.,1,CA,13,C,.,CA,D,.,32,ASP,32,.,1,1,.,51461,89,.,.,32,57.488,.,_Atom_chem_shift.ID	_Atom_chem_shift.Assembly_atom_ID	_Atom_chem_shift.Entity_assembly_ID	_Atom_chem_shift.Entity_assembly_asym_ID	_Atom_chem_shift.Entity_ID	_Atom_chem_shift.Comp_index_ID	_Atom_chem_shift.Seq_ID	_Atom_chem_shift.Comp_ID	_Atom_chem_shift.Atom_ID	_Atom_chem_shift.Atom_type	_Atom_chem_shift.Atom_isotope_number	_Atom_chem_shift.Val	_Atom_chem_shift.Val_err	_Atom_chem_shift.Assign_fig_of_merit	_Atom_chem_shift.Ambiguity_code	_Atom_chem_shift.Ambiguity_set_ID	_Atom_chem_shift.Occupancy	_Atom_chem_shift.Resonance_ID	_Atom_chem_shift.Auth_entity_assembly_ID	_Atom_chem_shift.Auth_asym_ID	_Atom_chem_shift.Auth_seq_ID	_Atom_chem_shift.Auth_comp_ID	_Atom_chem_shift.Auth_atom_ID	_Atom_chem_shift.Details	_Atom_chem_shift.Entry_ID	_Atom_chem_shift.Assigned_chem_shift_list_ID
1,.,.,.,1,N,15,N,.,N,D,.,32,ASP,32,.,1,1,.,51461,90,.,.,32,120.365,.,_Atom_chem_shift.ID	_Atom_chem_shift.Assembly_atom_ID	_Atom_chem_shift.Entity_assembly_ID	_Atom_chem_shift.Entity_assembly_asym_ID	_Atom_chem_shift.Entity_ID	_Atom_chem_shift.Comp_index_ID	_Atom_chem_shift.Seq_ID	_Atom_chem_shift.Comp_ID	_Atom_chem_shift.Atom_ID	_Atom_chem_shift.Atom_type	_Atom_chem_shift.Atom_isotope_number	_Atom_chem_shift.Val	_Atom_chem_shift.Val_err	_Atom_chem_shift.Assign_fig_of_merit	_Atom_chem_shift.Ambiguity_code	_Atom_chem_shift.Ambiguity_set_ID	_Atom_chem_shift.Occupancy	_Atom_chem_shift.Resonance_ID	_Atom_chem_shift.Auth_entity_assembly_ID	_Atom_chem_shift.Auth_asym_ID	_Atom_chem_shift.Auth_seq_ID	_Atom_chem_shift.Auth_comp_ID	_Atom_chem_shift.Auth_atom_ID	_Atom_chem_shift.Details	_Atom_chem_shift.Entry_ID	_Atom_chem_shift.Assigned_chem_shift_list_ID
1,.,.,.,1,H,1,H,.,HN,K,.,33,LYS,33,.,1,1,.,51461,91,.,.,33,7.522,.,_Atom_chem_shift.ID	_Atom_chem_shift.Assembly_atom_ID	_Atom_chem_shift.Entity_assembly_ID	_Atom_chem_shift.Entity_assembly_asym_ID	_Atom_chem_shift.Entity_ID	_Atom_chem_shift.Comp_index_ID	_Atom_chem_shift.Seq_ID	_Atom_chem_shift.Comp_ID	_Atom_chem_shift.Atom_ID	_Atom_chem_shift.Atom_type	_Atom_chem_shift.Atom_isotope_number	_Atom_chem_shift.Val	_Atom_chem_shift.Val_err	_Atom_chem_shift.Assign_fig_of_merit	_Atom_chem_shift.Ambiguity_code	_Atom_chem_shift.Ambiguity_set_ID	_Atom_chem_shift.Occupancy	_Atom_chem_shift.Resonance_ID	_Atom_chem_shift.Auth_entity_assembly_ID	_Atom_chem_shift.Auth_asym_ID	_Atom_chem_shift.Auth_seq_ID	_Atom_chem_shift.Auth_comp_ID	_Atom_chem_shift.Auth_atom_ID	_Atom_chem_shift.Details	_Atom_chem_shift.Entry_ID	_Atom_chem_shift.Assigned_chem_shift_list_ID
1,.,.,.,1,CA,13,C,.,CA,K,.,33,LYS,33,.,1,1,.,51461,92,.,.,33,58.172,.,_Atom_chem_shift.ID	_Atom_chem_shift.Assembly_atom_ID	_Atom_chem_shift.Entity_assembly_ID	_Atom_chem_shift.Entity_assembly_asym_ID	_Atom_chem_shift.Entity_ID	_Atom_chem_shift.Comp_index_ID	_Atom_chem_shift.Seq_ID	_Atom_chem_shift.Comp_ID	_Atom_chem_shift.Atom_ID	_Atom_chem_shift.Atom_type	_Atom_chem_shift.Atom_isotope_number	_Atom_chem_shift.Val	_Atom_chem_shift.Val_err	_Atom_chem_shift.Assign_fig_of_merit	_Atom_chem_shift.Ambiguity_code	_Atom_chem_shift.Ambiguity_set_ID	_Atom_chem_shift.Occupancy	_Atom_chem_shift.Resonance_ID	_Atom_chem_shift.Auth_entity_assembly_ID	_Atom_chem_shift.Auth_asym_ID	_Atom_chem_shift.Auth_seq_ID	_Atom_chem_shift.Auth_comp_ID	_Atom_chem_shift.Auth_atom_ID	_Atom_chem_shift.Details	_Atom_chem_shift.Entry_ID	_Atom_chem_shift.Assigned_chem_shift_list_ID
1,.,.,.,1,N,15,N,.,N,K,.,33,LYS,33,.,1,1,.,51461,93,.,.,33,115.589,.,_Atom_chem_shift.ID	_Atom_chem_shift.Assembly_atom_ID	_Atom_chem_shift.Entity_assembly_ID	_Atom_chem_shift.Entity_assembly_asym_ID	_Atom_chem_shift.Entity_ID	_Atom_chem_shift.Comp_index_ID	_Atom_chem_shift.Seq_ID	_Atom_chem_shift.Comp_ID	_Atom_chem_shift.Atom_ID	_Atom_chem_shift.Atom_type	_Atom_chem_shift.Atom_isotope_number	_Atom_chem_shift.Val	_Atom_chem_shift.Val_err	_Atom_chem_shift.Assign_fig_of_merit	_Atom_chem_shift.Ambiguity_code	_Atom_chem_shift.Ambiguity_set_ID	_Atom_chem_shift.Occupancy	_Atom_chem_shift.Resonance_ID	_Atom_chem_shift.Auth_entity_assembly_ID	_Atom_chem_shift.Auth_asym_ID	_Atom_chem_shift.Auth_seq_ID	_Atom_chem_shift.Auth_comp_ID	_Atom_chem_shift.Auth_atom_ID	_Atom_chem_shift.Details	_Atom_chem_shift.Entry_ID	_Atom_chem_shift.Assigned_chem_shift_list_ID
1,.,.,.,1,H,1,H,.,HN,E,.,34,GLU,34,.,1,1,.,51461,94,.,.,34,8.590,.,_Atom_chem_shift.ID	_Atom_chem_shift.Assembly_atom_ID	_Atom_chem_shift.Entity_assembly_ID	_Atom_chem_shift.Entity_assembly_asym_ID	_Atom_chem_shift.Entity_ID	_Atom_chem_shift.Comp_index_ID	_Atom_chem_shift.Seq_ID	_Atom_chem_shift.Comp_ID	_Atom_chem_shift.Atom_ID	_Atom_chem_shift.Atom_type	_Atom_chem_shift.Atom_isotope_number	_Atom_chem_shift.Val	_Atom_chem_shift.Val_err	_Atom_chem_shift.Assign_fig_of_merit	_Atom_chem_shift.Ambiguity_code	_Atom_chem_shift.Ambiguity_set_ID	_Atom_chem_shift.Occupancy	_Atom_chem_shift.Resonance_ID	_Atom_chem_shift.Auth_entity_assembly_ID	_Atom_chem_shift.Auth_asym_ID	_Atom_chem_shift.Auth_seq_ID	_Atom_chem_shift.Auth_comp_ID	_Atom_chem_shift.Auth_atom_ID	_Atom_chem_shift.Details	_Atom_chem_shift.Entry_ID	_Atom_chem_shift.Assigned_chem_shift_list_ID
1,.,.,.,1,CA,13,C,.,CA,E,.,34,GLU,34,.,1,1,.,51461,95,.,.,34,55.164,.,_Atom_chem_shift.ID	_Atom_chem_shift.Assembly_atom_ID	_Atom_chem_shift.Entity_assembly_ID	_Atom_chem_shift.Entity_assembly_asym_ID	_Atom_chem_shift.Entity_ID	_Atom_chem_shift.Comp_index_ID	_Atom_chem_shift.Seq_ID	_Atom_chem_shift.Comp_ID	_Atom_chem_shift.Atom_ID	_Atom_chem_shift.Atom_type	_Atom_chem_shift.Atom_isotope_number	_Atom_chem_shift.Val	_Atom_chem_shift.Val_err	_Atom_chem_shift.Assign_fig_of_merit	_Atom_chem_shift.Ambiguity_code	_Atom_chem_shift.Ambiguity_set_ID	_Atom_chem_shift.Occupancy	_Atom_chem_shift.Resonance_ID	_Atom_chem_shift.Auth_entity_assembly_ID	_Atom_chem_shift.Auth_asym_ID	_Atom_chem_shift.Auth_seq_ID	_Atom_chem_shift.Auth_comp_ID	_Atom_chem_shift.Auth_atom_ID	_Atom_chem_shift.Details	_Atom_chem_shift.Entry_ID	_Atom_chem_shift.Assigned_chem_shift_list_ID
1,.,.,.,1,N,15,N,.,N,E,.,34,GLU,34,.,1,1,.,51461,96,.,.,34,114.520,.,_Atom_chem_shift.ID	_Atom_chem_shift.Assembly_atom_ID	_Atom_chem_shift.Entity_assembly_ID	_Atom_chem_shift.Entity_assembly_asym_ID	_Atom_chem_shift.Entity_ID	_Atom_chem_shift.Comp_index_ID	_Atom_chem_shift.Seq_ID	_Atom_chem_shift.Comp_ID	_Atom_chem_shift.Atom_ID	_Atom_chem_shift.Atom_type	_Atom_chem_shift.Atom_isotope_number	_Atom_chem_shift.Val	_Atom_chem_shift.Val_err	_Atom_chem_shift.Assign_fig_of_merit	_Atom_chem_shift.Ambiguity_code	_Atom_chem_shift.Ambiguity_set_ID	_Atom_chem_shift.Occupancy	_Atom_chem_shift.Resonance_ID	_Atom_chem_shift.Auth_entity_assembly_ID	_Atom_chem_shift.Auth_asym_ID	_Atom_chem_shift.Auth_seq_ID	_Atom_chem_shift.Auth_comp_ID	_Atom_chem_shift.Auth_atom_ID	_Atom_chem_shift.Details	_Atom_chem_shift.Entry_ID	_Atom_chem_shift.Assigned_chem_shift_list_ID
1,.,.,.,1,H,1,H,.,HN,G,.,35,GLY,35,.,1,1,.,51461,97,.,.,35,8.209,.,_Atom_chem_shift.ID	_Atom_chem_shift.Assembly_atom_ID	_Atom_chem_shift.Entity_assembly_ID	_Atom_chem_shift.Entity_assembly_asym_ID	_Atom_chem_shift.Entity_ID	_Atom_chem_shift.Comp_index_ID	_Atom_chem_shift.Seq_ID	_Atom_chem_shift.Comp_ID	_Atom_chem_shift.Atom_ID	_Atom_chem_shift.Atom_type	_Atom_chem_shift.Atom_isotope_number	_Atom_chem_shift.Val	_Atom_chem_shift.Val_err	_Atom_chem_shift.Assign_fig_of_merit	_Atom_chem_shift.Ambiguity_code	_Atom_chem_shift.Ambiguity_set_ID	_Atom_chem_shift.Occupancy	_Atom_chem_shift.Resonance_ID	_Atom_chem_shift.Auth_entity_assembly_ID	_Atom_chem_shift.Auth_asym_ID	_Atom_chem_shift.Auth_seq_ID	_Atom_chem_shift.Auth_comp_ID	_Atom_chem_shift.Auth_atom_ID	_Atom_chem_shift.Details	_Atom_chem_shift.Entry_ID	_Atom_chem_shift.Assigned_chem_shift_list_ID
1,.,.,.,1,CA,13,C,.,CA,G,.,35,GLY,35,.,1,1,.,51461,98,.,.,35,46.004,.,_Atom_chem_shift.ID	_Atom_chem_shift.Assembly_atom_ID	_Atom_chem_shift.Entity_assembly_ID	_Atom_chem_shift.Entity_assembly_asym_ID	_Atom_chem_shift.Entity_ID	_Atom_chem_shift.Comp_index_ID	_Atom_chem_shift.Seq_ID	_Atom_chem_shift.Comp_ID	_Atom_chem_shift.Atom_ID	_Atom_chem_shift.Atom_type	_Atom_chem_shift.Atom_isotope_number	_Atom_chem_shift.Val	_Atom_chem_shift.Val_err	_Atom_chem_shift.Assign_fig_of_merit	_Atom_chem_shift.Ambiguity_code	_Atom_chem_shift.Ambiguity_set_ID	_Atom_chem_shift.Occupancy	_Atom_chem_shift.Resonance_ID	_Atom_chem_shift.Auth_entity_assembly_ID	_Atom_chem_shift.Auth_asym_ID	_Atom_chem_shift.Auth_seq_ID	_Atom_chem_shift.Auth_comp_ID	_Atom_chem_shift.Auth_atom_ID	_Atom_chem_shift.Details	_Atom_chem_shift.Entry_ID	_Atom_chem_shift.Assigned_chem_shift_list_ID
1,.,.,.,1,N,15,N,.,N,G,.,35,GLY,35,.,1,1,.,51461,99,.,.,35,109.173,.,_Atom_chem_shift.ID	_Atom_chem_shift.Assembly_atom_ID	_Atom_chem_shift.Entity_assembly_ID	_Atom_chem_shift.Entity_assembly_asym_ID	_Atom_chem_shift.Entity_ID	_Atom_chem_shift.Comp_index_ID	_Atom_chem_shift.Seq_ID	_Atom_chem_shift.Comp_ID	_Atom_chem_shift.Atom_ID	_Atom_chem_shift.Atom_type	_Atom_chem_shift.Atom_isotope_number	_Atom_chem_shift.Val	_Atom_chem_shift.Val_err	_Atom_chem_shift.Assign_fig_of_merit	_Atom_chem_shift.Ambiguity_code	_Atom_chem_shift.Ambiguity_set_ID	_Atom_chem_shift.Occupancy	_Atom_chem_shift.Resonance_ID	_Atom_chem_shift.Auth_entity_assembly_ID	_Atom_chem_shift.Auth_asym_ID	_Atom_chem_shift.Auth_seq_ID	_Atom_chem_shift.Auth_comp_ID	_Atom_chem_shift.Auth_atom_ID	_Atom_chem_shift.Details	_Atom_chem_shift.Entry_ID	_Atom_chem_shift.Assigned_chem_shift_list_ID
1,.,.,.,1,H,1,H,.,HN,I,.,36,ILE,36,.,1,1,.,51461,100,.,.,36,6.010,.,_Atom_chem_shift.ID	_Atom_chem_shift.Assembly_atom_ID	_Atom_chem_shift.Entity_assembly_ID	_Atom_chem_shift.Entity_assembly_asym_ID	_Atom_chem_shift.Entity_ID	_Atom_chem_shift.Comp_index_ID	_Atom_chem_shift.Seq_ID	_Atom_chem_shift.Comp_ID	_Atom_chem_shift.Atom_ID	_Atom_chem_shift.Atom_type	_Atom_chem_shift.Atom_isotope_number	_Atom_chem_shift.Val	_Atom_chem_shift.Val_err	_Atom_chem_shift.Assign_fig_of_merit	_Atom_chem_shift.Ambiguity_code	_Atom_chem_shift.Ambiguity_set_ID	_Atom_chem_shift.Occupancy	_Atom_chem_shift.Resonance_ID	_Atom_chem_shift.Auth_entity_assembly_ID	_Atom_chem_shift.Auth_asym_ID	_Atom_chem_shift.Auth_seq_ID	_Atom_chem_shift.Auth_comp_ID	_Atom_chem_shift.Auth_atom_ID	_Atom_chem_shift.Details	_Atom_chem_shift.Entry_ID	_Atom_chem_shift.Assigned_chem_shift_list_ID
1,.,.,.,1,CA,13,C,.,CA,I,.,36,ILE,36,.,1,1,.,51461,101,.,.,36,57.625,.,_Atom_chem_shift.ID	_Atom_chem_shift.Assembly_atom_ID	_Atom_chem_shift.Entity_assembly_ID	_Atom_chem_shift.Entity_assembly_asym_ID	_Atom_chem_shift.Entity_ID	_Atom_chem_shift.Comp_index_ID	_Atom_chem_shift.Seq_ID	_Atom_chem_shift.Comp_ID	_Atom_chem_shift.Atom_ID	_Atom_chem_shift.Atom_type	_Atom_chem_shift.Atom_isotope_number	_Atom_chem_shift.Val	_Atom_chem_shift.Val_err	_Atom_chem_shift.Assign_fig_of_merit	_Atom_chem_shift.Ambiguity_code	_Atom_chem_shift.Ambiguity_set_ID	_Atom_chem_shift.Occupancy	_Atom_chem_shift.Resonance_ID	_Atom_chem_shift.Auth_entity_assembly_ID	_Atom_chem_shift.Auth_asym_ID	_Atom_chem_shift.Auth_seq_ID	_Atom_chem_shift.Auth_comp_ID	_Atom_chem_shift.Auth_atom_ID	_Atom_chem_shift.Details	_Atom_chem_shift.Entry_ID	_Atom_chem_shift.Assigned_chem_shift_list_ID
1,.,.,.,1,N,15,N,.,N,I,.,36,ILE,36,.,1,1,.,51461,102,.,.,36,120.365,.,_Atom_chem_shift.ID	_Atom_chem_shift.Assembly_atom_ID	_Atom_chem_shift.Entity_assembly_ID	_Atom_chem_shift.Entity_assembly_asym_ID	_Atom_chem_shift.Entity_ID	_Atom_chem_shift.Comp_index_ID	_Atom_chem_shift.Seq_ID	_Atom_chem_shift.Comp_ID	_Atom_chem_shift.Atom_ID	_Atom_chem_shift.Atom_type	_Atom_chem_shift.Atom_isotope_number	_Atom_chem_shift.Val	_Atom_chem_shift.Val_err	_Atom_chem_shift.Assign_fig_of_merit	_Atom_chem_shift.Ambiguity_code	_Atom_chem_shift.Ambiguity_set_ID	_Atom_chem_shift.Occupancy	_Atom_chem_shift.Resonance_ID	_Atom_chem_shift.Auth_entity_assembly_ID	_Atom_chem_shift.Auth_asym_ID	_Atom_chem_shift.Auth_seq_ID	_Atom_chem_shift.Auth_comp_ID	_Atom_chem_shift.Auth_atom_ID	_Atom_chem_shift.Details	_Atom_chem_shift.Entry_ID	_Atom_chem_shift.Assigned_chem_shift_list_ID
1,.,.,.,1,CA,13,C,.,CA,P,.,38,PRO,38,.,1,1,.,51461,103,.,.,38,65.965,.,_Atom_chem_shift.ID	_Atom_chem_shift.Assembly_atom_ID	_Atom_chem_shift.Entity_assembly_ID	_Atom_chem_shift.Entity_assembly_asym_ID	_Atom_chem_shift.Entity_ID	_Atom_chem_shift.Comp_index_ID	_Atom_chem_shift.Seq_ID	_Atom_chem_shift.Comp_ID	_Atom_chem_shift.Atom_ID	_Atom_chem_shift.Atom_type	_Atom_chem_shift.Atom_isotope_number	_Atom_chem_shift.Val	_Atom_chem_shift.Val_err	_Atom_chem_shift.Assign_fig_of_merit	_Atom_chem_shift.Ambiguity_code	_Atom_chem_shift.Ambiguity_set_ID	_Atom_chem_shift.Occupancy	_Atom_chem_shift.Resonance_ID	_Atom_chem_shift.Auth_entity_assembly_ID	_Atom_chem_shift.Auth_asym_ID	_Atom_chem_shift.Auth_seq_ID	_Atom_chem_shift.Auth_comp_ID	_Atom_chem_shift.Auth_atom_ID	_Atom_chem_shift.Details	_Atom_chem_shift.Entry_ID	_Atom_chem_shift.Assigned_chem_shift_list_ID
1,.,.,.,1,H,1,H,.,HN,D,.,39,ASP,39,.,1,1,.,51461,104,.,.,39,8.361,.,_Atom_chem_shift.ID	_Atom_chem_shift.Assembly_atom_ID	_Atom_chem_shift.Entity_assembly_ID	_Atom_chem_shift.Entity_assembly_asym_ID	_Atom_chem_shift.Entity_ID	_Atom_chem_shift.Comp_index_ID	_Atom_chem_shift.Seq_ID	_Atom_chem_shift.Comp_ID	_Atom_chem_shift.Atom_ID	_Atom_chem_shift.Atom_type	_Atom_chem_shift.Atom_isotope_number	_Atom_chem_shift.Val	_Atom_chem_shift.Val_err	_Atom_chem_shift.Assign_fig_of_merit	_Atom_chem_shift.Ambiguity_code	_Atom_chem_shift.Ambiguity_set_ID	_Atom_chem_shift.Occupancy	_Atom_chem_shift.Resonance_ID	_Atom_chem_shift.Auth_entity_assembly_ID	_Atom_chem_shift.Auth_asym_ID	_Atom_chem_shift.Auth_seq_ID	_Atom_chem_shift.Auth_comp_ID	_Atom_chem_shift.Auth_atom_ID	_Atom_chem_shift.Details	_Atom_chem_shift.Entry_ID	_Atom_chem_shift.Assigned_chem_shift_list_ID
1,.,.,.,1,CA,13,C,.,CA,D,.,39,ASP,39,.,1,1,.,51461,105,.,.,39,55.711,.,_Atom_chem_shift.ID	_Atom_chem_shift.Assembly_atom_ID	_Atom_chem_shift.Entity_assembly_ID	_Atom_chem_shift.Entity_assembly_asym_ID	_Atom_chem_shift.Entity_ID	_Atom_chem_shift.Comp_index_ID	_Atom_chem_shift.Seq_ID	_Atom_chem_shift.Comp_ID	_Atom_chem_shift.Atom_ID	_Atom_chem_shift.Atom_type	_Atom_chem_shift.Atom_isotope_number	_Atom_chem_shift.Val	_Atom_chem_shift.Val_err	_Atom_chem_shift.Assign_fig_of_merit	_Atom_chem_shift.Ambiguity_code	_Atom_chem_shift.Ambiguity_set_ID	_Atom_chem_shift.Occupancy	_Atom_chem_shift.Resonance_ID	_Atom_chem_shift.Auth_entity_assembly_ID	_Atom_chem_shift.Auth_asym_ID	_Atom_chem_shift.Auth_seq_ID	_Atom_chem_shift.Auth_comp_ID	_Atom_chem_shift.Auth_atom_ID	_Atom_chem_shift.Details	_Atom_chem_shift.Entry_ID	_Atom_chem_shift.Assigned_chem_shift_list_ID
1,.,.,.,1,N,15,N,.,N,D,.,39,ASP,39,.,1,1,.,51461,106,.,.,39,113.807,.,_Atom_chem_shift.ID	_Atom_chem_shift.Assembly_atom_ID	_Atom_chem_shift.Entity_assembly_ID	_Atom_chem_shift.Entity_assembly_asym_ID	_Atom_chem_shift.Entity_ID	_Atom_chem_shift.Comp_index_ID	_Atom_chem_shift.Seq_ID	_Atom_chem_shift.Comp_ID	_Atom_chem_shift.Atom_ID	_Atom_chem_shift.Atom_type	_Atom_chem_shift.Atom_isotope_number	_Atom_chem_shift.Val	_Atom_chem_shift.Val_err	_Atom_chem_shift.Assign_fig_of_merit	_Atom_chem_shift.Ambiguity_code	_Atom_chem_shift.Ambiguity_set_ID	_Atom_chem_shift.Occupancy	_Atom_chem_shift.Resonance_ID	_Atom_chem_shift.Auth_entity_assembly_ID	_Atom_chem_shift.Auth_asym_ID	_Atom_chem_shift.Auth_seq_ID	_Atom_chem_shift.Auth_comp_ID	_Atom_chem_shift.Auth_atom_ID	_Atom_chem_shift.Details	_Atom_chem_shift.Entry_ID	_Atom_chem_shift.Assigned_chem_shift_list_ID
1,.,.,.,1,H,1,H,.,HN,Q,.,40,GLN,40,.,1,1,.,51461,107,.,.,40,7.675,.,_Atom_chem_shift.ID	_Atom_chem_shift.Assembly_atom_ID	_Atom_chem_shift.Entity_assembly_ID	_Atom_chem_shift.Entity_assembly_asym_ID	_Atom_chem_shift.Entity_ID	_Atom_chem_shift.Comp_index_ID	_Atom_chem_shift.Seq_ID	_Atom_chem_shift.Comp_ID	_Atom_chem_shift.Atom_ID	_Atom_chem_shift.Atom_type	_Atom_chem_shift.Atom_isotope_number	_Atom_chem_shift.Val	_Atom_chem_shift.Val_err	_Atom_chem_shift.Assign_fig_of_merit	_Atom_chem_shift.Ambiguity_code	_Atom_chem_shift.Ambiguity_set_ID	_Atom_chem_shift.Occupancy	_Atom_chem_shift.Resonance_ID	_Atom_chem_shift.Auth_entity_assembly_ID	_Atom_chem_shift.Auth_asym_ID	_Atom_chem_shift.Auth_seq_ID	_Atom_chem_shift.Auth_comp_ID	_Atom_chem_shift.Auth_atom_ID	_Atom_chem_shift.Details	_Atom_chem_shift.Entry_ID	_Atom_chem_shift.Assigned_chem_shift_list_ID
1,.,.,.,1,CA,13,C,.,CA,Q,.,40,GLN,40,.,1,1,.,51461,108,.,.,40,55.574,.,_Atom_chem_shift.ID	_Atom_chem_shift.Assembly_atom_ID	_Atom_chem_shift.Entity_assembly_ID	_Atom_chem_shift.Entity_assembly_asym_ID	_Atom_chem_shift.Entity_ID	_Atom_chem_shift.Comp_index_ID	_Atom_chem_shift.Seq_ID	_Atom_chem_shift.Comp_ID	_Atom_chem_shift.Atom_ID	_Atom_chem_shift.Atom_type	_Atom_chem_shift.Atom_isotope_number	_Atom_chem_shift.Val	_Atom_chem_shift.Val_err	_Atom_chem_shift.Assign_fig_of_merit	_Atom_chem_shift.Ambiguity_code	_Atom_chem_shift.Ambiguity_set_ID	_Atom_chem_shift.Occupancy	_Atom_chem_shift.Resonance_ID	_Atom_chem_shift.Auth_entity_assembly_ID	_Atom_chem_shift.Auth_asym_ID	_Atom_chem_shift.Auth_seq_ID	_Atom_chem_shift.Auth_comp_ID	_Atom_chem_shift.Auth_atom_ID	_Atom_chem_shift.Details	_Atom_chem_shift.Entry_ID	_Atom_chem_shift.Assigned_chem_shift_list_ID
1,.,.,.,1,N,15,N,.,N,Q,.,40,GLN,40,.,1,1,.,51461,109,.,.,40,117.086,.,_Atom_chem_shift.ID	_Atom_chem_shift.Assembly_atom_ID	_Atom_chem_shift.Entity_assembly_ID	_Atom_chem_shift.Entity_assembly_asym_ID	_Atom_chem_shift.Entity_ID	_Atom_chem_shift.Comp_index_ID	_Atom_chem_shift.Seq_ID	_Atom_chem_shift.Comp_ID	_Atom_chem_shift.Atom_ID	_Atom_chem_shift.Atom_type	_Atom_chem_shift.Atom_isotope_number	_Atom_chem_shift.Val	_Atom_chem_shift.Val_err	_Atom_chem_shift.Assign_fig_of_merit	_Atom_chem_shift.Ambiguity_code	_Atom_chem_shift.Ambiguity_set_ID	_Atom_chem_shift.Occupancy	_Atom_chem_shift.Resonance_ID	_Atom_chem_shift.Auth_entity_assembly_ID	_Atom_chem_shift.Auth_asym_ID	_Atom_chem_shift.Auth_seq_ID	_Atom_chem_shift.Auth_comp_ID	_Atom_chem_shift.Auth_atom_ID	_Atom_chem_shift.Details	_Atom_chem_shift.Entry_ID	_Atom_chem_shift.Assigned_chem_shift_list_ID
1,.,.,.,1,H,1,H,.,HN,Q,.,41,GLN,41,.,1,1,.,51461,110,.,.,41,7.306,.,_Atom_chem_shift.ID	_Atom_chem_shift.Assembly_atom_ID	_Atom_chem_shift.Entity_assembly_ID	_Atom_chem_shift.Entity_assembly_asym_ID	_Atom_chem_shift.Entity_ID	_Atom_chem_shift.Comp_index_ID	_Atom_chem_shift.Seq_ID	_Atom_chem_shift.Comp_ID	_Atom_chem_shift.Atom_ID	_Atom_chem_shift.Atom_type	_Atom_chem_shift.Atom_isotope_number	_Atom_chem_shift.Val	_Atom_chem_shift.Val_err	_Atom_chem_shift.Assign_fig_of_merit	_Atom_chem_shift.Ambiguity_code	_Atom_chem_shift.Ambiguity_set_ID	_Atom_chem_shift.Occupancy	_Atom_chem_shift.Resonance_ID	_Atom_chem_shift.Auth_entity_assembly_ID	_Atom_chem_shift.Auth_asym_ID	_Atom_chem_shift.Auth_seq_ID	_Atom_chem_shift.Auth_comp_ID	_Atom_chem_shift.Auth_atom_ID	_Atom_chem_shift.Details	_Atom_chem_shift.Entry_ID	_Atom_chem_shift.Assigned_chem_shift_list_ID
1,.,.,.,1,CA,13,C,.,CA,Q,.,41,GLN,41,.,1,1,.,51461,111,.,.,41,56.532,.,_Atom_chem_shift.ID	_Atom_chem_shift.Assembly_atom_ID	_Atom_chem_shift.Entity_assembly_ID	_Atom_chem_shift.Entity_assembly_asym_ID	_Atom_chem_shift.Entity_ID	_Atom_chem_shift.Comp_index_ID	_Atom_chem_shift.Seq_ID	_Atom_chem_shift.Comp_ID	_Atom_chem_shift.Atom_ID	_Atom_chem_shift.Atom_type	_Atom_chem_shift.Atom_isotope_number	_Atom_chem_shift.Val	_Atom_chem_shift.Val_err	_Atom_chem_shift.Assign_fig_of_merit	_Atom_chem_shift.Ambiguity_code	_Atom_chem_shift.Ambiguity_set_ID	_Atom_chem_shift.Occupancy	_Atom_chem_shift.Resonance_ID	_Atom_chem_shift.Auth_entity_assembly_ID	_Atom_chem_shift.Auth_asym_ID	_Atom_chem_shift.Auth_seq_ID	_Atom_chem_shift.Auth_comp_ID	_Atom_chem_shift.Auth_atom_ID	_Atom_chem_shift.Details	_Atom_chem_shift.Entry_ID	_Atom_chem_shift.Assigned_chem_shift_list_ID
1,.,.,.,1,N,15,N,.,N,Q,.,41,GLN,41,.,1,1,.,51461,112,.,.,41,118.440,.,_Atom_chem_shift.ID	_Atom_chem_shift.Assembly_atom_ID	_Atom_chem_shift.Entity_assembly_ID	_Atom_chem_shift.Entity_assembly_asym_ID	_Atom_chem_shift.Entity_ID	_Atom_chem_shift.Comp_index_ID	_Atom_chem_shift.Seq_ID	_Atom_chem_shift.Comp_ID	_Atom_chem_shift.Atom_ID	_Atom_chem_shift.Atom_type	_Atom_chem_shift.Atom_isotope_number	_Atom_chem_shift.Val	_Atom_chem_shift.Val_err	_Atom_chem_shift.Assign_fig_of_merit	_Atom_chem_shift.Ambiguity_code	_Atom_chem_shift.Ambiguity_set_ID	_Atom_chem_shift.Occupancy	_Atom_chem_shift.Resonance_ID	_Atom_chem_shift.Auth_entity_assembly_ID	_Atom_chem_shift.Auth_asym_ID	_Atom_chem_shift.Auth_seq_ID	_Atom_chem_shift.Auth_comp_ID	_Atom_chem_shift.Auth_atom_ID	_Atom_chem_shift.Details	_Atom_chem_shift.Entry_ID	_Atom_chem_shift.Assigned_chem_shift_list_ID
1,.,.,.,1,H,1,H,.,HN,R,.,42,ARG,42,.,1,1,.,51461,113,.,.,42,8.336,.,_Atom_chem_shift.ID	_Atom_chem_shift.Assembly_atom_ID	_Atom_chem_shift.Entity_assembly_ID	_Atom_chem_shift.Entity_assembly_asym_ID	_Atom_chem_shift.Entity_ID	_Atom_chem_shift.Comp_index_ID	_Atom_chem_shift.Seq_ID	_Atom_chem_shift.Comp_ID	_Atom_chem_shift.Atom_ID	_Atom_chem_shift.Atom_type	_Atom_chem_shift.Atom_isotope_number	_Atom_chem_shift.Val	_Atom_chem_shift.Val_err	_Atom_chem_shift.Assign_fig_of_merit	_Atom_chem_shift.Ambiguity_code	_Atom_chem_shift.Ambiguity_set_ID	_Atom_chem_shift.Occupancy	_Atom_chem_shift.Resonance_ID	_Atom_chem_shift.Auth_entity_assembly_ID	_Atom_chem_shift.Auth_asym_ID	_Atom_chem_shift.Auth_seq_ID	_Atom_chem_shift.Auth_comp_ID	_Atom_chem_shift.Auth_atom_ID	_Atom_chem_shift.Details	_Atom_chem_shift.Entry_ID	_Atom_chem_shift.Assigned_chem_shift_list_ID
1,.,.,.,1,CA,13,C,.,CA,R,.,42,ARG,42,.,1,1,.,51461,114,.,.,42,55.027,.,_Atom_chem_shift.ID	_Atom_chem_shift.Assembly_atom_ID	_Atom_chem_shift.Entity_assembly_ID	_Atom_chem_shift.Entity_assembly_asym_ID	_Atom_chem_shift.Entity_ID	_Atom_chem_shift.Comp_index_ID	_Atom_chem_shift.Seq_ID	_Atom_chem_shift.Comp_ID	_Atom_chem_shift.Atom_ID	_Atom_chem_shift.Atom_type	_Atom_chem_shift.Atom_isotope_number	_Atom_chem_shift.Val	_Atom_chem_shift.Val_err	_Atom_chem_shift.Assign_fig_of_merit	_Atom_chem_shift.Ambiguity_code	_Atom_chem_shift.Ambiguity_set_ID	_Atom_chem_shift.Occupancy	_Atom_chem_shift.Resonance_ID	_Atom_chem_shift.Auth_entity_assembly_ID	_Atom_chem_shift.Auth_asym_ID	_Atom_chem_shift.Auth_seq_ID	_Atom_chem_shift.Auth_comp_ID	_Atom_chem_shift.Auth_atom_ID	_Atom_chem_shift.Details	_Atom_chem_shift.Entry_ID	_Atom_chem_shift.Assigned_chem_shift_list_ID
1,.,.,.,1,N,15,N,.,N,R,.,42,ARG,42,.,1,1,.,51461,115,.,.,42,123.360,.,_Atom_chem_shift.ID	_Atom_chem_shift.Assembly_atom_ID	_Atom_chem_shift.Entity_assembly_ID	_Atom_chem_shift.Entity_assembly_asym_ID	_Atom_chem_shift.Entity_ID	_Atom_chem_shift.Comp_index_ID	_Atom_chem_shift.Seq_ID	_Atom_chem_shift.Comp_ID	_Atom_chem_shift.Atom_ID	_Atom_chem_shift.Atom_type	_Atom_chem_shift.Atom_isotope_number	_Atom_chem_shift.Val	_Atom_chem_shift.Val_err	_Atom_chem_shift.Assign_fig_of_merit	_Atom_chem_shift.Ambiguity_code	_Atom_chem_shift.Ambiguity_set_ID	_Atom_chem_shift.Occupancy	_Atom_chem_shift.Resonance_ID	_Atom_chem_shift.Auth_entity_assembly_ID	_Atom_chem_shift.Auth_asym_ID	_Atom_chem_shift.Auth_seq_ID	_Atom_chem_shift.Auth_comp_ID	_Atom_chem_shift.Auth_atom_ID	_Atom_chem_shift.Details	_Atom_chem_shift.Entry_ID	_Atom_chem_shift.Assigned_chem_shift_list_ID
1,.,.,.,1,H,1,H,.,HN,L,.,43,LEU,43,.,1,1,.,51461,116,.,.,43,8.653,.,_Atom_chem_shift.ID	_Atom_chem_shift.Assembly_atom_ID	_Atom_chem_shift.Entity_assembly_ID	_Atom_chem_shift.Entity_assembly_asym_ID	_Atom_chem_shift.Entity_ID	_Atom_chem_shift.Comp_index_ID	_Atom_chem_shift.Seq_ID	_Atom_chem_shift.Comp_ID	_Atom_chem_shift.Atom_ID	_Atom_chem_shift.Atom_type	_Atom_chem_shift.Atom_isotope_number	_Atom_chem_shift.Val	_Atom_chem_shift.Val_err	_Atom_chem_shift.Assign_fig_of_merit	_Atom_chem_shift.Ambiguity_code	_Atom_chem_shift.Ambiguity_set_ID	_Atom_chem_shift.Occupancy	_Atom_chem_shift.Resonance_ID	_Atom_chem_shift.Auth_entity_assembly_ID	_Atom_chem_shift.Auth_asym_ID	_Atom_chem_shift.Auth_seq_ID	_Atom_chem_shift.Auth_comp_ID	_Atom_chem_shift.Auth_atom_ID	_Atom_chem_shift.Details	_Atom_chem_shift.Entry_ID	_Atom_chem_shift.Assigned_chem_shift_list_ID
1,.,.,.,1,CA,13,C,.,CA,L,.,43,LEU,43,.,1,1,.,51461,117,.,.,43,52.977,.,_Atom_chem_shift.ID	_Atom_chem_shift.Assembly_atom_ID	_Atom_chem_shift.Entity_assembly_ID	_Atom_chem_shift.Entity_assembly_asym_ID	_Atom_chem_shift.Entity_ID	_Atom_chem_shift.Comp_index_ID	_Atom_chem_shift.Seq_ID	_Atom_chem_shift.Comp_ID	_Atom_chem_shift.Atom_ID	_Atom_chem_shift.Atom_type	_Atom_chem_shift.Atom_isotope_number	_Atom_chem_shift.Val	_Atom_chem_shift.Val_err	_Atom_chem_shift.Assign_fig_of_merit	_Atom_chem_shift.Ambiguity_code	_Atom_chem_shift.Ambiguity_set_ID	_Atom_chem_shift.Occupancy	_Atom_chem_shift.Resonance_ID	_Atom_chem_shift.Auth_entity_assembly_ID	_Atom_chem_shift.Auth_asym_ID	_Atom_chem_shift.Auth_seq_ID	_Atom_chem_shift.Auth_comp_ID	_Atom_chem_shift.Auth_atom_ID	_Atom_chem_shift.Details	_Atom_chem_shift.Entry_ID	_Atom_chem_shift.Assigned_chem_shift_list_ID
1,.,.,.,1,N,15,N,.,N,L,.,43,LEU,43,.,1,1,.,51461,118,.,.,43,124.785,.,_Atom_chem_shift.ID	_Atom_chem_shift.Assembly_atom_ID	_Atom_chem_shift.Entity_assembly_ID	_Atom_chem_shift.Entity_assembly_asym_ID	_Atom_chem_shift.Entity_ID	_Atom_chem_shift.Comp_index_ID	_Atom_chem_shift.Seq_ID	_Atom_chem_shift.Comp_ID	_Atom_chem_shift.Atom_ID	_Atom_chem_shift.Atom_type	_Atom_chem_shift.Atom_isotope_number	_Atom_chem_shift.Val	_Atom_chem_shift.Val_err	_Atom_chem_shift.Assign_fig_of_merit	_Atom_chem_shift.Ambiguity_code	_Atom_chem_shift.Ambiguity_set_ID	_Atom_chem_shift.Occupancy	_Atom_chem_shift.Resonance_ID	_Atom_chem_shift.Auth_entity_assembly_ID	_Atom_chem_shift.Auth_asym_ID	_Atom_chem_shift.Auth_seq_ID	_Atom_chem_shift.Auth_comp_ID	_Atom_chem_shift.Auth_atom_ID	_Atom_chem_shift.Details	_Atom_chem_shift.Entry_ID	_Atom_chem_shift.Assigned_chem_shift_list_ID
1,.,.,.,1,H,1,H,.,HN,I,.,44,ILE,44,.,1,1,.,51461,119,.,.,44,8.971,.,_Atom_chem_shift.ID	_Atom_chem_shift.Assembly_atom_ID	_Atom_chem_shift.Entity_assembly_ID	_Atom_chem_shift.Entity_assembly_asym_ID	_Atom_chem_shift.Entity_ID	_Atom_chem_shift.Comp_index_ID	_Atom_chem_shift.Seq_ID	_Atom_chem_shift.Comp_ID	_Atom_chem_shift.Atom_ID	_Atom_chem_shift.Atom_type	_Atom_chem_shift.Atom_isotope_number	_Atom_chem_shift.Val	_Atom_chem_shift.Val_err	_Atom_chem_shift.Assign_fig_of_merit	_Atom_chem_shift.Ambiguity_code	_Atom_chem_shift.Ambiguity_set_ID	_Atom_chem_shift.Occupancy	_Atom_chem_shift.Resonance_ID	_Atom_chem_shift.Auth_entity_assembly_ID	_Atom_chem_shift.Auth_asym_ID	_Atom_chem_shift.Auth_seq_ID	_Atom_chem_shift.Auth_comp_ID	_Atom_chem_shift.Auth_atom_ID	_Atom_chem_shift.Details	_Atom_chem_shift.Entry_ID	_Atom_chem_shift.Assigned_chem_shift_list_ID
1,.,.,.,1,CA,13,C,.,CA,I,.,44,ILE,44,.,1,1,.,51461,120,.,.,44,58.856,.,_Atom_chem_shift.ID	_Atom_chem_shift.Assembly_atom_ID	_Atom_chem_shift.Entity_assembly_ID	_Atom_chem_shift.Entity_assembly_asym_ID	_Atom_chem_shift.Entity_ID	_Atom_chem_shift.Comp_index_ID	_Atom_chem_shift.Seq_ID	_Atom_chem_shift.Comp_ID	_Atom_chem_shift.Atom_ID	_Atom_chem_shift.Atom_type	_Atom_chem_shift.Atom_isotope_number	_Atom_chem_shift.Val	_Atom_chem_shift.Val_err	_Atom_chem_shift.Assign_fig_of_merit	_Atom_chem_shift.Ambiguity_code	_Atom_chem_shift.Ambiguity_set_ID	_Atom_chem_shift.Occupancy	_Atom_chem_shift.Resonance_ID	_Atom_chem_shift.Auth_entity_assembly_ID	_Atom_chem_shift.Auth_asym_ID	_Atom_chem_shift.Auth_seq_ID	_Atom_chem_shift.Auth_comp_ID	_Atom_chem_shift.Auth_atom_ID	_Atom_chem_shift.Details	_Atom_chem_shift.Entry_ID	_Atom_chem_shift.Assigned_chem_shift_list_ID
1,.,.,.,1,N,15,N,.,N,I,.,44,ILE,44,.,1,1,.,51461,121,.,.,44,122.504,.,_Atom_chem_shift.ID	_Atom_chem_shift.Assembly_atom_ID	_Atom_chem_shift.Entity_assembly_ID	_Atom_chem_shift.Entity_assembly_asym_ID	_Atom_chem_shift.Entity_ID	_Atom_chem_shift.Comp_index_ID	_Atom_chem_shift.Seq_ID	_Atom_chem_shift.Comp_ID	_Atom_chem_shift.Atom_ID	_Atom_chem_shift.Atom_type	_Atom_chem_shift.Atom_isotope_number	_Atom_chem_shift.Val	_Atom_chem_shift.Val_err	_Atom_chem_shift.Assign_fig_of_merit	_Atom_chem_shift.Ambiguity_code	_Atom_chem_shift.Ambiguity_set_ID	_Atom_chem_shift.Occupancy	_Atom_chem_shift.Resonance_ID	_Atom_chem_shift.Auth_entity_assembly_ID	_Atom_chem_shift.Auth_asym_ID	_Atom_chem_shift.Auth_seq_ID	_Atom_chem_shift.Auth_comp_ID	_Atom_chem_shift.Auth_atom_ID	_Atom_chem_shift.Details	_Atom_chem_shift.Entry_ID	_Atom_chem_shift.Assigned_chem_shift_list_ID
1,.,.,.,1,H,1,H,.,HN,F,.,45,PHE,45,.,1,1,.,51461,122,.,.,45,8.692,.,_Atom_chem_shift.ID	_Atom_chem_shift.Assembly_atom_ID	_Atom_chem_shift.Entity_assembly_ID	_Atom_chem_shift.Entity_assembly_asym_ID	_Atom_chem_shift.Entity_ID	_Atom_chem_shift.Comp_index_ID	_Atom_chem_shift.Seq_ID	_Atom_chem_shift.Comp_ID	_Atom_chem_shift.Atom_ID	_Atom_chem_shift.Atom_type	_Atom_chem_shift.Atom_isotope_number	_Atom_chem_shift.Val	_Atom_chem_shift.Val_err	_Atom_chem_shift.Assign_fig_of_merit	_Atom_chem_shift.Ambiguity_code	_Atom_chem_shift.Ambiguity_set_ID	_Atom_chem_shift.Occupancy	_Atom_chem_shift.Resonance_ID	_Atom_chem_shift.Auth_entity_assembly_ID	_Atom_chem_shift.Auth_asym_ID	_Atom_chem_shift.Auth_seq_ID	_Atom_chem_shift.Auth_comp_ID	_Atom_chem_shift.Auth_atom_ID	_Atom_chem_shift.Details	_Atom_chem_shift.Entry_ID	_Atom_chem_shift.Assigned_chem_shift_list_ID
1,.,.,.,1,CA,13,C,.,CA,F,.,45,PHE,45,.,1,1,.,51461,123,.,.,45,56.258,.,_Atom_chem_shift.ID	_Atom_chem_shift.Assembly_atom_ID	_Atom_chem_shift.Entity_assembly_ID	_Atom_chem_shift.Entity_assembly_asym_ID	_Atom_chem_shift.Entity_ID	_Atom_chem_shift.Comp_index_ID	_Atom_chem_shift.Seq_ID	_Atom_chem_shift.Comp_ID	_Atom_chem_shift.Atom_ID	_Atom_chem_shift.Atom_type	_Atom_chem_shift.Atom_isotope_number	_Atom_chem_shift.Val	_Atom_chem_shift.Val_err	_Atom_chem_shift.Assign_fig_of_merit	_Atom_chem_shift.Ambiguity_code	_Atom_chem_shift.Ambiguity_set_ID	_Atom_chem_shift.Occupancy	_Atom_chem_shift.Resonance_ID	_Atom_chem_shift.Auth_entity_assembly_ID	_Atom_chem_shift.Auth_asym_ID	_Atom_chem_shift.Auth_seq_ID	_Atom_chem_shift.Auth_comp_ID	_Atom_chem_shift.Auth_atom_ID	_Atom_chem_shift.Details	_Atom_chem_shift.Entry_ID	_Atom_chem_shift.Assigned_chem_shift_list_ID
1,.,.,.,1,N,15,N,.,N,F,.,45,PHE,45,.,1,1,.,51461,124,.,.,45,125.142,.,_Atom_chem_shift.ID	_Atom_chem_shift.Assembly_atom_ID	_Atom_chem_shift.Entity_assembly_ID	_Atom_chem_shift.Entity_assembly_asym_ID	_Atom_chem_shift.Entity_ID	_Atom_chem_shift.Comp_index_ID	_Atom_chem_shift.Seq_ID	_Atom_chem_shift.Comp_ID	_Atom_chem_shift.Atom_ID	_Atom_chem_shift.Atom_type	_Atom_chem_shift.Atom_isotope_number	_Atom_chem_shift.Val	_Atom_chem_shift.Val_err	_Atom_chem_shift.Assign_fig_of_merit	_Atom_chem_shift.Ambiguity_code	_Atom_chem_shift.Ambiguity_set_ID	_Atom_chem_shift.Occupancy	_Atom_chem_shift.Resonance_ID	_Atom_chem_shift.Auth_entity_assembly_ID	_Atom_chem_shift.Auth_asym_ID	_Atom_chem_shift.Auth_seq_ID	_Atom_chem_shift.Auth_comp_ID	_Atom_chem_shift.Auth_atom_ID	_Atom_chem_shift.Details	_Atom_chem_shift.Entry_ID	_Atom_chem_shift.Assigned_chem_shift_list_ID
1,.,.,.,1,H,1,H,.,HN,A,.,46,ALA,46,.,1,1,.,51461,125,.,.,46,8.857,.,_Atom_chem_shift.ID	_Atom_chem_shift.Assembly_atom_ID	_Atom_chem_shift.Entity_assembly_ID	_Atom_chem_shift.Entity_assembly_asym_ID	_Atom_chem_shift.Entity_ID	_Atom_chem_shift.Comp_index_ID	_Atom_chem_shift.Seq_ID	_Atom_chem_shift.Comp_ID	_Atom_chem_shift.Atom_ID	_Atom_chem_shift.Atom_type	_Atom_chem_shift.Atom_isotope_number	_Atom_chem_shift.Val	_Atom_chem_shift.Val_err	_Atom_chem_shift.Assign_fig_of_merit	_Atom_chem_shift.Ambiguity_code	_Atom_chem_shift.Ambiguity_set_ID	_Atom_chem_shift.Occupancy	_Atom_chem_shift.Resonance_ID	_Atom_chem_shift.Auth_entity_assembly_ID	_Atom_chem_shift.Auth_asym_ID	_Atom_chem_shift.Auth_seq_ID	_Atom_chem_shift.Auth_comp_ID	_Atom_chem_shift.Auth_atom_ID	_Atom_chem_shift.Details	_Atom_chem_shift.Entry_ID	_Atom_chem_shift.Assigned_chem_shift_list_ID
1,.,.,.,1,CA,13,C,.,CA,A,.,46,ALA,46,.,1,1,.,51461,126,.,.,46,52.430,.,_Atom_chem_shift.ID	_Atom_chem_shift.Assembly_atom_ID	_Atom_chem_shift.Entity_assembly_ID	_Atom_chem_shift.Entity_assembly_asym_ID	_Atom_chem_shift.Entity_ID	_Atom_chem_shift.Comp_index_ID	_Atom_chem_shift.Seq_ID	_Atom_chem_shift.Comp_ID	_Atom_chem_shift.Atom_ID	_Atom_chem_shift.Atom_type	_Atom_chem_shift.Atom_isotope_number	_Atom_chem_shift.Val	_Atom_chem_shift.Val_err	_Atom_chem_shift.Assign_fig_of_merit	_Atom_chem_shift.Ambiguity_code	_Atom_chem_shift.Ambiguity_set_ID	_Atom_chem_shift.Occupancy	_Atom_chem_shift.Resonance_ID	_Atom_chem_shift.Auth_entity_assembly_ID	_Atom_chem_shift.Auth_asym_ID	_Atom_chem_shift.Auth_seq_ID	_Atom_chem_shift.Auth_comp_ID	_Atom_chem_shift.Auth_atom_ID	_Atom_chem_shift.Details	_Atom_chem_shift.Entry_ID	_Atom_chem_shift.Assigned_chem_shift_list_ID
1,.,.,.,1,N,15,N,.,N,A,.,46,ALA,46,.,1,1,.,51461,127,.,.,46,133.269,.,_Atom_chem_shift.ID	_Atom_chem_shift.Assembly_atom_ID	_Atom_chem_shift.Entity_assembly_ID	_Atom_chem_shift.Entity_assembly_asym_ID	_Atom_chem_shift.Entity_ID	_Atom_chem_shift.Comp_index_ID	_Atom_chem_shift.Seq_ID	_Atom_chem_shift.Comp_ID	_Atom_chem_shift.Atom_ID	_Atom_chem_shift.Atom_type	_Atom_chem_shift.Atom_isotope_number	_Atom_chem_shift.Val	_Atom_chem_shift.Val_err	_Atom_chem_shift.Assign_fig_of_merit	_Atom_chem_shift.Ambiguity_code	_Atom_chem_shift.Ambiguity_set_ID	_Atom_chem_shift.Occupancy	_Atom_chem_shift.Resonance_ID	_Atom_chem_shift.Auth_entity_assembly_ID	_Atom_chem_shift.Auth_asym_ID	_Atom_chem_shift.Auth_seq_ID	_Atom_chem_shift.Auth_comp_ID	_Atom_chem_shift.Auth_atom_ID	_Atom_chem_shift.Details	_Atom_chem_shift.Entry_ID	_Atom_chem_shift.Assigned_chem_shift_list_ID
1,.,.,.,1,H,1,H,.,HN,G,.,47,GLY,47,.,1,1,.,51461,128,.,.,47,7.916,.,_Atom_chem_shift.ID	_Atom_chem_shift.Assembly_atom_ID	_Atom_chem_shift.Entity_assembly_ID	_Atom_chem_shift.Entity_assembly_asym_ID	_Atom_chem_shift.Entity_ID	_Atom_chem_shift.Comp_index_ID	_Atom_chem_shift.Seq_ID	_Atom_chem_shift.Comp_ID	_Atom_chem_shift.Atom_ID	_Atom_chem_shift.Atom_type	_Atom_chem_shift.Atom_isotope_number	_Atom_chem_shift.Val	_Atom_chem_shift.Val_err	_Atom_chem_shift.Assign_fig_of_merit	_Atom_chem_shift.Ambiguity_code	_Atom_chem_shift.Ambiguity_set_ID	_Atom_chem_shift.Occupancy	_Atom_chem_shift.Resonance_ID	_Atom_chem_shift.Auth_entity_assembly_ID	_Atom_chem_shift.Auth_asym_ID	_Atom_chem_shift.Auth_seq_ID	_Atom_chem_shift.Auth_comp_ID	_Atom_chem_shift.Auth_atom_ID	_Atom_chem_shift.Details	_Atom_chem_shift.Entry_ID	_Atom_chem_shift.Assigned_chem_shift_list_ID
1,.,.,.,1,CA,13,C,.,CA,G,.,47,GLY,47,.,1,1,.,51461,129,.,.,47,45.184,.,_Atom_chem_shift.ID	_Atom_chem_shift.Assembly_atom_ID	_Atom_chem_shift.Entity_assembly_ID	_Atom_chem_shift.Entity_assembly_asym_ID	_Atom_chem_shift.Entity_ID	_Atom_chem_shift.Comp_index_ID	_Atom_chem_shift.Seq_ID	_Atom_chem_shift.Comp_ID	_Atom_chem_shift.Atom_ID	_Atom_chem_shift.Atom_type	_Atom_chem_shift.Atom_isotope_number	_Atom_chem_shift.Val	_Atom_chem_shift.Val_err	_Atom_chem_shift.Assign_fig_of_merit	_Atom_chem_shift.Ambiguity_code	_Atom_chem_shift.Ambiguity_set_ID	_Atom_chem_shift.Occupancy	_Atom_chem_shift.Resonance_ID	_Atom_chem_shift.Auth_entity_assembly_ID	_Atom_chem_shift.Auth_asym_ID	_Atom_chem_shift.Auth_seq_ID	_Atom_chem_shift.Auth_comp_ID	_Atom_chem_shift.Auth_atom_ID	_Atom_chem_shift.Details	_Atom_chem_shift.Entry_ID	_Atom_chem_shift.Assigned_chem_shift_list_ID
1,.,.,.,1,N,15,N,.,N,G,.,47,GLY,47,.,1,1,.,51461,130,.,.,47,102.614,.,_Atom_chem_shift.ID	_Atom_chem_shift.Assembly_atom_ID	_Atom_chem_shift.Entity_assembly_ID	_Atom_chem_shift.Entity_assembly_asym_ID	_Atom_chem_shift.Entity_ID	_Atom_chem_shift.Comp_index_ID	_Atom_chem_shift.Seq_ID	_Atom_chem_shift.Comp_ID	_Atom_chem_shift.Atom_ID	_Atom_chem_shift.Atom_type	_Atom_chem_shift.Atom_isotope_number	_Atom_chem_shift.Val	_Atom_chem_shift.Val_err	_Atom_chem_shift.Assign_fig_of_merit	_Atom_chem_shift.Ambiguity_code	_Atom_chem_shift.Ambiguity_set_ID	_Atom_chem_shift.Occupancy	_Atom_chem_shift.Resonance_ID	_Atom_chem_shift.Auth_entity_assembly_ID	_Atom_chem_shift.Auth_asym_ID	_Atom_chem_shift.Auth_seq_ID	_Atom_chem_shift.Auth_comp_ID	_Atom_chem_shift.Auth_atom_ID	_Atom_chem_shift.Details	_Atom_chem_shift.Entry_ID	_Atom_chem_shift.Assigned_chem_shift_list_ID
1,.,.,.,1,H,1,H,.,HN,K,.,48,LYS,48,.,1,1,.,51461,131,.,.,48,7.815,.,_Atom_chem_shift.ID	_Atom_chem_shift.Assembly_atom_ID	_Atom_chem_shift.Entity_assembly_ID	_Atom_chem_shift.Entity_assembly_asym_ID	_Atom_chem_shift.Entity_ID	_Atom_chem_shift.Comp_index_ID	_Atom_chem_shift.Seq_ID	_Atom_chem_shift.Comp_ID	_Atom_chem_shift.Atom_ID	_Atom_chem_shift.Atom_type	_Atom_chem_shift.Atom_isotope_number	_Atom_chem_shift.Val	_Atom_chem_shift.Val_err	_Atom_chem_shift.Assign_fig_of_merit	_Atom_chem_shift.Ambiguity_code	_Atom_chem_shift.Ambiguity_set_ID	_Atom_chem_shift.Occupancy	_Atom_chem_shift.Resonance_ID	_Atom_chem_shift.Auth_entity_assembly_ID	_Atom_chem_shift.Auth_asym_ID	_Atom_chem_shift.Auth_seq_ID	_Atom_chem_shift.Auth_comp_ID	_Atom_chem_shift.Auth_atom_ID	_Atom_chem_shift.Details	_Atom_chem_shift.Entry_ID	_Atom_chem_shift.Assigned_chem_shift_list_ID
1,.,.,.,1,CA,13,C,.,CA,K,.,48,LYS,48,.,1,1,.,51461,132,.,.,48,54.480,.,_Atom_chem_shift.ID	_Atom_chem_shift.Assembly_atom_ID	_Atom_chem_shift.Entity_assembly_ID	_Atom_chem_shift.Entity_assembly_asym_ID	_Atom_chem_shift.Entity_ID	_Atom_chem_shift.Comp_index_ID	_Atom_chem_shift.Seq_ID	_Atom_chem_shift.Comp_ID	_Atom_chem_shift.Atom_ID	_Atom_chem_shift.Atom_type	_Atom_chem_shift.Atom_isotope_number	_Atom_chem_shift.Val	_Atom_chem_shift.Val_err	_Atom_chem_shift.Assign_fig_of_merit	_Atom_chem_shift.Ambiguity_code	_Atom_chem_shift.Ambiguity_set_ID	_Atom_chem_shift.Occupancy	_Atom_chem_shift.Resonance_ID	_Atom_chem_shift.Auth_entity_assembly_ID	_Atom_chem_shift.Auth_asym_ID	_Atom_chem_shift.Auth_seq_ID	_Atom_chem_shift.Auth_comp_ID	_Atom_chem_shift.Auth_atom_ID	_Atom_chem_shift.Details	_Atom_chem_shift.Entry_ID	_Atom_chem_shift.Assigned_chem_shift_list_ID
1,.,.,.,1,N,15,N,.,N,K,.,48,LYS,48,.,1,1,.,51461,133,.,.,48,122.290,.,_Atom_chem_shift.ID	_Atom_chem_shift.Assembly_atom_ID	_Atom_chem_shift.Entity_assembly_ID	_Atom_chem_shift.Entity_assembly_asym_ID	_Atom_chem_shift.Entity_ID	_Atom_chem_shift.Comp_index_ID	_Atom_chem_shift.Seq_ID	_Atom_chem_shift.Comp_ID	_Atom_chem_shift.Atom_ID	_Atom_chem_shift.Atom_type	_Atom_chem_shift.Atom_isotope_number	_Atom_chem_shift.Val	_Atom_chem_shift.Val_err	_Atom_chem_shift.Assign_fig_of_merit	_Atom_chem_shift.Ambiguity_code	_Atom_chem_shift.Ambiguity_set_ID	_Atom_chem_shift.Occupancy	_Atom_chem_shift.Resonance_ID	_Atom_chem_shift.Auth_entity_assembly_ID	_Atom_chem_shift.Auth_asym_ID	_Atom_chem_shift.Auth_seq_ID	_Atom_chem_shift.Auth_comp_ID	_Atom_chem_shift.Auth_atom_ID	_Atom_chem_shift.Details	_Atom_chem_shift.Entry_ID	_Atom_chem_shift.Assigned_chem_shift_list_ID
1,.,.,.,1,H,1,H,.,HN,Q,.,49,GLN,49,.,1,1,.,51461,134,.,.,49,8.476,.,_Atom_chem_shift.ID	_Atom_chem_shift.Assembly_atom_ID	_Atom_chem_shift.Entity_assembly_ID	_Atom_chem_shift.Entity_assembly_asym_ID	_Atom_chem_shift.Entity_ID	_Atom_chem_shift.Comp_index_ID	_Atom_chem_shift.Seq_ID	_Atom_chem_shift.Comp_ID	_Atom_chem_shift.Atom_ID	_Atom_chem_shift.Atom_type	_Atom_chem_shift.Atom_isotope_number	_Atom_chem_shift.Val	_Atom_chem_shift.Val_err	_Atom_chem_shift.Assign_fig_of_merit	_Atom_chem_shift.Ambiguity_code	_Atom_chem_shift.Ambiguity_set_ID	_Atom_chem_shift.Occupancy	_Atom_chem_shift.Resonance_ID	_Atom_chem_shift.Auth_entity_assembly_ID	_Atom_chem_shift.Auth_asym_ID	_Atom_chem_shift.Auth_seq_ID	_Atom_chem_shift.Auth_comp_ID	_Atom_chem_shift.Auth_atom_ID	_Atom_chem_shift.Details	_Atom_chem_shift.Entry_ID	_Atom_chem_shift.Assigned_chem_shift_list_ID
1,.,.,.,1,CA,13,C,.,CA,Q,.,49,GLN,49,.,1,1,.,51461,135,.,.,49,55.848,.,_Atom_chem_shift.ID	_Atom_chem_shift.Assembly_atom_ID	_Atom_chem_shift.Entity_assembly_ID	_Atom_chem_shift.Entity_assembly_asym_ID	_Atom_chem_shift.Entity_ID	_Atom_chem_shift.Comp_index_ID	_Atom_chem_shift.Seq_ID	_Atom_chem_shift.Comp_ID	_Atom_chem_shift.Atom_ID	_Atom_chem_shift.Atom_type	_Atom_chem_shift.Atom_isotope_number	_Atom_chem_shift.Val	_Atom_chem_shift.Val_err	_Atom_chem_shift.Assign_fig_of_merit	_Atom_chem_shift.Ambiguity_code	_Atom_chem_shift.Ambiguity_set_ID	_Atom_chem_shift.Occupancy	_Atom_chem_shift.Resonance_ID	_Atom_chem_shift.Auth_entity_assembly_ID	_Atom_chem_shift.Auth_asym_ID	_Atom_chem_shift.Auth_seq_ID	_Atom_chem_shift.Auth_comp_ID	_Atom_chem_shift.Auth_atom_ID	_Atom_chem_shift.Details	_Atom_chem_shift.Entry_ID	_Atom_chem_shift.Assigned_chem_shift_list_ID
1,.,.,.,1,N,15,N,.,N,Q,.,49,GLN,49,.,1,1,.,51461,136,.,.,49,123.359,.,_Atom_chem_shift.ID	_Atom_chem_shift.Assembly_atom_ID	_Atom_chem_shift.Entity_assembly_ID	_Atom_chem_shift.Entity_assembly_asym_ID	_Atom_chem_shift.Entity_ID	_Atom_chem_shift.Comp_index_ID	_Atom_chem_shift.Seq_ID	_Atom_chem_shift.Comp_ID	_Atom_chem_shift.Atom_ID	_Atom_chem_shift.Atom_type	_Atom_chem_shift.Atom_isotope_number	_Atom_chem_shift.Val	_Atom_chem_shift.Val_err	_Atom_chem_shift.Assign_fig_of_merit	_Atom_chem_shift.Ambiguity_code	_Atom_chem_shift.Ambiguity_set_ID	_Atom_chem_shift.Occupancy	_Atom_chem_shift.Resonance_ID	_Atom_chem_shift.Auth_entity_assembly_ID	_Atom_chem_shift.Auth_asym_ID	_Atom_chem_shift.Auth_seq_ID	_Atom_chem_shift.Auth_comp_ID	_Atom_chem_shift.Auth_atom_ID	_Atom_chem_shift.Details	_Atom_chem_shift.Entry_ID	_Atom_chem_shift.Assigned_chem_shift_list_ID
1,.,.,.,1,H,1,H,.,HN,L,.,50,LEU,50,.,1,1,.,51461,137,.,.,50,8.399,.,_Atom_chem_shift.ID	_Atom_chem_shift.Assembly_atom_ID	_Atom_chem_shift.Entity_assembly_ID	_Atom_chem_shift.Entity_assembly_asym_ID	_Atom_chem_shift.Entity_ID	_Atom_chem_shift.Comp_index_ID	_Atom_chem_shift.Seq_ID	_Atom_chem_shift.Comp_ID	_Atom_chem_shift.Atom_ID	_Atom_chem_shift.Atom_type	_Atom_chem_shift.Atom_isotope_number	_Atom_chem_shift.Val	_Atom_chem_shift.Val_err	_Atom_chem_shift.Assign_fig_of_merit	_Atom_chem_shift.Ambiguity_code	_Atom_chem_shift.Ambiguity_set_ID	_Atom_chem_shift.Occupancy	_Atom_chem_shift.Resonance_ID	_Atom_chem_shift.Auth_entity_assembly_ID	_Atom_chem_shift.Auth_asym_ID	_Atom_chem_shift.Auth_seq_ID	_Atom_chem_shift.Auth_comp_ID	_Atom_chem_shift.Auth_atom_ID	_Atom_chem_shift.Details	_Atom_chem_shift.Entry_ID	_Atom_chem_shift.Assigned_chem_shift_list_ID
1,.,.,.,1,CA,13,C,.,CA,L,.,50,LEU,50,.,1,1,.,51461,138,.,.,50,54.207,.,_Atom_chem_shift.ID	_Atom_chem_shift.Assembly_atom_ID	_Atom_chem_shift.Entity_assembly_ID	_Atom_chem_shift.Entity_assembly_asym_ID	_Atom_chem_shift.Entity_ID	_Atom_chem_shift.Comp_index_ID	_Atom_chem_shift.Seq_ID	_Atom_chem_shift.Comp_ID	_Atom_chem_shift.Atom_ID	_Atom_chem_shift.Atom_type	_Atom_chem_shift.Atom_isotope_number	_Atom_chem_shift.Val	_Atom_chem_shift.Val_err	_Atom_chem_shift.Assign_fig_of_merit	_Atom_chem_shift.Ambiguity_code	_Atom_chem_shift.Ambiguity_set_ID	_Atom_chem_shift.Occupancy	_Atom_chem_shift.Resonance_ID	_Atom_chem_shift.Auth_entity_assembly_ID	_Atom_chem_shift.Auth_asym_ID	_Atom_chem_shift.Auth_seq_ID	_Atom_chem_shift.Auth_comp_ID	_Atom_chem_shift.Auth_atom_ID	_Atom_chem_shift.Details	_Atom_chem_shift.Entry_ID	_Atom_chem_shift.Assigned_chem_shift_list_ID
1,.,.,.,1,N,15,N,.,N,L,.,50,LEU,50,.,1,1,.,51461,139,.,.,50,125.855,.,_Atom_chem_shift.ID	_Atom_chem_shift.Assembly_atom_ID	_Atom_chem_shift.Entity_assembly_ID	_Atom_chem_shift.Entity_assembly_asym_ID	_Atom_chem_shift.Entity_ID	_Atom_chem_shift.Comp_index_ID	_Atom_chem_shift.Seq_ID	_Atom_chem_shift.Comp_ID	_Atom_chem_shift.Atom_ID	_Atom_chem_shift.Atom_type	_Atom_chem_shift.Atom_isotope_number	_Atom_chem_shift.Val	_Atom_chem_shift.Val_err	_Atom_chem_shift.Assign_fig_of_merit	_Atom_chem_shift.Ambiguity_code	_Atom_chem_shift.Ambiguity_set_ID	_Atom_chem_shift.Occupancy	_Atom_chem_shift.Resonance_ID	_Atom_chem_shift.Auth_entity_assembly_ID	_Atom_chem_shift.Auth_asym_ID	_Atom_chem_shift.Auth_seq_ID	_Atom_chem_shift.Auth_comp_ID	_Atom_chem_shift.Auth_atom_ID	_Atom_chem_shift.Details	_Atom_chem_shift.Entry_ID	_Atom_chem_shift.Assigned_chem_shift_list_ID
1,.,.,.,1,H,1,H,.,HN,E,.,51,GLU,51,.,1,1,.,51461,140,.,.,51,8.209,.,_Atom_chem_shift.ID	_Atom_chem_shift.Assembly_atom_ID	_Atom_chem_shift.Entity_assembly_ID	_Atom_chem_shift.Entity_assembly_asym_ID	_Atom_chem_shift.Entity_ID	_Atom_chem_shift.Comp_index_ID	_Atom_chem_shift.Seq_ID	_Atom_chem_shift.Comp_ID	_Atom_chem_shift.Atom_ID	_Atom_chem_shift.Atom_type	_Atom_chem_shift.Atom_isotope_number	_Atom_chem_shift.Val	_Atom_chem_shift.Val_err	_Atom_chem_shift.Assign_fig_of_merit	_Atom_chem_shift.Ambiguity_code	_Atom_chem_shift.Ambiguity_set_ID	_Atom_chem_shift.Occupancy	_Atom_chem_shift.Resonance_ID	_Atom_chem_shift.Auth_entity_assembly_ID	_Atom_chem_shift.Auth_asym_ID	_Atom_chem_shift.Auth_seq_ID	_Atom_chem_shift.Auth_comp_ID	_Atom_chem_shift.Auth_atom_ID	_Atom_chem_shift.Details	_Atom_chem_shift.Entry_ID	_Atom_chem_shift.Assigned_chem_shift_list_ID
1,.,.,.,1,CA,13,C,.,CA,E,.,51,GLU,51,.,1,1,.,51461,141,.,.,51,55.711,.,_Atom_chem_shift.ID	_Atom_chem_shift.Assembly_atom_ID	_Atom_chem_shift.Entity_assembly_ID	_Atom_chem_shift.Entity_assembly_asym_ID	_Atom_chem_shift.Entity_ID	_Atom_chem_shift.Comp_index_ID	_Atom_chem_shift.Seq_ID	_Atom_chem_shift.Comp_ID	_Atom_chem_shift.Atom_ID	_Atom_chem_shift.Atom_type	_Atom_chem_shift.Atom_isotope_number	_Atom_chem_shift.Val	_Atom_chem_shift.Val_err	_Atom_chem_shift.Assign_fig_of_merit	_Atom_chem_shift.Ambiguity_code	_Atom_chem_shift.Ambiguity_set_ID	_Atom_chem_shift.Occupancy	_Atom_chem_shift.Resonance_ID	_Atom_chem_shift.Auth_entity_assembly_ID	_Atom_chem_shift.Auth_asym_ID	_Atom_chem_shift.Auth_seq_ID	_Atom_chem_shift.Auth_comp_ID	_Atom_chem_shift.Auth_atom_ID	_Atom_chem_shift.Details	_Atom_chem_shift.Entry_ID	_Atom_chem_shift.Assigned_chem_shift_list_ID
1,.,.,.,1,N,15,N,.,N,E,.,51,GLU,51,.,1,1,.,51461,142,.,.,51,123.217,.,_Atom_chem_shift.ID	_Atom_chem_shift.Assembly_atom_ID	_Atom_chem_shift.Entity_assembly_ID	_Atom_chem_shift.Entity_assembly_asym_ID	_Atom_chem_shift.Entity_ID	_Atom_chem_shift.Comp_index_ID	_Atom_chem_shift.Seq_ID	_Atom_chem_shift.Comp_ID	_Atom_chem_shift.Atom_ID	_Atom_chem_shift.Atom_type	_Atom_chem_shift.Atom_isotope_number	_Atom_chem_shift.Val	_Atom_chem_shift.Val_err	_Atom_chem_shift.Assign_fig_of_merit	_Atom_chem_shift.Ambiguity_code	_Atom_chem_shift.Ambiguity_set_ID	_Atom_chem_shift.Occupancy	_Atom_chem_shift.Resonance_ID	_Atom_chem_shift.Auth_entity_assembly_ID	_Atom_chem_shift.Auth_asym_ID	_Atom_chem_shift.Auth_seq_ID	_Atom_chem_shift.Auth_comp_ID	_Atom_chem_shift.Auth_atom_ID	_Atom_chem_shift.Details	_Atom_chem_shift.Entry_ID	_Atom_chem_shift.Assigned_chem_shift_list_ID
1,.,.,.,1,H,1,H,.,HN,D,.,52,ASP,52,.,1,1,.,51461,143,.,.,52,7.980,.,_Atom_chem_shift.ID	_Atom_chem_shift.Assembly_atom_ID	_Atom_chem_shift.Entity_assembly_ID	_Atom_chem_shift.Entity_assembly_asym_ID	_Atom_chem_shift.Entity_ID	_Atom_chem_shift.Comp_index_ID	_Atom_chem_shift.Seq_ID	_Atom_chem_shift.Comp_ID	_Atom_chem_shift.Atom_ID	_Atom_chem_shift.Atom_type	_Atom_chem_shift.Atom_isotope_number	_Atom_chem_shift.Val	_Atom_chem_shift.Val_err	_Atom_chem_shift.Assign_fig_of_merit	_Atom_chem_shift.Ambiguity_code	_Atom_chem_shift.Ambiguity_set_ID	_Atom_chem_shift.Occupancy	_Atom_chem_shift.Resonance_ID	_Atom_chem_shift.Auth_entity_assembly_ID	_Atom_chem_shift.Auth_asym_ID	_Atom_chem_shift.Auth_seq_ID	_Atom_chem_shift.Auth_comp_ID	_Atom_chem_shift.Auth_atom_ID	_Atom_chem_shift.Details	_Atom_chem_shift.Entry_ID	_Atom_chem_shift.Assigned_chem_shift_list_ID
1,.,.,.,1,CA,13,C,.,CA,D,.,52,ASP,52,.,1,1,.,51461,144,.,.,52,56.395,.,_Atom_chem_shift.ID	_Atom_chem_shift.Assembly_atom_ID	_Atom_chem_shift.Entity_assembly_ID	_Atom_chem_shift.Entity_assembly_asym_ID	_Atom_chem_shift.Entity_ID	_Atom_chem_shift.Comp_index_ID	_Atom_chem_shift.Seq_ID	_Atom_chem_shift.Comp_ID	_Atom_chem_shift.Atom_ID	_Atom_chem_shift.Atom_type	_Atom_chem_shift.Atom_isotope_number	_Atom_chem_shift.Val	_Atom_chem_shift.Val_err	_Atom_chem_shift.Assign_fig_of_merit	_Atom_chem_shift.Ambiguity_code	_Atom_chem_shift.Ambiguity_set_ID	_Atom_chem_shift.Occupancy	_Atom_chem_shift.Resonance_ID	_Atom_chem_shift.Auth_entity_assembly_ID	_Atom_chem_shift.Auth_asym_ID	_Atom_chem_shift.Auth_seq_ID	_Atom_chem_shift.Auth_comp_ID	_Atom_chem_shift.Auth_atom_ID	_Atom_chem_shift.Details	_Atom_chem_shift.Entry_ID	_Atom_chem_shift.Assigned_chem_shift_list_ID
1,.,.,.,1,N,15,N,.,N,D,.,52,ASP,52,.,1,1,.,51461,145,.,.,52,120.437,.,_Atom_chem_shift.ID	_Atom_chem_shift.Assembly_atom_ID	_Atom_chem_shift.Entity_assembly_ID	_Atom_chem_shift.Entity_assembly_asym_ID	_Atom_chem_shift.Entity_ID	_Atom_chem_shift.Comp_index_ID	_Atom_chem_shift.Seq_ID	_Atom_chem_shift.Comp_ID	_Atom_chem_shift.Atom_ID	_Atom_chem_shift.Atom_type	_Atom_chem_shift.Atom_isotope_number	_Atom_chem_shift.Val	_Atom_chem_shift.Val_err	_Atom_chem_shift.Assign_fig_of_merit	_Atom_chem_shift.Ambiguity_code	_Atom_chem_shift.Ambiguity_set_ID	_Atom_chem_shift.Occupancy	_Atom_chem_shift.Resonance_ID	_Atom_chem_shift.Auth_entity_assembly_ID	_Atom_chem_shift.Auth_asym_ID	_Atom_chem_shift.Auth_seq_ID	_Atom_chem_shift.Auth_comp_ID	_Atom_chem_shift.Auth_atom_ID	_Atom_chem_shift.Details	_Atom_chem_shift.Entry_ID	_Atom_chem_shift.Assigned_chem_shift_list_ID
1,.,.,.,1,CA,13,C,.,CA,G,.,53,GLY,53,.,1,1,.,51461,146,.,.,53,45.047,.,_Atom_chem_shift.ID	_Atom_chem_shift.Assembly_atom_ID	_Atom_chem_shift.Entity_assembly_ID	_Atom_chem_shift.Entity_assembly_asym_ID	_Atom_chem_shift.Entity_ID	_Atom_chem_shift.Comp_index_ID	_Atom_chem_shift.Seq_ID	_Atom_chem_shift.Comp_ID	_Atom_chem_shift.Atom_ID	_Atom_chem_shift.Atom_type	_Atom_chem_shift.Atom_isotope_number	_Atom_chem_shift.Val	_Atom_chem_shift.Val_err	_Atom_chem_shift.Assign_fig_of_merit	_Atom_chem_shift.Ambiguity_code	_Atom_chem_shift.Ambiguity_set_ID	_Atom_chem_shift.Occupancy	_Atom_chem_shift.Resonance_ID	_Atom_chem_shift.Auth_entity_assembly_ID	_Atom_chem_shift.Auth_asym_ID	_Atom_chem_shift.Auth_seq_ID	_Atom_chem_shift.Auth_comp_ID	_Atom_chem_shift.Auth_atom_ID	_Atom_chem_shift.Details	_Atom_chem_shift.Entry_ID	_Atom_chem_shift.Assigned_chem_shift_list_ID
1,.,.,.,1,H,1,H,.,HN,R,.,54,ARG,54,.,1,1,.,51461,147,.,.,54,7.268,.,_Atom_chem_shift.ID	_Atom_chem_shift.Assembly_atom_ID	_Atom_chem_shift.Entity_assembly_ID	_Atom_chem_shift.Entity_assembly_asym_ID	_Atom_chem_shift.Entity_ID	_Atom_chem_shift.Comp_index_ID	_Atom_chem_shift.Seq_ID	_Atom_chem_shift.Comp_ID	_Atom_chem_shift.Atom_ID	_Atom_chem_shift.Atom_type	_Atom_chem_shift.Atom_isotope_number	_Atom_chem_shift.Val	_Atom_chem_shift.Val_err	_Atom_chem_shift.Assign_fig_of_merit	_Atom_chem_shift.Ambiguity_code	_Atom_chem_shift.Ambiguity_set_ID	_Atom_chem_shift.Occupancy	_Atom_chem_shift.Resonance_ID	_Atom_chem_shift.Auth_entity_assembly_ID	_Atom_chem_shift.Auth_asym_ID	_Atom_chem_shift.Auth_seq_ID	_Atom_chem_shift.Auth_comp_ID	_Atom_chem_shift.Auth_atom_ID	_Atom_chem_shift.Details	_Atom_chem_shift.Entry_ID	_Atom_chem_shift.Assigned_chem_shift_list_ID
1,.,.,.,1,CA,13,C,.,CA,R,.,54,ARG,54,.,1,1,.,51461,148,.,.,54,54.070,.,_Atom_chem_shift.ID	_Atom_chem_shift.Assembly_atom_ID	_Atom_chem_shift.Entity_assembly_ID	_Atom_chem_shift.Entity_assembly_asym_ID	_Atom_chem_shift.Entity_ID	_Atom_chem_shift.Comp_index_ID	_Atom_chem_shift.Seq_ID	_Atom_chem_shift.Comp_ID	_Atom_chem_shift.Atom_ID	_Atom_chem_shift.Atom_type	_Atom_chem_shift.Atom_isotope_number	_Atom_chem_shift.Val	_Atom_chem_shift.Val_err	_Atom_chem_shift.Assign_fig_of_merit	_Atom_chem_shift.Ambiguity_code	_Atom_chem_shift.Ambiguity_set_ID	_Atom_chem_shift.Occupancy	_Atom_chem_shift.Resonance_ID	_Atom_chem_shift.Auth_entity_assembly_ID	_Atom_chem_shift.Auth_asym_ID	_Atom_chem_shift.Auth_seq_ID	_Atom_chem_shift.Auth_comp_ID	_Atom_chem_shift.Auth_atom_ID	_Atom_chem_shift.Details	_Atom_chem_shift.Entry_ID	_Atom_chem_shift.Assigned_chem_shift_list_ID
1,.,.,.,1,N,15,N,.,N,R,.,54,ARG,54,.,1,1,.,51461,149,.,.,54,119.439,.,_Atom_chem_shift.ID	_Atom_chem_shift.Assembly_atom_ID	_Atom_chem_shift.Entity_assembly_ID	_Atom_chem_shift.Entity_assembly_asym_ID	_Atom_chem_shift.Entity_ID	_Atom_chem_shift.Comp_index_ID	_Atom_chem_shift.Seq_ID	_Atom_chem_shift.Comp_ID	_Atom_chem_shift.Atom_ID	_Atom_chem_shift.Atom_type	_Atom_chem_shift.Atom_isotope_number	_Atom_chem_shift.Val	_Atom_chem_shift.Val_err	_Atom_chem_shift.Assign_fig_of_merit	_Atom_chem_shift.Ambiguity_code	_Atom_chem_shift.Ambiguity_set_ID	_Atom_chem_shift.Occupancy	_Atom_chem_shift.Resonance_ID	_Atom_chem_shift.Auth_entity_assembly_ID	_Atom_chem_shift.Auth_asym_ID	_Atom_chem_shift.Auth_seq_ID	_Atom_chem_shift.Auth_comp_ID	_Atom_chem_shift.Auth_atom_ID	_Atom_chem_shift.Details	_Atom_chem_shift.Entry_ID	_Atom_chem_shift.Assigned_chem_shift_list_ID
1,.,.,.,1,H,1,H,.,HN,T,.,55,THR,55,.,1,1,.,51461,150,.,.,55,8.653,.,_Atom_chem_shift.ID	_Atom_chem_shift.Assembly_atom_ID	_Atom_chem_shift.Entity_assembly_ID	_Atom_chem_shift.Entity_assembly_asym_ID	_Atom_chem_shift.Entity_ID	_Atom_chem_shift.Comp_index_ID	_Atom_chem_shift.Seq_ID	_Atom_chem_shift.Comp_ID	_Atom_chem_shift.Atom_ID	_Atom_chem_shift.Atom_type	_Atom_chem_shift.Atom_isotope_number	_Atom_chem_shift.Val	_Atom_chem_shift.Val_err	_Atom_chem_shift.Assign_fig_of_merit	_Atom_chem_shift.Ambiguity_code	_Atom_chem_shift.Ambiguity_set_ID	_Atom_chem_shift.Occupancy	_Atom_chem_shift.Resonance_ID	_Atom_chem_shift.Auth_entity_assembly_ID	_Atom_chem_shift.Auth_asym_ID	_Atom_chem_shift.Auth_seq_ID	_Atom_chem_shift.Auth_comp_ID	_Atom_chem_shift.Auth_atom_ID	_Atom_chem_shift.Details	_Atom_chem_shift.Entry_ID	_Atom_chem_shift.Assigned_chem_shift_list_ID
1,.,.,.,1,CA,13,C,.,CA,T,.,55,THR,55,.,1,1,.,51461,151,.,.,55,59.676,.,_Atom_chem_shift.ID	_Atom_chem_shift.Assembly_atom_ID	_Atom_chem_shift.Entity_assembly_ID	_Atom_chem_shift.Entity_assembly_asym_ID	_Atom_chem_shift.Entity_ID	_Atom_chem_shift.Comp_index_ID	_Atom_chem_shift.Seq_ID	_Atom_chem_shift.Comp_ID	_Atom_chem_shift.Atom_ID	_Atom_chem_shift.Atom_type	_Atom_chem_shift.Atom_isotope_number	_Atom_chem_shift.Val	_Atom_chem_shift.Val_err	_Atom_chem_shift.Assign_fig_of_merit	_Atom_chem_shift.Ambiguity_code	_Atom_chem_shift.Ambiguity_set_ID	_Atom_chem_shift.Occupancy	_Atom_chem_shift.Resonance_ID	_Atom_chem_shift.Auth_entity_assembly_ID	_Atom_chem_shift.Auth_asym_ID	_Atom_chem_shift.Auth_seq_ID	_Atom_chem_shift.Auth_comp_ID	_Atom_chem_shift.Auth_atom_ID	_Atom_chem_shift.Details	_Atom_chem_shift.Entry_ID	_Atom_chem_shift.Assigned_chem_shift_list_ID
1,.,.,.,1,N,15,N,.,N,T,.,55,THR,55,.,1,1,.,51461,152,.,.,55,109.244,.,_Atom_chem_shift.ID	_Atom_chem_shift.Assembly_atom_ID	_Atom_chem_shift.Entity_assembly_ID	_Atom_chem_shift.Entity_assembly_asym_ID	_Atom_chem_shift.Entity_ID	_Atom_chem_shift.Comp_index_ID	_Atom_chem_shift.Seq_ID	_Atom_chem_shift.Comp_ID	_Atom_chem_shift.Atom_ID	_Atom_chem_shift.Atom_type	_Atom_chem_shift.Atom_isotope_number	_Atom_chem_shift.Val	_Atom_chem_shift.Val_err	_Atom_chem_shift.Assign_fig_of_merit	_Atom_chem_shift.Ambiguity_code	_Atom_chem_shift.Ambiguity_set_ID	_Atom_chem_shift.Occupancy	_Atom_chem_shift.Resonance_ID	_Atom_chem_shift.Auth_entity_assembly_ID	_Atom_chem_shift.Auth_asym_ID	_Atom_chem_shift.Auth_seq_ID	_Atom_chem_shift.Auth_comp_ID	_Atom_chem_shift.Auth_atom_ID	_Atom_chem_shift.Details	_Atom_chem_shift.Entry_ID	_Atom_chem_shift.Assigned_chem_shift_list_ID
1,.,.,.,1,H,1,H,.,HN,L,.,56,LEU,56,.,1,1,.,51461,153,.,.,56,8.005,.,_Atom_chem_shift.ID	_Atom_chem_shift.Assembly_atom_ID	_Atom_chem_shift.Entity_assembly_ID	_Atom_chem_shift.Entity_assembly_asym_ID	_Atom_chem_shift.Entity_ID	_Atom_chem_shift.Comp_index_ID	_Atom_chem_shift.Seq_ID	_Atom_chem_shift.Comp_ID	_Atom_chem_shift.Atom_ID	_Atom_chem_shift.Atom_type	_Atom_chem_shift.Atom_isotope_number	_Atom_chem_shift.Val	_Atom_chem_shift.Val_err	_Atom_chem_shift.Assign_fig_of_merit	_Atom_chem_shift.Ambiguity_code	_Atom_chem_shift.Ambiguity_set_ID	_Atom_chem_shift.Occupancy	_Atom_chem_shift.Resonance_ID	_Atom_chem_shift.Auth_entity_assembly_ID	_Atom_chem_shift.Auth_asym_ID	_Atom_chem_shift.Auth_seq_ID	_Atom_chem_shift.Auth_comp_ID	_Atom_chem_shift.Auth_atom_ID	_Atom_chem_shift.Details	_Atom_chem_shift.Entry_ID	_Atom_chem_shift.Assigned_chem_shift_list_ID
1,.,.,.,1,CA,13,C,.,CA,L,.,56,LEU,56,.,1,1,.,51461,154,.,.,56,58.582,.,_Atom_chem_shift.ID	_Atom_chem_shift.Assembly_atom_ID	_Atom_chem_shift.Entity_assembly_ID	_Atom_chem_shift.Entity_assembly_asym_ID	_Atom_chem_shift.Entity_ID	_Atom_chem_shift.Comp_index_ID	_Atom_chem_shift.Seq_ID	_Atom_chem_shift.Comp_ID	_Atom_chem_shift.Atom_ID	_Atom_chem_shift.Atom_type	_Atom_chem_shift.Atom_isotope_number	_Atom_chem_shift.Val	_Atom_chem_shift.Val_err	_Atom_chem_shift.Assign_fig_of_merit	_Atom_chem_shift.Ambiguity_code	_Atom_chem_shift.Ambiguity_set_ID	_Atom_chem_shift.Occupancy	_Atom_chem_shift.Resonance_ID	_Atom_chem_shift.Auth_entity_assembly_ID	_Atom_chem_shift.Auth_asym_ID	_Atom_chem_shift.Auth_seq_ID	_Atom_chem_shift.Auth_comp_ID	_Atom_chem_shift.Auth_atom_ID	_Atom_chem_shift.Details	_Atom_chem_shift.Entry_ID	_Atom_chem_shift.Assigned_chem_shift_list_ID
1,.,.,.,1,N,15,N,.,N,L,.,56,LEU,56,.,1,1,.,51461,155,.,.,56,118.512,.,_Atom_chem_shift.ID	_Atom_chem_shift.Assembly_atom_ID	_Atom_chem_shift.Entity_assembly_ID	_Atom_chem_shift.Entity_assembly_asym_ID	_Atom_chem_shift.Entity_ID	_Atom_chem_shift.Comp_index_ID	_Atom_chem_shift.Seq_ID	_Atom_chem_shift.Comp_ID	_Atom_chem_shift.Atom_ID	_Atom_chem_shift.Atom_type	_Atom_chem_shift.Atom_isotope_number	_Atom_chem_shift.Val	_Atom_chem_shift.Val_err	_Atom_chem_shift.Assign_fig_of_merit	_Atom_chem_shift.Ambiguity_code	_Atom_chem_shift.Ambiguity_set_ID	_Atom_chem_shift.Occupancy	_Atom_chem_shift.Resonance_ID	_Atom_chem_shift.Auth_entity_assembly_ID	_Atom_chem_shift.Auth_asym_ID	_Atom_chem_shift.Auth_seq_ID	_Atom_chem_shift.Auth_comp_ID	_Atom_chem_shift.Auth_atom_ID	_Atom_chem_shift.Details	_Atom_chem_shift.Entry_ID	_Atom_chem_shift.Assigned_chem_shift_list_ID
1,.,.,.,1,H,1,H,.,HN,S,.,57,SER,57,.,1,1,.,51461,156,.,.,57,8.361,.,_Atom_chem_shift.ID	_Atom_chem_shift.Assembly_atom_ID	_Atom_chem_shift.Entity_assembly_ID	_Atom_chem_shift.Entity_assembly_asym_ID	_Atom_chem_shift.Entity_ID	_Atom_chem_shift.Comp_index_ID	_Atom_chem_shift.Seq_ID	_Atom_chem_shift.Comp_ID	_Atom_chem_shift.Atom_ID	_Atom_chem_shift.Atom_type	_Atom_chem_shift.Atom_isotope_number	_Atom_chem_shift.Val	_Atom_chem_shift.Val_err	_Atom_chem_shift.Assign_fig_of_merit	_Atom_chem_shift.Ambiguity_code	_Atom_chem_shift.Ambiguity_set_ID	_Atom_chem_shift.Occupancy	_Atom_chem_shift.Resonance_ID	_Atom_chem_shift.Auth_entity_assembly_ID	_Atom_chem_shift.Auth_asym_ID	_Atom_chem_shift.Auth_seq_ID	_Atom_chem_shift.Auth_comp_ID	_Atom_chem_shift.Auth_atom_ID	_Atom_chem_shift.Details	_Atom_chem_shift.Entry_ID	_Atom_chem_shift.Assigned_chem_shift_list_ID
1,.,.,.,1,CA,13,C,.,CA,S,.,57,SER,57,.,1,1,.,51461,157,.,.,57,61.043,.,_Atom_chem_shift.ID	_Atom_chem_shift.Assembly_atom_ID	_Atom_chem_shift.Entity_assembly_ID	_Atom_chem_shift.Entity_assembly_asym_ID	_Atom_chem_shift.Entity_ID	_Atom_chem_shift.Comp_index_ID	_Atom_chem_shift.Seq_ID	_Atom_chem_shift.Comp_ID	_Atom_chem_shift.Atom_ID	_Atom_chem_shift.Atom_type	_Atom_chem_shift.Atom_isotope_number	_Atom_chem_shift.Val	_Atom_chem_shift.Val_err	_Atom_chem_shift.Assign_fig_of_merit	_Atom_chem_shift.Ambiguity_code	_Atom_chem_shift.Ambiguity_set_ID	_Atom_chem_shift.Occupancy	_Atom_chem_shift.Resonance_ID	_Atom_chem_shift.Auth_entity_assembly_ID	_Atom_chem_shift.Auth_asym_ID	_Atom_chem_shift.Auth_seq_ID	_Atom_chem_shift.Auth_comp_ID	_Atom_chem_shift.Auth_atom_ID	_Atom_chem_shift.Details	_Atom_chem_shift.Entry_ID	_Atom_chem_shift.Assigned_chem_shift_list_ID
1,.,.,.,1,N,15,N,.,N,S,.,57,SER,57,.,1,1,.,51461,158,.,.,57,113.807,.,_Atom_chem_shift.ID	_Atom_chem_shift.Assembly_atom_ID	_Atom_chem_shift.Entity_assembly_ID	_Atom_chem_shift.Entity_assembly_asym_ID	_Atom_chem_shift.Entity_ID	_Atom_chem_shift.Comp_index_ID	_Atom_chem_shift.Seq_ID	_Atom_chem_shift.Comp_ID	_Atom_chem_shift.Atom_ID	_Atom_chem_shift.Atom_type	_Atom_chem_shift.Atom_isotope_number	_Atom_chem_shift.Val	_Atom_chem_shift.Val_err	_Atom_chem_shift.Assign_fig_of_merit	_Atom_chem_shift.Ambiguity_code	_Atom_chem_shift.Ambiguity_set_ID	_Atom_chem_shift.Occupancy	_Atom_chem_shift.Resonance_ID	_Atom_chem_shift.Auth_entity_assembly_ID	_Atom_chem_shift.Auth_asym_ID	_Atom_chem_shift.Auth_seq_ID	_Atom_chem_shift.Auth_comp_ID	_Atom_chem_shift.Auth_atom_ID	_Atom_chem_shift.Details	_Atom_chem_shift.Entry_ID	_Atom_chem_shift.Assigned_chem_shift_list_ID
1,.,.,.,1,H,1,H,.,HN,D,.,58,ASP,58,.,1,1,.,51461,159,.,.,58,7.764,.,_Atom_chem_shift.ID	_Atom_chem_shift.Assembly_atom_ID	_Atom_chem_shift.Entity_assembly_ID	_Atom_chem_shift.Entity_assembly_asym_ID	_Atom_chem_shift.Entity_ID	_Atom_chem_shift.Comp_index_ID	_Atom_chem_shift.Seq_ID	_Atom_chem_shift.Comp_ID	_Atom_chem_shift.Atom_ID	_Atom_chem_shift.Atom_type	_Atom_chem_shift.Atom_isotope_number	_Atom_chem_shift.Val	_Atom_chem_shift.Val_err	_Atom_chem_shift.Assign_fig_of_merit	_Atom_chem_shift.Ambiguity_code	_Atom_chem_shift.Ambiguity_set_ID	_Atom_chem_shift.Occupancy	_Atom_chem_shift.Resonance_ID	_Atom_chem_shift.Auth_entity_assembly_ID	_Atom_chem_shift.Auth_asym_ID	_Atom_chem_shift.Auth_seq_ID	_Atom_chem_shift.Auth_comp_ID	_Atom_chem_shift.Auth_atom_ID	_Atom_chem_shift.Details	_Atom_chem_shift.Entry_ID	_Atom_chem_shift.Assigned_chem_shift_list_ID
1,.,.,.,1,CA,13,C,.,CA,D,.,58,ASP,58,.,1,1,.,51461,160,.,.,58,57.352,.,_Atom_chem_shift.ID	_Atom_chem_shift.Assembly_atom_ID	_Atom_chem_shift.Entity_assembly_ID	_Atom_chem_shift.Entity_assembly_asym_ID	_Atom_chem_shift.Entity_ID	_Atom_chem_shift.Comp_index_ID	_Atom_chem_shift.Seq_ID	_Atom_chem_shift.Comp_ID	_Atom_chem_shift.Atom_ID	_Atom_chem_shift.Atom_type	_Atom_chem_shift.Atom_isotope_number	_Atom_chem_shift.Val	_Atom_chem_shift.Val_err	_Atom_chem_shift.Assign_fig_of_merit	_Atom_chem_shift.Ambiguity_code	_Atom_chem_shift.Ambiguity_set_ID	_Atom_chem_shift.Occupancy	_Atom_chem_shift.Resonance_ID	_Atom_chem_shift.Auth_entity_assembly_ID	_Atom_chem_shift.Auth_asym_ID	_Atom_chem_shift.Auth_seq_ID	_Atom_chem_shift.Auth_comp_ID	_Atom_chem_shift.Auth_atom_ID	_Atom_chem_shift.Details	_Atom_chem_shift.Entry_ID	_Atom_chem_shift.Assigned_chem_shift_list_ID
1,.,.,.,1,N,15,N,.,N,D,.,58,ASP,58,.,1,1,.,51461,161,.,.,58,124.785,.,_Atom_chem_shift.ID	_Atom_chem_shift.Assembly_atom_ID	_Atom_chem_shift.Entity_assembly_ID	_Atom_chem_shift.Entity_assembly_asym_ID	_Atom_chem_shift.Entity_ID	_Atom_chem_shift.Comp_index_ID	_Atom_chem_shift.Seq_ID	_Atom_chem_shift.Comp_ID	_Atom_chem_shift.Atom_ID	_Atom_chem_shift.Atom_type	_Atom_chem_shift.Atom_isotope_number	_Atom_chem_shift.Val	_Atom_chem_shift.Val_err	_Atom_chem_shift.Assign_fig_of_merit	_Atom_chem_shift.Ambiguity_code	_Atom_chem_shift.Ambiguity_set_ID	_Atom_chem_shift.Occupancy	_Atom_chem_shift.Resonance_ID	_Atom_chem_shift.Auth_entity_assembly_ID	_Atom_chem_shift.Auth_asym_ID	_Atom_chem_shift.Auth_seq_ID	_Atom_chem_shift.Auth_comp_ID	_Atom_chem_shift.Auth_atom_ID	_Atom_chem_shift.Details	_Atom_chem_shift.Entry_ID	_Atom_chem_shift.Assigned_chem_shift_list_ID
1,.,.,.,1,H,1,H,.,HN,Y,.,59,TYR,59,.,1,1,.,51461,162,.,.,59,7.103,.,_Atom_chem_shift.ID	_Atom_chem_shift.Assembly_atom_ID	_Atom_chem_shift.Entity_assembly_ID	_Atom_chem_shift.Entity_assembly_asym_ID	_Atom_chem_shift.Entity_ID	_Atom_chem_shift.Comp_index_ID	_Atom_chem_shift.Seq_ID	_Atom_chem_shift.Comp_ID	_Atom_chem_shift.Atom_ID	_Atom_chem_shift.Atom_type	_Atom_chem_shift.Atom_isotope_number	_Atom_chem_shift.Val	_Atom_chem_shift.Val_err	_Atom_chem_shift.Assign_fig_of_merit	_Atom_chem_shift.Ambiguity_code	_Atom_chem_shift.Ambiguity_set_ID	_Atom_chem_shift.Occupancy	_Atom_chem_shift.Resonance_ID	_Atom_chem_shift.Auth_entity_assembly_ID	_Atom_chem_shift.Auth_asym_ID	_Atom_chem_shift.Auth_seq_ID	_Atom_chem_shift.Auth_comp_ID	_Atom_chem_shift.Auth_atom_ID	_Atom_chem_shift.Details	_Atom_chem_shift.Entry_ID	_Atom_chem_shift.Assigned_chem_shift_list_ID
1,.,.,.,1,CA,13,C,.,CA,Y,.,59,TYR,59,.,1,1,.,51461,163,.,.,59,58.172,.,_Atom_chem_shift.ID	_Atom_chem_shift.Assembly_atom_ID	_Atom_chem_shift.Entity_assembly_ID	_Atom_chem_shift.Entity_assembly_asym_ID	_Atom_chem_shift.Entity_ID	_Atom_chem_shift.Comp_index_ID	_Atom_chem_shift.Seq_ID	_Atom_chem_shift.Comp_ID	_Atom_chem_shift.Atom_ID	_Atom_chem_shift.Atom_type	_Atom_chem_shift.Atom_isotope_number	_Atom_chem_shift.Val	_Atom_chem_shift.Val_err	_Atom_chem_shift.Assign_fig_of_merit	_Atom_chem_shift.Ambiguity_code	_Atom_chem_shift.Ambiguity_set_ID	_Atom_chem_shift.Occupancy	_Atom_chem_shift.Resonance_ID	_Atom_chem_shift.Auth_entity_assembly_ID	_Atom_chem_shift.Auth_asym_ID	_Atom_chem_shift.Auth_seq_ID	_Atom_chem_shift.Auth_comp_ID	_Atom_chem_shift.Auth_atom_ID	_Atom_chem_shift.Details	_Atom_chem_shift.Entry_ID	_Atom_chem_shift.Assigned_chem_shift_list_ID
1,.,.,.,1,N,15,N,.,N,Y,.,59,TYR,59,.,1,1,.,51461,164,.,.,59,116.017,.,_Atom_chem_shift.ID	_Atom_chem_shift.Assembly_atom_ID	_Atom_chem_shift.Entity_assembly_ID	_Atom_chem_shift.Entity_assembly_asym_ID	_Atom_chem_shift.Entity_ID	_Atom_chem_shift.Comp_index_ID	_Atom_chem_shift.Seq_ID	_Atom_chem_shift.Comp_ID	_Atom_chem_shift.Atom_ID	_Atom_chem_shift.Atom_type	_Atom_chem_shift.Atom_isotope_number	_Atom_chem_shift.Val	_Atom_chem_shift.Val_err	_Atom_chem_shift.Assign_fig_of_merit	_Atom_chem_shift.Ambiguity_code	_Atom_chem_shift.Ambiguity_set_ID	_Atom_chem_shift.Occupancy	_Atom_chem_shift.Resonance_ID	_Atom_chem_shift.Auth_entity_assembly_ID	_Atom_chem_shift.Auth_asym_ID	_Atom_chem_shift.Auth_seq_ID	_Atom_chem_shift.Auth_comp_ID	_Atom_chem_shift.Auth_atom_ID	_Atom_chem_shift.Details	_Atom_chem_shift.Entry_ID	_Atom_chem_shift.Assigned_chem_shift_list_ID
1,.,.,.,1,H,1,H,.,HN,N,.,60,ASN,60,.,1,1,.,51461,165,.,.,60,7.993,.,_Atom_chem_shift.ID	_Atom_chem_shift.Assembly_atom_ID	_Atom_chem_shift.Entity_assembly_ID	_Atom_chem_shift.Entity_assembly_asym_ID	_Atom_chem_shift.Entity_ID	_Atom_chem_shift.Comp_index_ID	_Atom_chem_shift.Seq_ID	_Atom_chem_shift.Comp_ID	_Atom_chem_shift.Atom_ID	_Atom_chem_shift.Atom_type	_Atom_chem_shift.Atom_isotope_number	_Atom_chem_shift.Val	_Atom_chem_shift.Val_err	_Atom_chem_shift.Assign_fig_of_merit	_Atom_chem_shift.Ambiguity_code	_Atom_chem_shift.Ambiguity_set_ID	_Atom_chem_shift.Occupancy	_Atom_chem_shift.Resonance_ID	_Atom_chem_shift.Auth_entity_assembly_ID	_Atom_chem_shift.Auth_asym_ID	_Atom_chem_shift.Auth_seq_ID	_Atom_chem_shift.Auth_comp_ID	_Atom_chem_shift.Auth_atom_ID	_Atom_chem_shift.Details	_Atom_chem_shift.Entry_ID	_Atom_chem_shift.Assigned_chem_shift_list_ID
1,.,.,.,1,CA,13,C,.,CA,N,.,60,ASN,60,.,1,1,.,51461,166,.,.,60,54.070,.,_Atom_chem_shift.ID	_Atom_chem_shift.Assembly_atom_ID	_Atom_chem_shift.Entity_assembly_ID	_Atom_chem_shift.Entity_assembly_asym_ID	_Atom_chem_shift.Entity_ID	_Atom_chem_shift.Comp_index_ID	_Atom_chem_shift.Seq_ID	_Atom_chem_shift.Comp_ID	_Atom_chem_shift.Atom_ID	_Atom_chem_shift.Atom_type	_Atom_chem_shift.Atom_isotope_number	_Atom_chem_shift.Val	_Atom_chem_shift.Val_err	_Atom_chem_shift.Assign_fig_of_merit	_Atom_chem_shift.Ambiguity_code	_Atom_chem_shift.Ambiguity_set_ID	_Atom_chem_shift.Occupancy	_Atom_chem_shift.Resonance_ID	_Atom_chem_shift.Auth_entity_assembly_ID	_Atom_chem_shift.Auth_asym_ID	_Atom_chem_shift.Auth_seq_ID	_Atom_chem_shift.Auth_comp_ID	_Atom_chem_shift.Auth_atom_ID	_Atom_chem_shift.Details	_Atom_chem_shift.Entry_ID	_Atom_chem_shift.Assigned_chem_shift_list_ID
1,.,.,.,1,N,15,N,.,N,N,.,60,ASN,60,.,1,1,.,51461,167,.,.,60,116.088,.,_Atom_chem_shift.ID	_Atom_chem_shift.Assembly_atom_ID	_Atom_chem_shift.Entity_assembly_ID	_Atom_chem_shift.Entity_assembly_asym_ID	_Atom_chem_shift.Entity_ID	_Atom_chem_shift.Comp_index_ID	_Atom_chem_shift.Seq_ID	_Atom_chem_shift.Comp_ID	_Atom_chem_shift.Atom_ID	_Atom_chem_shift.Atom_type	_Atom_chem_shift.Atom_isotope_number	_Atom_chem_shift.Val	_Atom_chem_shift.Val_err	_Atom_chem_shift.Assign_fig_of_merit	_Atom_chem_shift.Ambiguity_code	_Atom_chem_shift.Ambiguity_set_ID	_Atom_chem_shift.Occupancy	_Atom_chem_shift.Resonance_ID	_Atom_chem_shift.Auth_entity_assembly_ID	_Atom_chem_shift.Auth_asym_ID	_Atom_chem_shift.Auth_seq_ID	_Atom_chem_shift.Auth_comp_ID	_Atom_chem_shift.Auth_atom_ID	_Atom_chem_shift.Details	_Atom_chem_shift.Entry_ID	_Atom_chem_shift.Assigned_chem_shift_list_ID
1,.,.,.,1,H,1,H,.,HN,I,.,61,ILE,61,.,1,1,.,51461,168,.,.,61,7.027,.,_Atom_chem_shift.ID	_Atom_chem_shift.Assembly_atom_ID	_Atom_chem_shift.Entity_assembly_ID	_Atom_chem_shift.Entity_assembly_asym_ID	_Atom_chem_shift.Entity_ID	_Atom_chem_shift.Comp_index_ID	_Atom_chem_shift.Seq_ID	_Atom_chem_shift.Comp_ID	_Atom_chem_shift.Atom_ID	_Atom_chem_shift.Atom_type	_Atom_chem_shift.Atom_isotope_number	_Atom_chem_shift.Val	_Atom_chem_shift.Val_err	_Atom_chem_shift.Assign_fig_of_merit	_Atom_chem_shift.Ambiguity_code	_Atom_chem_shift.Ambiguity_set_ID	_Atom_chem_shift.Occupancy	_Atom_chem_shift.Resonance_ID	_Atom_chem_shift.Auth_entity_assembly_ID	_Atom_chem_shift.Auth_asym_ID	_Atom_chem_shift.Auth_seq_ID	_Atom_chem_shift.Auth_comp_ID	_Atom_chem_shift.Auth_atom_ID	_Atom_chem_shift.Details	_Atom_chem_shift.Entry_ID	_Atom_chem_shift.Assigned_chem_shift_list_ID
1,.,.,.,1,CA,13,C,.,CA,I,.,61,ILE,61,.,1,1,.,51461,169,.,.,61,62.410,.,_Atom_chem_shift.ID	_Atom_chem_shift.Assembly_atom_ID	_Atom_chem_shift.Entity_assembly_ID	_Atom_chem_shift.Entity_assembly_asym_ID	_Atom_chem_shift.Entity_ID	_Atom_chem_shift.Comp_index_ID	_Atom_chem_shift.Seq_ID	_Atom_chem_shift.Comp_ID	_Atom_chem_shift.Atom_ID	_Atom_chem_shift.Atom_type	_Atom_chem_shift.Atom_isotope_number	_Atom_chem_shift.Val	_Atom_chem_shift.Val_err	_Atom_chem_shift.Assign_fig_of_merit	_Atom_chem_shift.Ambiguity_code	_Atom_chem_shift.Ambiguity_set_ID	_Atom_chem_shift.Occupancy	_Atom_chem_shift.Resonance_ID	_Atom_chem_shift.Auth_entity_assembly_ID	_Atom_chem_shift.Auth_asym_ID	_Atom_chem_shift.Auth_seq_ID	_Atom_chem_shift.Auth_comp_ID	_Atom_chem_shift.Auth_atom_ID	_Atom_chem_shift.Details	_Atom_chem_shift.Entry_ID	_Atom_chem_shift.Assigned_chem_shift_list_ID
1,.,.,.,1,N,15,N,.,N,I,.,61,ILE,61,.,1,1,.,51461,170,.,.,61,119.082,.,_Atom_chem_shift.ID	_Atom_chem_shift.Assembly_atom_ID	_Atom_chem_shift.Entity_assembly_ID	_Atom_chem_shift.Entity_assembly_asym_ID	_Atom_chem_shift.Entity_ID	_Atom_chem_shift.Comp_index_ID	_Atom_chem_shift.Seq_ID	_Atom_chem_shift.Comp_ID	_Atom_chem_shift.Atom_ID	_Atom_chem_shift.Atom_type	_Atom_chem_shift.Atom_isotope_number	_Atom_chem_shift.Val	_Atom_chem_shift.Val_err	_Atom_chem_shift.Assign_fig_of_merit	_Atom_chem_shift.Ambiguity_code	_Atom_chem_shift.Ambiguity_set_ID	_Atom_chem_shift.Occupancy	_Atom_chem_shift.Resonance_ID	_Atom_chem_shift.Auth_entity_assembly_ID	_Atom_chem_shift.Auth_asym_ID	_Atom_chem_shift.Auth_seq_ID	_Atom_chem_shift.Auth_comp_ID	_Atom_chem_shift.Auth_atom_ID	_Atom_chem_shift.Details	_Atom_chem_shift.Entry_ID	_Atom_chem_shift.Assigned_chem_shift_list_ID
1,.,.,.,1,H,1,H,.,HN,Q,.,62,GLN,62,.,1,1,.,51461,171,.,.,62,7.433,.,_Atom_chem_shift.ID	_Atom_chem_shift.Assembly_atom_ID	_Atom_chem_shift.Entity_assembly_ID	_Atom_chem_shift.Entity_assembly_asym_ID	_Atom_chem_shift.Entity_ID	_Atom_chem_shift.Comp_index_ID	_Atom_chem_shift.Seq_ID	_Atom_chem_shift.Comp_ID	_Atom_chem_shift.Atom_ID	_Atom_chem_shift.Atom_type	_Atom_chem_shift.Atom_isotope_number	_Atom_chem_shift.Val	_Atom_chem_shift.Val_err	_Atom_chem_shift.Assign_fig_of_merit	_Atom_chem_shift.Ambiguity_code	_Atom_chem_shift.Ambiguity_set_ID	_Atom_chem_shift.Occupancy	_Atom_chem_shift.Resonance_ID	_Atom_chem_shift.Auth_entity_assembly_ID	_Atom_chem_shift.Auth_asym_ID	_Atom_chem_shift.Auth_seq_ID	_Atom_chem_shift.Auth_comp_ID	_Atom_chem_shift.Auth_atom_ID	_Atom_chem_shift.Details	_Atom_chem_shift.Entry_ID	_Atom_chem_shift.Assigned_chem_shift_list_ID
1,.,.,.,1,CA,13,C,.,CA,Q,.,62,GLN,62,.,1,1,.,51461,172,.,.,62,53.524,.,_Atom_chem_shift.ID	_Atom_chem_shift.Assembly_atom_ID	_Atom_chem_shift.Entity_assembly_ID	_Atom_chem_shift.Entity_assembly_asym_ID	_Atom_chem_shift.Entity_ID	_Atom_chem_shift.Comp_index_ID	_Atom_chem_shift.Seq_ID	_Atom_chem_shift.Comp_ID	_Atom_chem_shift.Atom_ID	_Atom_chem_shift.Atom_type	_Atom_chem_shift.Atom_isotope_number	_Atom_chem_shift.Val	_Atom_chem_shift.Val_err	_Atom_chem_shift.Assign_fig_of_merit	_Atom_chem_shift.Ambiguity_code	_Atom_chem_shift.Ambiguity_set_ID	_Atom_chem_shift.Occupancy	_Atom_chem_shift.Resonance_ID	_Atom_chem_shift.Auth_entity_assembly_ID	_Atom_chem_shift.Auth_asym_ID	_Atom_chem_shift.Auth_seq_ID	_Atom_chem_shift.Auth_comp_ID	_Atom_chem_shift.Auth_atom_ID	_Atom_chem_shift.Details	_Atom_chem_shift.Entry_ID	_Atom_chem_shift.Assigned_chem_shift_list_ID
1,.,.,.,1,N,15,N,.,N,Q,.,62,GLN,62,.,1,1,.,51461,173,.,.,62,125.142,.,_Atom_chem_shift.ID	_Atom_chem_shift.Assembly_atom_ID	_Atom_chem_shift.Entity_assembly_ID	_Atom_chem_shift.Entity_assembly_asym_ID	_Atom_chem_shift.Entity_ID	_Atom_chem_shift.Comp_index_ID	_Atom_chem_shift.Seq_ID	_Atom_chem_shift.Comp_ID	_Atom_chem_shift.Atom_ID	_Atom_chem_shift.Atom_type	_Atom_chem_shift.Atom_isotope_number	_Atom_chem_shift.Val	_Atom_chem_shift.Val_err	_Atom_chem_shift.Assign_fig_of_merit	_Atom_chem_shift.Ambiguity_code	_Atom_chem_shift.Ambiguity_set_ID	_Atom_chem_shift.Occupancy	_Atom_chem_shift.Resonance_ID	_Atom_chem_shift.Auth_entity_assembly_ID	_Atom_chem_shift.Auth_asym_ID	_Atom_chem_shift.Auth_seq_ID	_Atom_chem_shift.Auth_comp_ID	_Atom_chem_shift.Auth_atom_ID	_Atom_chem_shift.Details	_Atom_chem_shift.Entry_ID	_Atom_chem_shift.Assigned_chem_shift_list_ID
1,.,.,.,1,H,1,H,.,HN,K,.,63,LYS,63,.,1,1,.,51461,174,.,.,63,8.323,.,_Atom_chem_shift.ID	_Atom_chem_shift.Assembly_atom_ID	_Atom_chem_shift.Entity_assembly_ID	_Atom_chem_shift.Entity_assembly_asym_ID	_Atom_chem_shift.Entity_ID	_Atom_chem_shift.Comp_index_ID	_Atom_chem_shift.Seq_ID	_Atom_chem_shift.Comp_ID	_Atom_chem_shift.Atom_ID	_Atom_chem_shift.Atom_type	_Atom_chem_shift.Atom_isotope_number	_Atom_chem_shift.Val	_Atom_chem_shift.Val_err	_Atom_chem_shift.Assign_fig_of_merit	_Atom_chem_shift.Ambiguity_code	_Atom_chem_shift.Ambiguity_set_ID	_Atom_chem_shift.Occupancy	_Atom_chem_shift.Resonance_ID	_Atom_chem_shift.Auth_entity_assembly_ID	_Atom_chem_shift.Auth_asym_ID	_Atom_chem_shift.Auth_seq_ID	_Atom_chem_shift.Auth_comp_ID	_Atom_chem_shift.Auth_atom_ID	_Atom_chem_shift.Details	_Atom_chem_shift.Entry_ID	_Atom_chem_shift.Assigned_chem_shift_list_ID
1,.,.,.,1,CA,13,C,.,CA,K,.,63,LYS,63,.,1,1,.,51461,175,.,.,63,57.762,.,_Atom_chem_shift.ID	_Atom_chem_shift.Assembly_atom_ID	_Atom_chem_shift.Entity_assembly_ID	_Atom_chem_shift.Entity_assembly_asym_ID	_Atom_chem_shift.Entity_ID	_Atom_chem_shift.Comp_index_ID	_Atom_chem_shift.Seq_ID	_Atom_chem_shift.Comp_ID	_Atom_chem_shift.Atom_ID	_Atom_chem_shift.Atom_type	_Atom_chem_shift.Atom_isotope_number	_Atom_chem_shift.Val	_Atom_chem_shift.Val_err	_Atom_chem_shift.Assign_fig_of_merit	_Atom_chem_shift.Ambiguity_code	_Atom_chem_shift.Ambiguity_set_ID	_Atom_chem_shift.Occupancy	_Atom_chem_shift.Resonance_ID	_Atom_chem_shift.Auth_entity_assembly_ID	_Atom_chem_shift.Auth_asym_ID	_Atom_chem_shift.Auth_seq_ID	_Atom_chem_shift.Auth_comp_ID	_Atom_chem_shift.Auth_atom_ID	_Atom_chem_shift.Details	_Atom_chem_shift.Entry_ID	_Atom_chem_shift.Assigned_chem_shift_list_ID
1,.,.,.,1,N,15,N,.,N,K,.,63,LYS,63,.,1,1,.,51461,176,.,.,63,120.722,.,_Atom_chem_shift.ID	_Atom_chem_shift.Assembly_atom_ID	_Atom_chem_shift.Entity_assembly_ID	_Atom_chem_shift.Entity_assembly_asym_ID	_Atom_chem_shift.Entity_ID	_Atom_chem_shift.Comp_index_ID	_Atom_chem_shift.Seq_ID	_Atom_chem_shift.Comp_ID	_Atom_chem_shift.Atom_ID	_Atom_chem_shift.Atom_type	_Atom_chem_shift.Atom_isotope_number	_Atom_chem_shift.Val	_Atom_chem_shift.Val_err	_Atom_chem_shift.Assign_fig_of_merit	_Atom_chem_shift.Ambiguity_code	_Atom_chem_shift.Ambiguity_set_ID	_Atom_chem_shift.Occupancy	_Atom_chem_shift.Resonance_ID	_Atom_chem_shift.Auth_entity_assembly_ID	_Atom_chem_shift.Auth_asym_ID	_Atom_chem_shift.Auth_seq_ID	_Atom_chem_shift.Auth_comp_ID	_Atom_chem_shift.Auth_atom_ID	_Atom_chem_shift.Details	_Atom_chem_shift.Entry_ID	_Atom_chem_shift.Assigned_chem_shift_list_ID
1,.,.,.,1,H,1,H,.,HN,E,.,64,GLU,64,.,1,1,.,51461,177,.,.,64,9.187,.,_Atom_chem_shift.ID	_Atom_chem_shift.Assembly_atom_ID	_Atom_chem_shift.Entity_assembly_ID	_Atom_chem_shift.Entity_assembly_asym_ID	_Atom_chem_shift.Entity_ID	_Atom_chem_shift.Comp_index_ID	_Atom_chem_shift.Seq_ID	_Atom_chem_shift.Comp_ID	_Atom_chem_shift.Atom_ID	_Atom_chem_shift.Atom_type	_Atom_chem_shift.Atom_isotope_number	_Atom_chem_shift.Val	_Atom_chem_shift.Val_err	_Atom_chem_shift.Assign_fig_of_merit	_Atom_chem_shift.Ambiguity_code	_Atom_chem_shift.Ambiguity_set_ID	_Atom_chem_shift.Occupancy	_Atom_chem_shift.Resonance_ID	_Atom_chem_shift.Auth_entity_assembly_ID	_Atom_chem_shift.Auth_asym_ID	_Atom_chem_shift.Auth_seq_ID	_Atom_chem_shift.Auth_comp_ID	_Atom_chem_shift.Auth_atom_ID	_Atom_chem_shift.Details	_Atom_chem_shift.Entry_ID	_Atom_chem_shift.Assigned_chem_shift_list_ID
1,.,.,.,1,CA,13,C,.,CA,E,.,64,GLU,64,.,1,1,.,51461,178,.,.,64,58.172,.,_Atom_chem_shift.ID	_Atom_chem_shift.Assembly_atom_ID	_Atom_chem_shift.Entity_assembly_ID	_Atom_chem_shift.Entity_assembly_asym_ID	_Atom_chem_shift.Entity_ID	_Atom_chem_shift.Comp_index_ID	_Atom_chem_shift.Seq_ID	_Atom_chem_shift.Comp_ID	_Atom_chem_shift.Atom_ID	_Atom_chem_shift.Atom_type	_Atom_chem_shift.Atom_isotope_number	_Atom_chem_shift.Val	_Atom_chem_shift.Val_err	_Atom_chem_shift.Assign_fig_of_merit	_Atom_chem_shift.Ambiguity_code	_Atom_chem_shift.Ambiguity_set_ID	_Atom_chem_shift.Occupancy	_Atom_chem_shift.Resonance_ID	_Atom_chem_shift.Auth_entity_assembly_ID	_Atom_chem_shift.Auth_asym_ID	_Atom_chem_shift.Auth_seq_ID	_Atom_chem_shift.Auth_comp_ID	_Atom_chem_shift.Auth_atom_ID	_Atom_chem_shift.Details	_Atom_chem_shift.Entry_ID	_Atom_chem_shift.Assigned_chem_shift_list_ID
1,.,.,.,1,N,15,N,.,N,E,.,64,GLU,64,.,1,1,.,51461,179,.,.,64,115.019,.,_Atom_chem_shift.ID	_Atom_chem_shift.Assembly_atom_ID	_Atom_chem_shift.Entity_assembly_ID	_Atom_chem_shift.Entity_assembly_asym_ID	_Atom_chem_shift.Entity_ID	_Atom_chem_shift.Comp_index_ID	_Atom_chem_shift.Seq_ID	_Atom_chem_shift.Comp_ID	_Atom_chem_shift.Atom_ID	_Atom_chem_shift.Atom_type	_Atom_chem_shift.Atom_isotope_number	_Atom_chem_shift.Val	_Atom_chem_shift.Val_err	_Atom_chem_shift.Assign_fig_of_merit	_Atom_chem_shift.Ambiguity_code	_Atom_chem_shift.Ambiguity_set_ID	_Atom_chem_shift.Occupancy	_Atom_chem_shift.Resonance_ID	_Atom_chem_shift.Auth_entity_assembly_ID	_Atom_chem_shift.Auth_asym_ID	_Atom_chem_shift.Auth_seq_ID	_Atom_chem_shift.Auth_comp_ID	_Atom_chem_shift.Auth_atom_ID	_Atom_chem_shift.Details	_Atom_chem_shift.Entry_ID	_Atom_chem_shift.Assigned_chem_shift_list_ID
1,.,.,.,1,H,1,H,.,HN,S,.,65,SER,65,.,1,1,.,51461,180,.,.,65,7.535,.,_Atom_chem_shift.ID	_Atom_chem_shift.Assembly_atom_ID	_Atom_chem_shift.Entity_assembly_ID	_Atom_chem_shift.Entity_assembly_asym_ID	_Atom_chem_shift.Entity_ID	_Atom_chem_shift.Comp_index_ID	_Atom_chem_shift.Seq_ID	_Atom_chem_shift.Comp_ID	_Atom_chem_shift.Atom_ID	_Atom_chem_shift.Atom_type	_Atom_chem_shift.Atom_isotope_number	_Atom_chem_shift.Val	_Atom_chem_shift.Val_err	_Atom_chem_shift.Assign_fig_of_merit	_Atom_chem_shift.Ambiguity_code	_Atom_chem_shift.Ambiguity_set_ID	_Atom_chem_shift.Occupancy	_Atom_chem_shift.Resonance_ID	_Atom_chem_shift.Auth_entity_assembly_ID	_Atom_chem_shift.Auth_asym_ID	_Atom_chem_shift.Auth_seq_ID	_Atom_chem_shift.Auth_comp_ID	_Atom_chem_shift.Auth_atom_ID	_Atom_chem_shift.Details	_Atom_chem_shift.Entry_ID	_Atom_chem_shift.Assigned_chem_shift_list_ID
1,.,.,.,1,CA,13,C,.,CA,S,.,65,SER,65,.,1,1,.,51461,181,.,.,65,60.906,.,_Atom_chem_shift.ID	_Atom_chem_shift.Assembly_atom_ID	_Atom_chem_shift.Entity_assembly_ID	_Atom_chem_shift.Entity_assembly_asym_ID	_Atom_chem_shift.Entity_ID	_Atom_chem_shift.Comp_index_ID	_Atom_chem_shift.Seq_ID	_Atom_chem_shift.Comp_ID	_Atom_chem_shift.Atom_ID	_Atom_chem_shift.Atom_type	_Atom_chem_shift.Atom_isotope_number	_Atom_chem_shift.Val	_Atom_chem_shift.Val_err	_Atom_chem_shift.Assign_fig_of_merit	_Atom_chem_shift.Ambiguity_code	_Atom_chem_shift.Ambiguity_set_ID	_Atom_chem_shift.Occupancy	_Atom_chem_shift.Resonance_ID	_Atom_chem_shift.Auth_entity_assembly_ID	_Atom_chem_shift.Auth_asym_ID	_Atom_chem_shift.Auth_seq_ID	_Atom_chem_shift.Auth_comp_ID	_Atom_chem_shift.Auth_atom_ID	_Atom_chem_shift.Details	_Atom_chem_shift.Entry_ID	_Atom_chem_shift.Assigned_chem_shift_list_ID
1,.,.,.,1,N,15,N,.,N,S,.,65,SER,65,.,1,1,.,51461,182,.,.,65,115.375,.,_Atom_chem_shift.ID	_Atom_chem_shift.Assembly_atom_ID	_Atom_chem_shift.Entity_assembly_ID	_Atom_chem_shift.Entity_assembly_asym_ID	_Atom_chem_shift.Entity_ID	_Atom_chem_shift.Comp_index_ID	_Atom_chem_shift.Seq_ID	_Atom_chem_shift.Comp_ID	_Atom_chem_shift.Atom_ID	_Atom_chem_shift.Atom_type	_Atom_chem_shift.Atom_isotope_number	_Atom_chem_shift.Val	_Atom_chem_shift.Val_err	_Atom_chem_shift.Assign_fig_of_merit	_Atom_chem_shift.Ambiguity_code	_Atom_chem_shift.Ambiguity_set_ID	_Atom_chem_shift.Occupancy	_Atom_chem_shift.Resonance_ID	_Atom_chem_shift.Auth_entity_assembly_ID	_Atom_chem_shift.Auth_asym_ID	_Atom_chem_shift.Auth_seq_ID	_Atom_chem_shift.Auth_comp_ID	_Atom_chem_shift.Auth_atom_ID	_Atom_chem_shift.Details	_Atom_chem_shift.Entry_ID	_Atom_chem_shift.Assigned_chem_shift_list_ID
1,.,.,.,1,H,1,H,.,HN,T,.,66,THR,66,.,1,1,.,51461,183,.,.,66,8.539,.,_Atom_chem_shift.ID	_Atom_chem_shift.Assembly_atom_ID	_Atom_chem_shift.Entity_assembly_ID	_Atom_chem_shift.Entity_assembly_asym_ID	_Atom_chem_shift.Entity_ID	_Atom_chem_shift.Comp_index_ID	_Atom_chem_shift.Seq_ID	_Atom_chem_shift.Comp_ID	_Atom_chem_shift.Atom_ID	_Atom_chem_shift.Atom_type	_Atom_chem_shift.Atom_isotope_number	_Atom_chem_shift.Val	_Atom_chem_shift.Val_err	_Atom_chem_shift.Assign_fig_of_merit	_Atom_chem_shift.Ambiguity_code	_Atom_chem_shift.Ambiguity_set_ID	_Atom_chem_shift.Occupancy	_Atom_chem_shift.Resonance_ID	_Atom_chem_shift.Auth_entity_assembly_ID	_Atom_chem_shift.Auth_asym_ID	_Atom_chem_shift.Auth_seq_ID	_Atom_chem_shift.Auth_comp_ID	_Atom_chem_shift.Auth_atom_ID	_Atom_chem_shift.Details	_Atom_chem_shift.Entry_ID	_Atom_chem_shift.Assigned_chem_shift_list_ID
1,.,.,.,1,CA,13,C,.,CA,T,.,66,THR,66,.,1,1,.,51461,184,.,.,66,62.410,.,_Atom_chem_shift.ID	_Atom_chem_shift.Assembly_atom_ID	_Atom_chem_shift.Entity_assembly_ID	_Atom_chem_shift.Entity_assembly_asym_ID	_Atom_chem_shift.Entity_ID	_Atom_chem_shift.Comp_index_ID	_Atom_chem_shift.Seq_ID	_Atom_chem_shift.Comp_ID	_Atom_chem_shift.Atom_ID	_Atom_chem_shift.Atom_type	_Atom_chem_shift.Atom_isotope_number	_Atom_chem_shift.Val	_Atom_chem_shift.Val_err	_Atom_chem_shift.Assign_fig_of_merit	_Atom_chem_shift.Ambiguity_code	_Atom_chem_shift.Ambiguity_set_ID	_Atom_chem_shift.Occupancy	_Atom_chem_shift.Resonance_ID	_Atom_chem_shift.Auth_entity_assembly_ID	_Atom_chem_shift.Auth_asym_ID	_Atom_chem_shift.Auth_seq_ID	_Atom_chem_shift.Auth_comp_ID	_Atom_chem_shift.Auth_atom_ID	_Atom_chem_shift.Details	_Atom_chem_shift.Entry_ID	_Atom_chem_shift.Assigned_chem_shift_list_ID
1,.,.,.,1,N,15,N,.,N,T,.,66,THR,66,.,1,1,.,51461,185,.,.,66,117.656,.,_Atom_chem_shift.ID	_Atom_chem_shift.Assembly_atom_ID	_Atom_chem_shift.Entity_assembly_ID	_Atom_chem_shift.Entity_assembly_asym_ID	_Atom_chem_shift.Entity_ID	_Atom_chem_shift.Comp_index_ID	_Atom_chem_shift.Seq_ID	_Atom_chem_shift.Comp_ID	_Atom_chem_shift.Atom_ID	_Atom_chem_shift.Atom_type	_Atom_chem_shift.Atom_isotope_number	_Atom_chem_shift.Val	_Atom_chem_shift.Val_err	_Atom_chem_shift.Assign_fig_of_merit	_Atom_chem_shift.Ambiguity_code	_Atom_chem_shift.Ambiguity_set_ID	_Atom_chem_shift.Occupancy	_Atom_chem_shift.Resonance_ID	_Atom_chem_shift.Auth_entity_assembly_ID	_Atom_chem_shift.Auth_asym_ID	_Atom_chem_shift.Auth_seq_ID	_Atom_chem_shift.Auth_comp_ID	_Atom_chem_shift.Auth_atom_ID	_Atom_chem_shift.Details	_Atom_chem_shift.Entry_ID	_Atom_chem_shift.Assigned_chem_shift_list_ID
1,.,.,.,1,H,1,H,.,HN,L,.,67,LEU,67,.,1,1,.,51461,186,.,.,67,9.276,.,_Atom_chem_shift.ID	_Atom_chem_shift.Assembly_atom_ID	_Atom_chem_shift.Entity_assembly_ID	_Atom_chem_shift.Entity_assembly_asym_ID	_Atom_chem_shift.Entity_ID	_Atom_chem_shift.Comp_index_ID	_Atom_chem_shift.Seq_ID	_Atom_chem_shift.Comp_ID	_Atom_chem_shift.Atom_ID	_Atom_chem_shift.Atom_type	_Atom_chem_shift.Atom_isotope_number	_Atom_chem_shift.Val	_Atom_chem_shift.Val_err	_Atom_chem_shift.Assign_fig_of_merit	_Atom_chem_shift.Ambiguity_code	_Atom_chem_shift.Ambiguity_set_ID	_Atom_chem_shift.Occupancy	_Atom_chem_shift.Resonance_ID	_Atom_chem_shift.Auth_entity_assembly_ID	_Atom_chem_shift.Auth_asym_ID	_Atom_chem_shift.Auth_seq_ID	_Atom_chem_shift.Auth_comp_ID	_Atom_chem_shift.Auth_atom_ID	_Atom_chem_shift.Details	_Atom_chem_shift.Entry_ID	_Atom_chem_shift.Assigned_chem_shift_list_ID
1,.,.,.,1,CA,13,C,.,CA,L,.,67,LEU,67,.,1,1,.,51461,187,.,.,67,53.660,.,_Atom_chem_shift.ID	_Atom_chem_shift.Assembly_atom_ID	_Atom_chem_shift.Entity_assembly_ID	_Atom_chem_shift.Entity_assembly_asym_ID	_Atom_chem_shift.Entity_ID	_Atom_chem_shift.Comp_index_ID	_Atom_chem_shift.Seq_ID	_Atom_chem_shift.Comp_ID	_Atom_chem_shift.Atom_ID	_Atom_chem_shift.Atom_type	_Atom_chem_shift.Atom_isotope_number	_Atom_chem_shift.Val	_Atom_chem_shift.Val_err	_Atom_chem_shift.Assign_fig_of_merit	_Atom_chem_shift.Ambiguity_code	_Atom_chem_shift.Ambiguity_set_ID	_Atom_chem_shift.Occupancy	_Atom_chem_shift.Resonance_ID	_Atom_chem_shift.Auth_entity_assembly_ID	_Atom_chem_shift.Auth_asym_ID	_Atom_chem_shift.Auth_seq_ID	_Atom_chem_shift.Auth_comp_ID	_Atom_chem_shift.Auth_atom_ID	_Atom_chem_shift.Details	_Atom_chem_shift.Entry_ID	_Atom_chem_shift.Assigned_chem_shift_list_ID
1,.,.,.,1,N,15,N,.,N,L,.,67,LEU,67,.,1,1,.,51461,188,.,.,67,128.065,.,_Atom_chem_shift.ID	_Atom_chem_shift.Assembly_atom_ID	_Atom_chem_shift.Entity_assembly_ID	_Atom_chem_shift.Entity_assembly_asym_ID	_Atom_chem_shift.Entity_ID	_Atom_chem_shift.Comp_index_ID	_Atom_chem_shift.Seq_ID	_Atom_chem_shift.Comp_ID	_Atom_chem_shift.Atom_ID	_Atom_chem_shift.Atom_type	_Atom_chem_shift.Atom_isotope_number	_Atom_chem_shift.Val	_Atom_chem_shift.Val_err	_Atom_chem_shift.Assign_fig_of_merit	_Atom_chem_shift.Ambiguity_code	_Atom_chem_shift.Ambiguity_set_ID	_Atom_chem_shift.Occupancy	_Atom_chem_shift.Resonance_ID	_Atom_chem_shift.Auth_entity_assembly_ID	_Atom_chem_shift.Auth_asym_ID	_Atom_chem_shift.Auth_seq_ID	_Atom_chem_shift.Auth_comp_ID	_Atom_chem_shift.Auth_atom_ID	_Atom_chem_shift.Details	_Atom_chem_shift.Entry_ID	_Atom_chem_shift.Assigned_chem_shift_list_ID
1,.,.,.,1,H,1,H,.,HN,H,.,68,HIS,68,.,1,1,.,51461,189,.,.,68,9.060,.,_Atom_chem_shift.ID	_Atom_chem_shift.Assembly_atom_ID	_Atom_chem_shift.Entity_assembly_ID	_Atom_chem_shift.Entity_assembly_asym_ID	_Atom_chem_shift.Entity_ID	_Atom_chem_shift.Comp_index_ID	_Atom_chem_shift.Seq_ID	_Atom_chem_shift.Comp_ID	_Atom_chem_shift.Atom_ID	_Atom_chem_shift.Atom_type	_Atom_chem_shift.Atom_isotope_number	_Atom_chem_shift.Val	_Atom_chem_shift.Val_err	_Atom_chem_shift.Assign_fig_of_merit	_Atom_chem_shift.Ambiguity_code	_Atom_chem_shift.Ambiguity_set_ID	_Atom_chem_shift.Occupancy	_Atom_chem_shift.Resonance_ID	_Atom_chem_shift.Auth_entity_assembly_ID	_Atom_chem_shift.Auth_asym_ID	_Atom_chem_shift.Auth_seq_ID	_Atom_chem_shift.Auth_comp_ID	_Atom_chem_shift.Auth_atom_ID	_Atom_chem_shift.Details	_Atom_chem_shift.Entry_ID	_Atom_chem_shift.Assigned_chem_shift_list_ID
1,.,.,.,1,CA,13,C,.,CA,H,.,68,HIS,68,.,1,1,.,51461,190,.,.,68,56.258,.,_Atom_chem_shift.ID	_Atom_chem_shift.Assembly_atom_ID	_Atom_chem_shift.Entity_assembly_ID	_Atom_chem_shift.Entity_assembly_asym_ID	_Atom_chem_shift.Entity_ID	_Atom_chem_shift.Comp_index_ID	_Atom_chem_shift.Seq_ID	_Atom_chem_shift.Comp_ID	_Atom_chem_shift.Atom_ID	_Atom_chem_shift.Atom_type	_Atom_chem_shift.Atom_isotope_number	_Atom_chem_shift.Val	_Atom_chem_shift.Val_err	_Atom_chem_shift.Assign_fig_of_merit	_Atom_chem_shift.Ambiguity_code	_Atom_chem_shift.Ambiguity_set_ID	_Atom_chem_shift.Occupancy	_Atom_chem_shift.Resonance_ID	_Atom_chem_shift.Auth_entity_assembly_ID	_Atom_chem_shift.Auth_asym_ID	_Atom_chem_shift.Auth_seq_ID	_Atom_chem_shift.Auth_comp_ID	_Atom_chem_shift.Auth_atom_ID	_Atom_chem_shift.Details	_Atom_chem_shift.Entry_ID	_Atom_chem_shift.Assigned_chem_shift_list_ID
1,.,.,.,1,N,15,N,.,N,H,.,68,HIS,68,.,1,1,.,51461,191,.,.,68,119.938,.,_Atom_chem_shift.ID	_Atom_chem_shift.Assembly_atom_ID	_Atom_chem_shift.Entity_assembly_ID	_Atom_chem_shift.Entity_assembly_asym_ID	_Atom_chem_shift.Entity_ID	_Atom_chem_shift.Comp_index_ID	_Atom_chem_shift.Seq_ID	_Atom_chem_shift.Comp_ID	_Atom_chem_shift.Atom_ID	_Atom_chem_shift.Atom_type	_Atom_chem_shift.Atom_isotope_number	_Atom_chem_shift.Val	_Atom_chem_shift.Val_err	_Atom_chem_shift.Assign_fig_of_merit	_Atom_chem_shift.Ambiguity_code	_Atom_chem_shift.Ambiguity_set_ID	_Atom_chem_shift.Occupancy	_Atom_chem_shift.Resonance_ID	_Atom_chem_shift.Auth_entity_assembly_ID	_Atom_chem_shift.Auth_asym_ID	_Atom_chem_shift.Auth_seq_ID	_Atom_chem_shift.Auth_comp_ID	_Atom_chem_shift.Auth_atom_ID	_Atom_chem_shift.Details	_Atom_chem_shift.Entry_ID	_Atom_chem_shift.Assigned_chem_shift_list_ID
1,.,.,.,1,H,1,H,.,HN,L,.,69,LEU,69,.,1,1,.,51461,192,.,.,69,8.069,.,_Atom_chem_shift.ID	_Atom_chem_shift.Assembly_atom_ID	_Atom_chem_shift.Entity_assembly_ID	_Atom_chem_shift.Entity_assembly_asym_ID	_Atom_chem_shift.Entity_ID	_Atom_chem_shift.Comp_index_ID	_Atom_chem_shift.Seq_ID	_Atom_chem_shift.Comp_ID	_Atom_chem_shift.Atom_ID	_Atom_chem_shift.Atom_type	_Atom_chem_shift.Atom_isotope_number	_Atom_chem_shift.Val	_Atom_chem_shift.Val_err	_Atom_chem_shift.Assign_fig_of_merit	_Atom_chem_shift.Ambiguity_code	_Atom_chem_shift.Ambiguity_set_ID	_Atom_chem_shift.Occupancy	_Atom_chem_shift.Resonance_ID	_Atom_chem_shift.Auth_entity_assembly_ID	_Atom_chem_shift.Auth_asym_ID	_Atom_chem_shift.Auth_seq_ID	_Atom_chem_shift.Auth_comp_ID	_Atom_chem_shift.Auth_atom_ID	_Atom_chem_shift.Details	_Atom_chem_shift.Entry_ID	_Atom_chem_shift.Assigned_chem_shift_list_ID
1,.,.,.,1,CA,13,C,.,CA,L,.,69,LEU,69,.,1,1,.,51461,193,.,.,69,53.660,.,_Atom_chem_shift.ID	_Atom_chem_shift.Assembly_atom_ID	_Atom_chem_shift.Entity_assembly_ID	_Atom_chem_shift.Entity_assembly_asym_ID	_Atom_chem_shift.Entity_ID	_Atom_chem_shift.Comp_index_ID	_Atom_chem_shift.Seq_ID	_Atom_chem_shift.Comp_ID	_Atom_chem_shift.Atom_ID	_Atom_chem_shift.Atom_type	_Atom_chem_shift.Atom_isotope_number	_Atom_chem_shift.Val	_Atom_chem_shift.Val_err	_Atom_chem_shift.Assign_fig_of_merit	_Atom_chem_shift.Ambiguity_code	_Atom_chem_shift.Ambiguity_set_ID	_Atom_chem_shift.Occupancy	_Atom_chem_shift.Resonance_ID	_Atom_chem_shift.Auth_entity_assembly_ID	_Atom_chem_shift.Auth_asym_ID	_Atom_chem_shift.Auth_seq_ID	_Atom_chem_shift.Auth_comp_ID	_Atom_chem_shift.Auth_atom_ID	_Atom_chem_shift.Details	_Atom_chem_shift.Entry_ID	_Atom_chem_shift.Assigned_chem_shift_list_ID
1,.,.,.,1,N,15,N,.,N,L,.,69,LEU,69,.,1,1,.,51461,194,.,.,69,123.930,.,_Atom_chem_shift.ID	_Atom_chem_shift.Assembly_atom_ID	_Atom_chem_shift.Entity_assembly_ID	_Atom_chem_shift.Entity_assembly_asym_ID	_Atom_chem_shift.Entity_ID	_Atom_chem_shift.Comp_index_ID	_Atom_chem_shift.Seq_ID	_Atom_chem_shift.Comp_ID	_Atom_chem_shift.Atom_ID	_Atom_chem_shift.Atom_type	_Atom_chem_shift.Atom_isotope_number	_Atom_chem_shift.Val	_Atom_chem_shift.Val_err	_Atom_chem_shift.Assign_fig_of_merit	_Atom_chem_shift.Ambiguity_code	_Atom_chem_shift.Ambiguity_set_ID	_Atom_chem_shift.Occupancy	_Atom_chem_shift.Resonance_ID	_Atom_chem_shift.Auth_entity_assembly_ID	_Atom_chem_shift.Auth_asym_ID	_Atom_chem_shift.Auth_seq_ID	_Atom_chem_shift.Auth_comp_ID	_Atom_chem_shift.Auth_atom_ID	_Atom_chem_shift.Details	_Atom_chem_shift.Entry_ID	_Atom_chem_shift.Assigned_chem_shift_list_ID
1,.,.,.,1,H,1,H,.,HN,V,.,70,VAL,70,.,1,1,.,51461,195,.,.,70,8.997,.,_Atom_chem_shift.ID	_Atom_chem_shift.Assembly_atom_ID	_Atom_chem_shift.Entity_assembly_ID	_Atom_chem_shift.Entity_assembly_asym_ID	_Atom_chem_shift.Entity_ID	_Atom_chem_shift.Comp_index_ID	_Atom_chem_shift.Seq_ID	_Atom_chem_shift.Comp_ID	_Atom_chem_shift.Atom_ID	_Atom_chem_shift.Atom_type	_Atom_chem_shift.Atom_isotope_number	_Atom_chem_shift.Val	_Atom_chem_shift.Val_err	_Atom_chem_shift.Assign_fig_of_merit	_Atom_chem_shift.Ambiguity_code	_Atom_chem_shift.Ambiguity_set_ID	_Atom_chem_shift.Occupancy	_Atom_chem_shift.Resonance_ID	_Atom_chem_shift.Auth_entity_assembly_ID	_Atom_chem_shift.Auth_asym_ID	_Atom_chem_shift.Auth_seq_ID	_Atom_chem_shift.Auth_comp_ID	_Atom_chem_shift.Auth_atom_ID	_Atom_chem_shift.Details	_Atom_chem_shift.Entry_ID	_Atom_chem_shift.Assigned_chem_shift_list_ID
1,.,.,.,1,CA,13,C,.,CA,V,.,70,VAL,70,.,1,1,.,51461,196,.,.,70,60.360,.,_Atom_chem_shift.ID	_Atom_chem_shift.Assembly_atom_ID	_Atom_chem_shift.Entity_assembly_ID	_Atom_chem_shift.Entity_assembly_asym_ID	_Atom_chem_shift.Entity_ID	_Atom_chem_shift.Comp_index_ID	_Atom_chem_shift.Seq_ID	_Atom_chem_shift.Comp_ID	_Atom_chem_shift.Atom_ID	_Atom_chem_shift.Atom_type	_Atom_chem_shift.Atom_isotope_number	_Atom_chem_shift.Val	_Atom_chem_shift.Val_err	_Atom_chem_shift.Assign_fig_of_merit	_Atom_chem_shift.Ambiguity_code	_Atom_chem_shift.Ambiguity_set_ID	_Atom_chem_shift.Occupancy	_Atom_chem_shift.Resonance_ID	_Atom_chem_shift.Auth_entity_assembly_ID	_Atom_chem_shift.Auth_asym_ID	_Atom_chem_shift.Auth_seq_ID	_Atom_chem_shift.Auth_comp_ID	_Atom_chem_shift.Auth_atom_ID	_Atom_chem_shift.Details	_Atom_chem_shift.Entry_ID	_Atom_chem_shift.Assigned_chem_shift_list_ID
1,.,.,.,1,N,15,N,.,N,V,.,70,VAL,70,.,1,1,.,51461,197,.,.,70,126.354,.,_Atom_chem_shift.ID	_Atom_chem_shift.Assembly_atom_ID	_Atom_chem_shift.Entity_assembly_ID	_Atom_chem_shift.Entity_assembly_asym_ID	_Atom_chem_shift.Entity_ID	_Atom_chem_shift.Comp_index_ID	_Atom_chem_shift.Seq_ID	_Atom_chem_shift.Comp_ID	_Atom_chem_shift.Atom_ID	_Atom_chem_shift.Atom_type	_Atom_chem_shift.Atom_isotope_number	_Atom_chem_shift.Val	_Atom_chem_shift.Val_err	_Atom_chem_shift.Assign_fig_of_merit	_Atom_chem_shift.Ambiguity_code	_Atom_chem_shift.Ambiguity_set_ID	_Atom_chem_shift.Occupancy	_Atom_chem_shift.Resonance_ID	_Atom_chem_shift.Auth_entity_assembly_ID	_Atom_chem_shift.Auth_asym_ID	_Atom_chem_shift.Auth_seq_ID	_Atom_chem_shift.Auth_comp_ID	_Atom_chem_shift.Auth_atom_ID	_Atom_chem_shift.Details	_Atom_chem_shift.Entry_ID	_Atom_chem_shift.Assigned_chem_shift_list_ID
1,.,.,.,1,H,1,H,.,HN,L,.,71,LEU,71,.,1,1,.,51461,198,.,.,71,7.929,.,_Atom_chem_shift.ID	_Atom_chem_shift.Assembly_atom_ID	_Atom_chem_shift.Entity_assembly_ID	_Atom_chem_shift.Entity_assembly_asym_ID	_Atom_chem_shift.Entity_ID	_Atom_chem_shift.Comp_index_ID	_Atom_chem_shift.Seq_ID	_Atom_chem_shift.Comp_ID	_Atom_chem_shift.Atom_ID	_Atom_chem_shift.Atom_type	_Atom_chem_shift.Atom_isotope_number	_Atom_chem_shift.Val	_Atom_chem_shift.Val_err	_Atom_chem_shift.Assign_fig_of_merit	_Atom_chem_shift.Ambiguity_code	_Atom_chem_shift.Ambiguity_set_ID	_Atom_chem_shift.Occupancy	_Atom_chem_shift.Resonance_ID	_Atom_chem_shift.Auth_entity_assembly_ID	_Atom_chem_shift.Auth_asym_ID	_Atom_chem_shift.Auth_seq_ID	_Atom_chem_shift.Auth_comp_ID	_Atom_chem_shift.Auth_atom_ID	_Atom_chem_shift.Details	_Atom_chem_shift.Entry_ID	_Atom_chem_shift.Assigned_chem_shift_list_ID
1,.,.,.,1,CA,13,C,.,CA,L,.,71,LEU,71,.,1,1,.,51461,199,.,.,71,53.934,.,_Atom_chem_shift.ID	_Atom_chem_shift.Assembly_atom_ID	_Atom_chem_shift.Entity_assembly_ID	_Atom_chem_shift.Entity_assembly_asym_ID	_Atom_chem_shift.Entity_ID	_Atom_chem_shift.Comp_index_ID	_Atom_chem_shift.Seq_ID	_Atom_chem_shift.Comp_ID	_Atom_chem_shift.Atom_ID	_Atom_chem_shift.Atom_type	_Atom_chem_shift.Atom_isotope_number	_Atom_chem_shift.Val	_Atom_chem_shift.Val_err	_Atom_chem_shift.Assign_fig_of_merit	_Atom_chem_shift.Ambiguity_code	_Atom_chem_shift.Ambiguity_set_ID	_Atom_chem_shift.Occupancy	_Atom_chem_shift.Resonance_ID	_Atom_chem_shift.Auth_entity_assembly_ID	_Atom_chem_shift.Auth_asym_ID	_Atom_chem_shift.Auth_seq_ID	_Atom_chem_shift.Auth_comp_ID	_Atom_chem_shift.Auth_atom_ID	_Atom_chem_shift.Details	_Atom_chem_shift.Entry_ID	_Atom_chem_shift.Assigned_chem_shift_list_ID
1,.,.,.,1,N,15,N,.,N,L,.,71,LEU,71,.,1,1,.,51461,200,.,.,71,123.003,.,_Atom_chem_shift.ID	_Atom_chem_shift.Assembly_atom_ID	_Atom_chem_shift.Entity_assembly_ID	_Atom_chem_shift.Entity_assembly_asym_ID	_Atom_chem_shift.Entity_ID	_Atom_chem_shift.Comp_index_ID	_Atom_chem_shift.Seq_ID	_Atom_chem_shift.Comp_ID	_Atom_chem_shift.Atom_ID	_Atom_chem_shift.Atom_type	_Atom_chem_shift.Atom_isotope_number	_Atom_chem_shift.Val	_Atom_chem_shift.Val_err	_Atom_chem_shift.Assign_fig_of_merit	_Atom_chem_shift.Ambiguity_code	_Atom_chem_shift.Ambiguity_set_ID	_Atom_chem_shift.Occupancy	_Atom_chem_shift.Resonance_ID	_Atom_chem_shift.Auth_entity_assembly_ID	_Atom_chem_shift.Auth_asym_ID	_Atom_chem_shift.Auth_seq_ID	_Atom_chem_shift.Auth_comp_ID	_Atom_chem_shift.Auth_atom_ID	_Atom_chem_shift.Details	_Atom_chem_shift.Entry_ID	_Atom_chem_shift.Assigned_chem_shift_list_ID
1,.,.,.,1,H,1,H,.,HN,R,.,72,ARG,72,.,1,1,.,51461,201,.,.,72,8.425,.,_Atom_chem_shift.ID	_Atom_chem_shift.Assembly_atom_ID	_Atom_chem_shift.Entity_assembly_ID	_Atom_chem_shift.Entity_assembly_asym_ID	_Atom_chem_shift.Entity_ID	_Atom_chem_shift.Comp_index_ID	_Atom_chem_shift.Seq_ID	_Atom_chem_shift.Comp_ID	_Atom_chem_shift.Atom_ID	_Atom_chem_shift.Atom_type	_Atom_chem_shift.Atom_isotope_number	_Atom_chem_shift.Val	_Atom_chem_shift.Val_err	_Atom_chem_shift.Assign_fig_of_merit	_Atom_chem_shift.Ambiguity_code	_Atom_chem_shift.Ambiguity_set_ID	_Atom_chem_shift.Occupancy	_Atom_chem_shift.Resonance_ID	_Atom_chem_shift.Auth_entity_assembly_ID	_Atom_chem_shift.Auth_asym_ID	_Atom_chem_shift.Auth_seq_ID	_Atom_chem_shift.Auth_comp_ID	_Atom_chem_shift.Auth_atom_ID	_Atom_chem_shift.Details	_Atom_chem_shift.Entry_ID	_Atom_chem_shift.Assigned_chem_shift_list_ID
1,.,.,.,1,CA,13,C,.,CA,R,.,72,ARG,72,.,1,1,.,51461,202,.,.,72,55.711,.,_Atom_chem_shift.ID	_Atom_chem_shift.Assembly_atom_ID	_Atom_chem_shift.Entity_assembly_ID	_Atom_chem_shift.Entity_assembly_asym_ID	_Atom_chem_shift.Entity_ID	_Atom_chem_shift.Comp_index_ID	_Atom_chem_shift.Seq_ID	_Atom_chem_shift.Comp_ID	_Atom_chem_shift.Atom_ID	_Atom_chem_shift.Atom_type	_Atom_chem_shift.Atom_isotope_number	_Atom_chem_shift.Val	_Atom_chem_shift.Val_err	_Atom_chem_shift.Assign_fig_of_merit	_Atom_chem_shift.Ambiguity_code	_Atom_chem_shift.Ambiguity_set_ID	_Atom_chem_shift.Occupancy	_Atom_chem_shift.Resonance_ID	_Atom_chem_shift.Auth_entity_assembly_ID	_Atom_chem_shift.Auth_asym_ID	_Atom_chem_shift.Auth_seq_ID	_Atom_chem_shift.Auth_comp_ID	_Atom_chem_shift.Auth_atom_ID	_Atom_chem_shift.Details	_Atom_chem_shift.Entry_ID	_Atom_chem_shift.Assigned_chem_shift_list_ID
1,.,.,.,1,N,15,N,.,N,R,.,72,ARG,72,.,1,1,.,51461,203,.,.,72,124.001,.,_Atom_chem_shift.ID	_Atom_chem_shift.Assembly_atom_ID	_Atom_chem_shift.Entity_assembly_ID	_Atom_chem_shift.Entity_assembly_asym_ID	_Atom_chem_shift.Entity_ID	_Atom_chem_shift.Comp_index_ID	_Atom_chem_shift.Seq_ID	_Atom_chem_shift.Comp_ID	_Atom_chem_shift.Atom_ID	_Atom_chem_shift.Atom_type	_Atom_chem_shift.Atom_isotope_number	_Atom_chem_shift.Val	_Atom_chem_shift.Val_err	_Atom_chem_shift.Assign_fig_of_merit	_Atom_chem_shift.Ambiguity_code	_Atom_chem_shift.Ambiguity_set_ID	_Atom_chem_shift.Occupancy	_Atom_chem_shift.Resonance_ID	_Atom_chem_shift.Auth_entity_assembly_ID	_Atom_chem_shift.Auth_asym_ID	_Atom_chem_shift.Auth_seq_ID	_Atom_chem_shift.Auth_comp_ID	_Atom_chem_shift.Auth_atom_ID	_Atom_chem_shift.Details	_Atom_chem_shift.Entry_ID	_Atom_chem_shift.Assigned_chem_shift_list_ID
1,.,.,.,1,H,1,H,.,HN,L,.,73,LEU,73,.,1,1,.,51461,204,.,.,73,8.196,.,_Atom_chem_shift.ID	_Atom_chem_shift.Assembly_atom_ID	_Atom_chem_shift.Entity_assembly_ID	_Atom_chem_shift.Entity_assembly_asym_ID	_Atom_chem_shift.Entity_ID	_Atom_chem_shift.Comp_index_ID	_Atom_chem_shift.Seq_ID	_Atom_chem_shift.Comp_ID	_Atom_chem_shift.Atom_ID	_Atom_chem_shift.Atom_type	_Atom_chem_shift.Atom_isotope_number	_Atom_chem_shift.Val	_Atom_chem_shift.Val_err	_Atom_chem_shift.Assign_fig_of_merit	_Atom_chem_shift.Ambiguity_code	_Atom_chem_shift.Ambiguity_set_ID	_Atom_chem_shift.Occupancy	_Atom_chem_shift.Resonance_ID	_Atom_chem_shift.Auth_entity_assembly_ID	_Atom_chem_shift.Auth_asym_ID	_Atom_chem_shift.Auth_seq_ID	_Atom_chem_shift.Auth_comp_ID	_Atom_chem_shift.Auth_atom_ID	_Atom_chem_shift.Details	_Atom_chem_shift.Entry_ID	_Atom_chem_shift.Assigned_chem_shift_list_ID
1,.,.,.,1,CA,13,C,.,CA,L,.,73,LEU,73,.,1,1,.,51461,205,.,.,73,54.617,.,_Atom_chem_shift.ID	_Atom_chem_shift.Assembly_atom_ID	_Atom_chem_shift.Entity_assembly_ID	_Atom_chem_shift.Entity_assembly_asym_ID	_Atom_chem_shift.Entity_ID	_Atom_chem_shift.Comp_index_ID	_Atom_chem_shift.Seq_ID	_Atom_chem_shift.Comp_ID	_Atom_chem_shift.Atom_ID	_Atom_chem_shift.Atom_type	_Atom_chem_shift.Atom_isotope_number	_Atom_chem_shift.Val	_Atom_chem_shift.Val_err	_Atom_chem_shift.Assign_fig_of_merit	_Atom_chem_shift.Ambiguity_code	_Atom_chem_shift.Ambiguity_set_ID	_Atom_chem_shift.Occupancy	_Atom_chem_shift.Resonance_ID	_Atom_chem_shift.Auth_entity_assembly_ID	_Atom_chem_shift.Auth_asym_ID	_Atom_chem_shift.Auth_seq_ID	_Atom_chem_shift.Auth_comp_ID	_Atom_chem_shift.Auth_atom_ID	_Atom_chem_shift.Details	_Atom_chem_shift.Entry_ID	_Atom_chem_shift.Assigned_chem_shift_list_ID
1,.,.,.,1,N,15,N,.,N,L,.,73,LEU,73,.,1,1,.,51461,206,.,.,73,124.857,.,_Atom_chem_shift.ID	_Atom_chem_shift.Assembly_atom_ID	_Atom_chem_shift.Entity_assembly_ID	_Atom_chem_shift.Entity_assembly_asym_ID	_Atom_chem_shift.Entity_ID	_Atom_chem_shift.Comp_index_ID	_Atom_chem_shift.Seq_ID	_Atom_chem_shift.Comp_ID	_Atom_chem_shift.Atom_ID	_Atom_chem_shift.Atom_type	_Atom_chem_shift.Atom_isotope_number	_Atom_chem_shift.Val	_Atom_chem_shift.Val_err	_Atom_chem_shift.Assign_fig_of_merit	_Atom_chem_shift.Ambiguity_code	_Atom_chem_shift.Ambiguity_set_ID	_Atom_chem_shift.Occupancy	_Atom_chem_shift.Resonance_ID	_Atom_chem_shift.Auth_entity_assembly_ID	_Atom_chem_shift.Auth_asym_ID	_Atom_chem_shift.Auth_seq_ID	_Atom_chem_shift.Auth_comp_ID	_Atom_chem_shift.Auth_atom_ID	_Atom_chem_shift.Details	_Atom_chem_shift.Entry_ID	_Atom_chem_shift.Assigned_chem_shift_list_ID
1,.,.,.,1,H,1,H,.,HN,R,.,74,ARG,74,.,1,1,.,51461,207,.,.,74,8.298,.,_Atom_chem_shift.ID	_Atom_chem_shift.Assembly_atom_ID	_Atom_chem_shift.Entity_assembly_ID	_Atom_chem_shift.Entity_assembly_asym_ID	_Atom_chem_shift.Entity_ID	_Atom_chem_shift.Comp_index_ID	_Atom_chem_shift.Seq_ID	_Atom_chem_shift.Comp_ID	_Atom_chem_shift.Atom_ID	_Atom_chem_shift.Atom_type	_Atom_chem_shift.Atom_isotope_number	_Atom_chem_shift.Val	_Atom_chem_shift.Val_err	_Atom_chem_shift.Assign_fig_of_merit	_Atom_chem_shift.Ambiguity_code	_Atom_chem_shift.Ambiguity_set_ID	_Atom_chem_shift.Occupancy	_Atom_chem_shift.Resonance_ID	_Atom_chem_shift.Auth_entity_assembly_ID	_Atom_chem_shift.Auth_asym_ID	_Atom_chem_shift.Auth_seq_ID	_Atom_chem_shift.Auth_comp_ID	_Atom_chem_shift.Auth_atom_ID	_Atom_chem_shift.Details	_Atom_chem_shift.Entry_ID	_Atom_chem_shift.Assigned_chem_shift_list_ID
1,.,.,.,1,CA,13,C,.,CA,R,.,74,ARG,74,.,1,1,.,51461,208,.,.,74,56.532,.,_Atom_chem_shift.ID	_Atom_chem_shift.Assembly_atom_ID	_Atom_chem_shift.Entity_assembly_ID	_Atom_chem_shift.Entity_assembly_asym_ID	_Atom_chem_shift.Entity_ID	_Atom_chem_shift.Comp_index_ID	_Atom_chem_shift.Seq_ID	_Atom_chem_shift.Comp_ID	_Atom_chem_shift.Atom_ID	_Atom_chem_shift.Atom_type	_Atom_chem_shift.Atom_isotope_number	_Atom_chem_shift.Val	_Atom_chem_shift.Val_err	_Atom_chem_shift.Assign_fig_of_merit	_Atom_chem_shift.Ambiguity_code	_Atom_chem_shift.Ambiguity_set_ID	_Atom_chem_shift.Occupancy	_Atom_chem_shift.Resonance_ID	_Atom_chem_shift.Auth_entity_assembly_ID	_Atom_chem_shift.Auth_asym_ID	_Atom_chem_shift.Auth_seq_ID	_Atom_chem_shift.Auth_comp_ID	_Atom_chem_shift.Auth_atom_ID	_Atom_chem_shift.Details	_Atom_chem_shift.Entry_ID	_Atom_chem_shift.Assigned_chem_shift_list_ID
1,.,.,.,1,N,15,N,.,N,R,.,74,ARG,74,.,1,1,.,51461,209,.,.,74,122.290,.,_Atom_chem_shift.ID	_Atom_chem_shift.Assembly_atom_ID	_Atom_chem_shift.Entity_assembly_ID	_Atom_chem_shift.Entity_assembly_asym_ID	_Atom_chem_shift.Entity_ID	_Atom_chem_shift.Comp_index_ID	_Atom_chem_shift.Seq_ID	_Atom_chem_shift.Comp_ID	_Atom_chem_shift.Atom_ID	_Atom_chem_shift.Atom_type	_Atom_chem_shift.Atom_isotope_number	_Atom_chem_shift.Val	_Atom_chem_shift.Val_err	_Atom_chem_shift.Assign_fig_of_merit	_Atom_chem_shift.Ambiguity_code	_Atom_chem_shift.Ambiguity_set_ID	_Atom_chem_shift.Occupancy	_Atom_chem_shift.Resonance_ID	_Atom_chem_shift.Auth_entity_assembly_ID	_Atom_chem_shift.Auth_asym_ID	_Atom_chem_shift.Auth_seq_ID	_Atom_chem_shift.Auth_comp_ID	_Atom_chem_shift.Auth_atom_ID	_Atom_chem_shift.Details	_Atom_chem_shift.Entry_ID	_Atom_chem_shift.Assigned_chem_shift_list_ID
1,.,.,.,1,H,1,H,.,HN,G,.,75,GLY,75,.,1,1,.,51461,210,.,.,75,8.336,.,_Atom_chem_shift.ID	_Atom_chem_shift.Assembly_atom_ID	_Atom_chem_shift.Entity_assembly_ID	_Atom_chem_shift.Entity_assembly_asym_ID	_Atom_chem_shift.Entity_ID	_Atom_chem_shift.Comp_index_ID	_Atom_chem_shift.Seq_ID	_Atom_chem_shift.Comp_ID	_Atom_chem_shift.Atom_ID	_Atom_chem_shift.Atom_type	_Atom_chem_shift.Atom_isotope_number	_Atom_chem_shift.Val	_Atom_chem_shift.Val_err	_Atom_chem_shift.Assign_fig_of_merit	_Atom_chem_shift.Ambiguity_code	_Atom_chem_shift.Ambiguity_set_ID	_Atom_chem_shift.Occupancy	_Atom_chem_shift.Resonance_ID	_Atom_chem_shift.Auth_entity_assembly_ID	_Atom_chem_shift.Auth_asym_ID	_Atom_chem_shift.Auth_seq_ID	_Atom_chem_shift.Auth_comp_ID	_Atom_chem_shift.Auth_atom_ID	_Atom_chem_shift.Details	_Atom_chem_shift.Entry_ID	_Atom_chem_shift.Assigned_chem_shift_list_ID
1,.,.,.,1,CA,13,C,.,CA,G,.,75,GLY,75,.,1,1,.,51461,211,.,.,75,45.184,.,_Atom_chem_shift.ID	_Atom_chem_shift.Assembly_atom_ID	_Atom_chem_shift.Entity_assembly_ID	_Atom_chem_shift.Entity_assembly_asym_ID	_Atom_chem_shift.Entity_ID	_Atom_chem_shift.Comp_index_ID	_Atom_chem_shift.Seq_ID	_Atom_chem_shift.Comp_ID	_Atom_chem_shift.Atom_ID	_Atom_chem_shift.Atom_type	_Atom_chem_shift.Atom_isotope_number	_Atom_chem_shift.Val	_Atom_chem_shift.Val_err	_Atom_chem_shift.Assign_fig_of_merit	_Atom_chem_shift.Ambiguity_code	_Atom_chem_shift.Ambiguity_set_ID	_Atom_chem_shift.Occupancy	_Atom_chem_shift.Resonance_ID	_Atom_chem_shift.Auth_entity_assembly_ID	_Atom_chem_shift.Auth_asym_ID	_Atom_chem_shift.Auth_seq_ID	_Atom_chem_shift.Auth_comp_ID	_Atom_chem_shift.Auth_atom_ID	_Atom_chem_shift.Details	_Atom_chem_shift.Entry_ID	_Atom_chem_shift.Assigned_chem_shift_list_ID
1,.,.,.,1,N,15,N,.,N,G,.,75,GLY,75,.,1,1,.,51461,212,.,.,75,111.383,.,_Atom_chem_shift.ID	_Atom_chem_shift.Assembly_atom_ID	_Atom_chem_shift.Entity_assembly_ID	_Atom_chem_shift.Entity_assembly_asym_ID	_Atom_chem_shift.Entity_ID	_Atom_chem_shift.Comp_index_ID	_Atom_chem_shift.Seq_ID	_Atom_chem_shift.Comp_ID	_Atom_chem_shift.Atom_ID	_Atom_chem_shift.Atom_type	_Atom_chem_shift.Atom_isotope_number	_Atom_chem_shift.Val	_Atom_chem_shift.Val_err	_Atom_chem_shift.Assign_fig_of_merit	_Atom_chem_shift.Ambiguity_code	_Atom_chem_shift.Ambiguity_set_ID	_Atom_chem_shift.Occupancy	_Atom_chem_shift.Resonance_ID	_Atom_chem_shift.Auth_entity_assembly_ID	_Atom_chem_shift.Auth_asym_ID	_Atom_chem_shift.Auth_seq_ID	_Atom_chem_shift.Auth_comp_ID	_Atom_chem_shift.Auth_atom_ID	_Atom_chem_shift.Details	_Atom_chem_shift.Entry_ID	_Atom_chem_shift.Assigned_chem_shift_list_ID
1,.,.,.,1,H,1,H,.,HN,G,.,76,GLY,76,.,1,1,.,51461,213,.,.,76,7.789,.,_Atom_chem_shift.ID	_Atom_chem_shift.Assembly_atom_ID	_Atom_chem_shift.Entity_assembly_ID	_Atom_chem_shift.Entity_assembly_asym_ID	_Atom_chem_shift.Entity_ID	_Atom_chem_shift.Comp_index_ID	_Atom_chem_shift.Seq_ID	_Atom_chem_shift.Comp_ID	_Atom_chem_shift.Atom_ID	_Atom_chem_shift.Atom_type	_Atom_chem_shift.Atom_isotope_number	_Atom_chem_shift.Val	_Atom_chem_shift.Val_err	_Atom_chem_shift.Assign_fig_of_merit	_Atom_chem_shift.Ambiguity_code	_Atom_chem_shift.Ambiguity_set_ID	_Atom_chem_shift.Occupancy	_Atom_chem_shift.Resonance_ID	_Atom_chem_shift.Auth_entity_assembly_ID	_Atom_chem_shift.Auth_asym_ID	_Atom_chem_shift.Auth_seq_ID	_Atom_chem_shift.Auth_comp_ID	_Atom_chem_shift.Auth_atom_ID	_Atom_chem_shift.Details	_Atom_chem_shift.Entry_ID	_Atom_chem_shift.Assigned_chem_shift_list_ID
1,.,.,.,1,CA,13,C,.,CA,G,.,76,GLY,76,.,1,1,.,51461,214,.,.,76,45.867,.,_Atom_chem_shift.ID	_Atom_chem_shift.Assembly_atom_ID	_Atom_chem_shift.Entity_assembly_ID	_Atom_chem_shift.Entity_assembly_asym_ID	_Atom_chem_shift.Entity_ID	_Atom_chem_shift.Comp_index_ID	_Atom_chem_shift.Seq_ID	_Atom_chem_shift.Comp_ID	_Atom_chem_shift.Atom_ID	_Atom_chem_shift.Atom_type	_Atom_chem_shift.Atom_isotope_number	_Atom_chem_shift.Val	_Atom_chem_shift.Val_err	_Atom_chem_shift.Assign_fig_of_merit	_Atom_chem_shift.Ambiguity_code	_Atom_chem_shift.Ambiguity_set_ID	_Atom_chem_shift.Occupancy	_Atom_chem_shift.Resonance_ID	_Atom_chem_shift.Auth_entity_assembly_ID	_Atom_chem_shift.Auth_asym_ID	_Atom_chem_shift.Auth_seq_ID	_Atom_chem_shift.Auth_comp_ID	_Atom_chem_shift.Auth_atom_ID	_Atom_chem_shift.Details	_Atom_chem_shift.Entry_ID	_Atom_chem_shift.Assigned_chem_shift_list_ID
1,.,.,.,1,N,15,N,.,N,G,.,76,GLY,76,.,1,1,.,51461,215,.,.,76,115.233,.,_Atom_chem_shift.ID	_Atom_chem_shift.Assembly_atom_ID	_Atom_chem_shift.Entity_assembly_ID	_Atom_chem_shift.Entity_assembly_asym_ID	_Atom_chem_shift.Entity_ID	_Atom_chem_shift.Comp_index_ID	_Atom_chem_shift.Seq_ID	_Atom_chem_shift.Comp_ID	_Atom_chem_shift.Atom_ID	_Atom_chem_shift.Atom_type	_Atom_chem_shift.Atom_isotope_number	_Atom_chem_shift.Val	_Atom_chem_shift.Val_err	_Atom_chem_shift.Assign_fig_of_merit	_Atom_chem_shift.Ambiguity_code	_Atom_chem_shift.Ambiguity_set_ID	_Atom_chem_shift.Occupancy	_Atom_chem_shift.Resonance_ID	_Atom_chem_shift.Auth_entity_assembly_ID	_Atom_chem_shift.Auth_asym_ID	_Atom_chem_shift.Auth_seq_ID	_Atom_chem_shift.Auth_comp_ID	_Atom_chem_shift.Auth_atom_ID	_Atom_chem_shift.Details	_Atom_chem_shift.Entry_ID	_Atom_chem_shift.Assigned_chem_shift_list_ID
