_Atom_chem_shift.Ambiguity_code,_Atom_chem_shift.Ambiguity_set_ID,_Atom_chem_shift.Assembly_atom_ID,_Atom_chem_shift.Assign_fig_of_merit,_Atom_chem_shift.Assigned_chem_shift_list_ID,_Atom_chem_shift.Atom_ID,_Atom_chem_shift.Atom_isotope_number,_Atom_chem_shift.Atom_type,_Atom_chem_shift.Auth_asym_ID,_Atom_chem_shift.Auth_atom_ID,_Atom_chem_shift.Auth_comp_ID,_Atom_chem_shift.Auth_entity_assembly_ID,_Atom_chem_shift.Auth_seq_ID,_Atom_chem_shift.Comp_ID,_Atom_chem_shift.Comp_index_ID,_Atom_chem_shift.Details,_Atom_chem_shift.Entity_ID,_Atom_chem_shift.Entity_assembly_ID,_Atom_chem_shift.Entity_assembly_asym_ID,_Atom_chem_shift.Entry_ID,_Atom_chem_shift.ID,_Atom_chem_shift.Occupancy,_Atom_chem_shift.Resonance_ID,_Atom_chem_shift.Seq_ID,_Atom_chem_shift.Val,_Atom_chem_shift.Val_err,__tags_order__
1,.,.,.,2,H,1,H,.,H,GLN,B,2,GLN,2,.,1,2,.,52139,1,.,.,2,8.879,.,_Atom_chem_shift.ID	_Atom_chem_shift.Assembly_atom_ID	_Atom_chem_shift.Entity_assembly_ID	_Atom_chem_shift.Entity_assembly_asym_ID	_Atom_chem_shift.Entity_ID	_Atom_chem_shift.Comp_index_ID	_Atom_chem_shift.Seq_ID	_Atom_chem_shift.Comp_ID	_Atom_chem_shift.Atom_ID	_Atom_chem_shift.Atom_type	_Atom_chem_shift.Atom_isotope_number	_Atom_chem_shift.Val	_Atom_chem_shift.Val_err	_Atom_chem_shift.Assign_fig_of_merit	_Atom_chem_shift.Ambiguity_code	_Atom_chem_shift.Ambiguity_set_ID	_Atom_chem_shift.Occupancy	_Atom_chem_shift.Resonance_ID	_Atom_chem_shift.Auth_entity_assembly_ID	_Atom_chem_shift.Auth_asym_ID	_Atom_chem_shift.Auth_seq_ID	_Atom_chem_shift.Auth_comp_ID	_Atom_chem_shift.Auth_atom_ID	_Atom_chem_shift.Details	_Atom_chem_shift.Entry_ID	_Atom_chem_shift.Assigned_chem_shift_list_ID
1,.,.,.,2,N,15,N,.,N,GLN,B,2,GLN,2,.,1,2,.,52139,2,.,.,2,123.005,.,_Atom_chem_shift.ID	_Atom_chem_shift.Assembly_atom_ID	_Atom_chem_shift.Entity_assembly_ID	_Atom_chem_shift.Entity_assembly_asym_ID	_Atom_chem_shift.Entity_ID	_Atom_chem_shift.Comp_index_ID	_Atom_chem_shift.Seq_ID	_Atom_chem_shift.Comp_ID	_Atom_chem_shift.Atom_ID	_Atom_chem_shift.Atom_type	_Atom_chem_shift.Atom_isotope_number	_Atom_chem_shift.Val	_Atom_chem_shift.Val_err	_Atom_chem_shift.Assign_fig_of_merit	_Atom_chem_shift.Ambiguity_code	_Atom_chem_shift.Ambiguity_set_ID	_Atom_chem_shift.Occupancy	_Atom_chem_shift.Resonance_ID	_Atom_chem_shift.Auth_entity_assembly_ID	_Atom_chem_shift.Auth_asym_ID	_Atom_chem_shift.Auth_seq_ID	_Atom_chem_shift.Auth_comp_ID	_Atom_chem_shift.Auth_atom_ID	_Atom_chem_shift.Details	_Atom_chem_shift.Entry_ID	_Atom_chem_shift.Assigned_chem_shift_list_ID
1,.,.,.,2,H,1,H,.,H,ILE,B,3,ILE,3,.,1,2,.,52139,3,.,.,3,8.217,.,_Atom_chem_shift.ID	_Atom_chem_shift.Assembly_atom_ID	_Atom_chem_shift.Entity_assembly_ID	_Atom_chem_shift.Entity_assembly_asym_ID	_Atom_chem_shift.Entity_ID	_Atom_chem_shift.Comp_index_ID	_Atom_chem_shift.Seq_ID	_Atom_chem_shift.Comp_ID	_Atom_chem_shift.Atom_ID	_Atom_chem_shift.Atom_type	_Atom_chem_shift.Atom_isotope_number	_Atom_chem_shift.Val	_Atom_chem_shift.Val_err	_Atom_chem_shift.Assign_fig_of_merit	_Atom_chem_shift.Ambiguity_code	_Atom_chem_shift.Ambiguity_set_ID	_Atom_chem_shift.Occupancy	_Atom_chem_shift.Resonance_ID	_Atom_chem_shift.Auth_entity_assembly_ID	_Atom_chem_shift.Auth_asym_ID	_Atom_chem_shift.Auth_seq_ID	_Atom_chem_shift.Auth_comp_ID	_Atom_chem_shift.Auth_atom_ID	_Atom_chem_shift.Details	_Atom_chem_shift.Entry_ID	_Atom_chem_shift.Assigned_chem_shift_list_ID
1,.,.,.,2,N,15,N,.,N,ILE,B,3,ILE,3,.,1,2,.,52139,4,.,.,3,115.126,.,_Atom_chem_shift.ID	_Atom_chem_shift.Assembly_atom_ID	_Atom_chem_shift.Entity_assembly_ID	_Atom_chem_shift.Entity_assembly_asym_ID	_Atom_chem_shift.Entity_ID	_Atom_chem_shift.Comp_index_ID	_Atom_chem_shift.Seq_ID	_Atom_chem_shift.Comp_ID	_Atom_chem_shift.Atom_ID	_Atom_chem_shift.Atom_type	_Atom_chem_shift.Atom_isotope_number	_Atom_chem_shift.Val	_Atom_chem_shift.Val_err	_Atom_chem_shift.Assign_fig_of_merit	_Atom_chem_shift.Ambiguity_code	_Atom_chem_shift.Ambiguity_set_ID	_Atom_chem_shift.Occupancy	_Atom_chem_shift.Resonance_ID	_Atom_chem_shift.Auth_entity_assembly_ID	_Atom_chem_shift.Auth_asym_ID	_Atom_chem_shift.Auth_seq_ID	_Atom_chem_shift.Auth_comp_ID	_Atom_chem_shift.Auth_atom_ID	_Atom_chem_shift.Details	_Atom_chem_shift.Entry_ID	_Atom_chem_shift.Assigned_chem_shift_list_ID
1,.,.,.,2,H,1,H,.,H,PHE,B,4,PHE,4,.,1,2,.,52139,5,.,.,4,8.512,.,_Atom_chem_shift.ID	_Atom_chem_shift.Assembly_atom_ID	_Atom_chem_shift.Entity_assembly_ID	_Atom_chem_shift.Entity_assembly_asym_ID	_Atom_chem_shift.Entity_ID	_Atom_chem_shift.Comp_index_ID	_Atom_chem_shift.Seq_ID	_Atom_chem_shift.Comp_ID	_Atom_chem_shift.Atom_ID	_Atom_chem_shift.Atom_type	_Atom_chem_shift.Atom_isotope_number	_Atom_chem_shift.Val	_Atom_chem_shift.Val_err	_Atom_chem_shift.Assign_fig_of_merit	_Atom_chem_shift.Ambiguity_code	_Atom_chem_shift.Ambiguity_set_ID	_Atom_chem_shift.Occupancy	_Atom_chem_shift.Resonance_ID	_Atom_chem_shift.Auth_entity_assembly_ID	_Atom_chem_shift.Auth_asym_ID	_Atom_chem_shift.Auth_seq_ID	_Atom_chem_shift.Auth_comp_ID	_Atom_chem_shift.Auth_atom_ID	_Atom_chem_shift.Details	_Atom_chem_shift.Entry_ID	_Atom_chem_shift.Assigned_chem_shift_list_ID
1,.,.,.,2,N,15,N,.,N,PHE,B,4,PHE,4,.,1,2,.,52139,6,.,.,4,118.633,.,_Atom_chem_shift.ID	_Atom_chem_shift.Assembly_atom_ID	_Atom_chem_shift.Entity_assembly_ID	_Atom_chem_shift.Entity_assembly_asym_ID	_Atom_chem_shift.Entity_ID	_Atom_chem_shift.Comp_index_ID	_Atom_chem_shift.Seq_ID	_Atom_chem_shift.Comp_ID	_Atom_chem_shift.Atom_ID	_Atom_chem_shift.Atom_type	_Atom_chem_shift.Atom_isotope_number	_Atom_chem_shift.Val	_Atom_chem_shift.Val_err	_Atom_chem_shift.Assign_fig_of_merit	_Atom_chem_shift.Ambiguity_code	_Atom_chem_shift.Ambiguity_set_ID	_Atom_chem_shift.Occupancy	_Atom_chem_shift.Resonance_ID	_Atom_chem_shift.Auth_entity_assembly_ID	_Atom_chem_shift.Auth_asym_ID	_Atom_chem_shift.Auth_seq_ID	_Atom_chem_shift.Auth_comp_ID	_Atom_chem_shift.Auth_atom_ID	_Atom_chem_shift.Details	_Atom_chem_shift.Entry_ID	_Atom_chem_shift.Assigned_chem_shift_list_ID
1,.,.,.,2,H,1,H,.,H,VAL,B,5,VAL,5,.,1,2,.,52139,7,.,.,5,9.214,.,_Atom_chem_shift.ID	_Atom_chem_shift.Assembly_atom_ID	_Atom_chem_shift.Entity_assembly_ID	_Atom_chem_shift.Entity_assembly_asym_ID	_Atom_chem_shift.Entity_ID	_Atom_chem_shift.Comp_index_ID	_Atom_chem_shift.Seq_ID	_Atom_chem_shift.Comp_ID	_Atom_chem_shift.Atom_ID	_Atom_chem_shift.Atom_type	_Atom_chem_shift.Atom_isotope_number	_Atom_chem_shift.Val	_Atom_chem_shift.Val_err	_Atom_chem_shift.Assign_fig_of_merit	_Atom_chem_shift.Ambiguity_code	_Atom_chem_shift.Ambiguity_set_ID	_Atom_chem_shift.Occupancy	_Atom_chem_shift.Resonance_ID	_Atom_chem_shift.Auth_entity_assembly_ID	_Atom_chem_shift.Auth_asym_ID	_Atom_chem_shift.Auth_seq_ID	_Atom_chem_shift.Auth_comp_ID	_Atom_chem_shift.Auth_atom_ID	_Atom_chem_shift.Details	_Atom_chem_shift.Entry_ID	_Atom_chem_shift.Assigned_chem_shift_list_ID
1,.,.,.,2,N,15,N,.,N,VAL,B,5,VAL,5,.,1,2,.,52139,8,.,.,5,121.484,.,_Atom_chem_shift.ID	_Atom_chem_shift.Assembly_atom_ID	_Atom_chem_shift.Entity_assembly_ID	_Atom_chem_shift.Entity_assembly_asym_ID	_Atom_chem_shift.Entity_ID	_Atom_chem_shift.Comp_index_ID	_Atom_chem_shift.Seq_ID	_Atom_chem_shift.Comp_ID	_Atom_chem_shift.Atom_ID	_Atom_chem_shift.Atom_type	_Atom_chem_shift.Atom_isotope_number	_Atom_chem_shift.Val	_Atom_chem_shift.Val_err	_Atom_chem_shift.Assign_fig_of_merit	_Atom_chem_shift.Ambiguity_code	_Atom_chem_shift.Ambiguity_set_ID	_Atom_chem_shift.Occupancy	_Atom_chem_shift.Resonance_ID	_Atom_chem_shift.Auth_entity_assembly_ID	_Atom_chem_shift.Auth_asym_ID	_Atom_chem_shift.Auth_seq_ID	_Atom_chem_shift.Auth_comp_ID	_Atom_chem_shift.Auth_atom_ID	_Atom_chem_shift.Details	_Atom_chem_shift.Entry_ID	_Atom_chem_shift.Assigned_chem_shift_list_ID
1,.,.,.,2,H,1,H,.,H,LYS,B,6,LYS,6,.,1,2,.,52139,9,.,.,6,8.908,.,_Atom_chem_shift.ID	_Atom_chem_shift.Assembly_atom_ID	_Atom_chem_shift.Entity_assembly_ID	_Atom_chem_shift.Entity_assembly_asym_ID	_Atom_chem_shift.Entity_ID	_Atom_chem_shift.Comp_index_ID	_Atom_chem_shift.Seq_ID	_Atom_chem_shift.Comp_ID	_Atom_chem_shift.Atom_ID	_Atom_chem_shift.Atom_type	_Atom_chem_shift.Atom_isotope_number	_Atom_chem_shift.Val	_Atom_chem_shift.Val_err	_Atom_chem_shift.Assign_fig_of_merit	_Atom_chem_shift.Ambiguity_code	_Atom_chem_shift.Ambiguity_set_ID	_Atom_chem_shift.Occupancy	_Atom_chem_shift.Resonance_ID	_Atom_chem_shift.Auth_entity_assembly_ID	_Atom_chem_shift.Auth_asym_ID	_Atom_chem_shift.Auth_seq_ID	_Atom_chem_shift.Auth_comp_ID	_Atom_chem_shift.Auth_atom_ID	_Atom_chem_shift.Details	_Atom_chem_shift.Entry_ID	_Atom_chem_shift.Assigned_chem_shift_list_ID
1,.,.,.,2,N,15,N,.,N,LYS,B,6,LYS,6,.,1,2,.,52139,10,.,.,6,128.034,.,_Atom_chem_shift.ID	_Atom_chem_shift.Assembly_atom_ID	_Atom_chem_shift.Entity_assembly_ID	_Atom_chem_shift.Entity_assembly_asym_ID	_Atom_chem_shift.Entity_ID	_Atom_chem_shift.Comp_index_ID	_Atom_chem_shift.Seq_ID	_Atom_chem_shift.Comp_ID	_Atom_chem_shift.Atom_ID	_Atom_chem_shift.Atom_type	_Atom_chem_shift.Atom_isotope_number	_Atom_chem_shift.Val	_Atom_chem_shift.Val_err	_Atom_chem_shift.Assign_fig_of_merit	_Atom_chem_shift.Ambiguity_code	_Atom_chem_shift.Ambiguity_set_ID	_Atom_chem_shift.Occupancy	_Atom_chem_shift.Resonance_ID	_Atom_chem_shift.Auth_entity_assembly_ID	_Atom_chem_shift.Auth_asym_ID	_Atom_chem_shift.Auth_seq_ID	_Atom_chem_shift.Auth_comp_ID	_Atom_chem_shift.Auth_atom_ID	_Atom_chem_shift.Details	_Atom_chem_shift.Entry_ID	_Atom_chem_shift.Assigned_chem_shift_list_ID
1,.,.,.,2,H,1,H,.,H,THR,B,7,THR,7,.,1,2,.,52139,11,.,.,7,8.664,.,_Atom_chem_shift.ID	_Atom_chem_shift.Assembly_atom_ID	_Atom_chem_shift.Entity_assembly_ID	_Atom_chem_shift.Entity_assembly_asym_ID	_Atom_chem_shift.Entity_ID	_Atom_chem_shift.Comp_index_ID	_Atom_chem_shift.Seq_ID	_Atom_chem_shift.Comp_ID	_Atom_chem_shift.Atom_ID	_Atom_chem_shift.Atom_type	_Atom_chem_shift.Atom_isotope_number	_Atom_chem_shift.Val	_Atom_chem_shift.Val_err	_Atom_chem_shift.Assign_fig_of_merit	_Atom_chem_shift.Ambiguity_code	_Atom_chem_shift.Ambiguity_set_ID	_Atom_chem_shift.Occupancy	_Atom_chem_shift.Resonance_ID	_Atom_chem_shift.Auth_entity_assembly_ID	_Atom_chem_shift.Auth_asym_ID	_Atom_chem_shift.Auth_seq_ID	_Atom_chem_shift.Auth_comp_ID	_Atom_chem_shift.Auth_atom_ID	_Atom_chem_shift.Details	_Atom_chem_shift.Entry_ID	_Atom_chem_shift.Assigned_chem_shift_list_ID
1,.,.,.,2,N,15,N,.,N,THR,B,7,THR,7,.,1,2,.,52139,12,.,.,7,115.023,.,_Atom_chem_shift.ID	_Atom_chem_shift.Assembly_atom_ID	_Atom_chem_shift.Entity_assembly_ID	_Atom_chem_shift.Entity_assembly_asym_ID	_Atom_chem_shift.Entity_ID	_Atom_chem_shift.Comp_index_ID	_Atom_chem_shift.Seq_ID	_Atom_chem_shift.Comp_ID	_Atom_chem_shift.Atom_ID	_Atom_chem_shift.Atom_type	_Atom_chem_shift.Atom_isotope_number	_Atom_chem_shift.Val	_Atom_chem_shift.Val_err	_Atom_chem_shift.Assign_fig_of_merit	_Atom_chem_shift.Ambiguity_code	_Atom_chem_shift.Ambiguity_set_ID	_Atom_chem_shift.Occupancy	_Atom_chem_shift.Resonance_ID	_Atom_chem_shift.Auth_entity_assembly_ID	_Atom_chem_shift.Auth_asym_ID	_Atom_chem_shift.Auth_seq_ID	_Atom_chem_shift.Auth_comp_ID	_Atom_chem_shift.Auth_atom_ID	_Atom_chem_shift.Details	_Atom_chem_shift.Entry_ID	_Atom_chem_shift.Assigned_chem_shift_list_ID
1,.,.,.,2,H,1,H,.,H,LEU,B,8,LEU,8,.,1,2,.,52139,13,.,.,8,9.052,.,_Atom_chem_shift.ID	_Atom_chem_shift.Assembly_atom_ID	_Atom_chem_shift.Entity_assembly_ID	_Atom_chem_shift.Entity_assembly_asym_ID	_Atom_chem_shift.Entity_ID	_Atom_chem_shift.Comp_index_ID	_Atom_chem_shift.Seq_ID	_Atom_chem_shift.Comp_ID	_Atom_chem_shift.Atom_ID	_Atom_chem_shift.Atom_type	_Atom_chem_shift.Atom_isotope_number	_Atom_chem_shift.Val	_Atom_chem_shift.Val_err	_Atom_chem_shift.Assign_fig_of_merit	_Atom_chem_shift.Ambiguity_code	_Atom_chem_shift.Ambiguity_set_ID	_Atom_chem_shift.Occupancy	_Atom_chem_shift.Resonance_ID	_Atom_chem_shift.Auth_entity_assembly_ID	_Atom_chem_shift.Auth_asym_ID	_Atom_chem_shift.Auth_seq_ID	_Atom_chem_shift.Auth_comp_ID	_Atom_chem_shift.Auth_atom_ID	_Atom_chem_shift.Details	_Atom_chem_shift.Entry_ID	_Atom_chem_shift.Assigned_chem_shift_list_ID
1,.,.,.,2,N,15,N,.,N,LEU,B,8,LEU,8,.,1,2,.,52139,14,.,.,8,121.139,.,_Atom_chem_shift.ID	_Atom_chem_shift.Assembly_atom_ID	_Atom_chem_shift.Entity_assembly_ID	_Atom_chem_shift.Entity_assembly_asym_ID	_Atom_chem_shift.Entity_ID	_Atom_chem_shift.Comp_index_ID	_Atom_chem_shift.Seq_ID	_Atom_chem_shift.Comp_ID	_Atom_chem_shift.Atom_ID	_Atom_chem_shift.Atom_type	_Atom_chem_shift.Atom_isotope_number	_Atom_chem_shift.Val	_Atom_chem_shift.Val_err	_Atom_chem_shift.Assign_fig_of_merit	_Atom_chem_shift.Ambiguity_code	_Atom_chem_shift.Ambiguity_set_ID	_Atom_chem_shift.Occupancy	_Atom_chem_shift.Resonance_ID	_Atom_chem_shift.Auth_entity_assembly_ID	_Atom_chem_shift.Auth_asym_ID	_Atom_chem_shift.Auth_seq_ID	_Atom_chem_shift.Auth_comp_ID	_Atom_chem_shift.Auth_atom_ID	_Atom_chem_shift.Details	_Atom_chem_shift.Entry_ID	_Atom_chem_shift.Assigned_chem_shift_list_ID
1,.,.,.,2,H,1,H,.,H,THR,B,9,THR,9,.,1,2,.,52139,15,.,.,9,7.53,.,_Atom_chem_shift.ID	_Atom_chem_shift.Assembly_atom_ID	_Atom_chem_shift.Entity_assembly_ID	_Atom_chem_shift.Entity_assembly_asym_ID	_Atom_chem_shift.Entity_ID	_Atom_chem_shift.Comp_index_ID	_Atom_chem_shift.Seq_ID	_Atom_chem_shift.Comp_ID	_Atom_chem_shift.Atom_ID	_Atom_chem_shift.Atom_type	_Atom_chem_shift.Atom_isotope_number	_Atom_chem_shift.Val	_Atom_chem_shift.Val_err	_Atom_chem_shift.Assign_fig_of_merit	_Atom_chem_shift.Ambiguity_code	_Atom_chem_shift.Ambiguity_set_ID	_Atom_chem_shift.Occupancy	_Atom_chem_shift.Resonance_ID	_Atom_chem_shift.Auth_entity_assembly_ID	_Atom_chem_shift.Auth_asym_ID	_Atom_chem_shift.Auth_seq_ID	_Atom_chem_shift.Auth_comp_ID	_Atom_chem_shift.Auth_atom_ID	_Atom_chem_shift.Details	_Atom_chem_shift.Entry_ID	_Atom_chem_shift.Assigned_chem_shift_list_ID
1,.,.,.,2,N,15,N,.,N,THR,B,9,THR,9,.,1,2,.,52139,16,.,.,9,105.778,.,_Atom_chem_shift.ID	_Atom_chem_shift.Assembly_atom_ID	_Atom_chem_shift.Entity_assembly_ID	_Atom_chem_shift.Entity_assembly_asym_ID	_Atom_chem_shift.Entity_ID	_Atom_chem_shift.Comp_index_ID	_Atom_chem_shift.Seq_ID	_Atom_chem_shift.Comp_ID	_Atom_chem_shift.Atom_ID	_Atom_chem_shift.Atom_type	_Atom_chem_shift.Atom_isotope_number	_Atom_chem_shift.Val	_Atom_chem_shift.Val_err	_Atom_chem_shift.Assign_fig_of_merit	_Atom_chem_shift.Ambiguity_code	_Atom_chem_shift.Ambiguity_set_ID	_Atom_chem_shift.Occupancy	_Atom_chem_shift.Resonance_ID	_Atom_chem_shift.Auth_entity_assembly_ID	_Atom_chem_shift.Auth_asym_ID	_Atom_chem_shift.Auth_seq_ID	_Atom_chem_shift.Auth_comp_ID	_Atom_chem_shift.Auth_atom_ID	_Atom_chem_shift.Details	_Atom_chem_shift.Entry_ID	_Atom_chem_shift.Assigned_chem_shift_list_ID
1,.,.,.,2,H,1,H,.,H,GLY,B,10,GLY,10,.,1,2,.,52139,17,.,.,10,7.676,.,_Atom_chem_shift.ID	_Atom_chem_shift.Assembly_atom_ID	_Atom_chem_shift.Entity_assembly_ID	_Atom_chem_shift.Entity_assembly_asym_ID	_Atom_chem_shift.Entity_ID	_Atom_chem_shift.Comp_index_ID	_Atom_chem_shift.Seq_ID	_Atom_chem_shift.Comp_ID	_Atom_chem_shift.Atom_ID	_Atom_chem_shift.Atom_type	_Atom_chem_shift.Atom_isotope_number	_Atom_chem_shift.Val	_Atom_chem_shift.Val_err	_Atom_chem_shift.Assign_fig_of_merit	_Atom_chem_shift.Ambiguity_code	_Atom_chem_shift.Ambiguity_set_ID	_Atom_chem_shift.Occupancy	_Atom_chem_shift.Resonance_ID	_Atom_chem_shift.Auth_entity_assembly_ID	_Atom_chem_shift.Auth_asym_ID	_Atom_chem_shift.Auth_seq_ID	_Atom_chem_shift.Auth_comp_ID	_Atom_chem_shift.Auth_atom_ID	_Atom_chem_shift.Details	_Atom_chem_shift.Entry_ID	_Atom_chem_shift.Assigned_chem_shift_list_ID
1,.,.,.,2,N,15,N,.,N,GLY,B,10,GLY,10,.,1,2,.,52139,18,.,.,10,109.145,.,_Atom_chem_shift.ID	_Atom_chem_shift.Assembly_atom_ID	_Atom_chem_shift.Entity_assembly_ID	_Atom_chem_shift.Entity_assembly_asym_ID	_Atom_chem_shift.Entity_ID	_Atom_chem_shift.Comp_index_ID	_Atom_chem_shift.Seq_ID	_Atom_chem_shift.Comp_ID	_Atom_chem_shift.Atom_ID	_Atom_chem_shift.Atom_type	_Atom_chem_shift.Atom_isotope_number	_Atom_chem_shift.Val	_Atom_chem_shift.Val_err	_Atom_chem_shift.Assign_fig_of_merit	_Atom_chem_shift.Ambiguity_code	_Atom_chem_shift.Ambiguity_set_ID	_Atom_chem_shift.Occupancy	_Atom_chem_shift.Resonance_ID	_Atom_chem_shift.Auth_entity_assembly_ID	_Atom_chem_shift.Auth_asym_ID	_Atom_chem_shift.Auth_seq_ID	_Atom_chem_shift.Auth_comp_ID	_Atom_chem_shift.Auth_atom_ID	_Atom_chem_shift.Details	_Atom_chem_shift.Entry_ID	_Atom_chem_shift.Assigned_chem_shift_list_ID
1,.,.,.,2,H,1,H,.,H,LYS,B,11,LYS,11,.,1,2,.,52139,19,.,.,11,7.213,.,_Atom_chem_shift.ID	_Atom_chem_shift.Assembly_atom_ID	_Atom_chem_shift.Entity_assembly_ID	_Atom_chem_shift.Entity_assembly_asym_ID	_Atom_chem_shift.Entity_ID	_Atom_chem_shift.Comp_index_ID	_Atom_chem_shift.Seq_ID	_Atom_chem_shift.Comp_ID	_Atom_chem_shift.Atom_ID	_Atom_chem_shift.Atom_type	_Atom_chem_shift.Atom_isotope_number	_Atom_chem_shift.Val	_Atom_chem_shift.Val_err	_Atom_chem_shift.Assign_fig_of_merit	_Atom_chem_shift.Ambiguity_code	_Atom_chem_shift.Ambiguity_set_ID	_Atom_chem_shift.Occupancy	_Atom_chem_shift.Resonance_ID	_Atom_chem_shift.Auth_entity_assembly_ID	_Atom_chem_shift.Auth_asym_ID	_Atom_chem_shift.Auth_seq_ID	_Atom_chem_shift.Auth_comp_ID	_Atom_chem_shift.Auth_atom_ID	_Atom_chem_shift.Details	_Atom_chem_shift.Entry_ID	_Atom_chem_shift.Assigned_chem_shift_list_ID
1,.,.,.,2,N,15,N,.,N,LYS,B,11,LYS,11,.,1,2,.,52139,20,.,.,11,122.022,.,_Atom_chem_shift.ID	_Atom_chem_shift.Assembly_atom_ID	_Atom_chem_shift.Entity_assembly_ID	_Atom_chem_shift.Entity_assembly_asym_ID	_Atom_chem_shift.Entity_ID	_Atom_chem_shift.Comp_index_ID	_Atom_chem_shift.Seq_ID	_Atom_chem_shift.Comp_ID	_Atom_chem_shift.Atom_ID	_Atom_chem_shift.Atom_type	_Atom_chem_shift.Atom_isotope_number	_Atom_chem_shift.Val	_Atom_chem_shift.Val_err	_Atom_chem_shift.Assign_fig_of_merit	_Atom_chem_shift.Ambiguity_code	_Atom_chem_shift.Ambiguity_set_ID	_Atom_chem_shift.Occupancy	_Atom_chem_shift.Resonance_ID	_Atom_chem_shift.Auth_entity_assembly_ID	_Atom_chem_shift.Auth_asym_ID	_Atom_chem_shift.Auth_seq_ID	_Atom_chem_shift.Auth_comp_ID	_Atom_chem_shift.Auth_atom_ID	_Atom_chem_shift.Details	_Atom_chem_shift.Entry_ID	_Atom_chem_shift.Assigned_chem_shift_list_ID
1,.,.,.,2,H,1,H,.,H,THR,B,12,THR,12,.,1,2,.,52139,21,.,.,12,8.574,.,_Atom_chem_shift.ID	_Atom_chem_shift.Assembly_atom_ID	_Atom_chem_shift.Entity_assembly_ID	_Atom_chem_shift.Entity_assembly_asym_ID	_Atom_chem_shift.Entity_ID	_Atom_chem_shift.Comp_index_ID	_Atom_chem_shift.Seq_ID	_Atom_chem_shift.Comp_ID	_Atom_chem_shift.Atom_ID	_Atom_chem_shift.Atom_type	_Atom_chem_shift.Atom_isotope_number	_Atom_chem_shift.Val	_Atom_chem_shift.Val_err	_Atom_chem_shift.Assign_fig_of_merit	_Atom_chem_shift.Ambiguity_code	_Atom_chem_shift.Ambiguity_set_ID	_Atom_chem_shift.Occupancy	_Atom_chem_shift.Resonance_ID	_Atom_chem_shift.Auth_entity_assembly_ID	_Atom_chem_shift.Auth_asym_ID	_Atom_chem_shift.Auth_seq_ID	_Atom_chem_shift.Auth_comp_ID	_Atom_chem_shift.Auth_atom_ID	_Atom_chem_shift.Details	_Atom_chem_shift.Entry_ID	_Atom_chem_shift.Assigned_chem_shift_list_ID
1,.,.,.,2,N,15,N,.,N,THR,B,12,THR,12,.,1,2,.,52139,22,.,.,12,120.785,.,_Atom_chem_shift.ID	_Atom_chem_shift.Assembly_atom_ID	_Atom_chem_shift.Entity_assembly_ID	_Atom_chem_shift.Entity_assembly_asym_ID	_Atom_chem_shift.Entity_ID	_Atom_chem_shift.Comp_index_ID	_Atom_chem_shift.Seq_ID	_Atom_chem_shift.Comp_ID	_Atom_chem_shift.Atom_ID	_Atom_chem_shift.Atom_type	_Atom_chem_shift.Atom_isotope_number	_Atom_chem_shift.Val	_Atom_chem_shift.Val_err	_Atom_chem_shift.Assign_fig_of_merit	_Atom_chem_shift.Ambiguity_code	_Atom_chem_shift.Ambiguity_set_ID	_Atom_chem_shift.Occupancy	_Atom_chem_shift.Resonance_ID	_Atom_chem_shift.Auth_entity_assembly_ID	_Atom_chem_shift.Auth_asym_ID	_Atom_chem_shift.Auth_seq_ID	_Atom_chem_shift.Auth_comp_ID	_Atom_chem_shift.Auth_atom_ID	_Atom_chem_shift.Details	_Atom_chem_shift.Entry_ID	_Atom_chem_shift.Assigned_chem_shift_list_ID
1,.,.,.,2,H,1,H,.,H,ILE,B,13,ILE,13,.,1,2,.,52139,23,.,.,13,9.49,.,_Atom_chem_shift.ID	_Atom_chem_shift.Assembly_atom_ID	_Atom_chem_shift.Entity_assembly_ID	_Atom_chem_shift.Entity_assembly_asym_ID	_Atom_chem_shift.Entity_ID	_Atom_chem_shift.Comp_index_ID	_Atom_chem_shift.Seq_ID	_Atom_chem_shift.Comp_ID	_Atom_chem_shift.Atom_ID	_Atom_chem_shift.Atom_type	_Atom_chem_shift.Atom_isotope_number	_Atom_chem_shift.Val	_Atom_chem_shift.Val_err	_Atom_chem_shift.Assign_fig_of_merit	_Atom_chem_shift.Ambiguity_code	_Atom_chem_shift.Ambiguity_set_ID	_Atom_chem_shift.Occupancy	_Atom_chem_shift.Resonance_ID	_Atom_chem_shift.Auth_entity_assembly_ID	_Atom_chem_shift.Auth_asym_ID	_Atom_chem_shift.Auth_seq_ID	_Atom_chem_shift.Auth_comp_ID	_Atom_chem_shift.Auth_atom_ID	_Atom_chem_shift.Details	_Atom_chem_shift.Entry_ID	_Atom_chem_shift.Assigned_chem_shift_list_ID
1,.,.,.,2,N,15,N,.,N,ILE,B,13,ILE,13,.,1,2,.,52139,24,.,.,13,127.927,.,_Atom_chem_shift.ID	_Atom_chem_shift.Assembly_atom_ID	_Atom_chem_shift.Entity_assembly_ID	_Atom_chem_shift.Entity_assembly_asym_ID	_Atom_chem_shift.Entity_ID	_Atom_chem_shift.Comp_index_ID	_Atom_chem_shift.Seq_ID	_Atom_chem_shift.Comp_ID	_Atom_chem_shift.Atom_ID	_Atom_chem_shift.Atom_type	_Atom_chem_shift.Atom_isotope_number	_Atom_chem_shift.Val	_Atom_chem_shift.Val_err	_Atom_chem_shift.Assign_fig_of_merit	_Atom_chem_shift.Ambiguity_code	_Atom_chem_shift.Ambiguity_set_ID	_Atom_chem_shift.Occupancy	_Atom_chem_shift.Resonance_ID	_Atom_chem_shift.Auth_entity_assembly_ID	_Atom_chem_shift.Auth_asym_ID	_Atom_chem_shift.Auth_seq_ID	_Atom_chem_shift.Auth_comp_ID	_Atom_chem_shift.Auth_atom_ID	_Atom_chem_shift.Details	_Atom_chem_shift.Entry_ID	_Atom_chem_shift.Assigned_chem_shift_list_ID
1,.,.,.,2,H,1,H,.,H,THR,B,14,THR,14,.,1,2,.,52139,25,.,.,14,8.656,.,_Atom_chem_shift.ID	_Atom_chem_shift.Assembly_atom_ID	_Atom_chem_shift.Entity_assembly_ID	_Atom_chem_shift.Entity_assembly_asym_ID	_Atom_chem_shift.Entity_ID	_Atom_chem_shift.Comp_index_ID	_Atom_chem_shift.Seq_ID	_Atom_chem_shift.Comp_ID	_Atom_chem_shift.Atom_ID	_Atom_chem_shift.Atom_type	_Atom_chem_shift.Atom_isotope_number	_Atom_chem_shift.Val	_Atom_chem_shift.Val_err	_Atom_chem_shift.Assign_fig_of_merit	_Atom_chem_shift.Ambiguity_code	_Atom_chem_shift.Ambiguity_set_ID	_Atom_chem_shift.Occupancy	_Atom_chem_shift.Resonance_ID	_Atom_chem_shift.Auth_entity_assembly_ID	_Atom_chem_shift.Auth_asym_ID	_Atom_chem_shift.Auth_seq_ID	_Atom_chem_shift.Auth_comp_ID	_Atom_chem_shift.Auth_atom_ID	_Atom_chem_shift.Details	_Atom_chem_shift.Entry_ID	_Atom_chem_shift.Assigned_chem_shift_list_ID
1,.,.,.,2,N,15,N,.,N,THR,B,14,THR,14,.,1,2,.,52139,26,.,.,14,121.732,.,_Atom_chem_shift.ID	_Atom_chem_shift.Assembly_atom_ID	_Atom_chem_shift.Entity_assembly_ID	_Atom_chem_shift.Entity_assembly_asym_ID	_Atom_chem_shift.Entity_ID	_Atom_chem_shift.Comp_index_ID	_Atom_chem_shift.Seq_ID	_Atom_chem_shift.Comp_ID	_Atom_chem_shift.Atom_ID	_Atom_chem_shift.Atom_type	_Atom_chem_shift.Atom_isotope_number	_Atom_chem_shift.Val	_Atom_chem_shift.Val_err	_Atom_chem_shift.Assign_fig_of_merit	_Atom_chem_shift.Ambiguity_code	_Atom_chem_shift.Ambiguity_set_ID	_Atom_chem_shift.Occupancy	_Atom_chem_shift.Resonance_ID	_Atom_chem_shift.Auth_entity_assembly_ID	_Atom_chem_shift.Auth_asym_ID	_Atom_chem_shift.Auth_seq_ID	_Atom_chem_shift.Auth_comp_ID	_Atom_chem_shift.Auth_atom_ID	_Atom_chem_shift.Details	_Atom_chem_shift.Entry_ID	_Atom_chem_shift.Assigned_chem_shift_list_ID
1,.,.,.,2,H,1,H,.,H,LEU,B,15,LEU,15,.,1,2,.,52139,27,.,.,15,8.632,.,_Atom_chem_shift.ID	_Atom_chem_shift.Assembly_atom_ID	_Atom_chem_shift.Entity_assembly_ID	_Atom_chem_shift.Entity_assembly_asym_ID	_Atom_chem_shift.Entity_ID	_Atom_chem_shift.Comp_index_ID	_Atom_chem_shift.Seq_ID	_Atom_chem_shift.Comp_ID	_Atom_chem_shift.Atom_ID	_Atom_chem_shift.Atom_type	_Atom_chem_shift.Atom_isotope_number	_Atom_chem_shift.Val	_Atom_chem_shift.Val_err	_Atom_chem_shift.Assign_fig_of_merit	_Atom_chem_shift.Ambiguity_code	_Atom_chem_shift.Ambiguity_set_ID	_Atom_chem_shift.Occupancy	_Atom_chem_shift.Resonance_ID	_Atom_chem_shift.Auth_entity_assembly_ID	_Atom_chem_shift.Auth_asym_ID	_Atom_chem_shift.Auth_seq_ID	_Atom_chem_shift.Auth_comp_ID	_Atom_chem_shift.Auth_atom_ID	_Atom_chem_shift.Details	_Atom_chem_shift.Entry_ID	_Atom_chem_shift.Assigned_chem_shift_list_ID
1,.,.,.,2,N,15,N,.,N,LEU,B,15,LEU,15,.,1,2,.,52139,28,.,.,15,125.184,.,_Atom_chem_shift.ID	_Atom_chem_shift.Assembly_atom_ID	_Atom_chem_shift.Entity_assembly_ID	_Atom_chem_shift.Entity_assembly_asym_ID	_Atom_chem_shift.Entity_ID	_Atom_chem_shift.Comp_index_ID	_Atom_chem_shift.Seq_ID	_Atom_chem_shift.Comp_ID	_Atom_chem_shift.Atom_ID	_Atom_chem_shift.Atom_type	_Atom_chem_shift.Atom_isotope_number	_Atom_chem_shift.Val	_Atom_chem_shift.Val_err	_Atom_chem_shift.Assign_fig_of_merit	_Atom_chem_shift.Ambiguity_code	_Atom_chem_shift.Ambiguity_set_ID	_Atom_chem_shift.Occupancy	_Atom_chem_shift.Resonance_ID	_Atom_chem_shift.Auth_entity_assembly_ID	_Atom_chem_shift.Auth_asym_ID	_Atom_chem_shift.Auth_seq_ID	_Atom_chem_shift.Auth_comp_ID	_Atom_chem_shift.Auth_atom_ID	_Atom_chem_shift.Details	_Atom_chem_shift.Entry_ID	_Atom_chem_shift.Assigned_chem_shift_list_ID
1,.,.,.,2,H,1,H,.,H,GLU,B,16,GLU,16,.,1,2,.,52139,29,.,.,16,8.034,.,_Atom_chem_shift.ID	_Atom_chem_shift.Assembly_atom_ID	_Atom_chem_shift.Entity_assembly_ID	_Atom_chem_shift.Entity_assembly_asym_ID	_Atom_chem_shift.Entity_ID	_Atom_chem_shift.Comp_index_ID	_Atom_chem_shift.Seq_ID	_Atom_chem_shift.Comp_ID	_Atom_chem_shift.Atom_ID	_Atom_chem_shift.Atom_type	_Atom_chem_shift.Atom_isotope_number	_Atom_chem_shift.Val	_Atom_chem_shift.Val_err	_Atom_chem_shift.Assign_fig_of_merit	_Atom_chem_shift.Ambiguity_code	_Atom_chem_shift.Ambiguity_set_ID	_Atom_chem_shift.Occupancy	_Atom_chem_shift.Resonance_ID	_Atom_chem_shift.Auth_entity_assembly_ID	_Atom_chem_shift.Auth_asym_ID	_Atom_chem_shift.Auth_seq_ID	_Atom_chem_shift.Auth_comp_ID	_Atom_chem_shift.Auth_atom_ID	_Atom_chem_shift.Details	_Atom_chem_shift.Entry_ID	_Atom_chem_shift.Assigned_chem_shift_list_ID
1,.,.,.,2,N,15,N,.,N,GLU,B,16,GLU,16,.,1,2,.,52139,30,.,.,16,122.429,.,_Atom_chem_shift.ID	_Atom_chem_shift.Assembly_atom_ID	_Atom_chem_shift.Entity_assembly_ID	_Atom_chem_shift.Entity_assembly_asym_ID	_Atom_chem_shift.Entity_ID	_Atom_chem_shift.Comp_index_ID	_Atom_chem_shift.Seq_ID	_Atom_chem_shift.Comp_ID	_Atom_chem_shift.Atom_ID	_Atom_chem_shift.Atom_type	_Atom_chem_shift.Atom_isotope_number	_Atom_chem_shift.Val	_Atom_chem_shift.Val_err	_Atom_chem_shift.Assign_fig_of_merit	_Atom_chem_shift.Ambiguity_code	_Atom_chem_shift.Ambiguity_set_ID	_Atom_chem_shift.Occupancy	_Atom_chem_shift.Resonance_ID	_Atom_chem_shift.Auth_entity_assembly_ID	_Atom_chem_shift.Auth_asym_ID	_Atom_chem_shift.Auth_seq_ID	_Atom_chem_shift.Auth_comp_ID	_Atom_chem_shift.Auth_atom_ID	_Atom_chem_shift.Details	_Atom_chem_shift.Entry_ID	_Atom_chem_shift.Assigned_chem_shift_list_ID
1,.,.,.,2,H,1,H,.,H,VAL,B,17,VAL,17,.,1,2,.,52139,31,.,.,17,8.86,.,_Atom_chem_shift.ID	_Atom_chem_shift.Assembly_atom_ID	_Atom_chem_shift.Entity_assembly_ID	_Atom_chem_shift.Entity_assembly_asym_ID	_Atom_chem_shift.Entity_ID	_Atom_chem_shift.Comp_index_ID	_Atom_chem_shift.Seq_ID	_Atom_chem_shift.Comp_ID	_Atom_chem_shift.Atom_ID	_Atom_chem_shift.Atom_type	_Atom_chem_shift.Atom_isotope_number	_Atom_chem_shift.Val	_Atom_chem_shift.Val_err	_Atom_chem_shift.Assign_fig_of_merit	_Atom_chem_shift.Ambiguity_code	_Atom_chem_shift.Ambiguity_set_ID	_Atom_chem_shift.Occupancy	_Atom_chem_shift.Resonance_ID	_Atom_chem_shift.Auth_entity_assembly_ID	_Atom_chem_shift.Auth_asym_ID	_Atom_chem_shift.Auth_seq_ID	_Atom_chem_shift.Auth_comp_ID	_Atom_chem_shift.Auth_atom_ID	_Atom_chem_shift.Details	_Atom_chem_shift.Entry_ID	_Atom_chem_shift.Assigned_chem_shift_list_ID
1,.,.,.,2,N,15,N,.,N,VAL,B,17,VAL,17,.,1,2,.,52139,32,.,.,17,117.595,.,_Atom_chem_shift.ID	_Atom_chem_shift.Assembly_atom_ID	_Atom_chem_shift.Entity_assembly_ID	_Atom_chem_shift.Entity_assembly_asym_ID	_Atom_chem_shift.Entity_ID	_Atom_chem_shift.Comp_index_ID	_Atom_chem_shift.Seq_ID	_Atom_chem_shift.Comp_ID	_Atom_chem_shift.Atom_ID	_Atom_chem_shift.Atom_type	_Atom_chem_shift.Atom_isotope_number	_Atom_chem_shift.Val	_Atom_chem_shift.Val_err	_Atom_chem_shift.Assign_fig_of_merit	_Atom_chem_shift.Ambiguity_code	_Atom_chem_shift.Ambiguity_set_ID	_Atom_chem_shift.Occupancy	_Atom_chem_shift.Resonance_ID	_Atom_chem_shift.Auth_entity_assembly_ID	_Atom_chem_shift.Auth_asym_ID	_Atom_chem_shift.Auth_seq_ID	_Atom_chem_shift.Auth_comp_ID	_Atom_chem_shift.Auth_atom_ID	_Atom_chem_shift.Details	_Atom_chem_shift.Entry_ID	_Atom_chem_shift.Assigned_chem_shift_list_ID
1,.,.,.,2,H,1,H,.,H,GLU,B,18,GLU,18,.,1,2,.,52139,33,.,.,18,8.565,.,_Atom_chem_shift.ID	_Atom_chem_shift.Assembly_atom_ID	_Atom_chem_shift.Entity_assembly_ID	_Atom_chem_shift.Entity_assembly_asym_ID	_Atom_chem_shift.Entity_ID	_Atom_chem_shift.Comp_index_ID	_Atom_chem_shift.Seq_ID	_Atom_chem_shift.Comp_ID	_Atom_chem_shift.Atom_ID	_Atom_chem_shift.Atom_type	_Atom_chem_shift.Atom_isotope_number	_Atom_chem_shift.Val	_Atom_chem_shift.Val_err	_Atom_chem_shift.Assign_fig_of_merit	_Atom_chem_shift.Ambiguity_code	_Atom_chem_shift.Ambiguity_set_ID	_Atom_chem_shift.Occupancy	_Atom_chem_shift.Resonance_ID	_Atom_chem_shift.Auth_entity_assembly_ID	_Atom_chem_shift.Auth_asym_ID	_Atom_chem_shift.Auth_seq_ID	_Atom_chem_shift.Auth_comp_ID	_Atom_chem_shift.Auth_atom_ID	_Atom_chem_shift.Details	_Atom_chem_shift.Entry_ID	_Atom_chem_shift.Assigned_chem_shift_list_ID
1,.,.,.,2,N,15,N,.,N,GLU,B,18,GLU,18,.,1,2,.,52139,34,.,.,18,119.315,.,_Atom_chem_shift.ID	_Atom_chem_shift.Assembly_atom_ID	_Atom_chem_shift.Entity_assembly_ID	_Atom_chem_shift.Entity_assembly_asym_ID	_Atom_chem_shift.Entity_ID	_Atom_chem_shift.Comp_index_ID	_Atom_chem_shift.Seq_ID	_Atom_chem_shift.Comp_ID	_Atom_chem_shift.Atom_ID	_Atom_chem_shift.Atom_type	_Atom_chem_shift.Atom_isotope_number	_Atom_chem_shift.Val	_Atom_chem_shift.Val_err	_Atom_chem_shift.Assign_fig_of_merit	_Atom_chem_shift.Ambiguity_code	_Atom_chem_shift.Ambiguity_set_ID	_Atom_chem_shift.Occupancy	_Atom_chem_shift.Resonance_ID	_Atom_chem_shift.Auth_entity_assembly_ID	_Atom_chem_shift.Auth_asym_ID	_Atom_chem_shift.Auth_seq_ID	_Atom_chem_shift.Auth_comp_ID	_Atom_chem_shift.Auth_atom_ID	_Atom_chem_shift.Details	_Atom_chem_shift.Entry_ID	_Atom_chem_shift.Assigned_chem_shift_list_ID
1,.,.,.,2,H,1,H,.,H,SER,B,20,SER,20,.,1,2,.,52139,35,.,.,20,6.938,.,_Atom_chem_shift.ID	_Atom_chem_shift.Assembly_atom_ID	_Atom_chem_shift.Entity_assembly_ID	_Atom_chem_shift.Entity_assembly_asym_ID	_Atom_chem_shift.Entity_ID	_Atom_chem_shift.Comp_index_ID	_Atom_chem_shift.Seq_ID	_Atom_chem_shift.Comp_ID	_Atom_chem_shift.Atom_ID	_Atom_chem_shift.Atom_type	_Atom_chem_shift.Atom_isotope_number	_Atom_chem_shift.Val	_Atom_chem_shift.Val_err	_Atom_chem_shift.Assign_fig_of_merit	_Atom_chem_shift.Ambiguity_code	_Atom_chem_shift.Ambiguity_set_ID	_Atom_chem_shift.Occupancy	_Atom_chem_shift.Resonance_ID	_Atom_chem_shift.Auth_entity_assembly_ID	_Atom_chem_shift.Auth_asym_ID	_Atom_chem_shift.Auth_seq_ID	_Atom_chem_shift.Auth_comp_ID	_Atom_chem_shift.Auth_atom_ID	_Atom_chem_shift.Details	_Atom_chem_shift.Entry_ID	_Atom_chem_shift.Assigned_chem_shift_list_ID
1,.,.,.,2,N,15,N,.,N,SER,B,20,SER,20,.,1,2,.,52139,36,.,.,20,103.437,.,_Atom_chem_shift.ID	_Atom_chem_shift.Assembly_atom_ID	_Atom_chem_shift.Entity_assembly_ID	_Atom_chem_shift.Entity_assembly_asym_ID	_Atom_chem_shift.Entity_ID	_Atom_chem_shift.Comp_index_ID	_Atom_chem_shift.Seq_ID	_Atom_chem_shift.Comp_ID	_Atom_chem_shift.Atom_ID	_Atom_chem_shift.Atom_type	_Atom_chem_shift.Atom_isotope_number	_Atom_chem_shift.Val	_Atom_chem_shift.Val_err	_Atom_chem_shift.Assign_fig_of_merit	_Atom_chem_shift.Ambiguity_code	_Atom_chem_shift.Ambiguity_set_ID	_Atom_chem_shift.Occupancy	_Atom_chem_shift.Resonance_ID	_Atom_chem_shift.Auth_entity_assembly_ID	_Atom_chem_shift.Auth_asym_ID	_Atom_chem_shift.Auth_seq_ID	_Atom_chem_shift.Auth_comp_ID	_Atom_chem_shift.Auth_atom_ID	_Atom_chem_shift.Details	_Atom_chem_shift.Entry_ID	_Atom_chem_shift.Assigned_chem_shift_list_ID
1,.,.,.,2,H,1,H,.,H,ASP,B,21,ASP,21,.,1,2,.,52139,37,.,.,21,7.968,.,_Atom_chem_shift.ID	_Atom_chem_shift.Assembly_atom_ID	_Atom_chem_shift.Entity_assembly_ID	_Atom_chem_shift.Entity_assembly_asym_ID	_Atom_chem_shift.Entity_ID	_Atom_chem_shift.Comp_index_ID	_Atom_chem_shift.Seq_ID	_Atom_chem_shift.Comp_ID	_Atom_chem_shift.Atom_ID	_Atom_chem_shift.Atom_type	_Atom_chem_shift.Atom_isotope_number	_Atom_chem_shift.Val	_Atom_chem_shift.Val_err	_Atom_chem_shift.Assign_fig_of_merit	_Atom_chem_shift.Ambiguity_code	_Atom_chem_shift.Ambiguity_set_ID	_Atom_chem_shift.Occupancy	_Atom_chem_shift.Resonance_ID	_Atom_chem_shift.Auth_entity_assembly_ID	_Atom_chem_shift.Auth_asym_ID	_Atom_chem_shift.Auth_seq_ID	_Atom_chem_shift.Auth_comp_ID	_Atom_chem_shift.Auth_atom_ID	_Atom_chem_shift.Details	_Atom_chem_shift.Entry_ID	_Atom_chem_shift.Assigned_chem_shift_list_ID
1,.,.,.,2,N,15,N,.,N,ASP,B,21,ASP,21,.,1,2,.,52139,38,.,.,21,124.015,.,_Atom_chem_shift.ID	_Atom_chem_shift.Assembly_atom_ID	_Atom_chem_shift.Entity_assembly_ID	_Atom_chem_shift.Entity_assembly_asym_ID	_Atom_chem_shift.Entity_ID	_Atom_chem_shift.Comp_index_ID	_Atom_chem_shift.Seq_ID	_Atom_chem_shift.Comp_ID	_Atom_chem_shift.Atom_ID	_Atom_chem_shift.Atom_type	_Atom_chem_shift.Atom_isotope_number	_Atom_chem_shift.Val	_Atom_chem_shift.Val_err	_Atom_chem_shift.Assign_fig_of_merit	_Atom_chem_shift.Ambiguity_code	_Atom_chem_shift.Ambiguity_set_ID	_Atom_chem_shift.Occupancy	_Atom_chem_shift.Resonance_ID	_Atom_chem_shift.Auth_entity_assembly_ID	_Atom_chem_shift.Auth_asym_ID	_Atom_chem_shift.Auth_seq_ID	_Atom_chem_shift.Auth_comp_ID	_Atom_chem_shift.Auth_atom_ID	_Atom_chem_shift.Details	_Atom_chem_shift.Entry_ID	_Atom_chem_shift.Assigned_chem_shift_list_ID
1,.,.,.,2,H,1,H,.,H,THR,B,22,THR,22,.,1,2,.,52139,39,.,.,22,7.798,.,_Atom_chem_shift.ID	_Atom_chem_shift.Assembly_atom_ID	_Atom_chem_shift.Entity_assembly_ID	_Atom_chem_shift.Entity_assembly_asym_ID	_Atom_chem_shift.Entity_ID	_Atom_chem_shift.Comp_index_ID	_Atom_chem_shift.Seq_ID	_Atom_chem_shift.Comp_ID	_Atom_chem_shift.Atom_ID	_Atom_chem_shift.Atom_type	_Atom_chem_shift.Atom_isotope_number	_Atom_chem_shift.Val	_Atom_chem_shift.Val_err	_Atom_chem_shift.Assign_fig_of_merit	_Atom_chem_shift.Ambiguity_code	_Atom_chem_shift.Ambiguity_set_ID	_Atom_chem_shift.Occupancy	_Atom_chem_shift.Resonance_ID	_Atom_chem_shift.Auth_entity_assembly_ID	_Atom_chem_shift.Auth_asym_ID	_Atom_chem_shift.Auth_seq_ID	_Atom_chem_shift.Auth_comp_ID	_Atom_chem_shift.Auth_atom_ID	_Atom_chem_shift.Details	_Atom_chem_shift.Entry_ID	_Atom_chem_shift.Assigned_chem_shift_list_ID
1,.,.,.,2,N,15,N,.,N,THR,B,22,THR,22,.,1,2,.,52139,40,.,.,22,109.095,.,_Atom_chem_shift.ID	_Atom_chem_shift.Assembly_atom_ID	_Atom_chem_shift.Entity_assembly_ID	_Atom_chem_shift.Entity_assembly_asym_ID	_Atom_chem_shift.Entity_ID	_Atom_chem_shift.Comp_index_ID	_Atom_chem_shift.Seq_ID	_Atom_chem_shift.Comp_ID	_Atom_chem_shift.Atom_ID	_Atom_chem_shift.Atom_type	_Atom_chem_shift.Atom_isotope_number	_Atom_chem_shift.Val	_Atom_chem_shift.Val_err	_Atom_chem_shift.Assign_fig_of_merit	_Atom_chem_shift.Ambiguity_code	_Atom_chem_shift.Ambiguity_set_ID	_Atom_chem_shift.Occupancy	_Atom_chem_shift.Resonance_ID	_Atom_chem_shift.Auth_entity_assembly_ID	_Atom_chem_shift.Auth_asym_ID	_Atom_chem_shift.Auth_seq_ID	_Atom_chem_shift.Auth_comp_ID	_Atom_chem_shift.Auth_atom_ID	_Atom_chem_shift.Details	_Atom_chem_shift.Entry_ID	_Atom_chem_shift.Assigned_chem_shift_list_ID
1,.,.,.,2,H,1,H,.,H,ILE,B,23,ILE,23,.,1,2,.,52139,41,.,.,23,8.424,.,_Atom_chem_shift.ID	_Atom_chem_shift.Assembly_atom_ID	_Atom_chem_shift.Entity_assembly_ID	_Atom_chem_shift.Entity_assembly_asym_ID	_Atom_chem_shift.Entity_ID	_Atom_chem_shift.Comp_index_ID	_Atom_chem_shift.Seq_ID	_Atom_chem_shift.Comp_ID	_Atom_chem_shift.Atom_ID	_Atom_chem_shift.Atom_type	_Atom_chem_shift.Atom_isotope_number	_Atom_chem_shift.Val	_Atom_chem_shift.Val_err	_Atom_chem_shift.Assign_fig_of_merit	_Atom_chem_shift.Ambiguity_code	_Atom_chem_shift.Ambiguity_set_ID	_Atom_chem_shift.Occupancy	_Atom_chem_shift.Resonance_ID	_Atom_chem_shift.Auth_entity_assembly_ID	_Atom_chem_shift.Auth_asym_ID	_Atom_chem_shift.Auth_seq_ID	_Atom_chem_shift.Auth_comp_ID	_Atom_chem_shift.Auth_atom_ID	_Atom_chem_shift.Details	_Atom_chem_shift.Entry_ID	_Atom_chem_shift.Assigned_chem_shift_list_ID
1,.,.,.,2,N,15,N,.,N,ILE,B,23,ILE,23,.,1,2,.,52139,42,.,.,23,121.301,.,_Atom_chem_shift.ID	_Atom_chem_shift.Assembly_atom_ID	_Atom_chem_shift.Entity_assembly_ID	_Atom_chem_shift.Entity_assembly_asym_ID	_Atom_chem_shift.Entity_ID	_Atom_chem_shift.Comp_index_ID	_Atom_chem_shift.Seq_ID	_Atom_chem_shift.Comp_ID	_Atom_chem_shift.Atom_ID	_Atom_chem_shift.Atom_type	_Atom_chem_shift.Atom_isotope_number	_Atom_chem_shift.Val	_Atom_chem_shift.Val_err	_Atom_chem_shift.Assign_fig_of_merit	_Atom_chem_shift.Ambiguity_code	_Atom_chem_shift.Ambiguity_set_ID	_Atom_chem_shift.Occupancy	_Atom_chem_shift.Resonance_ID	_Atom_chem_shift.Auth_entity_assembly_ID	_Atom_chem_shift.Auth_asym_ID	_Atom_chem_shift.Auth_seq_ID	_Atom_chem_shift.Auth_comp_ID	_Atom_chem_shift.Auth_atom_ID	_Atom_chem_shift.Details	_Atom_chem_shift.Entry_ID	_Atom_chem_shift.Assigned_chem_shift_list_ID
1,.,.,.,2,H,1,H,.,H,ASN,B,25,ASN,25,.,1,2,.,52139,43,.,.,25,7.85,.,_Atom_chem_shift.ID	_Atom_chem_shift.Assembly_atom_ID	_Atom_chem_shift.Entity_assembly_ID	_Atom_chem_shift.Entity_assembly_asym_ID	_Atom_chem_shift.Entity_ID	_Atom_chem_shift.Comp_index_ID	_Atom_chem_shift.Seq_ID	_Atom_chem_shift.Comp_ID	_Atom_chem_shift.Atom_ID	_Atom_chem_shift.Atom_type	_Atom_chem_shift.Atom_isotope_number	_Atom_chem_shift.Val	_Atom_chem_shift.Val_err	_Atom_chem_shift.Assign_fig_of_merit	_Atom_chem_shift.Ambiguity_code	_Atom_chem_shift.Ambiguity_set_ID	_Atom_chem_shift.Occupancy	_Atom_chem_shift.Resonance_ID	_Atom_chem_shift.Auth_entity_assembly_ID	_Atom_chem_shift.Auth_asym_ID	_Atom_chem_shift.Auth_seq_ID	_Atom_chem_shift.Auth_comp_ID	_Atom_chem_shift.Auth_atom_ID	_Atom_chem_shift.Details	_Atom_chem_shift.Entry_ID	_Atom_chem_shift.Assigned_chem_shift_list_ID
1,.,.,.,2,N,15,N,.,N,ASN,B,25,ASN,25,.,1,2,.,52139,44,.,.,25,121.508,.,_Atom_chem_shift.ID	_Atom_chem_shift.Assembly_atom_ID	_Atom_chem_shift.Entity_assembly_ID	_Atom_chem_shift.Entity_assembly_asym_ID	_Atom_chem_shift.Entity_ID	_Atom_chem_shift.Comp_index_ID	_Atom_chem_shift.Seq_ID	_Atom_chem_shift.Comp_ID	_Atom_chem_shift.Atom_ID	_Atom_chem_shift.Atom_type	_Atom_chem_shift.Atom_isotope_number	_Atom_chem_shift.Val	_Atom_chem_shift.Val_err	_Atom_chem_shift.Assign_fig_of_merit	_Atom_chem_shift.Ambiguity_code	_Atom_chem_shift.Ambiguity_set_ID	_Atom_chem_shift.Occupancy	_Atom_chem_shift.Resonance_ID	_Atom_chem_shift.Auth_entity_assembly_ID	_Atom_chem_shift.Auth_asym_ID	_Atom_chem_shift.Auth_seq_ID	_Atom_chem_shift.Auth_comp_ID	_Atom_chem_shift.Auth_atom_ID	_Atom_chem_shift.Details	_Atom_chem_shift.Entry_ID	_Atom_chem_shift.Assigned_chem_shift_list_ID
1,.,.,.,2,H,1,H,.,H,VAL,B,26,VAL,26,.,1,2,.,52139,45,.,.,26,8.034,.,_Atom_chem_shift.ID	_Atom_chem_shift.Assembly_atom_ID	_Atom_chem_shift.Entity_assembly_ID	_Atom_chem_shift.Entity_assembly_asym_ID	_Atom_chem_shift.Entity_ID	_Atom_chem_shift.Comp_index_ID	_Atom_chem_shift.Seq_ID	_Atom_chem_shift.Comp_ID	_Atom_chem_shift.Atom_ID	_Atom_chem_shift.Atom_type	_Atom_chem_shift.Atom_isotope_number	_Atom_chem_shift.Val	_Atom_chem_shift.Val_err	_Atom_chem_shift.Assign_fig_of_merit	_Atom_chem_shift.Ambiguity_code	_Atom_chem_shift.Ambiguity_set_ID	_Atom_chem_shift.Occupancy	_Atom_chem_shift.Resonance_ID	_Atom_chem_shift.Auth_entity_assembly_ID	_Atom_chem_shift.Auth_asym_ID	_Atom_chem_shift.Auth_seq_ID	_Atom_chem_shift.Auth_comp_ID	_Atom_chem_shift.Auth_atom_ID	_Atom_chem_shift.Details	_Atom_chem_shift.Entry_ID	_Atom_chem_shift.Assigned_chem_shift_list_ID
1,.,.,.,2,N,15,N,.,N,VAL,B,26,VAL,26,.,1,2,.,52139,46,.,.,26,122.429,.,_Atom_chem_shift.ID	_Atom_chem_shift.Assembly_atom_ID	_Atom_chem_shift.Entity_assembly_ID	_Atom_chem_shift.Entity_assembly_asym_ID	_Atom_chem_shift.Entity_ID	_Atom_chem_shift.Comp_index_ID	_Atom_chem_shift.Seq_ID	_Atom_chem_shift.Comp_ID	_Atom_chem_shift.Atom_ID	_Atom_chem_shift.Atom_type	_Atom_chem_shift.Atom_isotope_number	_Atom_chem_shift.Val	_Atom_chem_shift.Val_err	_Atom_chem_shift.Assign_fig_of_merit	_Atom_chem_shift.Ambiguity_code	_Atom_chem_shift.Ambiguity_set_ID	_Atom_chem_shift.Occupancy	_Atom_chem_shift.Resonance_ID	_Atom_chem_shift.Auth_entity_assembly_ID	_Atom_chem_shift.Auth_asym_ID	_Atom_chem_shift.Auth_seq_ID	_Atom_chem_shift.Auth_comp_ID	_Atom_chem_shift.Auth_atom_ID	_Atom_chem_shift.Details	_Atom_chem_shift.Entry_ID	_Atom_chem_shift.Assigned_chem_shift_list_ID
1,.,.,.,2,H,1,H,.,H,LYS,B,27,LYS,27,.,1,2,.,52139,47,.,.,27,8.472,.,_Atom_chem_shift.ID	_Atom_chem_shift.Assembly_atom_ID	_Atom_chem_shift.Entity_assembly_ID	_Atom_chem_shift.Entity_assembly_asym_ID	_Atom_chem_shift.Entity_ID	_Atom_chem_shift.Comp_index_ID	_Atom_chem_shift.Seq_ID	_Atom_chem_shift.Comp_ID	_Atom_chem_shift.Atom_ID	_Atom_chem_shift.Atom_type	_Atom_chem_shift.Atom_isotope_number	_Atom_chem_shift.Val	_Atom_chem_shift.Val_err	_Atom_chem_shift.Assign_fig_of_merit	_Atom_chem_shift.Ambiguity_code	_Atom_chem_shift.Ambiguity_set_ID	_Atom_chem_shift.Occupancy	_Atom_chem_shift.Resonance_ID	_Atom_chem_shift.Auth_entity_assembly_ID	_Atom_chem_shift.Auth_asym_ID	_Atom_chem_shift.Auth_seq_ID	_Atom_chem_shift.Auth_comp_ID	_Atom_chem_shift.Auth_atom_ID	_Atom_chem_shift.Details	_Atom_chem_shift.Entry_ID	_Atom_chem_shift.Assigned_chem_shift_list_ID
1,.,.,.,2,N,15,N,.,N,LYS,B,27,LYS,27,.,1,2,.,52139,48,.,.,27,118.972,.,_Atom_chem_shift.ID	_Atom_chem_shift.Assembly_atom_ID	_Atom_chem_shift.Entity_assembly_ID	_Atom_chem_shift.Entity_assembly_asym_ID	_Atom_chem_shift.Entity_ID	_Atom_chem_shift.Comp_index_ID	_Atom_chem_shift.Seq_ID	_Atom_chem_shift.Comp_ID	_Atom_chem_shift.Atom_ID	_Atom_chem_shift.Atom_type	_Atom_chem_shift.Atom_isotope_number	_Atom_chem_shift.Val	_Atom_chem_shift.Val_err	_Atom_chem_shift.Assign_fig_of_merit	_Atom_chem_shift.Ambiguity_code	_Atom_chem_shift.Ambiguity_set_ID	_Atom_chem_shift.Occupancy	_Atom_chem_shift.Resonance_ID	_Atom_chem_shift.Auth_entity_assembly_ID	_Atom_chem_shift.Auth_asym_ID	_Atom_chem_shift.Auth_seq_ID	_Atom_chem_shift.Auth_comp_ID	_Atom_chem_shift.Auth_atom_ID	_Atom_chem_shift.Details	_Atom_chem_shift.Entry_ID	_Atom_chem_shift.Assigned_chem_shift_list_ID
1,.,.,.,2,H,1,H,.,H,ALA,B,28,ALA,28,.,1,2,.,52139,49,.,.,28,7.875,.,_Atom_chem_shift.ID	_Atom_chem_shift.Assembly_atom_ID	_Atom_chem_shift.Entity_assembly_ID	_Atom_chem_shift.Entity_assembly_asym_ID	_Atom_chem_shift.Entity_ID	_Atom_chem_shift.Comp_index_ID	_Atom_chem_shift.Seq_ID	_Atom_chem_shift.Comp_ID	_Atom_chem_shift.Atom_ID	_Atom_chem_shift.Atom_type	_Atom_chem_shift.Atom_isotope_number	_Atom_chem_shift.Val	_Atom_chem_shift.Val_err	_Atom_chem_shift.Assign_fig_of_merit	_Atom_chem_shift.Ambiguity_code	_Atom_chem_shift.Ambiguity_set_ID	_Atom_chem_shift.Occupancy	_Atom_chem_shift.Resonance_ID	_Atom_chem_shift.Auth_entity_assembly_ID	_Atom_chem_shift.Auth_asym_ID	_Atom_chem_shift.Auth_seq_ID	_Atom_chem_shift.Auth_comp_ID	_Atom_chem_shift.Auth_atom_ID	_Atom_chem_shift.Details	_Atom_chem_shift.Entry_ID	_Atom_chem_shift.Assigned_chem_shift_list_ID
1,.,.,.,2,N,15,N,.,N,ALA,B,28,ALA,28,.,1,2,.,52139,50,.,.,28,123.469,.,_Atom_chem_shift.ID	_Atom_chem_shift.Assembly_atom_ID	_Atom_chem_shift.Entity_assembly_ID	_Atom_chem_shift.Entity_assembly_asym_ID	_Atom_chem_shift.Entity_ID	_Atom_chem_shift.Comp_index_ID	_Atom_chem_shift.Seq_ID	_Atom_chem_shift.Comp_ID	_Atom_chem_shift.Atom_ID	_Atom_chem_shift.Atom_type	_Atom_chem_shift.Atom_isotope_number	_Atom_chem_shift.Val	_Atom_chem_shift.Val_err	_Atom_chem_shift.Assign_fig_of_merit	_Atom_chem_shift.Ambiguity_code	_Atom_chem_shift.Ambiguity_set_ID	_Atom_chem_shift.Occupancy	_Atom_chem_shift.Resonance_ID	_Atom_chem_shift.Auth_entity_assembly_ID	_Atom_chem_shift.Auth_asym_ID	_Atom_chem_shift.Auth_seq_ID	_Atom_chem_shift.Auth_comp_ID	_Atom_chem_shift.Auth_atom_ID	_Atom_chem_shift.Details	_Atom_chem_shift.Entry_ID	_Atom_chem_shift.Assigned_chem_shift_list_ID
1,.,.,.,2,H,1,H,.,H,LYS,B,29,LYS,29,.,1,2,.,52139,51,.,.,29,7.768,.,_Atom_chem_shift.ID	_Atom_chem_shift.Assembly_atom_ID	_Atom_chem_shift.Entity_assembly_ID	_Atom_chem_shift.Entity_assembly_asym_ID	_Atom_chem_shift.Entity_ID	_Atom_chem_shift.Comp_index_ID	_Atom_chem_shift.Seq_ID	_Atom_chem_shift.Comp_ID	_Atom_chem_shift.Atom_ID	_Atom_chem_shift.Atom_type	_Atom_chem_shift.Atom_isotope_number	_Atom_chem_shift.Val	_Atom_chem_shift.Val_err	_Atom_chem_shift.Assign_fig_of_merit	_Atom_chem_shift.Ambiguity_code	_Atom_chem_shift.Ambiguity_set_ID	_Atom_chem_shift.Occupancy	_Atom_chem_shift.Resonance_ID	_Atom_chem_shift.Auth_entity_assembly_ID	_Atom_chem_shift.Auth_asym_ID	_Atom_chem_shift.Auth_seq_ID	_Atom_chem_shift.Auth_comp_ID	_Atom_chem_shift.Auth_atom_ID	_Atom_chem_shift.Details	_Atom_chem_shift.Entry_ID	_Atom_chem_shift.Assigned_chem_shift_list_ID
1,.,.,.,2,N,15,N,.,N,LYS,B,29,LYS,29,.,1,2,.,52139,52,.,.,29,120.304,.,_Atom_chem_shift.ID	_Atom_chem_shift.Assembly_atom_ID	_Atom_chem_shift.Entity_assembly_ID	_Atom_chem_shift.Entity_assembly_asym_ID	_Atom_chem_shift.Entity_ID	_Atom_chem_shift.Comp_index_ID	_Atom_chem_shift.Seq_ID	_Atom_chem_shift.Comp_ID	_Atom_chem_shift.Atom_ID	_Atom_chem_shift.Atom_type	_Atom_chem_shift.Atom_isotope_number	_Atom_chem_shift.Val	_Atom_chem_shift.Val_err	_Atom_chem_shift.Assign_fig_of_merit	_Atom_chem_shift.Ambiguity_code	_Atom_chem_shift.Ambiguity_set_ID	_Atom_chem_shift.Occupancy	_Atom_chem_shift.Resonance_ID	_Atom_chem_shift.Auth_entity_assembly_ID	_Atom_chem_shift.Auth_asym_ID	_Atom_chem_shift.Auth_seq_ID	_Atom_chem_shift.Auth_comp_ID	_Atom_chem_shift.Auth_atom_ID	_Atom_chem_shift.Details	_Atom_chem_shift.Entry_ID	_Atom_chem_shift.Assigned_chem_shift_list_ID
1,.,.,.,2,H,1,H,.,H,ILE,B,30,ILE,30,.,1,2,.,52139,53,.,.,30,8.185,.,_Atom_chem_shift.ID	_Atom_chem_shift.Assembly_atom_ID	_Atom_chem_shift.Entity_assembly_ID	_Atom_chem_shift.Entity_assembly_asym_ID	_Atom_chem_shift.Entity_ID	_Atom_chem_shift.Comp_index_ID	_Atom_chem_shift.Seq_ID	_Atom_chem_shift.Comp_ID	_Atom_chem_shift.Atom_ID	_Atom_chem_shift.Atom_type	_Atom_chem_shift.Atom_isotope_number	_Atom_chem_shift.Val	_Atom_chem_shift.Val_err	_Atom_chem_shift.Assign_fig_of_merit	_Atom_chem_shift.Ambiguity_code	_Atom_chem_shift.Ambiguity_set_ID	_Atom_chem_shift.Occupancy	_Atom_chem_shift.Resonance_ID	_Atom_chem_shift.Auth_entity_assembly_ID	_Atom_chem_shift.Auth_asym_ID	_Atom_chem_shift.Auth_seq_ID	_Atom_chem_shift.Auth_comp_ID	_Atom_chem_shift.Auth_atom_ID	_Atom_chem_shift.Details	_Atom_chem_shift.Entry_ID	_Atom_chem_shift.Assigned_chem_shift_list_ID
1,.,.,.,2,N,15,N,.,N,ILE,B,30,ILE,30,.,1,2,.,52139,54,.,.,30,121.431,.,_Atom_chem_shift.ID	_Atom_chem_shift.Assembly_atom_ID	_Atom_chem_shift.Entity_assembly_ID	_Atom_chem_shift.Entity_assembly_asym_ID	_Atom_chem_shift.Entity_ID	_Atom_chem_shift.Comp_index_ID	_Atom_chem_shift.Seq_ID	_Atom_chem_shift.Comp_ID	_Atom_chem_shift.Atom_ID	_Atom_chem_shift.Atom_type	_Atom_chem_shift.Atom_isotope_number	_Atom_chem_shift.Val	_Atom_chem_shift.Val_err	_Atom_chem_shift.Assign_fig_of_merit	_Atom_chem_shift.Ambiguity_code	_Atom_chem_shift.Ambiguity_set_ID	_Atom_chem_shift.Occupancy	_Atom_chem_shift.Resonance_ID	_Atom_chem_shift.Auth_entity_assembly_ID	_Atom_chem_shift.Auth_asym_ID	_Atom_chem_shift.Auth_seq_ID	_Atom_chem_shift.Auth_comp_ID	_Atom_chem_shift.Auth_atom_ID	_Atom_chem_shift.Details	_Atom_chem_shift.Entry_ID	_Atom_chem_shift.Assigned_chem_shift_list_ID
1,.,.,.,2,H,1,H,.,H,GLN,B,31,GLN,31,.,1,2,.,52139,55,.,.,31,8.471,.,_Atom_chem_shift.ID	_Atom_chem_shift.Assembly_atom_ID	_Atom_chem_shift.Entity_assembly_ID	_Atom_chem_shift.Entity_assembly_asym_ID	_Atom_chem_shift.Entity_ID	_Atom_chem_shift.Comp_index_ID	_Atom_chem_shift.Seq_ID	_Atom_chem_shift.Comp_ID	_Atom_chem_shift.Atom_ID	_Atom_chem_shift.Atom_type	_Atom_chem_shift.Atom_isotope_number	_Atom_chem_shift.Val	_Atom_chem_shift.Val_err	_Atom_chem_shift.Assign_fig_of_merit	_Atom_chem_shift.Ambiguity_code	_Atom_chem_shift.Ambiguity_set_ID	_Atom_chem_shift.Occupancy	_Atom_chem_shift.Resonance_ID	_Atom_chem_shift.Auth_entity_assembly_ID	_Atom_chem_shift.Auth_asym_ID	_Atom_chem_shift.Auth_seq_ID	_Atom_chem_shift.Auth_comp_ID	_Atom_chem_shift.Auth_atom_ID	_Atom_chem_shift.Details	_Atom_chem_shift.Entry_ID	_Atom_chem_shift.Assigned_chem_shift_list_ID
1,.,.,.,2,N,15,N,.,N,GLN,B,31,GLN,31,.,1,2,.,52139,56,.,.,31,123.635,.,_Atom_chem_shift.ID	_Atom_chem_shift.Assembly_atom_ID	_Atom_chem_shift.Entity_assembly_ID	_Atom_chem_shift.Entity_assembly_asym_ID	_Atom_chem_shift.Entity_ID	_Atom_chem_shift.Comp_index_ID	_Atom_chem_shift.Seq_ID	_Atom_chem_shift.Comp_ID	_Atom_chem_shift.Atom_ID	_Atom_chem_shift.Atom_type	_Atom_chem_shift.Atom_isotope_number	_Atom_chem_shift.Val	_Atom_chem_shift.Val_err	_Atom_chem_shift.Assign_fig_of_merit	_Atom_chem_shift.Ambiguity_code	_Atom_chem_shift.Ambiguity_set_ID	_Atom_chem_shift.Occupancy	_Atom_chem_shift.Resonance_ID	_Atom_chem_shift.Auth_entity_assembly_ID	_Atom_chem_shift.Auth_asym_ID	_Atom_chem_shift.Auth_seq_ID	_Atom_chem_shift.Auth_comp_ID	_Atom_chem_shift.Auth_atom_ID	_Atom_chem_shift.Details	_Atom_chem_shift.Entry_ID	_Atom_chem_shift.Assigned_chem_shift_list_ID
1,.,.,.,2,H,1,H,.,H,ASP,B,32,ASP,32,.,1,2,.,52139,57,.,.,32,7.944,.,_Atom_chem_shift.ID	_Atom_chem_shift.Assembly_atom_ID	_Atom_chem_shift.Entity_assembly_ID	_Atom_chem_shift.Entity_assembly_asym_ID	_Atom_chem_shift.Entity_ID	_Atom_chem_shift.Comp_index_ID	_Atom_chem_shift.Seq_ID	_Atom_chem_shift.Comp_ID	_Atom_chem_shift.Atom_ID	_Atom_chem_shift.Atom_type	_Atom_chem_shift.Atom_isotope_number	_Atom_chem_shift.Val	_Atom_chem_shift.Val_err	_Atom_chem_shift.Assign_fig_of_merit	_Atom_chem_shift.Ambiguity_code	_Atom_chem_shift.Ambiguity_set_ID	_Atom_chem_shift.Occupancy	_Atom_chem_shift.Resonance_ID	_Atom_chem_shift.Auth_entity_assembly_ID	_Atom_chem_shift.Auth_asym_ID	_Atom_chem_shift.Auth_seq_ID	_Atom_chem_shift.Auth_comp_ID	_Atom_chem_shift.Auth_atom_ID	_Atom_chem_shift.Details	_Atom_chem_shift.Entry_ID	_Atom_chem_shift.Assigned_chem_shift_list_ID
1,.,.,.,2,N,15,N,.,N,ASP,B,32,ASP,32,.,1,2,.,52139,58,.,.,32,119.835,.,_Atom_chem_shift.ID	_Atom_chem_shift.Assembly_atom_ID	_Atom_chem_shift.Entity_assembly_ID	_Atom_chem_shift.Entity_assembly_asym_ID	_Atom_chem_shift.Entity_ID	_Atom_chem_shift.Comp_index_ID	_Atom_chem_shift.Seq_ID	_Atom_chem_shift.Comp_ID	_Atom_chem_shift.Atom_ID	_Atom_chem_shift.Atom_type	_Atom_chem_shift.Atom_isotope_number	_Atom_chem_shift.Val	_Atom_chem_shift.Val_err	_Atom_chem_shift.Assign_fig_of_merit	_Atom_chem_shift.Ambiguity_code	_Atom_chem_shift.Ambiguity_set_ID	_Atom_chem_shift.Occupancy	_Atom_chem_shift.Resonance_ID	_Atom_chem_shift.Auth_entity_assembly_ID	_Atom_chem_shift.Auth_asym_ID	_Atom_chem_shift.Auth_seq_ID	_Atom_chem_shift.Auth_comp_ID	_Atom_chem_shift.Auth_atom_ID	_Atom_chem_shift.Details	_Atom_chem_shift.Entry_ID	_Atom_chem_shift.Assigned_chem_shift_list_ID
1,.,.,.,2,H,1,H,.,H,LYS,B,33,LYS,33,.,1,2,.,52139,59,.,.,33,7.344,.,_Atom_chem_shift.ID	_Atom_chem_shift.Assembly_atom_ID	_Atom_chem_shift.Entity_assembly_ID	_Atom_chem_shift.Entity_assembly_asym_ID	_Atom_chem_shift.Entity_ID	_Atom_chem_shift.Comp_index_ID	_Atom_chem_shift.Seq_ID	_Atom_chem_shift.Comp_ID	_Atom_chem_shift.Atom_ID	_Atom_chem_shift.Atom_type	_Atom_chem_shift.Atom_isotope_number	_Atom_chem_shift.Val	_Atom_chem_shift.Val_err	_Atom_chem_shift.Assign_fig_of_merit	_Atom_chem_shift.Ambiguity_code	_Atom_chem_shift.Ambiguity_set_ID	_Atom_chem_shift.Occupancy	_Atom_chem_shift.Resonance_ID	_Atom_chem_shift.Auth_entity_assembly_ID	_Atom_chem_shift.Auth_asym_ID	_Atom_chem_shift.Auth_seq_ID	_Atom_chem_shift.Auth_comp_ID	_Atom_chem_shift.Auth_atom_ID	_Atom_chem_shift.Details	_Atom_chem_shift.Entry_ID	_Atom_chem_shift.Assigned_chem_shift_list_ID
1,.,.,.,2,N,15,N,.,N,LYS,B,33,LYS,33,.,1,2,.,52139,60,.,.,33,115.576,.,_Atom_chem_shift.ID	_Atom_chem_shift.Assembly_atom_ID	_Atom_chem_shift.Entity_assembly_ID	_Atom_chem_shift.Entity_assembly_asym_ID	_Atom_chem_shift.Entity_ID	_Atom_chem_shift.Comp_index_ID	_Atom_chem_shift.Seq_ID	_Atom_chem_shift.Comp_ID	_Atom_chem_shift.Atom_ID	_Atom_chem_shift.Atom_type	_Atom_chem_shift.Atom_isotope_number	_Atom_chem_shift.Val	_Atom_chem_shift.Val_err	_Atom_chem_shift.Assign_fig_of_merit	_Atom_chem_shift.Ambiguity_code	_Atom_chem_shift.Ambiguity_set_ID	_Atom_chem_shift.Occupancy	_Atom_chem_shift.Resonance_ID	_Atom_chem_shift.Auth_entity_assembly_ID	_Atom_chem_shift.Auth_asym_ID	_Atom_chem_shift.Auth_seq_ID	_Atom_chem_shift.Auth_comp_ID	_Atom_chem_shift.Auth_atom_ID	_Atom_chem_shift.Details	_Atom_chem_shift.Entry_ID	_Atom_chem_shift.Assigned_chem_shift_list_ID
1,.,.,.,2,H,1,H,.,H,GLU,B,34,GLU,34,.,1,2,.,52139,61,.,.,34,8.635,.,_Atom_chem_shift.ID	_Atom_chem_shift.Assembly_atom_ID	_Atom_chem_shift.Entity_assembly_ID	_Atom_chem_shift.Entity_assembly_asym_ID	_Atom_chem_shift.Entity_ID	_Atom_chem_shift.Comp_index_ID	_Atom_chem_shift.Seq_ID	_Atom_chem_shift.Comp_ID	_Atom_chem_shift.Atom_ID	_Atom_chem_shift.Atom_type	_Atom_chem_shift.Atom_isotope_number	_Atom_chem_shift.Val	_Atom_chem_shift.Val_err	_Atom_chem_shift.Assign_fig_of_merit	_Atom_chem_shift.Ambiguity_code	_Atom_chem_shift.Ambiguity_set_ID	_Atom_chem_shift.Occupancy	_Atom_chem_shift.Resonance_ID	_Atom_chem_shift.Auth_entity_assembly_ID	_Atom_chem_shift.Auth_asym_ID	_Atom_chem_shift.Auth_seq_ID	_Atom_chem_shift.Auth_comp_ID	_Atom_chem_shift.Auth_atom_ID	_Atom_chem_shift.Details	_Atom_chem_shift.Entry_ID	_Atom_chem_shift.Assigned_chem_shift_list_ID
1,.,.,.,2,N,15,N,.,N,GLU,B,34,GLU,34,.,1,2,.,52139,62,.,.,34,114.323,.,_Atom_chem_shift.ID	_Atom_chem_shift.Assembly_atom_ID	_Atom_chem_shift.Entity_assembly_ID	_Atom_chem_shift.Entity_assembly_asym_ID	_Atom_chem_shift.Entity_ID	_Atom_chem_shift.Comp_index_ID	_Atom_chem_shift.Seq_ID	_Atom_chem_shift.Comp_ID	_Atom_chem_shift.Atom_ID	_Atom_chem_shift.Atom_type	_Atom_chem_shift.Atom_isotope_number	_Atom_chem_shift.Val	_Atom_chem_shift.Val_err	_Atom_chem_shift.Assign_fig_of_merit	_Atom_chem_shift.Ambiguity_code	_Atom_chem_shift.Ambiguity_set_ID	_Atom_chem_shift.Occupancy	_Atom_chem_shift.Resonance_ID	_Atom_chem_shift.Auth_entity_assembly_ID	_Atom_chem_shift.Auth_asym_ID	_Atom_chem_shift.Auth_seq_ID	_Atom_chem_shift.Auth_comp_ID	_Atom_chem_shift.Auth_atom_ID	_Atom_chem_shift.Details	_Atom_chem_shift.Entry_ID	_Atom_chem_shift.Assigned_chem_shift_list_ID
1,.,.,.,2,H,1,H,.,H,GLY,B,35,GLY,35,.,1,2,.,52139,63,.,.,35,8.408,.,_Atom_chem_shift.ID	_Atom_chem_shift.Assembly_atom_ID	_Atom_chem_shift.Entity_assembly_ID	_Atom_chem_shift.Entity_assembly_asym_ID	_Atom_chem_shift.Entity_ID	_Atom_chem_shift.Comp_index_ID	_Atom_chem_shift.Seq_ID	_Atom_chem_shift.Comp_ID	_Atom_chem_shift.Atom_ID	_Atom_chem_shift.Atom_type	_Atom_chem_shift.Atom_isotope_number	_Atom_chem_shift.Val	_Atom_chem_shift.Val_err	_Atom_chem_shift.Assign_fig_of_merit	_Atom_chem_shift.Ambiguity_code	_Atom_chem_shift.Ambiguity_set_ID	_Atom_chem_shift.Occupancy	_Atom_chem_shift.Resonance_ID	_Atom_chem_shift.Auth_entity_assembly_ID	_Atom_chem_shift.Auth_asym_ID	_Atom_chem_shift.Auth_seq_ID	_Atom_chem_shift.Auth_comp_ID	_Atom_chem_shift.Auth_atom_ID	_Atom_chem_shift.Details	_Atom_chem_shift.Entry_ID	_Atom_chem_shift.Assigned_chem_shift_list_ID
1,.,.,.,2,N,15,N,.,N,GLY,B,35,GLY,35,.,1,2,.,52139,64,.,.,35,108.937,.,_Atom_chem_shift.ID	_Atom_chem_shift.Assembly_atom_ID	_Atom_chem_shift.Entity_assembly_ID	_Atom_chem_shift.Entity_assembly_asym_ID	_Atom_chem_shift.Entity_ID	_Atom_chem_shift.Comp_index_ID	_Atom_chem_shift.Seq_ID	_Atom_chem_shift.Comp_ID	_Atom_chem_shift.Atom_ID	_Atom_chem_shift.Atom_type	_Atom_chem_shift.Atom_isotope_number	_Atom_chem_shift.Val	_Atom_chem_shift.Val_err	_Atom_chem_shift.Assign_fig_of_merit	_Atom_chem_shift.Ambiguity_code	_Atom_chem_shift.Ambiguity_set_ID	_Atom_chem_shift.Occupancy	_Atom_chem_shift.Resonance_ID	_Atom_chem_shift.Auth_entity_assembly_ID	_Atom_chem_shift.Auth_asym_ID	_Atom_chem_shift.Auth_seq_ID	_Atom_chem_shift.Auth_comp_ID	_Atom_chem_shift.Auth_atom_ID	_Atom_chem_shift.Details	_Atom_chem_shift.Entry_ID	_Atom_chem_shift.Assigned_chem_shift_list_ID
1,.,.,.,2,H,1,H,.,H,ILE,B,36,ILE,36,.,1,2,.,52139,65,.,.,36,6.056,.,_Atom_chem_shift.ID	_Atom_chem_shift.Assembly_atom_ID	_Atom_chem_shift.Entity_assembly_ID	_Atom_chem_shift.Entity_assembly_asym_ID	_Atom_chem_shift.Entity_ID	_Atom_chem_shift.Comp_index_ID	_Atom_chem_shift.Seq_ID	_Atom_chem_shift.Comp_ID	_Atom_chem_shift.Atom_ID	_Atom_chem_shift.Atom_type	_Atom_chem_shift.Atom_isotope_number	_Atom_chem_shift.Val	_Atom_chem_shift.Val_err	_Atom_chem_shift.Assign_fig_of_merit	_Atom_chem_shift.Ambiguity_code	_Atom_chem_shift.Ambiguity_set_ID	_Atom_chem_shift.Occupancy	_Atom_chem_shift.Resonance_ID	_Atom_chem_shift.Auth_entity_assembly_ID	_Atom_chem_shift.Auth_asym_ID	_Atom_chem_shift.Auth_seq_ID	_Atom_chem_shift.Auth_comp_ID	_Atom_chem_shift.Auth_atom_ID	_Atom_chem_shift.Details	_Atom_chem_shift.Entry_ID	_Atom_chem_shift.Assigned_chem_shift_list_ID
1,.,.,.,2,N,15,N,.,N,ILE,B,36,ILE,36,.,1,2,.,52139,66,.,.,36,120.419,.,_Atom_chem_shift.ID	_Atom_chem_shift.Assembly_atom_ID	_Atom_chem_shift.Entity_assembly_ID	_Atom_chem_shift.Entity_assembly_asym_ID	_Atom_chem_shift.Entity_ID	_Atom_chem_shift.Comp_index_ID	_Atom_chem_shift.Seq_ID	_Atom_chem_shift.Comp_ID	_Atom_chem_shift.Atom_ID	_Atom_chem_shift.Atom_type	_Atom_chem_shift.Atom_isotope_number	_Atom_chem_shift.Val	_Atom_chem_shift.Val_err	_Atom_chem_shift.Assign_fig_of_merit	_Atom_chem_shift.Ambiguity_code	_Atom_chem_shift.Ambiguity_set_ID	_Atom_chem_shift.Occupancy	_Atom_chem_shift.Resonance_ID	_Atom_chem_shift.Auth_entity_assembly_ID	_Atom_chem_shift.Auth_asym_ID	_Atom_chem_shift.Auth_seq_ID	_Atom_chem_shift.Auth_comp_ID	_Atom_chem_shift.Auth_atom_ID	_Atom_chem_shift.Details	_Atom_chem_shift.Entry_ID	_Atom_chem_shift.Assigned_chem_shift_list_ID
1,.,.,.,2,H,1,H,.,H,ASP,B,39,ASP,39,.,1,2,.,52139,67,.,.,39,8.459,.,_Atom_chem_shift.ID	_Atom_chem_shift.Assembly_atom_ID	_Atom_chem_shift.Entity_assembly_ID	_Atom_chem_shift.Entity_assembly_asym_ID	_Atom_chem_shift.Entity_ID	_Atom_chem_shift.Comp_index_ID	_Atom_chem_shift.Seq_ID	_Atom_chem_shift.Comp_ID	_Atom_chem_shift.Atom_ID	_Atom_chem_shift.Atom_type	_Atom_chem_shift.Atom_isotope_number	_Atom_chem_shift.Val	_Atom_chem_shift.Val_err	_Atom_chem_shift.Assign_fig_of_merit	_Atom_chem_shift.Ambiguity_code	_Atom_chem_shift.Ambiguity_set_ID	_Atom_chem_shift.Occupancy	_Atom_chem_shift.Resonance_ID	_Atom_chem_shift.Auth_entity_assembly_ID	_Atom_chem_shift.Auth_asym_ID	_Atom_chem_shift.Auth_seq_ID	_Atom_chem_shift.Auth_comp_ID	_Atom_chem_shift.Auth_atom_ID	_Atom_chem_shift.Details	_Atom_chem_shift.Entry_ID	_Atom_chem_shift.Assigned_chem_shift_list_ID
1,.,.,.,2,N,15,N,.,N,ASP,B,39,ASP,39,.,1,2,.,52139,68,.,.,39,113.722,.,_Atom_chem_shift.ID	_Atom_chem_shift.Assembly_atom_ID	_Atom_chem_shift.Entity_assembly_ID	_Atom_chem_shift.Entity_assembly_asym_ID	_Atom_chem_shift.Entity_ID	_Atom_chem_shift.Comp_index_ID	_Atom_chem_shift.Seq_ID	_Atom_chem_shift.Comp_ID	_Atom_chem_shift.Atom_ID	_Atom_chem_shift.Atom_type	_Atom_chem_shift.Atom_isotope_number	_Atom_chem_shift.Val	_Atom_chem_shift.Val_err	_Atom_chem_shift.Assign_fig_of_merit	_Atom_chem_shift.Ambiguity_code	_Atom_chem_shift.Ambiguity_set_ID	_Atom_chem_shift.Occupancy	_Atom_chem_shift.Resonance_ID	_Atom_chem_shift.Auth_entity_assembly_ID	_Atom_chem_shift.Auth_asym_ID	_Atom_chem_shift.Auth_seq_ID	_Atom_chem_shift.Auth_comp_ID	_Atom_chem_shift.Auth_atom_ID	_Atom_chem_shift.Details	_Atom_chem_shift.Entry_ID	_Atom_chem_shift.Assigned_chem_shift_list_ID
1,.,.,.,2,H,1,H,.,H,GLN,B,40,GLN,40,.,1,2,.,52139,69,.,.,40,7.725,.,_Atom_chem_shift.ID	_Atom_chem_shift.Assembly_atom_ID	_Atom_chem_shift.Entity_assembly_ID	_Atom_chem_shift.Entity_assembly_asym_ID	_Atom_chem_shift.Entity_ID	_Atom_chem_shift.Comp_index_ID	_Atom_chem_shift.Seq_ID	_Atom_chem_shift.Comp_ID	_Atom_chem_shift.Atom_ID	_Atom_chem_shift.Atom_type	_Atom_chem_shift.Atom_isotope_number	_Atom_chem_shift.Val	_Atom_chem_shift.Val_err	_Atom_chem_shift.Assign_fig_of_merit	_Atom_chem_shift.Ambiguity_code	_Atom_chem_shift.Ambiguity_set_ID	_Atom_chem_shift.Occupancy	_Atom_chem_shift.Resonance_ID	_Atom_chem_shift.Auth_entity_assembly_ID	_Atom_chem_shift.Auth_asym_ID	_Atom_chem_shift.Auth_seq_ID	_Atom_chem_shift.Auth_comp_ID	_Atom_chem_shift.Auth_atom_ID	_Atom_chem_shift.Details	_Atom_chem_shift.Entry_ID	_Atom_chem_shift.Assigned_chem_shift_list_ID
1,.,.,.,2,N,15,N,.,N,GLN,B,40,GLN,40,.,1,2,.,52139,70,.,.,40,117.028,.,_Atom_chem_shift.ID	_Atom_chem_shift.Assembly_atom_ID	_Atom_chem_shift.Entity_assembly_ID	_Atom_chem_shift.Entity_assembly_asym_ID	_Atom_chem_shift.Entity_ID	_Atom_chem_shift.Comp_index_ID	_Atom_chem_shift.Seq_ID	_Atom_chem_shift.Comp_ID	_Atom_chem_shift.Atom_ID	_Atom_chem_shift.Atom_type	_Atom_chem_shift.Atom_isotope_number	_Atom_chem_shift.Val	_Atom_chem_shift.Val_err	_Atom_chem_shift.Assign_fig_of_merit	_Atom_chem_shift.Ambiguity_code	_Atom_chem_shift.Ambiguity_set_ID	_Atom_chem_shift.Occupancy	_Atom_chem_shift.Resonance_ID	_Atom_chem_shift.Auth_entity_assembly_ID	_Atom_chem_shift.Auth_asym_ID	_Atom_chem_shift.Auth_seq_ID	_Atom_chem_shift.Auth_comp_ID	_Atom_chem_shift.Auth_atom_ID	_Atom_chem_shift.Details	_Atom_chem_shift.Entry_ID	_Atom_chem_shift.Assigned_chem_shift_list_ID
1,.,.,.,2,H,1,H,.,H,GLN,B,41,GLN,41,.,1,2,.,52139,71,.,.,41,7.398,.,_Atom_chem_shift.ID	_Atom_chem_shift.Assembly_atom_ID	_Atom_chem_shift.Entity_assembly_ID	_Atom_chem_shift.Entity_assembly_asym_ID	_Atom_chem_shift.Entity_ID	_Atom_chem_shift.Comp_index_ID	_Atom_chem_shift.Seq_ID	_Atom_chem_shift.Comp_ID	_Atom_chem_shift.Atom_ID	_Atom_chem_shift.Atom_type	_Atom_chem_shift.Atom_isotope_number	_Atom_chem_shift.Val	_Atom_chem_shift.Val_err	_Atom_chem_shift.Assign_fig_of_merit	_Atom_chem_shift.Ambiguity_code	_Atom_chem_shift.Ambiguity_set_ID	_Atom_chem_shift.Occupancy	_Atom_chem_shift.Resonance_ID	_Atom_chem_shift.Auth_entity_assembly_ID	_Atom_chem_shift.Auth_asym_ID	_Atom_chem_shift.Auth_seq_ID	_Atom_chem_shift.Auth_comp_ID	_Atom_chem_shift.Auth_atom_ID	_Atom_chem_shift.Details	_Atom_chem_shift.Entry_ID	_Atom_chem_shift.Assigned_chem_shift_list_ID
1,.,.,.,2,N,15,N,.,N,GLN,B,41,GLN,41,.,1,2,.,52139,72,.,.,41,117.977,.,_Atom_chem_shift.ID	_Atom_chem_shift.Assembly_atom_ID	_Atom_chem_shift.Entity_assembly_ID	_Atom_chem_shift.Entity_assembly_asym_ID	_Atom_chem_shift.Entity_ID	_Atom_chem_shift.Comp_index_ID	_Atom_chem_shift.Seq_ID	_Atom_chem_shift.Comp_ID	_Atom_chem_shift.Atom_ID	_Atom_chem_shift.Atom_type	_Atom_chem_shift.Atom_isotope_number	_Atom_chem_shift.Val	_Atom_chem_shift.Val_err	_Atom_chem_shift.Assign_fig_of_merit	_Atom_chem_shift.Ambiguity_code	_Atom_chem_shift.Ambiguity_set_ID	_Atom_chem_shift.Occupancy	_Atom_chem_shift.Resonance_ID	_Atom_chem_shift.Auth_entity_assembly_ID	_Atom_chem_shift.Auth_asym_ID	_Atom_chem_shift.Auth_seq_ID	_Atom_chem_shift.Auth_comp_ID	_Atom_chem_shift.Auth_atom_ID	_Atom_chem_shift.Details	_Atom_chem_shift.Entry_ID	_Atom_chem_shift.Assigned_chem_shift_list_ID
1,.,.,.,2,H,1,H,.,H,ARG,B,42,ARG,42,.,1,2,.,52139,73,.,.,42,8.423,.,_Atom_chem_shift.ID	_Atom_chem_shift.Assembly_atom_ID	_Atom_chem_shift.Entity_assembly_ID	_Atom_chem_shift.Entity_assembly_asym_ID	_Atom_chem_shift.Entity_ID	_Atom_chem_shift.Comp_index_ID	_Atom_chem_shift.Seq_ID	_Atom_chem_shift.Comp_ID	_Atom_chem_shift.Atom_ID	_Atom_chem_shift.Atom_type	_Atom_chem_shift.Atom_isotope_number	_Atom_chem_shift.Val	_Atom_chem_shift.Val_err	_Atom_chem_shift.Assign_fig_of_merit	_Atom_chem_shift.Ambiguity_code	_Atom_chem_shift.Ambiguity_set_ID	_Atom_chem_shift.Occupancy	_Atom_chem_shift.Resonance_ID	_Atom_chem_shift.Auth_entity_assembly_ID	_Atom_chem_shift.Auth_asym_ID	_Atom_chem_shift.Auth_seq_ID	_Atom_chem_shift.Auth_comp_ID	_Atom_chem_shift.Auth_atom_ID	_Atom_chem_shift.Details	_Atom_chem_shift.Entry_ID	_Atom_chem_shift.Assigned_chem_shift_list_ID
1,.,.,.,2,N,15,N,.,N,ARG,B,42,ARG,42,.,1,2,.,52139,74,.,.,42,122.95,.,_Atom_chem_shift.ID	_Atom_chem_shift.Assembly_atom_ID	_Atom_chem_shift.Entity_assembly_ID	_Atom_chem_shift.Entity_assembly_asym_ID	_Atom_chem_shift.Entity_ID	_Atom_chem_shift.Comp_index_ID	_Atom_chem_shift.Seq_ID	_Atom_chem_shift.Comp_ID	_Atom_chem_shift.Atom_ID	_Atom_chem_shift.Atom_type	_Atom_chem_shift.Atom_isotope_number	_Atom_chem_shift.Val	_Atom_chem_shift.Val_err	_Atom_chem_shift.Assign_fig_of_merit	_Atom_chem_shift.Ambiguity_code	_Atom_chem_shift.Ambiguity_set_ID	_Atom_chem_shift.Occupancy	_Atom_chem_shift.Resonance_ID	_Atom_chem_shift.Auth_entity_assembly_ID	_Atom_chem_shift.Auth_asym_ID	_Atom_chem_shift.Auth_seq_ID	_Atom_chem_shift.Auth_comp_ID	_Atom_chem_shift.Auth_atom_ID	_Atom_chem_shift.Details	_Atom_chem_shift.Entry_ID	_Atom_chem_shift.Assigned_chem_shift_list_ID
1,.,.,.,2,H,1,H,.,H,LEU,B,43,LEU,43,.,1,2,.,52139,75,.,.,43,8.759,.,_Atom_chem_shift.ID	_Atom_chem_shift.Assembly_atom_ID	_Atom_chem_shift.Entity_assembly_ID	_Atom_chem_shift.Entity_assembly_asym_ID	_Atom_chem_shift.Entity_ID	_Atom_chem_shift.Comp_index_ID	_Atom_chem_shift.Seq_ID	_Atom_chem_shift.Comp_ID	_Atom_chem_shift.Atom_ID	_Atom_chem_shift.Atom_type	_Atom_chem_shift.Atom_isotope_number	_Atom_chem_shift.Val	_Atom_chem_shift.Val_err	_Atom_chem_shift.Assign_fig_of_merit	_Atom_chem_shift.Ambiguity_code	_Atom_chem_shift.Ambiguity_set_ID	_Atom_chem_shift.Occupancy	_Atom_chem_shift.Resonance_ID	_Atom_chem_shift.Auth_entity_assembly_ID	_Atom_chem_shift.Auth_asym_ID	_Atom_chem_shift.Auth_seq_ID	_Atom_chem_shift.Auth_comp_ID	_Atom_chem_shift.Auth_atom_ID	_Atom_chem_shift.Details	_Atom_chem_shift.Entry_ID	_Atom_chem_shift.Assigned_chem_shift_list_ID
1,.,.,.,2,N,15,N,.,N,LEU,B,43,LEU,43,.,1,2,.,52139,76,.,.,43,124.406,.,_Atom_chem_shift.ID	_Atom_chem_shift.Assembly_atom_ID	_Atom_chem_shift.Entity_assembly_ID	_Atom_chem_shift.Entity_assembly_asym_ID	_Atom_chem_shift.Entity_ID	_Atom_chem_shift.Comp_index_ID	_Atom_chem_shift.Seq_ID	_Atom_chem_shift.Comp_ID	_Atom_chem_shift.Atom_ID	_Atom_chem_shift.Atom_type	_Atom_chem_shift.Atom_isotope_number	_Atom_chem_shift.Val	_Atom_chem_shift.Val_err	_Atom_chem_shift.Assign_fig_of_merit	_Atom_chem_shift.Ambiguity_code	_Atom_chem_shift.Ambiguity_set_ID	_Atom_chem_shift.Occupancy	_Atom_chem_shift.Resonance_ID	_Atom_chem_shift.Auth_entity_assembly_ID	_Atom_chem_shift.Auth_asym_ID	_Atom_chem_shift.Auth_seq_ID	_Atom_chem_shift.Auth_comp_ID	_Atom_chem_shift.Auth_atom_ID	_Atom_chem_shift.Details	_Atom_chem_shift.Entry_ID	_Atom_chem_shift.Assigned_chem_shift_list_ID
1,.,.,.,2,H,1,H,.,H,ILE,B,44,ILE,44,.,1,2,.,52139,77,.,.,44,9.046,.,_Atom_chem_shift.ID	_Atom_chem_shift.Assembly_atom_ID	_Atom_chem_shift.Entity_assembly_ID	_Atom_chem_shift.Entity_assembly_asym_ID	_Atom_chem_shift.Entity_ID	_Atom_chem_shift.Comp_index_ID	_Atom_chem_shift.Seq_ID	_Atom_chem_shift.Comp_ID	_Atom_chem_shift.Atom_ID	_Atom_chem_shift.Atom_type	_Atom_chem_shift.Atom_isotope_number	_Atom_chem_shift.Val	_Atom_chem_shift.Val_err	_Atom_chem_shift.Assign_fig_of_merit	_Atom_chem_shift.Ambiguity_code	_Atom_chem_shift.Ambiguity_set_ID	_Atom_chem_shift.Occupancy	_Atom_chem_shift.Resonance_ID	_Atom_chem_shift.Auth_entity_assembly_ID	_Atom_chem_shift.Auth_asym_ID	_Atom_chem_shift.Auth_seq_ID	_Atom_chem_shift.Auth_comp_ID	_Atom_chem_shift.Auth_atom_ID	_Atom_chem_shift.Details	_Atom_chem_shift.Entry_ID	_Atom_chem_shift.Assigned_chem_shift_list_ID
1,.,.,.,2,N,15,N,.,N,ILE,B,44,ILE,44,.,1,2,.,52139,78,.,.,44,122.381,.,_Atom_chem_shift.ID	_Atom_chem_shift.Assembly_atom_ID	_Atom_chem_shift.Entity_assembly_ID	_Atom_chem_shift.Entity_assembly_asym_ID	_Atom_chem_shift.Entity_ID	_Atom_chem_shift.Comp_index_ID	_Atom_chem_shift.Seq_ID	_Atom_chem_shift.Comp_ID	_Atom_chem_shift.Atom_ID	_Atom_chem_shift.Atom_type	_Atom_chem_shift.Atom_isotope_number	_Atom_chem_shift.Val	_Atom_chem_shift.Val_err	_Atom_chem_shift.Assign_fig_of_merit	_Atom_chem_shift.Ambiguity_code	_Atom_chem_shift.Ambiguity_set_ID	_Atom_chem_shift.Occupancy	_Atom_chem_shift.Resonance_ID	_Atom_chem_shift.Auth_entity_assembly_ID	_Atom_chem_shift.Auth_asym_ID	_Atom_chem_shift.Auth_seq_ID	_Atom_chem_shift.Auth_comp_ID	_Atom_chem_shift.Auth_atom_ID	_Atom_chem_shift.Details	_Atom_chem_shift.Entry_ID	_Atom_chem_shift.Assigned_chem_shift_list_ID
1,.,.,.,2,H,1,H,.,H,PHE,B,45,PHE,45,.,1,2,.,52139,79,.,.,45,8.773,.,_Atom_chem_shift.ID	_Atom_chem_shift.Assembly_atom_ID	_Atom_chem_shift.Entity_assembly_ID	_Atom_chem_shift.Entity_assembly_asym_ID	_Atom_chem_shift.Entity_ID	_Atom_chem_shift.Comp_index_ID	_Atom_chem_shift.Seq_ID	_Atom_chem_shift.Comp_ID	_Atom_chem_shift.Atom_ID	_Atom_chem_shift.Atom_type	_Atom_chem_shift.Atom_isotope_number	_Atom_chem_shift.Val	_Atom_chem_shift.Val_err	_Atom_chem_shift.Assign_fig_of_merit	_Atom_chem_shift.Ambiguity_code	_Atom_chem_shift.Ambiguity_set_ID	_Atom_chem_shift.Occupancy	_Atom_chem_shift.Resonance_ID	_Atom_chem_shift.Auth_entity_assembly_ID	_Atom_chem_shift.Auth_asym_ID	_Atom_chem_shift.Auth_seq_ID	_Atom_chem_shift.Auth_comp_ID	_Atom_chem_shift.Auth_atom_ID	_Atom_chem_shift.Details	_Atom_chem_shift.Entry_ID	_Atom_chem_shift.Assigned_chem_shift_list_ID
1,.,.,.,2,N,15,N,.,N,PHE,B,45,PHE,45,.,1,2,.,52139,80,.,.,45,124.931,.,_Atom_chem_shift.ID	_Atom_chem_shift.Assembly_atom_ID	_Atom_chem_shift.Entity_assembly_ID	_Atom_chem_shift.Entity_assembly_asym_ID	_Atom_chem_shift.Entity_ID	_Atom_chem_shift.Comp_index_ID	_Atom_chem_shift.Seq_ID	_Atom_chem_shift.Comp_ID	_Atom_chem_shift.Atom_ID	_Atom_chem_shift.Atom_type	_Atom_chem_shift.Atom_isotope_number	_Atom_chem_shift.Val	_Atom_chem_shift.Val_err	_Atom_chem_shift.Assign_fig_of_merit	_Atom_chem_shift.Ambiguity_code	_Atom_chem_shift.Ambiguity_set_ID	_Atom_chem_shift.Occupancy	_Atom_chem_shift.Resonance_ID	_Atom_chem_shift.Auth_entity_assembly_ID	_Atom_chem_shift.Auth_asym_ID	_Atom_chem_shift.Auth_seq_ID	_Atom_chem_shift.Auth_comp_ID	_Atom_chem_shift.Auth_atom_ID	_Atom_chem_shift.Details	_Atom_chem_shift.Entry_ID	_Atom_chem_shift.Assigned_chem_shift_list_ID
1,.,.,.,2,H,1,H,.,H,ALA,B,46,ALA,46,.,1,2,.,52139,81,.,.,46,8.885,.,_Atom_chem_shift.ID	_Atom_chem_shift.Assembly_atom_ID	_Atom_chem_shift.Entity_assembly_ID	_Atom_chem_shift.Entity_assembly_asym_ID	_Atom_chem_shift.Entity_ID	_Atom_chem_shift.Comp_index_ID	_Atom_chem_shift.Seq_ID	_Atom_chem_shift.Comp_ID	_Atom_chem_shift.Atom_ID	_Atom_chem_shift.Atom_type	_Atom_chem_shift.Atom_isotope_number	_Atom_chem_shift.Val	_Atom_chem_shift.Val_err	_Atom_chem_shift.Assign_fig_of_merit	_Atom_chem_shift.Ambiguity_code	_Atom_chem_shift.Ambiguity_set_ID	_Atom_chem_shift.Occupancy	_Atom_chem_shift.Resonance_ID	_Atom_chem_shift.Auth_entity_assembly_ID	_Atom_chem_shift.Auth_asym_ID	_Atom_chem_shift.Auth_seq_ID	_Atom_chem_shift.Auth_comp_ID	_Atom_chem_shift.Auth_atom_ID	_Atom_chem_shift.Details	_Atom_chem_shift.Entry_ID	_Atom_chem_shift.Assigned_chem_shift_list_ID
1,.,.,.,2,N,15,N,.,N,ALA,B,46,ALA,46,.,1,2,.,52139,82,.,.,46,133.054,.,_Atom_chem_shift.ID	_Atom_chem_shift.Assembly_atom_ID	_Atom_chem_shift.Entity_assembly_ID	_Atom_chem_shift.Entity_assembly_asym_ID	_Atom_chem_shift.Entity_ID	_Atom_chem_shift.Comp_index_ID	_Atom_chem_shift.Seq_ID	_Atom_chem_shift.Comp_ID	_Atom_chem_shift.Atom_ID	_Atom_chem_shift.Atom_type	_Atom_chem_shift.Atom_isotope_number	_Atom_chem_shift.Val	_Atom_chem_shift.Val_err	_Atom_chem_shift.Assign_fig_of_merit	_Atom_chem_shift.Ambiguity_code	_Atom_chem_shift.Ambiguity_set_ID	_Atom_chem_shift.Occupancy	_Atom_chem_shift.Resonance_ID	_Atom_chem_shift.Auth_entity_assembly_ID	_Atom_chem_shift.Auth_asym_ID	_Atom_chem_shift.Auth_seq_ID	_Atom_chem_shift.Auth_comp_ID	_Atom_chem_shift.Auth_atom_ID	_Atom_chem_shift.Details	_Atom_chem_shift.Entry_ID	_Atom_chem_shift.Assigned_chem_shift_list_ID
1,.,.,.,2,H,1,H,.,H,GLY,B,47,GLY,47,.,1,2,.,52139,83,.,.,47,8.085,.,_Atom_chem_shift.ID	_Atom_chem_shift.Assembly_atom_ID	_Atom_chem_shift.Entity_assembly_ID	_Atom_chem_shift.Entity_assembly_asym_ID	_Atom_chem_shift.Entity_ID	_Atom_chem_shift.Comp_index_ID	_Atom_chem_shift.Seq_ID	_Atom_chem_shift.Comp_ID	_Atom_chem_shift.Atom_ID	_Atom_chem_shift.Atom_type	_Atom_chem_shift.Atom_isotope_number	_Atom_chem_shift.Val	_Atom_chem_shift.Val_err	_Atom_chem_shift.Assign_fig_of_merit	_Atom_chem_shift.Ambiguity_code	_Atom_chem_shift.Ambiguity_set_ID	_Atom_chem_shift.Occupancy	_Atom_chem_shift.Resonance_ID	_Atom_chem_shift.Auth_entity_assembly_ID	_Atom_chem_shift.Auth_asym_ID	_Atom_chem_shift.Auth_seq_ID	_Atom_chem_shift.Auth_comp_ID	_Atom_chem_shift.Auth_atom_ID	_Atom_chem_shift.Details	_Atom_chem_shift.Entry_ID	_Atom_chem_shift.Assigned_chem_shift_list_ID
1,.,.,.,2,N,15,N,.,N,GLY,B,47,GLY,47,.,1,2,.,52139,84,.,.,47,102.393,.,_Atom_chem_shift.ID	_Atom_chem_shift.Assembly_atom_ID	_Atom_chem_shift.Entity_assembly_ID	_Atom_chem_shift.Entity_assembly_asym_ID	_Atom_chem_shift.Entity_ID	_Atom_chem_shift.Comp_index_ID	_Atom_chem_shift.Seq_ID	_Atom_chem_shift.Comp_ID	_Atom_chem_shift.Atom_ID	_Atom_chem_shift.Atom_type	_Atom_chem_shift.Atom_isotope_number	_Atom_chem_shift.Val	_Atom_chem_shift.Val_err	_Atom_chem_shift.Assign_fig_of_merit	_Atom_chem_shift.Ambiguity_code	_Atom_chem_shift.Ambiguity_set_ID	_Atom_chem_shift.Occupancy	_Atom_chem_shift.Resonance_ID	_Atom_chem_shift.Auth_entity_assembly_ID	_Atom_chem_shift.Auth_asym_ID	_Atom_chem_shift.Auth_seq_ID	_Atom_chem_shift.Auth_comp_ID	_Atom_chem_shift.Auth_atom_ID	_Atom_chem_shift.Details	_Atom_chem_shift.Entry_ID	_Atom_chem_shift.Assigned_chem_shift_list_ID
1,.,.,.,2,H,1,H,.,H,LYS,B,48,LYS,48,.,1,2,.,52139,85,.,.,48,7.85,.,_Atom_chem_shift.ID	_Atom_chem_shift.Assembly_atom_ID	_Atom_chem_shift.Entity_assembly_ID	_Atom_chem_shift.Entity_assembly_asym_ID	_Atom_chem_shift.Entity_ID	_Atom_chem_shift.Comp_index_ID	_Atom_chem_shift.Seq_ID	_Atom_chem_shift.Comp_ID	_Atom_chem_shift.Atom_ID	_Atom_chem_shift.Atom_type	_Atom_chem_shift.Atom_isotope_number	_Atom_chem_shift.Val	_Atom_chem_shift.Val_err	_Atom_chem_shift.Assign_fig_of_merit	_Atom_chem_shift.Ambiguity_code	_Atom_chem_shift.Ambiguity_set_ID	_Atom_chem_shift.Occupancy	_Atom_chem_shift.Resonance_ID	_Atom_chem_shift.Auth_entity_assembly_ID	_Atom_chem_shift.Auth_asym_ID	_Atom_chem_shift.Auth_seq_ID	_Atom_chem_shift.Auth_comp_ID	_Atom_chem_shift.Auth_atom_ID	_Atom_chem_shift.Details	_Atom_chem_shift.Entry_ID	_Atom_chem_shift.Assigned_chem_shift_list_ID
1,.,.,.,2,N,15,N,.,N,LYS,B,48,LYS,48,.,1,2,.,52139,86,.,.,48,121.508,.,_Atom_chem_shift.ID	_Atom_chem_shift.Assembly_atom_ID	_Atom_chem_shift.Entity_assembly_ID	_Atom_chem_shift.Entity_assembly_asym_ID	_Atom_chem_shift.Entity_ID	_Atom_chem_shift.Comp_index_ID	_Atom_chem_shift.Seq_ID	_Atom_chem_shift.Comp_ID	_Atom_chem_shift.Atom_ID	_Atom_chem_shift.Atom_type	_Atom_chem_shift.Atom_isotope_number	_Atom_chem_shift.Val	_Atom_chem_shift.Val_err	_Atom_chem_shift.Assign_fig_of_merit	_Atom_chem_shift.Ambiguity_code	_Atom_chem_shift.Ambiguity_set_ID	_Atom_chem_shift.Occupancy	_Atom_chem_shift.Resonance_ID	_Atom_chem_shift.Auth_entity_assembly_ID	_Atom_chem_shift.Auth_asym_ID	_Atom_chem_shift.Auth_seq_ID	_Atom_chem_shift.Auth_comp_ID	_Atom_chem_shift.Auth_atom_ID	_Atom_chem_shift.Details	_Atom_chem_shift.Entry_ID	_Atom_chem_shift.Assigned_chem_shift_list_ID
1,.,.,.,2,H,1,H,.,H,GLN,B,49,GLN,49,.,1,2,.,52139,87,.,.,49,8.609,.,_Atom_chem_shift.ID	_Atom_chem_shift.Assembly_atom_ID	_Atom_chem_shift.Entity_assembly_ID	_Atom_chem_shift.Entity_assembly_asym_ID	_Atom_chem_shift.Entity_ID	_Atom_chem_shift.Comp_index_ID	_Atom_chem_shift.Seq_ID	_Atom_chem_shift.Comp_ID	_Atom_chem_shift.Atom_ID	_Atom_chem_shift.Atom_type	_Atom_chem_shift.Atom_isotope_number	_Atom_chem_shift.Val	_Atom_chem_shift.Val_err	_Atom_chem_shift.Assign_fig_of_merit	_Atom_chem_shift.Ambiguity_code	_Atom_chem_shift.Ambiguity_set_ID	_Atom_chem_shift.Occupancy	_Atom_chem_shift.Resonance_ID	_Atom_chem_shift.Auth_entity_assembly_ID	_Atom_chem_shift.Auth_asym_ID	_Atom_chem_shift.Auth_seq_ID	_Atom_chem_shift.Auth_comp_ID	_Atom_chem_shift.Auth_atom_ID	_Atom_chem_shift.Details	_Atom_chem_shift.Entry_ID	_Atom_chem_shift.Assigned_chem_shift_list_ID
1,.,.,.,2,N,15,N,.,N,GLN,B,49,GLN,49,.,1,2,.,52139,88,.,.,49,123.17,.,_Atom_chem_shift.ID	_Atom_chem_shift.Assembly_atom_ID	_Atom_chem_shift.Entity_assembly_ID	_Atom_chem_shift.Entity_assembly_asym_ID	_Atom_chem_shift.Entity_ID	_Atom_chem_shift.Comp_index_ID	_Atom_chem_shift.Seq_ID	_Atom_chem_shift.Comp_ID	_Atom_chem_shift.Atom_ID	_Atom_chem_shift.Atom_type	_Atom_chem_shift.Atom_isotope_number	_Atom_chem_shift.Val	_Atom_chem_shift.Val_err	_Atom_chem_shift.Assign_fig_of_merit	_Atom_chem_shift.Ambiguity_code	_Atom_chem_shift.Ambiguity_set_ID	_Atom_chem_shift.Occupancy	_Atom_chem_shift.Resonance_ID	_Atom_chem_shift.Auth_entity_assembly_ID	_Atom_chem_shift.Auth_asym_ID	_Atom_chem_shift.Auth_seq_ID	_Atom_chem_shift.Auth_comp_ID	_Atom_chem_shift.Auth_atom_ID	_Atom_chem_shift.Details	_Atom_chem_shift.Entry_ID	_Atom_chem_shift.Assigned_chem_shift_list_ID
1,.,.,.,2,H,1,H,.,H,LEU,B,50,LEU,50,.,1,2,.,52139,89,.,.,50,8.504,.,_Atom_chem_shift.ID	_Atom_chem_shift.Assembly_atom_ID	_Atom_chem_shift.Entity_assembly_ID	_Atom_chem_shift.Entity_assembly_asym_ID	_Atom_chem_shift.Entity_ID	_Atom_chem_shift.Comp_index_ID	_Atom_chem_shift.Seq_ID	_Atom_chem_shift.Comp_ID	_Atom_chem_shift.Atom_ID	_Atom_chem_shift.Atom_type	_Atom_chem_shift.Atom_isotope_number	_Atom_chem_shift.Val	_Atom_chem_shift.Val_err	_Atom_chem_shift.Assign_fig_of_merit	_Atom_chem_shift.Ambiguity_code	_Atom_chem_shift.Ambiguity_set_ID	_Atom_chem_shift.Occupancy	_Atom_chem_shift.Resonance_ID	_Atom_chem_shift.Auth_entity_assembly_ID	_Atom_chem_shift.Auth_asym_ID	_Atom_chem_shift.Auth_seq_ID	_Atom_chem_shift.Auth_comp_ID	_Atom_chem_shift.Auth_atom_ID	_Atom_chem_shift.Details	_Atom_chem_shift.Entry_ID	_Atom_chem_shift.Assigned_chem_shift_list_ID
1,.,.,.,2,N,15,N,.,N,LEU,B,50,LEU,50,.,1,2,.,52139,90,.,.,50,125.905,.,_Atom_chem_shift.ID	_Atom_chem_shift.Assembly_atom_ID	_Atom_chem_shift.Entity_assembly_ID	_Atom_chem_shift.Entity_assembly_asym_ID	_Atom_chem_shift.Entity_ID	_Atom_chem_shift.Comp_index_ID	_Atom_chem_shift.Seq_ID	_Atom_chem_shift.Comp_ID	_Atom_chem_shift.Atom_ID	_Atom_chem_shift.Atom_type	_Atom_chem_shift.Atom_isotope_number	_Atom_chem_shift.Val	_Atom_chem_shift.Val_err	_Atom_chem_shift.Assign_fig_of_merit	_Atom_chem_shift.Ambiguity_code	_Atom_chem_shift.Ambiguity_set_ID	_Atom_chem_shift.Occupancy	_Atom_chem_shift.Resonance_ID	_Atom_chem_shift.Auth_entity_assembly_ID	_Atom_chem_shift.Auth_asym_ID	_Atom_chem_shift.Auth_seq_ID	_Atom_chem_shift.Auth_comp_ID	_Atom_chem_shift.Auth_atom_ID	_Atom_chem_shift.Details	_Atom_chem_shift.Entry_ID	_Atom_chem_shift.Assigned_chem_shift_list_ID
1,.,.,.,2,H,1,H,.,H,GLU,B,51,GLU,51,.,1,2,.,52139,91,.,.,51,8.302,.,_Atom_chem_shift.ID	_Atom_chem_shift.Assembly_atom_ID	_Atom_chem_shift.Entity_assembly_ID	_Atom_chem_shift.Entity_assembly_asym_ID	_Atom_chem_shift.Entity_ID	_Atom_chem_shift.Comp_index_ID	_Atom_chem_shift.Seq_ID	_Atom_chem_shift.Comp_ID	_Atom_chem_shift.Atom_ID	_Atom_chem_shift.Atom_type	_Atom_chem_shift.Atom_isotope_number	_Atom_chem_shift.Val	_Atom_chem_shift.Val_err	_Atom_chem_shift.Assign_fig_of_merit	_Atom_chem_shift.Ambiguity_code	_Atom_chem_shift.Ambiguity_set_ID	_Atom_chem_shift.Occupancy	_Atom_chem_shift.Resonance_ID	_Atom_chem_shift.Auth_entity_assembly_ID	_Atom_chem_shift.Auth_asym_ID	_Atom_chem_shift.Auth_seq_ID	_Atom_chem_shift.Auth_comp_ID	_Atom_chem_shift.Auth_atom_ID	_Atom_chem_shift.Details	_Atom_chem_shift.Entry_ID	_Atom_chem_shift.Assigned_chem_shift_list_ID
1,.,.,.,2,N,15,N,.,N,GLU,B,51,GLU,51,.,1,2,.,52139,92,.,.,51,122.995,.,_Atom_chem_shift.ID	_Atom_chem_shift.Assembly_atom_ID	_Atom_chem_shift.Entity_assembly_ID	_Atom_chem_shift.Entity_assembly_asym_ID	_Atom_chem_shift.Entity_ID	_Atom_chem_shift.Comp_index_ID	_Atom_chem_shift.Seq_ID	_Atom_chem_shift.Comp_ID	_Atom_chem_shift.Atom_ID	_Atom_chem_shift.Atom_type	_Atom_chem_shift.Atom_isotope_number	_Atom_chem_shift.Val	_Atom_chem_shift.Val_err	_Atom_chem_shift.Assign_fig_of_merit	_Atom_chem_shift.Ambiguity_code	_Atom_chem_shift.Ambiguity_set_ID	_Atom_chem_shift.Occupancy	_Atom_chem_shift.Resonance_ID	_Atom_chem_shift.Auth_entity_assembly_ID	_Atom_chem_shift.Auth_asym_ID	_Atom_chem_shift.Auth_seq_ID	_Atom_chem_shift.Auth_comp_ID	_Atom_chem_shift.Auth_atom_ID	_Atom_chem_shift.Details	_Atom_chem_shift.Entry_ID	_Atom_chem_shift.Assigned_chem_shift_list_ID
1,.,.,.,2,H,1,H,.,H,ASP,B,52,ASP,52,.,1,2,.,52139,93,.,.,52,8.102,.,_Atom_chem_shift.ID	_Atom_chem_shift.Assembly_atom_ID	_Atom_chem_shift.Entity_assembly_ID	_Atom_chem_shift.Entity_assembly_asym_ID	_Atom_chem_shift.Entity_ID	_Atom_chem_shift.Comp_index_ID	_Atom_chem_shift.Seq_ID	_Atom_chem_shift.Comp_ID	_Atom_chem_shift.Atom_ID	_Atom_chem_shift.Atom_type	_Atom_chem_shift.Atom_isotope_number	_Atom_chem_shift.Val	_Atom_chem_shift.Val_err	_Atom_chem_shift.Assign_fig_of_merit	_Atom_chem_shift.Ambiguity_code	_Atom_chem_shift.Ambiguity_set_ID	_Atom_chem_shift.Occupancy	_Atom_chem_shift.Resonance_ID	_Atom_chem_shift.Auth_entity_assembly_ID	_Atom_chem_shift.Auth_asym_ID	_Atom_chem_shift.Auth_seq_ID	_Atom_chem_shift.Auth_comp_ID	_Atom_chem_shift.Auth_atom_ID	_Atom_chem_shift.Details	_Atom_chem_shift.Entry_ID	_Atom_chem_shift.Assigned_chem_shift_list_ID
1,.,.,.,2,N,15,N,.,N,ASP,B,52,ASP,52,.,1,2,.,52139,94,.,.,52,120.473,.,_Atom_chem_shift.ID	_Atom_chem_shift.Assembly_atom_ID	_Atom_chem_shift.Entity_assembly_ID	_Atom_chem_shift.Entity_assembly_asym_ID	_Atom_chem_shift.Entity_ID	_Atom_chem_shift.Comp_index_ID	_Atom_chem_shift.Seq_ID	_Atom_chem_shift.Comp_ID	_Atom_chem_shift.Atom_ID	_Atom_chem_shift.Atom_type	_Atom_chem_shift.Atom_isotope_number	_Atom_chem_shift.Val	_Atom_chem_shift.Val_err	_Atom_chem_shift.Assign_fig_of_merit	_Atom_chem_shift.Ambiguity_code	_Atom_chem_shift.Ambiguity_set_ID	_Atom_chem_shift.Occupancy	_Atom_chem_shift.Resonance_ID	_Atom_chem_shift.Auth_entity_assembly_ID	_Atom_chem_shift.Auth_asym_ID	_Atom_chem_shift.Auth_seq_ID	_Atom_chem_shift.Auth_comp_ID	_Atom_chem_shift.Auth_atom_ID	_Atom_chem_shift.Details	_Atom_chem_shift.Entry_ID	_Atom_chem_shift.Assigned_chem_shift_list_ID
1,.,.,.,2,H,1,H,.,H,ARG,B,54,ARG,54,.,1,2,.,52139,95,.,.,54,7.361,.,_Atom_chem_shift.ID	_Atom_chem_shift.Assembly_atom_ID	_Atom_chem_shift.Entity_assembly_ID	_Atom_chem_shift.Entity_assembly_asym_ID	_Atom_chem_shift.Entity_ID	_Atom_chem_shift.Comp_index_ID	_Atom_chem_shift.Seq_ID	_Atom_chem_shift.Comp_ID	_Atom_chem_shift.Atom_ID	_Atom_chem_shift.Atom_type	_Atom_chem_shift.Atom_isotope_number	_Atom_chem_shift.Val	_Atom_chem_shift.Val_err	_Atom_chem_shift.Assign_fig_of_merit	_Atom_chem_shift.Ambiguity_code	_Atom_chem_shift.Ambiguity_set_ID	_Atom_chem_shift.Occupancy	_Atom_chem_shift.Resonance_ID	_Atom_chem_shift.Auth_entity_assembly_ID	_Atom_chem_shift.Auth_asym_ID	_Atom_chem_shift.Auth_seq_ID	_Atom_chem_shift.Auth_comp_ID	_Atom_chem_shift.Auth_atom_ID	_Atom_chem_shift.Details	_Atom_chem_shift.Entry_ID	_Atom_chem_shift.Assigned_chem_shift_list_ID
1,.,.,.,2,N,15,N,.,N,ARG,B,54,ARG,54,.,1,2,.,52139,96,.,.,54,119.407,.,_Atom_chem_shift.ID	_Atom_chem_shift.Assembly_atom_ID	_Atom_chem_shift.Entity_assembly_ID	_Atom_chem_shift.Entity_assembly_asym_ID	_Atom_chem_shift.Entity_ID	_Atom_chem_shift.Comp_index_ID	_Atom_chem_shift.Seq_ID	_Atom_chem_shift.Comp_ID	_Atom_chem_shift.Atom_ID	_Atom_chem_shift.Atom_type	_Atom_chem_shift.Atom_isotope_number	_Atom_chem_shift.Val	_Atom_chem_shift.Val_err	_Atom_chem_shift.Assign_fig_of_merit	_Atom_chem_shift.Ambiguity_code	_Atom_chem_shift.Ambiguity_set_ID	_Atom_chem_shift.Occupancy	_Atom_chem_shift.Resonance_ID	_Atom_chem_shift.Auth_entity_assembly_ID	_Atom_chem_shift.Auth_asym_ID	_Atom_chem_shift.Auth_seq_ID	_Atom_chem_shift.Auth_comp_ID	_Atom_chem_shift.Auth_atom_ID	_Atom_chem_shift.Details	_Atom_chem_shift.Entry_ID	_Atom_chem_shift.Assigned_chem_shift_list_ID
1,.,.,.,2,H,1,H,.,H,THR,B,55,THR,55,.,1,2,.,52139,97,.,.,55,8.746,.,_Atom_chem_shift.ID	_Atom_chem_shift.Assembly_atom_ID	_Atom_chem_shift.Entity_assembly_ID	_Atom_chem_shift.Entity_assembly_asym_ID	_Atom_chem_shift.Entity_ID	_Atom_chem_shift.Comp_index_ID	_Atom_chem_shift.Seq_ID	_Atom_chem_shift.Comp_ID	_Atom_chem_shift.Atom_ID	_Atom_chem_shift.Atom_type	_Atom_chem_shift.Atom_isotope_number	_Atom_chem_shift.Val	_Atom_chem_shift.Val_err	_Atom_chem_shift.Assign_fig_of_merit	_Atom_chem_shift.Ambiguity_code	_Atom_chem_shift.Ambiguity_set_ID	_Atom_chem_shift.Occupancy	_Atom_chem_shift.Resonance_ID	_Atom_chem_shift.Auth_entity_assembly_ID	_Atom_chem_shift.Auth_asym_ID	_Atom_chem_shift.Auth_seq_ID	_Atom_chem_shift.Auth_comp_ID	_Atom_chem_shift.Auth_atom_ID	_Atom_chem_shift.Details	_Atom_chem_shift.Entry_ID	_Atom_chem_shift.Assigned_chem_shift_list_ID
1,.,.,.,2,N,15,N,.,N,THR,B,55,THR,55,.,1,2,.,52139,98,.,.,55,108.894,.,_Atom_chem_shift.ID	_Atom_chem_shift.Assembly_atom_ID	_Atom_chem_shift.Entity_assembly_ID	_Atom_chem_shift.Entity_assembly_asym_ID	_Atom_chem_shift.Entity_ID	_Atom_chem_shift.Comp_index_ID	_Atom_chem_shift.Seq_ID	_Atom_chem_shift.Comp_ID	_Atom_chem_shift.Atom_ID	_Atom_chem_shift.Atom_type	_Atom_chem_shift.Atom_isotope_number	_Atom_chem_shift.Val	_Atom_chem_shift.Val_err	_Atom_chem_shift.Assign_fig_of_merit	_Atom_chem_shift.Ambiguity_code	_Atom_chem_shift.Ambiguity_set_ID	_Atom_chem_shift.Occupancy	_Atom_chem_shift.Resonance_ID	_Atom_chem_shift.Auth_entity_assembly_ID	_Atom_chem_shift.Auth_asym_ID	_Atom_chem_shift.Auth_seq_ID	_Atom_chem_shift.Auth_comp_ID	_Atom_chem_shift.Auth_atom_ID	_Atom_chem_shift.Details	_Atom_chem_shift.Entry_ID	_Atom_chem_shift.Assigned_chem_shift_list_ID
1,.,.,.,2,H,1,H,.,H,LEU,B,56,LEU,56,.,1,2,.,52139,99,.,.,56,8.061,.,_Atom_chem_shift.ID	_Atom_chem_shift.Assembly_atom_ID	_Atom_chem_shift.Entity_assembly_ID	_Atom_chem_shift.Entity_assembly_asym_ID	_Atom_chem_shift.Entity_ID	_Atom_chem_shift.Comp_index_ID	_Atom_chem_shift.Seq_ID	_Atom_chem_shift.Comp_ID	_Atom_chem_shift.Atom_ID	_Atom_chem_shift.Atom_type	_Atom_chem_shift.Atom_isotope_number	_Atom_chem_shift.Val	_Atom_chem_shift.Val_err	_Atom_chem_shift.Assign_fig_of_merit	_Atom_chem_shift.Ambiguity_code	_Atom_chem_shift.Ambiguity_set_ID	_Atom_chem_shift.Occupancy	_Atom_chem_shift.Resonance_ID	_Atom_chem_shift.Auth_entity_assembly_ID	_Atom_chem_shift.Auth_asym_ID	_Atom_chem_shift.Auth_seq_ID	_Atom_chem_shift.Auth_comp_ID	_Atom_chem_shift.Auth_atom_ID	_Atom_chem_shift.Details	_Atom_chem_shift.Entry_ID	_Atom_chem_shift.Assigned_chem_shift_list_ID
1,.,.,.,2,N,15,N,.,N,LEU,B,56,LEU,56,.,1,2,.,52139,100,.,.,56,118.057,.,_Atom_chem_shift.ID	_Atom_chem_shift.Assembly_atom_ID	_Atom_chem_shift.Entity_assembly_ID	_Atom_chem_shift.Entity_assembly_asym_ID	_Atom_chem_shift.Entity_ID	_Atom_chem_shift.Comp_index_ID	_Atom_chem_shift.Seq_ID	_Atom_chem_shift.Comp_ID	_Atom_chem_shift.Atom_ID	_Atom_chem_shift.Atom_type	_Atom_chem_shift.Atom_isotope_number	_Atom_chem_shift.Val	_Atom_chem_shift.Val_err	_Atom_chem_shift.Assign_fig_of_merit	_Atom_chem_shift.Ambiguity_code	_Atom_chem_shift.Ambiguity_set_ID	_Atom_chem_shift.Occupancy	_Atom_chem_shift.Resonance_ID	_Atom_chem_shift.Auth_entity_assembly_ID	_Atom_chem_shift.Auth_asym_ID	_Atom_chem_shift.Auth_seq_ID	_Atom_chem_shift.Auth_comp_ID	_Atom_chem_shift.Auth_atom_ID	_Atom_chem_shift.Details	_Atom_chem_shift.Entry_ID	_Atom_chem_shift.Assigned_chem_shift_list_ID
1,.,.,.,2,H,1,H,.,H,SER,B,57,SER,57,.,1,2,.,52139,101,.,.,57,8.403,.,_Atom_chem_shift.ID	_Atom_chem_shift.Assembly_atom_ID	_Atom_chem_shift.Entity_assembly_ID	_Atom_chem_shift.Entity_assembly_asym_ID	_Atom_chem_shift.Entity_ID	_Atom_chem_shift.Comp_index_ID	_Atom_chem_shift.Seq_ID	_Atom_chem_shift.Comp_ID	_Atom_chem_shift.Atom_ID	_Atom_chem_shift.Atom_type	_Atom_chem_shift.Atom_isotope_number	_Atom_chem_shift.Val	_Atom_chem_shift.Val_err	_Atom_chem_shift.Assign_fig_of_merit	_Atom_chem_shift.Ambiguity_code	_Atom_chem_shift.Ambiguity_set_ID	_Atom_chem_shift.Occupancy	_Atom_chem_shift.Resonance_ID	_Atom_chem_shift.Auth_entity_assembly_ID	_Atom_chem_shift.Auth_asym_ID	_Atom_chem_shift.Auth_seq_ID	_Atom_chem_shift.Auth_comp_ID	_Atom_chem_shift.Auth_atom_ID	_Atom_chem_shift.Details	_Atom_chem_shift.Entry_ID	_Atom_chem_shift.Assigned_chem_shift_list_ID
1,.,.,.,2,N,15,N,.,N,SER,B,57,SER,57,.,1,2,.,52139,102,.,.,57,113.584,.,_Atom_chem_shift.ID	_Atom_chem_shift.Assembly_atom_ID	_Atom_chem_shift.Entity_assembly_ID	_Atom_chem_shift.Entity_assembly_asym_ID	_Atom_chem_shift.Entity_ID	_Atom_chem_shift.Comp_index_ID	_Atom_chem_shift.Seq_ID	_Atom_chem_shift.Comp_ID	_Atom_chem_shift.Atom_ID	_Atom_chem_shift.Atom_type	_Atom_chem_shift.Atom_isotope_number	_Atom_chem_shift.Val	_Atom_chem_shift.Val_err	_Atom_chem_shift.Assign_fig_of_merit	_Atom_chem_shift.Ambiguity_code	_Atom_chem_shift.Ambiguity_set_ID	_Atom_chem_shift.Occupancy	_Atom_chem_shift.Resonance_ID	_Atom_chem_shift.Auth_entity_assembly_ID	_Atom_chem_shift.Auth_asym_ID	_Atom_chem_shift.Auth_seq_ID	_Atom_chem_shift.Auth_comp_ID	_Atom_chem_shift.Auth_atom_ID	_Atom_chem_shift.Details	_Atom_chem_shift.Entry_ID	_Atom_chem_shift.Assigned_chem_shift_list_ID
1,.,.,.,2,H,1,H,.,H,ASP,B,58,ASP,58,.,1,2,.,52139,103,.,.,58,7.858,.,_Atom_chem_shift.ID	_Atom_chem_shift.Assembly_atom_ID	_Atom_chem_shift.Entity_assembly_ID	_Atom_chem_shift.Entity_assembly_asym_ID	_Atom_chem_shift.Entity_ID	_Atom_chem_shift.Comp_index_ID	_Atom_chem_shift.Seq_ID	_Atom_chem_shift.Comp_ID	_Atom_chem_shift.Atom_ID	_Atom_chem_shift.Atom_type	_Atom_chem_shift.Atom_isotope_number	_Atom_chem_shift.Val	_Atom_chem_shift.Val_err	_Atom_chem_shift.Assign_fig_of_merit	_Atom_chem_shift.Ambiguity_code	_Atom_chem_shift.Ambiguity_set_ID	_Atom_chem_shift.Occupancy	_Atom_chem_shift.Resonance_ID	_Atom_chem_shift.Auth_entity_assembly_ID	_Atom_chem_shift.Auth_asym_ID	_Atom_chem_shift.Auth_seq_ID	_Atom_chem_shift.Auth_comp_ID	_Atom_chem_shift.Auth_atom_ID	_Atom_chem_shift.Details	_Atom_chem_shift.Entry_ID	_Atom_chem_shift.Assigned_chem_shift_list_ID
1,.,.,.,2,N,15,N,.,N,ASP,B,58,ASP,58,.,1,2,.,52139,104,.,.,58,124.661,.,_Atom_chem_shift.ID	_Atom_chem_shift.Assembly_atom_ID	_Atom_chem_shift.Entity_assembly_ID	_Atom_chem_shift.Entity_assembly_asym_ID	_Atom_chem_shift.Entity_ID	_Atom_chem_shift.Comp_index_ID	_Atom_chem_shift.Seq_ID	_Atom_chem_shift.Comp_ID	_Atom_chem_shift.Atom_ID	_Atom_chem_shift.Atom_type	_Atom_chem_shift.Atom_isotope_number	_Atom_chem_shift.Val	_Atom_chem_shift.Val_err	_Atom_chem_shift.Assign_fig_of_merit	_Atom_chem_shift.Ambiguity_code	_Atom_chem_shift.Ambiguity_set_ID	_Atom_chem_shift.Occupancy	_Atom_chem_shift.Resonance_ID	_Atom_chem_shift.Auth_entity_assembly_ID	_Atom_chem_shift.Auth_asym_ID	_Atom_chem_shift.Auth_seq_ID	_Atom_chem_shift.Auth_comp_ID	_Atom_chem_shift.Auth_atom_ID	_Atom_chem_shift.Details	_Atom_chem_shift.Entry_ID	_Atom_chem_shift.Assigned_chem_shift_list_ID
1,.,.,.,2,H,1,H,.,H,TYR,B,59,TYR,59,.,1,2,.,52139,105,.,.,59,7.166,.,_Atom_chem_shift.ID	_Atom_chem_shift.Assembly_atom_ID	_Atom_chem_shift.Entity_assembly_ID	_Atom_chem_shift.Entity_assembly_asym_ID	_Atom_chem_shift.Entity_ID	_Atom_chem_shift.Comp_index_ID	_Atom_chem_shift.Seq_ID	_Atom_chem_shift.Comp_ID	_Atom_chem_shift.Atom_ID	_Atom_chem_shift.Atom_type	_Atom_chem_shift.Atom_isotope_number	_Atom_chem_shift.Val	_Atom_chem_shift.Val_err	_Atom_chem_shift.Assign_fig_of_merit	_Atom_chem_shift.Ambiguity_code	_Atom_chem_shift.Ambiguity_set_ID	_Atom_chem_shift.Occupancy	_Atom_chem_shift.Resonance_ID	_Atom_chem_shift.Auth_entity_assembly_ID	_Atom_chem_shift.Auth_asym_ID	_Atom_chem_shift.Auth_seq_ID	_Atom_chem_shift.Auth_comp_ID	_Atom_chem_shift.Auth_atom_ID	_Atom_chem_shift.Details	_Atom_chem_shift.Entry_ID	_Atom_chem_shift.Assigned_chem_shift_list_ID
1,.,.,.,2,N,15,N,.,N,TYR,B,59,TYR,59,.,1,2,.,52139,106,.,.,59,115.841,.,_Atom_chem_shift.ID	_Atom_chem_shift.Assembly_atom_ID	_Atom_chem_shift.Entity_assembly_ID	_Atom_chem_shift.Entity_assembly_asym_ID	_Atom_chem_shift.Entity_ID	_Atom_chem_shift.Comp_index_ID	_Atom_chem_shift.Seq_ID	_Atom_chem_shift.Comp_ID	_Atom_chem_shift.Atom_ID	_Atom_chem_shift.Atom_type	_Atom_chem_shift.Atom_isotope_number	_Atom_chem_shift.Val	_Atom_chem_shift.Val_err	_Atom_chem_shift.Assign_fig_of_merit	_Atom_chem_shift.Ambiguity_code	_Atom_chem_shift.Ambiguity_set_ID	_Atom_chem_shift.Occupancy	_Atom_chem_shift.Resonance_ID	_Atom_chem_shift.Auth_entity_assembly_ID	_Atom_chem_shift.Auth_asym_ID	_Atom_chem_shift.Auth_seq_ID	_Atom_chem_shift.Auth_comp_ID	_Atom_chem_shift.Auth_atom_ID	_Atom_chem_shift.Details	_Atom_chem_shift.Entry_ID	_Atom_chem_shift.Assigned_chem_shift_list_ID
1,.,.,.,2,H,1,H,.,H,ASN,B,60,ASN,60,.,1,2,.,52139,107,.,.,60,8.07,.,_Atom_chem_shift.ID	_Atom_chem_shift.Assembly_atom_ID	_Atom_chem_shift.Entity_assembly_ID	_Atom_chem_shift.Entity_assembly_asym_ID	_Atom_chem_shift.Entity_ID	_Atom_chem_shift.Comp_index_ID	_Atom_chem_shift.Seq_ID	_Atom_chem_shift.Comp_ID	_Atom_chem_shift.Atom_ID	_Atom_chem_shift.Atom_type	_Atom_chem_shift.Atom_isotope_number	_Atom_chem_shift.Val	_Atom_chem_shift.Val_err	_Atom_chem_shift.Assign_fig_of_merit	_Atom_chem_shift.Ambiguity_code	_Atom_chem_shift.Ambiguity_set_ID	_Atom_chem_shift.Occupancy	_Atom_chem_shift.Resonance_ID	_Atom_chem_shift.Auth_entity_assembly_ID	_Atom_chem_shift.Auth_asym_ID	_Atom_chem_shift.Auth_seq_ID	_Atom_chem_shift.Auth_comp_ID	_Atom_chem_shift.Auth_atom_ID	_Atom_chem_shift.Details	_Atom_chem_shift.Entry_ID	_Atom_chem_shift.Assigned_chem_shift_list_ID
1,.,.,.,2,N,15,N,.,N,ASN,B,60,ASN,60,.,1,2,.,52139,108,.,.,60,116.056,.,_Atom_chem_shift.ID	_Atom_chem_shift.Assembly_atom_ID	_Atom_chem_shift.Entity_assembly_ID	_Atom_chem_shift.Entity_assembly_asym_ID	_Atom_chem_shift.Entity_ID	_Atom_chem_shift.Comp_index_ID	_Atom_chem_shift.Seq_ID	_Atom_chem_shift.Comp_ID	_Atom_chem_shift.Atom_ID	_Atom_chem_shift.Atom_type	_Atom_chem_shift.Atom_isotope_number	_Atom_chem_shift.Val	_Atom_chem_shift.Val_err	_Atom_chem_shift.Assign_fig_of_merit	_Atom_chem_shift.Ambiguity_code	_Atom_chem_shift.Ambiguity_set_ID	_Atom_chem_shift.Occupancy	_Atom_chem_shift.Resonance_ID	_Atom_chem_shift.Auth_entity_assembly_ID	_Atom_chem_shift.Auth_asym_ID	_Atom_chem_shift.Auth_seq_ID	_Atom_chem_shift.Auth_comp_ID	_Atom_chem_shift.Auth_atom_ID	_Atom_chem_shift.Details	_Atom_chem_shift.Entry_ID	_Atom_chem_shift.Assigned_chem_shift_list_ID
1,.,.,.,2,H,1,H,.,H,ILE,B,61,ILE,61,.,1,2,.,52139,109,.,.,61,7.169,.,_Atom_chem_shift.ID	_Atom_chem_shift.Assembly_atom_ID	_Atom_chem_shift.Entity_assembly_ID	_Atom_chem_shift.Entity_assembly_asym_ID	_Atom_chem_shift.Entity_ID	_Atom_chem_shift.Comp_index_ID	_Atom_chem_shift.Seq_ID	_Atom_chem_shift.Comp_ID	_Atom_chem_shift.Atom_ID	_Atom_chem_shift.Atom_type	_Atom_chem_shift.Atom_isotope_number	_Atom_chem_shift.Val	_Atom_chem_shift.Val_err	_Atom_chem_shift.Assign_fig_of_merit	_Atom_chem_shift.Ambiguity_code	_Atom_chem_shift.Ambiguity_set_ID	_Atom_chem_shift.Occupancy	_Atom_chem_shift.Resonance_ID	_Atom_chem_shift.Auth_entity_assembly_ID	_Atom_chem_shift.Auth_asym_ID	_Atom_chem_shift.Auth_seq_ID	_Atom_chem_shift.Auth_comp_ID	_Atom_chem_shift.Auth_atom_ID	_Atom_chem_shift.Details	_Atom_chem_shift.Entry_ID	_Atom_chem_shift.Assigned_chem_shift_list_ID
1,.,.,.,2,N,15,N,.,N,ILE,B,61,ILE,61,.,1,2,.,52139,110,.,.,61,119.042,.,_Atom_chem_shift.ID	_Atom_chem_shift.Assembly_atom_ID	_Atom_chem_shift.Entity_assembly_ID	_Atom_chem_shift.Entity_assembly_asym_ID	_Atom_chem_shift.Entity_ID	_Atom_chem_shift.Comp_index_ID	_Atom_chem_shift.Seq_ID	_Atom_chem_shift.Comp_ID	_Atom_chem_shift.Atom_ID	_Atom_chem_shift.Atom_type	_Atom_chem_shift.Atom_isotope_number	_Atom_chem_shift.Val	_Atom_chem_shift.Val_err	_Atom_chem_shift.Assign_fig_of_merit	_Atom_chem_shift.Ambiguity_code	_Atom_chem_shift.Ambiguity_set_ID	_Atom_chem_shift.Occupancy	_Atom_chem_shift.Resonance_ID	_Atom_chem_shift.Auth_entity_assembly_ID	_Atom_chem_shift.Auth_asym_ID	_Atom_chem_shift.Auth_seq_ID	_Atom_chem_shift.Auth_comp_ID	_Atom_chem_shift.Auth_atom_ID	_Atom_chem_shift.Details	_Atom_chem_shift.Entry_ID	_Atom_chem_shift.Assigned_chem_shift_list_ID
1,.,.,.,2,H,1,H,.,H,GLN,B,62,GLN,62,.,1,2,.,52139,111,.,.,62,7.535,.,_Atom_chem_shift.ID	_Atom_chem_shift.Assembly_atom_ID	_Atom_chem_shift.Entity_assembly_ID	_Atom_chem_shift.Entity_assembly_asym_ID	_Atom_chem_shift.Entity_ID	_Atom_chem_shift.Comp_index_ID	_Atom_chem_shift.Seq_ID	_Atom_chem_shift.Comp_ID	_Atom_chem_shift.Atom_ID	_Atom_chem_shift.Atom_type	_Atom_chem_shift.Atom_isotope_number	_Atom_chem_shift.Val	_Atom_chem_shift.Val_err	_Atom_chem_shift.Assign_fig_of_merit	_Atom_chem_shift.Ambiguity_code	_Atom_chem_shift.Ambiguity_set_ID	_Atom_chem_shift.Occupancy	_Atom_chem_shift.Resonance_ID	_Atom_chem_shift.Auth_entity_assembly_ID	_Atom_chem_shift.Auth_asym_ID	_Atom_chem_shift.Auth_seq_ID	_Atom_chem_shift.Auth_comp_ID	_Atom_chem_shift.Auth_atom_ID	_Atom_chem_shift.Details	_Atom_chem_shift.Entry_ID	_Atom_chem_shift.Assigned_chem_shift_list_ID
1,.,.,.,2,N,15,N,.,N,GLN,B,62,GLN,62,.,1,2,.,52139,112,.,.,62,124.981,.,_Atom_chem_shift.ID	_Atom_chem_shift.Assembly_atom_ID	_Atom_chem_shift.Entity_assembly_ID	_Atom_chem_shift.Entity_assembly_asym_ID	_Atom_chem_shift.Entity_ID	_Atom_chem_shift.Comp_index_ID	_Atom_chem_shift.Seq_ID	_Atom_chem_shift.Comp_ID	_Atom_chem_shift.Atom_ID	_Atom_chem_shift.Atom_type	_Atom_chem_shift.Atom_isotope_number	_Atom_chem_shift.Val	_Atom_chem_shift.Val_err	_Atom_chem_shift.Assign_fig_of_merit	_Atom_chem_shift.Ambiguity_code	_Atom_chem_shift.Ambiguity_set_ID	_Atom_chem_shift.Occupancy	_Atom_chem_shift.Resonance_ID	_Atom_chem_shift.Auth_entity_assembly_ID	_Atom_chem_shift.Auth_asym_ID	_Atom_chem_shift.Auth_seq_ID	_Atom_chem_shift.Auth_comp_ID	_Atom_chem_shift.Auth_atom_ID	_Atom_chem_shift.Details	_Atom_chem_shift.Entry_ID	_Atom_chem_shift.Assigned_chem_shift_list_ID
1,.,.,.,2,H,1,H,.,H,LYS,B,63,LYS,63,.,1,2,.,52139,113,.,.,63,8.417,.,_Atom_chem_shift.ID	_Atom_chem_shift.Assembly_atom_ID	_Atom_chem_shift.Entity_assembly_ID	_Atom_chem_shift.Entity_assembly_asym_ID	_Atom_chem_shift.Entity_ID	_Atom_chem_shift.Comp_index_ID	_Atom_chem_shift.Seq_ID	_Atom_chem_shift.Comp_ID	_Atom_chem_shift.Atom_ID	_Atom_chem_shift.Atom_type	_Atom_chem_shift.Atom_isotope_number	_Atom_chem_shift.Val	_Atom_chem_shift.Val_err	_Atom_chem_shift.Assign_fig_of_merit	_Atom_chem_shift.Ambiguity_code	_Atom_chem_shift.Ambiguity_set_ID	_Atom_chem_shift.Occupancy	_Atom_chem_shift.Resonance_ID	_Atom_chem_shift.Auth_entity_assembly_ID	_Atom_chem_shift.Auth_asym_ID	_Atom_chem_shift.Auth_seq_ID	_Atom_chem_shift.Auth_comp_ID	_Atom_chem_shift.Auth_atom_ID	_Atom_chem_shift.Details	_Atom_chem_shift.Entry_ID	_Atom_chem_shift.Assigned_chem_shift_list_ID
1,.,.,.,2,N,15,N,.,N,LYS,B,63,LYS,63,.,1,2,.,52139,114,.,.,63,120.695,.,_Atom_chem_shift.ID	_Atom_chem_shift.Assembly_atom_ID	_Atom_chem_shift.Entity_assembly_ID	_Atom_chem_shift.Entity_assembly_asym_ID	_Atom_chem_shift.Entity_ID	_Atom_chem_shift.Comp_index_ID	_Atom_chem_shift.Seq_ID	_Atom_chem_shift.Comp_ID	_Atom_chem_shift.Atom_ID	_Atom_chem_shift.Atom_type	_Atom_chem_shift.Atom_isotope_number	_Atom_chem_shift.Val	_Atom_chem_shift.Val_err	_Atom_chem_shift.Assign_fig_of_merit	_Atom_chem_shift.Ambiguity_code	_Atom_chem_shift.Ambiguity_set_ID	_Atom_chem_shift.Occupancy	_Atom_chem_shift.Resonance_ID	_Atom_chem_shift.Auth_entity_assembly_ID	_Atom_chem_shift.Auth_asym_ID	_Atom_chem_shift.Auth_seq_ID	_Atom_chem_shift.Auth_comp_ID	_Atom_chem_shift.Auth_atom_ID	_Atom_chem_shift.Details	_Atom_chem_shift.Entry_ID	_Atom_chem_shift.Assigned_chem_shift_list_ID
1,.,.,.,2,H,1,H,.,H,GLU,B,64,GLU,64,.,1,2,.,52139,115,.,.,64,9.235,.,_Atom_chem_shift.ID	_Atom_chem_shift.Assembly_atom_ID	_Atom_chem_shift.Entity_assembly_ID	_Atom_chem_shift.Entity_assembly_asym_ID	_Atom_chem_shift.Entity_ID	_Atom_chem_shift.Comp_index_ID	_Atom_chem_shift.Seq_ID	_Atom_chem_shift.Comp_ID	_Atom_chem_shift.Atom_ID	_Atom_chem_shift.Atom_type	_Atom_chem_shift.Atom_isotope_number	_Atom_chem_shift.Val	_Atom_chem_shift.Val_err	_Atom_chem_shift.Assign_fig_of_merit	_Atom_chem_shift.Ambiguity_code	_Atom_chem_shift.Ambiguity_set_ID	_Atom_chem_shift.Occupancy	_Atom_chem_shift.Resonance_ID	_Atom_chem_shift.Auth_entity_assembly_ID	_Atom_chem_shift.Auth_asym_ID	_Atom_chem_shift.Auth_seq_ID	_Atom_chem_shift.Auth_comp_ID	_Atom_chem_shift.Auth_atom_ID	_Atom_chem_shift.Details	_Atom_chem_shift.Entry_ID	_Atom_chem_shift.Assigned_chem_shift_list_ID
1,.,.,.,2,N,15,N,.,N,GLU,B,64,GLU,64,.,1,2,.,52139,116,.,.,64,114.761,.,_Atom_chem_shift.ID	_Atom_chem_shift.Assembly_atom_ID	_Atom_chem_shift.Entity_assembly_ID	_Atom_chem_shift.Entity_assembly_asym_ID	_Atom_chem_shift.Entity_ID	_Atom_chem_shift.Comp_index_ID	_Atom_chem_shift.Seq_ID	_Atom_chem_shift.Comp_ID	_Atom_chem_shift.Atom_ID	_Atom_chem_shift.Atom_type	_Atom_chem_shift.Atom_isotope_number	_Atom_chem_shift.Val	_Atom_chem_shift.Val_err	_Atom_chem_shift.Assign_fig_of_merit	_Atom_chem_shift.Ambiguity_code	_Atom_chem_shift.Ambiguity_set_ID	_Atom_chem_shift.Occupancy	_Atom_chem_shift.Resonance_ID	_Atom_chem_shift.Auth_entity_assembly_ID	_Atom_chem_shift.Auth_asym_ID	_Atom_chem_shift.Auth_seq_ID	_Atom_chem_shift.Auth_comp_ID	_Atom_chem_shift.Auth_atom_ID	_Atom_chem_shift.Details	_Atom_chem_shift.Entry_ID	_Atom_chem_shift.Assigned_chem_shift_list_ID
1,.,.,.,2,H,1,H,.,H,SER,B,65,SER,65,.,1,2,.,52139,117,.,.,65,7.585,.,_Atom_chem_shift.ID	_Atom_chem_shift.Assembly_atom_ID	_Atom_chem_shift.Entity_assembly_ID	_Atom_chem_shift.Entity_assembly_asym_ID	_Atom_chem_shift.Entity_ID	_Atom_chem_shift.Comp_index_ID	_Atom_chem_shift.Seq_ID	_Atom_chem_shift.Comp_ID	_Atom_chem_shift.Atom_ID	_Atom_chem_shift.Atom_type	_Atom_chem_shift.Atom_isotope_number	_Atom_chem_shift.Val	_Atom_chem_shift.Val_err	_Atom_chem_shift.Assign_fig_of_merit	_Atom_chem_shift.Ambiguity_code	_Atom_chem_shift.Ambiguity_set_ID	_Atom_chem_shift.Occupancy	_Atom_chem_shift.Resonance_ID	_Atom_chem_shift.Auth_entity_assembly_ID	_Atom_chem_shift.Auth_asym_ID	_Atom_chem_shift.Auth_seq_ID	_Atom_chem_shift.Auth_comp_ID	_Atom_chem_shift.Auth_atom_ID	_Atom_chem_shift.Details	_Atom_chem_shift.Entry_ID	_Atom_chem_shift.Assigned_chem_shift_list_ID
1,.,.,.,2,N,15,N,.,N,SER,B,65,SER,65,.,1,2,.,52139,118,.,.,65,115.025,.,_Atom_chem_shift.ID	_Atom_chem_shift.Assembly_atom_ID	_Atom_chem_shift.Entity_assembly_ID	_Atom_chem_shift.Entity_assembly_asym_ID	_Atom_chem_shift.Entity_ID	_Atom_chem_shift.Comp_index_ID	_Atom_chem_shift.Seq_ID	_Atom_chem_shift.Comp_ID	_Atom_chem_shift.Atom_ID	_Atom_chem_shift.Atom_type	_Atom_chem_shift.Atom_isotope_number	_Atom_chem_shift.Val	_Atom_chem_shift.Val_err	_Atom_chem_shift.Assign_fig_of_merit	_Atom_chem_shift.Ambiguity_code	_Atom_chem_shift.Ambiguity_set_ID	_Atom_chem_shift.Occupancy	_Atom_chem_shift.Resonance_ID	_Atom_chem_shift.Auth_entity_assembly_ID	_Atom_chem_shift.Auth_asym_ID	_Atom_chem_shift.Auth_seq_ID	_Atom_chem_shift.Auth_comp_ID	_Atom_chem_shift.Auth_atom_ID	_Atom_chem_shift.Details	_Atom_chem_shift.Entry_ID	_Atom_chem_shift.Assigned_chem_shift_list_ID
1,.,.,.,2,H,1,H,.,H,THR,B,66,THR,66,.,1,2,.,52139,119,.,.,66,8.628,.,_Atom_chem_shift.ID	_Atom_chem_shift.Assembly_atom_ID	_Atom_chem_shift.Entity_assembly_ID	_Atom_chem_shift.Entity_assembly_asym_ID	_Atom_chem_shift.Entity_ID	_Atom_chem_shift.Comp_index_ID	_Atom_chem_shift.Seq_ID	_Atom_chem_shift.Comp_ID	_Atom_chem_shift.Atom_ID	_Atom_chem_shift.Atom_type	_Atom_chem_shift.Atom_isotope_number	_Atom_chem_shift.Val	_Atom_chem_shift.Val_err	_Atom_chem_shift.Assign_fig_of_merit	_Atom_chem_shift.Ambiguity_code	_Atom_chem_shift.Ambiguity_set_ID	_Atom_chem_shift.Occupancy	_Atom_chem_shift.Resonance_ID	_Atom_chem_shift.Auth_entity_assembly_ID	_Atom_chem_shift.Auth_asym_ID	_Atom_chem_shift.Auth_seq_ID	_Atom_chem_shift.Auth_comp_ID	_Atom_chem_shift.Auth_atom_ID	_Atom_chem_shift.Details	_Atom_chem_shift.Entry_ID	_Atom_chem_shift.Assigned_chem_shift_list_ID
1,.,.,.,2,N,15,N,.,N,THR,B,66,THR,66,.,1,2,.,52139,120,.,.,66,117.494,.,_Atom_chem_shift.ID	_Atom_chem_shift.Assembly_atom_ID	_Atom_chem_shift.Entity_assembly_ID	_Atom_chem_shift.Entity_assembly_asym_ID	_Atom_chem_shift.Entity_ID	_Atom_chem_shift.Comp_index_ID	_Atom_chem_shift.Seq_ID	_Atom_chem_shift.Comp_ID	_Atom_chem_shift.Atom_ID	_Atom_chem_shift.Atom_type	_Atom_chem_shift.Atom_isotope_number	_Atom_chem_shift.Val	_Atom_chem_shift.Val_err	_Atom_chem_shift.Assign_fig_of_merit	_Atom_chem_shift.Ambiguity_code	_Atom_chem_shift.Ambiguity_set_ID	_Atom_chem_shift.Occupancy	_Atom_chem_shift.Resonance_ID	_Atom_chem_shift.Auth_entity_assembly_ID	_Atom_chem_shift.Auth_asym_ID	_Atom_chem_shift.Auth_seq_ID	_Atom_chem_shift.Auth_comp_ID	_Atom_chem_shift.Auth_atom_ID	_Atom_chem_shift.Details	_Atom_chem_shift.Entry_ID	_Atom_chem_shift.Assigned_chem_shift_list_ID
1,.,.,.,2,H,1,H,.,H,LEU,B,67,LEU,67,.,1,2,.,52139,121,.,.,67,9.31,.,_Atom_chem_shift.ID	_Atom_chem_shift.Assembly_atom_ID	_Atom_chem_shift.Entity_assembly_ID	_Atom_chem_shift.Entity_assembly_asym_ID	_Atom_chem_shift.Entity_ID	_Atom_chem_shift.Comp_index_ID	_Atom_chem_shift.Seq_ID	_Atom_chem_shift.Comp_ID	_Atom_chem_shift.Atom_ID	_Atom_chem_shift.Atom_type	_Atom_chem_shift.Atom_isotope_number	_Atom_chem_shift.Val	_Atom_chem_shift.Val_err	_Atom_chem_shift.Assign_fig_of_merit	_Atom_chem_shift.Ambiguity_code	_Atom_chem_shift.Ambiguity_set_ID	_Atom_chem_shift.Occupancy	_Atom_chem_shift.Resonance_ID	_Atom_chem_shift.Auth_entity_assembly_ID	_Atom_chem_shift.Auth_asym_ID	_Atom_chem_shift.Auth_seq_ID	_Atom_chem_shift.Auth_comp_ID	_Atom_chem_shift.Auth_atom_ID	_Atom_chem_shift.Details	_Atom_chem_shift.Entry_ID	_Atom_chem_shift.Assigned_chem_shift_list_ID
1,.,.,.,2,N,15,N,.,N,LEU,B,67,LEU,67,.,1,2,.,52139,122,.,.,67,127.983,.,_Atom_chem_shift.ID	_Atom_chem_shift.Assembly_atom_ID	_Atom_chem_shift.Entity_assembly_ID	_Atom_chem_shift.Entity_assembly_asym_ID	_Atom_chem_shift.Entity_ID	_Atom_chem_shift.Comp_index_ID	_Atom_chem_shift.Seq_ID	_Atom_chem_shift.Comp_ID	_Atom_chem_shift.Atom_ID	_Atom_chem_shift.Atom_type	_Atom_chem_shift.Atom_isotope_number	_Atom_chem_shift.Val	_Atom_chem_shift.Val_err	_Atom_chem_shift.Assign_fig_of_merit	_Atom_chem_shift.Ambiguity_code	_Atom_chem_shift.Ambiguity_set_ID	_Atom_chem_shift.Occupancy	_Atom_chem_shift.Resonance_ID	_Atom_chem_shift.Auth_entity_assembly_ID	_Atom_chem_shift.Auth_asym_ID	_Atom_chem_shift.Auth_seq_ID	_Atom_chem_shift.Auth_comp_ID	_Atom_chem_shift.Auth_atom_ID	_Atom_chem_shift.Details	_Atom_chem_shift.Entry_ID	_Atom_chem_shift.Assigned_chem_shift_list_ID
1,.,.,.,2,H,1,H,.,H,HIS,B,68,HIS,68,.,1,2,.,52139,123,.,.,68,9.11,.,_Atom_chem_shift.ID	_Atom_chem_shift.Assembly_atom_ID	_Atom_chem_shift.Entity_assembly_ID	_Atom_chem_shift.Entity_assembly_asym_ID	_Atom_chem_shift.Entity_ID	_Atom_chem_shift.Comp_index_ID	_Atom_chem_shift.Seq_ID	_Atom_chem_shift.Comp_ID	_Atom_chem_shift.Atom_ID	_Atom_chem_shift.Atom_type	_Atom_chem_shift.Atom_isotope_number	_Atom_chem_shift.Val	_Atom_chem_shift.Val_err	_Atom_chem_shift.Assign_fig_of_merit	_Atom_chem_shift.Ambiguity_code	_Atom_chem_shift.Ambiguity_set_ID	_Atom_chem_shift.Occupancy	_Atom_chem_shift.Resonance_ID	_Atom_chem_shift.Auth_entity_assembly_ID	_Atom_chem_shift.Auth_asym_ID	_Atom_chem_shift.Auth_seq_ID	_Atom_chem_shift.Auth_comp_ID	_Atom_chem_shift.Auth_atom_ID	_Atom_chem_shift.Details	_Atom_chem_shift.Entry_ID	_Atom_chem_shift.Assigned_chem_shift_list_ID
1,.,.,.,2,N,15,N,.,N,HIS,B,68,HIS,68,.,1,2,.,52139,124,.,.,68,119.402,.,_Atom_chem_shift.ID	_Atom_chem_shift.Assembly_atom_ID	_Atom_chem_shift.Entity_assembly_ID	_Atom_chem_shift.Entity_assembly_asym_ID	_Atom_chem_shift.Entity_ID	_Atom_chem_shift.Comp_index_ID	_Atom_chem_shift.Seq_ID	_Atom_chem_shift.Comp_ID	_Atom_chem_shift.Atom_ID	_Atom_chem_shift.Atom_type	_Atom_chem_shift.Atom_isotope_number	_Atom_chem_shift.Val	_Atom_chem_shift.Val_err	_Atom_chem_shift.Assign_fig_of_merit	_Atom_chem_shift.Ambiguity_code	_Atom_chem_shift.Ambiguity_set_ID	_Atom_chem_shift.Occupancy	_Atom_chem_shift.Resonance_ID	_Atom_chem_shift.Auth_entity_assembly_ID	_Atom_chem_shift.Auth_asym_ID	_Atom_chem_shift.Auth_seq_ID	_Atom_chem_shift.Auth_comp_ID	_Atom_chem_shift.Auth_atom_ID	_Atom_chem_shift.Details	_Atom_chem_shift.Entry_ID	_Atom_chem_shift.Assigned_chem_shift_list_ID
1,.,.,.,2,H,1,H,.,H,LEU,B,69,LEU,69,.,1,2,.,52139,125,.,.,69,8.205,.,_Atom_chem_shift.ID	_Atom_chem_shift.Assembly_atom_ID	_Atom_chem_shift.Entity_assembly_ID	_Atom_chem_shift.Entity_assembly_asym_ID	_Atom_chem_shift.Entity_ID	_Atom_chem_shift.Comp_index_ID	_Atom_chem_shift.Seq_ID	_Atom_chem_shift.Comp_ID	_Atom_chem_shift.Atom_ID	_Atom_chem_shift.Atom_type	_Atom_chem_shift.Atom_isotope_number	_Atom_chem_shift.Val	_Atom_chem_shift.Val_err	_Atom_chem_shift.Assign_fig_of_merit	_Atom_chem_shift.Ambiguity_code	_Atom_chem_shift.Ambiguity_set_ID	_Atom_chem_shift.Occupancy	_Atom_chem_shift.Resonance_ID	_Atom_chem_shift.Auth_entity_assembly_ID	_Atom_chem_shift.Auth_asym_ID	_Atom_chem_shift.Auth_seq_ID	_Atom_chem_shift.Auth_comp_ID	_Atom_chem_shift.Auth_atom_ID	_Atom_chem_shift.Details	_Atom_chem_shift.Entry_ID	_Atom_chem_shift.Assigned_chem_shift_list_ID
1,.,.,.,2,N,15,N,.,N,LEU,B,69,LEU,69,.,1,2,.,52139,126,.,.,69,123.782,.,_Atom_chem_shift.ID	_Atom_chem_shift.Assembly_atom_ID	_Atom_chem_shift.Entity_assembly_ID	_Atom_chem_shift.Entity_assembly_asym_ID	_Atom_chem_shift.Entity_ID	_Atom_chem_shift.Comp_index_ID	_Atom_chem_shift.Seq_ID	_Atom_chem_shift.Comp_ID	_Atom_chem_shift.Atom_ID	_Atom_chem_shift.Atom_type	_Atom_chem_shift.Atom_isotope_number	_Atom_chem_shift.Val	_Atom_chem_shift.Val_err	_Atom_chem_shift.Assign_fig_of_merit	_Atom_chem_shift.Ambiguity_code	_Atom_chem_shift.Ambiguity_set_ID	_Atom_chem_shift.Occupancy	_Atom_chem_shift.Resonance_ID	_Atom_chem_shift.Auth_entity_assembly_ID	_Atom_chem_shift.Auth_asym_ID	_Atom_chem_shift.Auth_seq_ID	_Atom_chem_shift.Auth_comp_ID	_Atom_chem_shift.Auth_atom_ID	_Atom_chem_shift.Details	_Atom_chem_shift.Entry_ID	_Atom_chem_shift.Assigned_chem_shift_list_ID
1,.,.,.,2,H,1,H,.,H,VAL,B,70,VAL,70,.,1,2,.,52139,127,.,.,70,9.044,.,_Atom_chem_shift.ID	_Atom_chem_shift.Assembly_atom_ID	_Atom_chem_shift.Entity_assembly_ID	_Atom_chem_shift.Entity_assembly_asym_ID	_Atom_chem_shift.Entity_ID	_Atom_chem_shift.Comp_index_ID	_Atom_chem_shift.Seq_ID	_Atom_chem_shift.Comp_ID	_Atom_chem_shift.Atom_ID	_Atom_chem_shift.Atom_type	_Atom_chem_shift.Atom_isotope_number	_Atom_chem_shift.Val	_Atom_chem_shift.Val_err	_Atom_chem_shift.Assign_fig_of_merit	_Atom_chem_shift.Ambiguity_code	_Atom_chem_shift.Ambiguity_set_ID	_Atom_chem_shift.Occupancy	_Atom_chem_shift.Resonance_ID	_Atom_chem_shift.Auth_entity_assembly_ID	_Atom_chem_shift.Auth_asym_ID	_Atom_chem_shift.Auth_seq_ID	_Atom_chem_shift.Auth_comp_ID	_Atom_chem_shift.Auth_atom_ID	_Atom_chem_shift.Details	_Atom_chem_shift.Entry_ID	_Atom_chem_shift.Assigned_chem_shift_list_ID
1,.,.,.,2,N,15,N,.,N,VAL,B,70,VAL,70,.,1,2,.,52139,128,.,.,70,126.176,.,_Atom_chem_shift.ID	_Atom_chem_shift.Assembly_atom_ID	_Atom_chem_shift.Entity_assembly_ID	_Atom_chem_shift.Entity_assembly_asym_ID	_Atom_chem_shift.Entity_ID	_Atom_chem_shift.Comp_index_ID	_Atom_chem_shift.Seq_ID	_Atom_chem_shift.Comp_ID	_Atom_chem_shift.Atom_ID	_Atom_chem_shift.Atom_type	_Atom_chem_shift.Atom_isotope_number	_Atom_chem_shift.Val	_Atom_chem_shift.Val_err	_Atom_chem_shift.Assign_fig_of_merit	_Atom_chem_shift.Ambiguity_code	_Atom_chem_shift.Ambiguity_set_ID	_Atom_chem_shift.Occupancy	_Atom_chem_shift.Resonance_ID	_Atom_chem_shift.Auth_entity_assembly_ID	_Atom_chem_shift.Auth_asym_ID	_Atom_chem_shift.Auth_seq_ID	_Atom_chem_shift.Auth_comp_ID	_Atom_chem_shift.Auth_atom_ID	_Atom_chem_shift.Details	_Atom_chem_shift.Entry_ID	_Atom_chem_shift.Assigned_chem_shift_list_ID
1,.,.,.,2,H,1,H,.,H,LEU,B,71,LEU,71,.,1,2,.,52139,129,.,.,71,8.024,.,_Atom_chem_shift.ID	_Atom_chem_shift.Assembly_atom_ID	_Atom_chem_shift.Entity_assembly_ID	_Atom_chem_shift.Entity_assembly_asym_ID	_Atom_chem_shift.Entity_ID	_Atom_chem_shift.Comp_index_ID	_Atom_chem_shift.Seq_ID	_Atom_chem_shift.Comp_ID	_Atom_chem_shift.Atom_ID	_Atom_chem_shift.Atom_type	_Atom_chem_shift.Atom_isotope_number	_Atom_chem_shift.Val	_Atom_chem_shift.Val_err	_Atom_chem_shift.Assign_fig_of_merit	_Atom_chem_shift.Ambiguity_code	_Atom_chem_shift.Ambiguity_set_ID	_Atom_chem_shift.Occupancy	_Atom_chem_shift.Resonance_ID	_Atom_chem_shift.Auth_entity_assembly_ID	_Atom_chem_shift.Auth_asym_ID	_Atom_chem_shift.Auth_seq_ID	_Atom_chem_shift.Auth_comp_ID	_Atom_chem_shift.Auth_atom_ID	_Atom_chem_shift.Details	_Atom_chem_shift.Entry_ID	_Atom_chem_shift.Assigned_chem_shift_list_ID
1,.,.,.,2,N,15,N,.,N,LEU,B,71,LEU,71,.,1,2,.,52139,130,.,.,71,123.085,.,_Atom_chem_shift.ID	_Atom_chem_shift.Assembly_atom_ID	_Atom_chem_shift.Entity_assembly_ID	_Atom_chem_shift.Entity_assembly_asym_ID	_Atom_chem_shift.Entity_ID	_Atom_chem_shift.Comp_index_ID	_Atom_chem_shift.Seq_ID	_Atom_chem_shift.Comp_ID	_Atom_chem_shift.Atom_ID	_Atom_chem_shift.Atom_type	_Atom_chem_shift.Atom_isotope_number	_Atom_chem_shift.Val	_Atom_chem_shift.Val_err	_Atom_chem_shift.Assign_fig_of_merit	_Atom_chem_shift.Ambiguity_code	_Atom_chem_shift.Ambiguity_set_ID	_Atom_chem_shift.Occupancy	_Atom_chem_shift.Resonance_ID	_Atom_chem_shift.Auth_entity_assembly_ID	_Atom_chem_shift.Auth_asym_ID	_Atom_chem_shift.Auth_seq_ID	_Atom_chem_shift.Auth_comp_ID	_Atom_chem_shift.Auth_atom_ID	_Atom_chem_shift.Details	_Atom_chem_shift.Entry_ID	_Atom_chem_shift.Assigned_chem_shift_list_ID
1,.,.,.,2,H,1,H,.,H,ARG,B,72,ARG,72,.,1,2,.,52139,131,.,.,72,8.547,.,_Atom_chem_shift.ID	_Atom_chem_shift.Assembly_atom_ID	_Atom_chem_shift.Entity_assembly_ID	_Atom_chem_shift.Entity_assembly_asym_ID	_Atom_chem_shift.Entity_ID	_Atom_chem_shift.Comp_index_ID	_Atom_chem_shift.Seq_ID	_Atom_chem_shift.Comp_ID	_Atom_chem_shift.Atom_ID	_Atom_chem_shift.Atom_type	_Atom_chem_shift.Atom_isotope_number	_Atom_chem_shift.Val	_Atom_chem_shift.Val_err	_Atom_chem_shift.Assign_fig_of_merit	_Atom_chem_shift.Ambiguity_code	_Atom_chem_shift.Ambiguity_set_ID	_Atom_chem_shift.Occupancy	_Atom_chem_shift.Resonance_ID	_Atom_chem_shift.Auth_entity_assembly_ID	_Atom_chem_shift.Auth_asym_ID	_Atom_chem_shift.Auth_seq_ID	_Atom_chem_shift.Auth_comp_ID	_Atom_chem_shift.Auth_atom_ID	_Atom_chem_shift.Details	_Atom_chem_shift.Entry_ID	_Atom_chem_shift.Assigned_chem_shift_list_ID
1,.,.,.,2,N,15,N,.,N,ARG,B,72,ARG,72,.,1,2,.,52139,132,.,.,72,123.799,.,_Atom_chem_shift.ID	_Atom_chem_shift.Assembly_atom_ID	_Atom_chem_shift.Entity_assembly_ID	_Atom_chem_shift.Entity_assembly_asym_ID	_Atom_chem_shift.Entity_ID	_Atom_chem_shift.Comp_index_ID	_Atom_chem_shift.Seq_ID	_Atom_chem_shift.Comp_ID	_Atom_chem_shift.Atom_ID	_Atom_chem_shift.Atom_type	_Atom_chem_shift.Atom_isotope_number	_Atom_chem_shift.Val	_Atom_chem_shift.Val_err	_Atom_chem_shift.Assign_fig_of_merit	_Atom_chem_shift.Ambiguity_code	_Atom_chem_shift.Ambiguity_set_ID	_Atom_chem_shift.Occupancy	_Atom_chem_shift.Resonance_ID	_Atom_chem_shift.Auth_entity_assembly_ID	_Atom_chem_shift.Auth_asym_ID	_Atom_chem_shift.Auth_seq_ID	_Atom_chem_shift.Auth_comp_ID	_Atom_chem_shift.Auth_atom_ID	_Atom_chem_shift.Details	_Atom_chem_shift.Entry_ID	_Atom_chem_shift.Assigned_chem_shift_list_ID
1,.,.,.,2,H,1,H,.,H,LEU,B,73,LEU,73,.,1,2,.,52139,133,.,.,73,8.276,.,_Atom_chem_shift.ID	_Atom_chem_shift.Assembly_atom_ID	_Atom_chem_shift.Entity_assembly_ID	_Atom_chem_shift.Entity_assembly_asym_ID	_Atom_chem_shift.Entity_ID	_Atom_chem_shift.Comp_index_ID	_Atom_chem_shift.Seq_ID	_Atom_chem_shift.Comp_ID	_Atom_chem_shift.Atom_ID	_Atom_chem_shift.Atom_type	_Atom_chem_shift.Atom_isotope_number	_Atom_chem_shift.Val	_Atom_chem_shift.Val_err	_Atom_chem_shift.Assign_fig_of_merit	_Atom_chem_shift.Ambiguity_code	_Atom_chem_shift.Ambiguity_set_ID	_Atom_chem_shift.Occupancy	_Atom_chem_shift.Resonance_ID	_Atom_chem_shift.Auth_entity_assembly_ID	_Atom_chem_shift.Auth_asym_ID	_Atom_chem_shift.Auth_seq_ID	_Atom_chem_shift.Auth_comp_ID	_Atom_chem_shift.Auth_atom_ID	_Atom_chem_shift.Details	_Atom_chem_shift.Entry_ID	_Atom_chem_shift.Assigned_chem_shift_list_ID
1,.,.,.,2,N,15,N,.,N,LEU,B,73,LEU,73,.,1,2,.,52139,134,.,.,73,124.859,.,_Atom_chem_shift.ID	_Atom_chem_shift.Assembly_atom_ID	_Atom_chem_shift.Entity_assembly_ID	_Atom_chem_shift.Entity_assembly_asym_ID	_Atom_chem_shift.Entity_ID	_Atom_chem_shift.Comp_index_ID	_Atom_chem_shift.Seq_ID	_Atom_chem_shift.Comp_ID	_Atom_chem_shift.Atom_ID	_Atom_chem_shift.Atom_type	_Atom_chem_shift.Atom_isotope_number	_Atom_chem_shift.Val	_Atom_chem_shift.Val_err	_Atom_chem_shift.Assign_fig_of_merit	_Atom_chem_shift.Ambiguity_code	_Atom_chem_shift.Ambiguity_set_ID	_Atom_chem_shift.Occupancy	_Atom_chem_shift.Resonance_ID	_Atom_chem_shift.Auth_entity_assembly_ID	_Atom_chem_shift.Auth_asym_ID	_Atom_chem_shift.Auth_seq_ID	_Atom_chem_shift.Auth_comp_ID	_Atom_chem_shift.Auth_atom_ID	_Atom_chem_shift.Details	_Atom_chem_shift.Entry_ID	_Atom_chem_shift.Assigned_chem_shift_list_ID
1,.,.,.,2,H,1,H,.,H,ARG,B,74,ARG,74,.,1,2,.,52139,135,.,.,74,8.499,.,_Atom_chem_shift.ID	_Atom_chem_shift.Assembly_atom_ID	_Atom_chem_shift.Entity_assembly_ID	_Atom_chem_shift.Entity_assembly_asym_ID	_Atom_chem_shift.Entity_ID	_Atom_chem_shift.Comp_index_ID	_Atom_chem_shift.Seq_ID	_Atom_chem_shift.Comp_ID	_Atom_chem_shift.Atom_ID	_Atom_chem_shift.Atom_type	_Atom_chem_shift.Atom_isotope_number	_Atom_chem_shift.Val	_Atom_chem_shift.Val_err	_Atom_chem_shift.Assign_fig_of_merit	_Atom_chem_shift.Ambiguity_code	_Atom_chem_shift.Ambiguity_set_ID	_Atom_chem_shift.Occupancy	_Atom_chem_shift.Resonance_ID	_Atom_chem_shift.Auth_entity_assembly_ID	_Atom_chem_shift.Auth_asym_ID	_Atom_chem_shift.Auth_seq_ID	_Atom_chem_shift.Auth_comp_ID	_Atom_chem_shift.Auth_atom_ID	_Atom_chem_shift.Details	_Atom_chem_shift.Entry_ID	_Atom_chem_shift.Assigned_chem_shift_list_ID
1,.,.,.,2,N,15,N,.,N,ARG,B,74,ARG,74,.,1,2,.,52139,136,.,.,74,123.011,.,_Atom_chem_shift.ID	_Atom_chem_shift.Assembly_atom_ID	_Atom_chem_shift.Entity_assembly_ID	_Atom_chem_shift.Entity_assembly_asym_ID	_Atom_chem_shift.Entity_ID	_Atom_chem_shift.Comp_index_ID	_Atom_chem_shift.Seq_ID	_Atom_chem_shift.Comp_ID	_Atom_chem_shift.Atom_ID	_Atom_chem_shift.Atom_type	_Atom_chem_shift.Atom_isotope_number	_Atom_chem_shift.Val	_Atom_chem_shift.Val_err	_Atom_chem_shift.Assign_fig_of_merit	_Atom_chem_shift.Ambiguity_code	_Atom_chem_shift.Ambiguity_set_ID	_Atom_chem_shift.Occupancy	_Atom_chem_shift.Resonance_ID	_Atom_chem_shift.Auth_entity_assembly_ID	_Atom_chem_shift.Auth_asym_ID	_Atom_chem_shift.Auth_seq_ID	_Atom_chem_shift.Auth_comp_ID	_Atom_chem_shift.Auth_atom_ID	_Atom_chem_shift.Details	_Atom_chem_shift.Entry_ID	_Atom_chem_shift.Assigned_chem_shift_list_ID
1,.,.,.,2,H,1,H,.,H,GLY,B,75,GLY,75,.,1,2,.,52139,137,.,.,75,8.635,.,_Atom_chem_shift.ID	_Atom_chem_shift.Assembly_atom_ID	_Atom_chem_shift.Entity_assembly_ID	_Atom_chem_shift.Entity_assembly_asym_ID	_Atom_chem_shift.Entity_ID	_Atom_chem_shift.Comp_index_ID	_Atom_chem_shift.Seq_ID	_Atom_chem_shift.Comp_ID	_Atom_chem_shift.Atom_ID	_Atom_chem_shift.Atom_type	_Atom_chem_shift.Atom_isotope_number	_Atom_chem_shift.Val	_Atom_chem_shift.Val_err	_Atom_chem_shift.Assign_fig_of_merit	_Atom_chem_shift.Ambiguity_code	_Atom_chem_shift.Ambiguity_set_ID	_Atom_chem_shift.Occupancy	_Atom_chem_shift.Resonance_ID	_Atom_chem_shift.Auth_entity_assembly_ID	_Atom_chem_shift.Auth_asym_ID	_Atom_chem_shift.Auth_seq_ID	_Atom_chem_shift.Auth_comp_ID	_Atom_chem_shift.Auth_atom_ID	_Atom_chem_shift.Details	_Atom_chem_shift.Entry_ID	_Atom_chem_shift.Assigned_chem_shift_list_ID
1,.,.,.,2,N,15,N,.,N,GLY,B,75,GLY,75,.,1,2,.,52139,138,.,.,75,111.721,.,_Atom_chem_shift.ID	_Atom_chem_shift.Assembly_atom_ID	_Atom_chem_shift.Entity_assembly_ID	_Atom_chem_shift.Entity_assembly_asym_ID	_Atom_chem_shift.Entity_ID	_Atom_chem_shift.Comp_index_ID	_Atom_chem_shift.Seq_ID	_Atom_chem_shift.Comp_ID	_Atom_chem_shift.Atom_ID	_Atom_chem_shift.Atom_type	_Atom_chem_shift.Atom_isotope_number	_Atom_chem_shift.Val	_Atom_chem_shift.Val_err	_Atom_chem_shift.Assign_fig_of_merit	_Atom_chem_shift.Ambiguity_code	_Atom_chem_shift.Ambiguity_set_ID	_Atom_chem_shift.Occupancy	_Atom_chem_shift.Resonance_ID	_Atom_chem_shift.Auth_entity_assembly_ID	_Atom_chem_shift.Auth_asym_ID	_Atom_chem_shift.Auth_seq_ID	_Atom_chem_shift.Auth_comp_ID	_Atom_chem_shift.Auth_atom_ID	_Atom_chem_shift.Details	_Atom_chem_shift.Entry_ID	_Atom_chem_shift.Assigned_chem_shift_list_ID
1,.,.,.,2,H,1,H,.,H,GLY,B,76,GLY,76,.,1,2,.,52139,139,.,.,76,8.189,.,_Atom_chem_shift.ID	_Atom_chem_shift.Assembly_atom_ID	_Atom_chem_shift.Entity_assembly_ID	_Atom_chem_shift.Entity_assembly_asym_ID	_Atom_chem_shift.Entity_ID	_Atom_chem_shift.Comp_index_ID	_Atom_chem_shift.Seq_ID	_Atom_chem_shift.Comp_ID	_Atom_chem_shift.Atom_ID	_Atom_chem_shift.Atom_type	_Atom_chem_shift.Atom_isotope_number	_Atom_chem_shift.Val	_Atom_chem_shift.Val_err	_Atom_chem_shift.Assign_fig_of_merit	_Atom_chem_shift.Ambiguity_code	_Atom_chem_shift.Ambiguity_set_ID	_Atom_chem_shift.Occupancy	_Atom_chem_shift.Resonance_ID	_Atom_chem_shift.Auth_entity_assembly_ID	_Atom_chem_shift.Auth_asym_ID	_Atom_chem_shift.Auth_seq_ID	_Atom_chem_shift.Auth_comp_ID	_Atom_chem_shift.Auth_atom_ID	_Atom_chem_shift.Details	_Atom_chem_shift.Entry_ID	_Atom_chem_shift.Assigned_chem_shift_list_ID
1,.,.,.,2,N,15,N,.,N,GLY,B,76,GLY,76,.,1,2,.,52139,140,.,.,76,109.034,.,_Atom_chem_shift.ID	_Atom_chem_shift.Assembly_atom_ID	_Atom_chem_shift.Entity_assembly_ID	_Atom_chem_shift.Entity_assembly_asym_ID	_Atom_chem_shift.Entity_ID	_Atom_chem_shift.Comp_index_ID	_Atom_chem_shift.Seq_ID	_Atom_chem_shift.Comp_ID	_Atom_chem_shift.Atom_ID	_Atom_chem_shift.Atom_type	_Atom_chem_shift.Atom_isotope_number	_Atom_chem_shift.Val	_Atom_chem_shift.Val_err	_Atom_chem_shift.Assign_fig_of_merit	_Atom_chem_shift.Ambiguity_code	_Atom_chem_shift.Ambiguity_set_ID	_Atom_chem_shift.Occupancy	_Atom_chem_shift.Resonance_ID	_Atom_chem_shift.Auth_entity_assembly_ID	_Atom_chem_shift.Auth_asym_ID	_Atom_chem_shift.Auth_seq_ID	_Atom_chem_shift.Auth_comp_ID	_Atom_chem_shift.Auth_atom_ID	_Atom_chem_shift.Details	_Atom_chem_shift.Entry_ID	_Atom_chem_shift.Assigned_chem_shift_list_ID
