seq_pos,aa,H,N,CA,HA
1,S,,,,4.470000
2,W,8.290000,121.050000,56.840000,5.530000
3,Y,9.380000,119.130000,57.120000,5.570000
4,S,9.930000,116.760000,56.140000,6.090000
5,Y,7.960000,126.920000,52.440000,5.110000
6,P,,,,
7,P,,,,4.390000
8,Q,8.400000,121.720000,62.630000,4.270000
9,R,8.450000,124.240000,,
