seq_pos,aa,H,N,CA,HA
1,D,8.755000,122.533000,54.573000,4.883000
2,L,8.547000,123.232000,56.214000,4.410000
3,A,8.486000,123.475000,53.621000,4.381000
4,C,8.287000,117.306000,59.578000,4.540000
5,R,8.386000,122.776000,57.165000,4.488000
6,L,8.365000,122.096000,55.650000,4.508000
7,L,8.298000,121.898000,55.689000,4.492000
8,G,8.488000,109.198000,45.759000,4.119000
9,Q,8.306000,119.707000,55.988000,4.562000
10,S,8.585000,117.196000,58.754000,4.625000
11,M,8.625000,122.351000,55.759000,4.701000
12,D,8.476000,121.239000,54.576000,4.778000
13,E,8.657000,121.678000,57.131000,4.484000
14,S,8.597000,116.713000,59.187000,4.636000
15,G,8.524000,110.263000,45.358000,4.172000
16,L,8.209000,124.353000,52.330000,4.473000
17,P,,,63.228000,4.487000
18,Q,8.708000,121.741000,55.383000,4.668000
19,L,9.408000,128.560000,53.702000,4.927000
20,T,9.441000,113.007000,60.353000,4.789000
21,S,9.316000,117.449000,62.329000,4.111000
22,Y,8.351000,122.071000,61.739000,4.374000
23,D,8.154000,117.697000,57.791000,4.373000
24,C,7.804000,118.030000,63.665000,4.152000
25,E,8.753000,122.531000,59.545000,4.038000
26,V,7.812000,113.577000,65.004000,3.867000
27,N,7.225000,113.404000,55.582000,4.758000
28,A,8.332000,123.316000,50.032000,4.258000
29,P,,,63.558000,4.641000
30,I,9.174000,122.816000,61.560000,4.422000
31,Q,8.770000,127.096000,56.619000,4.474000
32,G,8.677000,110.620000,46.009000,4.124500
33,S,8.525000,116.100000,59.202000,4.438000
34,R,8.032000,119.818000,56.486000,4.364000
35,N,8.228000,117.282000,53.196000,4.857000
36,L,8.253000,121.100000,54.784000,4.381000
37,L,8.130000,124.015000,55.317000,4.410000
38,Q,8.712000,116.111000,53.981000,4.515000
39,G,9.126000,109.939000,46.830000,4.204000
40,E,9.231000,124.249000,59.247000,4.111000
41,E,8.251000,117.688000,59.312000,4.155000
42,L,7.531000,118.856000,58.189000,3.954000
43,L,6.843000,115.146000,57.150000,3.870000
44,R,8.108000,116.775000,58.885000,4.332000
45,A,7.632000,119.534000,54.582000,4.305000
46,L,7.364000,115.726000,55.798000,4.395000
47,D,7.771000,118.631000,55.749000,4.947000
48,Q,8.101000,119.712000,56.482000,4.598000
49,V,8.316000,120.777000,62.569000,4.425000
50,N,8.217000,127.632000,55.005000,4.669000
