seq_pos,aa,H,N,CA,HA
1,P,,,61.910000,4.297000
2,E,8.598000,121.096000,54.173000,4.569000
3,P,,,,4.336000
4,T,7.952000,117.195000,59.275000,4.547000
5,A,8.994000,115.284000,49.036000,4.254000
6,P,,,60.268000,4.054000
7,P,,,62.439000,4.703000
8,E,8.313000,120.877000,57.487000,3.648000
9,E,7.628000,128.572000,57.293000,4.083000
