seq_pos,aa,H,N,CA,HA
1,V,8.600000,115.350000,60.820000,5.180000
2,T,8.210000,120.110000,59.690000,4.630000
3,G,8.340000,104.920000,45.760000,3.865000
4,Y,8.810000,119.000000,,
5,G,9.090000,108.770000,48.080000,4.030000
6,K,7.900000,115.000000,57.960000,4.050000
7,L,9.200000,124.710000,52.750000,4.800000
8,I,9.530000,120.050000,61.950000,4.620000
9,L,7.370000,117.010000,54.930000,4.650000
10,R,7.340000,120.330000,60.140000,3.550000
11,E,8.610000,118.750000,59.820000,3.840000
12,G,8.580000,110.340000,46.040000,4.170000
13,L,8.400000,125.270000,57.130000,4.110000
14,G,7.260000,105.820000,43.990000,3.065000
15,A,8.380000,125.230000,52.320000,4.340000
16,V,8.120000,119.230000,61.990000,4.160000
