seq_pos,aa,H,N,CA,HA
1,M,,,54.516000,4.040000
2,T,,,61.215000,4.350000
3,D,,,53.871000,4.569000
4,F,8.249000,117.010000,57.647000,4.632000
5,I,7.532000,121.470000,59.769000,4.238000
6,D,8.586000,127.108000,53.818000,4.526000
7,E,9.075000,125.271000,59.485000,3.920000
8,E,8.765000,120.027000,58.880000,4.166000
9,V,7.709000,122.303000,65.179000,3.756000
10,L,7.905000,119.611000,57.572000,3.981000
11,M,8.154000,116.935000,57.155000,4.253000
12,S,7.929000,114.901000,61.366000,4.233000
13,L,7.888000,123.911000,57.362000,4.170000
14,V,8.187000,120.053000,66.375000,3.415000
15,I,7.630000,118.188000,63.094000,3.795000
16,E,8.656000,124.057000,59.091000,4.030000
17,M,8.410000,114.125000,55.904000,4.350000
18,G,7.911000,107.654000,45.759000,4.065500
19,L,8.322000,119.039000,56.194000,4.078000
20,D,9.257000,114.357000,54.100000,4.204000
21,R,7.385000,117.358000,54.771000,4.446000
22,I,7.166000,119.611000,61.375000,4.074000
23,K,7.793000,118.393000,57.119000,4.314000
24,E,8.351000,121.781000,54.408000,4.481000
25,L,8.402000,126.436000,51.009000,4.368000
26,P,,,62.179000,4.354000
27,E,8.392000,121.643000,54.913000,4.249000
28,L,9.295000,125.900000,53.390000,4.481000
29,W,8.788000,124.387000,55.610000,4.834000
30,L,8.373000,121.679000,53.978000,4.363000
31,G,8.570000,109.881000,44.196000,3.919000
32,Q,8.505000,119.512000,56.184000,4.214000
33,N,8.497000,117.329000,52.807000,4.698000
34,E,,,57.649000,3.895000
35,F,8.190000,117.279000,57.584000,4.381000
36,D,7.855000,120.813000,54.166000,4.572000
37,F,8.005000,119.653000,58.106000,4.531000
38,M,8.162000,118.638000,55.481000,4.440000
39,T,7.947000,113.337000,62.232000,4.250000
40,D,8.197000,121.807000,53.883000,4.570000
41,F,7.971000,119.464000,57.519000,4.576000
42,V,8.018000,121.578000,61.867000,4.082000
43,C,8.394000,123.237000,57.962000,4.518000
44,K,8.466000,124.678000,55.801000,4.318000
45,Q,8.530000,122.462000,55.133000,4.319000
46,Q,8.468000,123.221000,53.167000,4.595000
47,P,,,62.653000,4.441000
48,S,8.407000,116.369000,57.809000,4.395000
49,R,8.362000,123.264000,55.407000,4.417000
50,V,8.233000,121.697000,61.799000,4.181000
51,S,7.930000,124.873000,59.364000,4.251000
