seq_pos,aa,H,N,CA,HA
1,K,,,55.701000,3.987000
2,E,,,56.832000,4.280000
3,K,8.761000,125.105000,58.400000,4.143000
4,R,8.582000,119.324000,57.350000,4.230000
5,I,7.531000,118.680000,64.660000,3.602000
6,K,7.703000,119.986000,58.627000,4.117000
7,E,7.936000,117.730000,59.433000,3.975000
8,L,8.048000,121.253000,57.672000,4.134000
9,E,8.576000,120.478000,60.740000,3.704000
10,L,7.853000,118.323000,57.916000,4.016000
11,L,7.923000,122.227000,58.016000,4.111000
12,L,8.299000,119.314000,57.935000,3.933000
13,M,8.483000,119.941000,59.082000,3.593000
14,S,7.958000,115.196000,61.053000,4.314000
15,T,7.806000,118.059000,65.312000,4.065000
16,E,7.915000,118.684000,59.433000,3.975000
17,N,7.823000,116.423000,54.594000,4.650000
18,E,7.881000,119.930000,57.395000,4.225000
19,L,7.595000,119.313000,55.473000,4.200000
20,K,7.838000,119.969000,56.808000,4.300000
21,G,8.205000,108.729000,45.384000,3.980000
22,Q,8.135000,119.656000,55.800000,4.350000
23,Q,8.353000,121.236000,55.700000,4.330000
24,A,8.282000,126.070000,52.263000,4.360000
25,L,7.822000,127.568000,56.551000,4.182000
