seq_pos,aa,H,N,CA,HA
1,A,,,,4.274000
2,M,8.431000,119.830000,,4.408000
3,A,8.320000,125.776000,,4.234000
4,Q,8.289000,119.940000,,4.261000
5,K,8.370000,123.133000,,4.247000
6,N,8.251000,119.280000,,4.877000
7,E,8.742000,120.161000,,4.046000
8,D,8.052000,118.179000,,4.421000
9,E,7.184000,116.527000,,4.033000
10,C,8.113000,123.023000,,3.925000
11,A,9.003000,132.382000,,3.952000
12,V,8.998000,119.830000,,4.006000
13,C,8.011000,117.628000,,4.850000
14,R,7.954000,116.858000,,3.966000
15,D,8.286000,120.381000,,5.172000
16,G,8.390000,107.719000,,4.073000
17,G,8.570000,109.811000,,4.026000
18,E,8.714000,125.335000,,4.167000
19,L,8.030000,125.886000,,4.636000
20,I,9.243000,120.381000,,4.462000
21,C,8.519000,123.023000,,4.700000
22,C,8.575000,126.437000,,4.645000
23,D,8.840000,126.547000,,4.700000
24,G,10.471000,113.224000,,4.032500
25,C,7.894000,123.904000,,4.910000
26,P,,,,4.700000
27,R,8.657000,120.381000,,4.019000
28,A,8.559000,124.345000,,5.336000
29,F,8.824000,113.885000,,5.588000
30,H,8.594000,121.152000,,4.824000
31,L,8.906000,124.014000,,3.724000
32,A,8.236000,114.435000,,4.243000
33,C,7.537000,115.756000,,4.301000
34,L,6.711000,120.711000,,4.019000
35,S,7.878000,113.554000,,4.660000
36,P,,,,5.012000
37,P,,,,4.220000
38,L,7.300000,120.931000,,4.515000
39,R,8.605000,118.619000,,4.167000
40,E,7.263000,115.316000,,4.408000
41,I,8.550000,124.124000,,3.821000
42,P,,,,4.421000
43,S,8.436000,116.527000,,4.408000
44,G,8.296000,111.573000,,3.966000
45,T,8.120000,115.536000,,4.006000
46,W,8.913000,129.079000,,4.341000
47,R,6.680000,124.234000,,5.078000
48,C,9.204000,125.005000,,3.657000
49,S,8.192000,112.013000,,3.939000
50,S,8.178000,119.280000,,4.262000
51,C,8.365000,126.106000,,3.844000
52,L,8.033000,120.051000,,3.951000
53,Q,7.626000,118.509000,,4.086000
54,A,7.679000,122.693000,,4.248000
55,T,7.839000,112.894000,,4.086000
56,V,7.975000,122.913000,,3.992000
57,Q,8.334000,124.345000,,4.221000
58,E,8.394000,123.361000,,4.208000
59,V,8.217000,122.142000,,3.992000
60,Q,8.427000,125.776000,,4.537000
61,P,,,,4.316000
62,R,8.404000,122.142000,,4.208000
63,A,8.411000,126.547000,,4.235000
64,E,8.373000,120.821000,,4.181000
65,E,7.941000,126.987000,,4.188000
