seq_pos,aa,H,N,CA,HA
1,T,,,62.450000,4.320000
2,W,8.320000,124.350000,58.040000,4.660000
3,D,7.610000,126.640000,51.880000,4.800000
4,P,,,63.790000,4.090000
5,G,8.510000,109.460000,45.260000,3.915000
6,M,7.900000,121.110000,53.790000,4.740000
7,P,,,63.180000,4.600000
8,T,8.080000,113.930000,59.400000,3.950000
9,P,,,61.910000,4.390000
10,P,,,62.460000,4.440000
11,L,8.650000,123.930000,52.780000,4.450000
12,P,,,61.060000,4.820000
13,P,,,63.280000,4.420000
14,R,8.690000,125.870000,53.060000,4.330000
15,P,,,62.750000,4.390000
16,A,8.600000,124.760000,53.660000,4.020000
17,N,8.200000,113.880000,52.700000,4.570000
18,L,7.420000,121.260000,56.010000,3.910000
19,G,8.530000,110.890000,45.050000,3.905000
20,E,8.010000,120.410000,56.430000,4.290000
21,R,8.500000,122.890000,56.170000,4.350000
22,Q,8.560000,123.120000,55.770000,4.340000
23,A,8.080000,110.050000,53.890000,4.120000
