seq_pos,aa,H,N,CA,HA
1,G,7.843000,107.300000,,3.999000
2,Q,,,,
3,V,8.014000,120.500000,,4.067000
4,F,8.490000,116.500000,,5.535000
5,Y,8.595000,,,4.530000
6,A,7.956000,121.800000,,4.221000
7,E,8.125000,115.500000,,4.540000
8,V,8.590000,123.800000,,3.840000
9,D,9.049000,126.100000,,4.631000
10,E,7.226000,112.400000,,4.361000
11,I,8.500000,122.500000,,3.992000
12,V,8.912000,124.200000,,3.880000
13,E,7.217000,117.300000,,4.604000
14,K,8.737000,120.600000,,5.647000
15,R,9.194000,118.000000,,4.848000
16,G,8.299000,106.400000,,3.924500
17,K,7.811000,115.200000,,4.536000
18,G,8.794000,110.900000,,3.905500
19,K,7.931000,121.100000,,4.187000
20,D,7.931000,118.600000,,4.781000
21,V,6.890000,120.300000,,4.130000
22,E,8.964000,125.800000,,4.852000
23,Y,9.192000,121.400000,,5.302000
24,L,8.318000,127.800000,,3.627000
25,V,8.299000,,,4.222000
26,R,8.125000,121.900000,,4.540000
27,W,8.658000,128.500000,,4.905000
28,K,8.657000,122.800000,,3.981000
29,D,8.722000,117.000000,,4.585000
30,G,8.081000,110.100000,,4.025500
31,G,7.689000,106.800000,,3.881000
32,D,8.493000,120.000000,,4.719000
33,C,8.381000,116.800000,,5.304000
34,E,8.308000,122.300000,,4.464000
35,W,8.693000,125.000000,,4.987000
36,V,9.797000,123.700000,,4.696000
37,K,8.979000,123.700000,,4.357000
38,G,8.675000,109.800000,,3.765500
39,V,7.521000,113.400000,,4.125000
40,H,8.068000,118.900000,,4.902000
41,V,7.789000,120.200000,,4.270000
42,A,8.597000,129.000000,,3.989000
43,E,8.657000,120.900000,,3.981000
44,D,8.741000,117.300000,,4.324000
45,V,7.170000,120.800000,,3.572000
46,A,7.776000,122.800000,,3.688000
47,K,8.266000,118.400000,,3.969000
48,D,7.892000,118.400000,,4.352000
49,Y,7.470000,119.300000,,4.220000
50,E,8.476000,119.900000,,3.867000
51,D,8.695000,119.500000,,4.457000
52,G,7.644000,107.000000,,3.890000
53,L,7.310000,120.300000,,4.174000
54,E,7.993000,120.500000,,4.231000
55,Y,7.602000,125.500000,,4.346000
