seq_pos,aa,H,N,CA,HA
1,G,,,,3.904000
2,S,8.665000,115.890000,,4.507000
3,R,8.531000,123.495000,,4.343000
4,R,8.432000,123.215000,,4.309000
5,A,8.392000,125.754000,,4.316000
6,S,8.330000,115.641000,,4.463000
7,V,8.203000,121.791000,,4.154000
8,G,8.477000,112.501000,,3.988000
9,S,8.214000,115.866000,,4.458000
10,A,8.408000,126.042000,,4.323000
11,K,8.245000,120.067000,,4.311000
12,S,8.222000,115.917000,,4.507000
13,M,8.521000,122.955000,,4.505000
14,W,8.130000,119.242000,,5.178000
15,T,9.423000,115.919000,,4.800000
16,E,8.676000,124.258000,,4.487000
17,H,8.588000,122.287000,,4.500000
18,K,8.325000,119.459000,,5.158000
19,S,9.379000,121.169000,,
20,P,,,,4.338000
21,D,7.850000,112.503000,,4.630000
22,G,8.343000,108.448000,,3.979000
23,R,7.752000,121.318000,,4.496000
24,T,8.769000,120.929000,,4.886000
25,Y,8.695000,122.537000,,4.824000
26,Y,8.965000,118.514000,,5.291000
27,Y,9.402000,123.917000,,5.574000
28,N,8.205000,130.256000,,4.418000
29,T,8.354000,116.846000,,3.726000
30,E,8.155000,120.709000,,4.277000
31,T,7.775000,108.999000,,4.103000
32,K,7.967000,116.444000,,3.627000
33,Q,7.054000,117.820000,,4.422000
34,S,8.530000,116.284000,,6.033000
35,T,9.274000,117.321000,,4.767000
36,W,8.492000,125.067000,,5.032000
37,E,8.130000,119.824000,,4.475000
38,K,8.229000,125.774000,,3.024000
39,P,,,,3.973000
40,D,8.199000,120.257000,,4.508000
41,D,7.853000,123.211000,,4.406000
