seq_pos,aa,H,N,CA,HA
1,G,,,,3.893000
2,S,8.645000,115.926000,,4.457000
3,R,8.511000,123.520000,,4.309000
4,R,8.410000,123.216000,,4.316000
5,A,8.386000,125.950000,,4.310000
6,S,8.313000,115.706000,,4.453000
7,V,8.184000,121.740000,,4.157000
8,G,8.461000,112.472000,,3.982000
9,S,8.205000,115.878000,,4.504000
10,A,8.389000,125.953000,,4.314000
11,K,8.227000,119.903000,,4.310000
12,S,8.203000,115.883000,,4.516000
13,M,8.477000,122.831000,,4.426000
14,W,8.113000,119.397000,,5.234000
15,T,9.403000,114.754000,,4.843000
16,E,8.696000,123.733000,,4.595000
17,H,8.544000,121.577000,,4.447000
18,K,8.410000,119.326000,,5.153000
19,S,9.611000,121.691000,,
20,P,,,,4.428000
21,D,7.894000,112.108000,,
22,G,8.326000,108.396000,,3.978000
23,R,7.791000,121.533000,,4.503000
24,T,8.884000,122.103000,,4.934000
25,Y,8.886000,122.111000,,4.987000
26,Y,9.013000,118.099000,,5.376000
27,Y,9.454000,123.416000,,5.724000
28,N,8.165000,130.682000,,4.442000
29,T,8.316000,116.844000,,3.670000
30,E,8.146000,120.577000,,4.293000
31,T,7.751000,109.004000,,4.088000
32,K,7.909000,116.348000,,3.630000
33,Q,6.998000,117.556000,,4.450000
34,S,8.488000,117.466000,,6.105000
35,T,9.442000,117.930000,,
36,W,8.648000,125.316000,,5.143000
37,E,8.201000,119.356000,,4.447000
38,K,8.218000,126.629000,,2.914000
39,P,,,,3.930000
40,D,8.266000,119.715000,,4.570000
41,D,7.839000,123.126000,,
