seq_pos,aa,H,N,CA,HA
1,D,,,,4.507000
2,Y,8.203000,121.400000,,4.440000
3,S,8.183000,116.901000,,4.235000
4,A,8.332000,124.540000,,4.120000
5,Q,8.119000,117.798000,,4.025000
6,W,7.918000,121.122000,,4.349000
7,I,7.850000,119.930000,,3.694000
8,E,7.808000,119.704000,,3.961000
9,Y,7.828000,120.430000,,4.082000
10,Y,8.153000,118.705000,,4.005000
11,K,8.043000,120.326000,,3.900000
12,Q,7.926000,118.422000,,4.078000
13,M,7.846000,118.198000,,4.285000
14,G,8.037000,108.655000,,3.856000
15,S,8.105000,116.366000,,
16,H,,,,4.394000
17,R,8.187000,121.108000,,4.135000
18,E,8.340000,120.933000,,3.974000
19,A,8.034000,121.900000,,4.052000
20,E,8.142000,118.605000,,4.074000
21,M,7.997000,119.809000,,4.209000
22,I,7.936000,121.004000,,3.788000
23,E,8.161000,121.545000,,3.992000
24,Q,8.185000,118.688000,,4.006000
25,Q,8.127000,119.805000,,
26,M,8.217000,119.504000,,4.217000
27,K,8.024000,120.510000,,4.082000
28,A,7.923000,122.647000,,4.172000
29,K,7.945000,119.121000,,4.167000
30,Q,8.089000,120.126000,,4.176000
31,G,,,,3.878000
32,A,8.143000,123.400000,,4.086000
33,D,8.162000,118.951000,,4.476000
34,Y,8.167000,122.000000,,4.489000
35,S,8.133000,116.497000,,4.262000
36,A,8.546000,124.222000,,4.050000
37,Q,8.084000,118.109000,,4.002000
38,W,8.081000,121.301000,,4.217000
39,A,8.261000,121.456000,,4.137000
40,E,7.852000,116.981000,,4.006000
41,Y,8.048000,121.472000,,4.068000
42,Y,8.789000,120.100000,,3.956000
43,R,8.287000,119.278000,,3.724000
44,S,8.072000,117.294000,,4.241000
45,V,7.207000,114.000000,,4.461000
46,G,7.737000,109.627000,,3.899500
47,K,8.308000,124.600000,,4.463000
48,I,7.573000,121.000000,,3.539000
49,E,8.684000,121.300000,,3.967000
50,E,8.840000,121.400000,,3.813000
51,A,7.826000,121.720000,,4.097000
52,E,8.690000,117.700000,,3.962000
53,A,7.845000,121.500000,,4.098000
54,I,7.522000,118.799000,,3.817000
55,E,8.614000,121.308000,,3.860000
56,K,8.061000,118.799000,,4.086000
57,T,7.736000,112.706000,,4.199000
58,L,7.778000,122.003000,,4.210000
59,K,7.937000,119.798000,,4.211000
60,N,8.114000,118.325000,,4.636000
61,K,8.043000,121.213000,,4.263000
62,Q,8.352000,121.761000,,4.286000
63,N,8.050000,125.361000,,4.414000
