seq_pos,aa,H,N,CA,HA
1,K,8.498000,123.590000,56.170000,4.450000
2,T,8.310000,116.050000,61.750000,4.353000
3,V,8.240000,121.940000,61.450000,4.166000
4,D,8.560000,125.040000,53.800000,4.645000
5,S,9.500000,121.190000,58.660000,4.362000
6,Q,8.520000,120.400000,55.200000,4.460000
7,G,8.080000,108.370000,44.750000,4.120000
8,P,,,62.600000,4.390000
9,T,10.697000,126.700000,61.310000,4.230000
10,P,,,61.630000,4.520000
11,V,8.060000,118.110000,62.300000,3.770000
12,C,9.249000,127.100000,58.950000,4.300000
13,T,8.380000,122.180000,59.980000,4.944000
14,P,,,66.400000,4.260000
15,T,10.190000,114.890000,66.000000,4.110000
16,F,7.960000,123.780000,61.450000,4.105000
17,L,7.360000,116.000000,57.250000,3.800000
18,E,8.470000,120.710000,58.960000,4.003000
19,R,8.325000,121.000000,59.150000,4.026000
20,R,7.520000,118.750000,58.400000,3.680000
21,K,7.830000,119.000000,59.080000,4.096000
22,S,8.000000,115.000000,60.850000,4.260000
23,Q,7.590000,119.300000,56.850000,4.145000
24,V,7.400000,118.200000,65.940100,3.480000
25,A,7.790000,120.300000,53.830000,4.190000
26,E,7.630000,114.250000,55.470000,4.370000
27,L,7.480000,120.300000,54.910000,4.310000
28,N,8.750000,120.100000,52.140000,4.852000
29,D,8.810000,122.800000,55.800000,4.490000
30,D,8.360000,117.100000,54.200000,4.605000
31,D,7.780000,119.900000,54.700000,4.570000
32,K,8.528000,122.520000,56.200000,4.230000
33,D,8.740000,123.600000,52.800000,4.730000
34,D,8.540000,122.850000,54.300000,4.600000
35,E,7.960000,116.400000,58.030000,4.170000
36,I,7.130000,116.100000,58.480000,5.030000
37,V,9.120000,127.050000,60.400000,4.222000
38,F,8.870000,126.300000,54.100000,5.370000
39,K,8.960000,126.000000,57.200000,4.314000
40,Q,8.620000,123.540000,53.380000,4.697000
41,P,,,62.700000,4.540000
42,I,8.350000,120.790000,61.050000,4.190000
43,S,8.410000,118.900000,58.030000,4.480000
44,C,8.428000,121.440000,58.360000,4.523000
