seq_pos,aa,H,N,CA,HA
1,P,,,62.400000,4.720000
2,N,,,53.500000,4.760000
3,R,,,55.900000,4.430000
4,S,8.400000,117.600000,58.300000,4.550000
5,I,8.460000,123.500000,60.900000,4.080000
6,S,8.460000,122.600000,55.200000,4.800000
7,P,,,65.000000,4.290000
8,S,8.080000,113.700000,60.200000,4.260000
9,A,7.830000,126.300000,54.800000,4.240000
10,L,7.860000,118.300000,58.300000,3.930000
11,Q,8.160000,118.100000,59.000000,3.930000
12,D,8.270000,121.200000,57.200000,4.410000
13,L,8.600000,123.500000,58.200000,3.940000
14,L,8.420000,119.300000,58.400000,3.640000
15,R,8.050000,117.600000,59.300000,3.900000
16,T,7.990000,116.500000,66.500000,3.940000
17,L,8.550000,122.600000,57.100000,3.940000
18,K,7.390000,116.500000,57.000000,4.310000
19,S,7.410000,117.900000,58.000000,4.740000
20,P,,,63.000000,4.360000
21,S,8.450000,117.400000,59.000000,4.300000
22,S,7.840000,119.800000,56.900000,4.890000
23,P,,,65.500000,4.390000
24,Q,8.240000,117.200000,59.000000,4.110000
25,Q,8.050000,124.400000,59.100000,
26,Q,8.330000,119.500000,59.300000,3.730000
27,Q,7.890000,117.900000,58.300000,3.930000
28,Q,7.970000,119.800000,59.100000,4.130000
29,V,8.140000,120.000000,67.400000,3.310000
30,L,8.000000,119.000000,58.400000,3.760000
31,N,8.340000,117.200000,56.100000,4.370000
32,I,8.030000,122.300000,65.500000,3.690000
33,L,8.270000,120.000000,58.400000,3.890000
34,K,8.670000,116.500000,59.000000,3.940000
35,S,7.490000,111.800000,59.400000,4.500000
36,N,7.360000,118.800000,51.500000,5.330000
37,P,,,65.800000,4.410000
38,Q,8.970000,118.300000,59.000000,4.210000
39,L,7.850000,121.900000,56.900000,4.210000
40,M,8.210000,119.800000,,
41,A,8.170000,120.000000,55.200000,4.040000
42,A,7.550000,120.900000,54.900000,4.130000
43,F,8.580000,120.500000,62.300000,3.870000
44,I,8.800000,118.800000,65.800000,3.460000
45,K,8.140000,121.600000,59.900000,3.930000
46,Q,7.660000,117.600000,58.300000,4.040000
47,R,8.140000,117.400000,56.400000,4.300000
48,T,8.180000,110.600000,64.400000,4.110000
49,A,7.460000,124.200000,54.500000,4.160000
50,K,7.730000,117.400000,56.900000,4.110000
51,Y,7.840000,119.800000,59.300000,4.400000
52,V,7.880000,120.200000,63.000000,3.960000
53,A,8.020000,125.600000,52.900000,4.250000
54,N,8.090000,117.200000,52.900000,4.690000
55,Q,8.060000,121.600000,53.700000,4.580000
56,P,,,63.600000,4.410000
57,G,8.530000,109.700000,45.100000,3.960000
58,M,8.080000,120.200000,,
