seq_pos,aa,H,N,CA,HA
1,T,,,61.290000,3.940000
2,T,,,60.050000,4.720000
3,P,,,64.270000,4.330000
4,K,8.070000,118.950000,59.480000,4.050000
5,S,8.160000,113.840000,60.910000,4.230000
6,L,7.930000,122.650000,57.170000,4.250000
7,A,7.930000,121.390000,55.410000,4.200000
8,V,7.810000,115.460000,66.860000,3.340000
9,E,8.060000,119.320000,59.380000,4.050000
10,E,8.420000,120.000000,59.050000,4.080000
11,L,7.880000,117.890000,58.880000,4.320000
12,S,8.860000,115.010000,60.900000,4.750000
13,G,8.190000,109.350000,46.260000,3.980000
14,M,7.420000,116.430000,57.910000,4.300000
15,G,7.820000,103.290000,44.670000,3.655000
16,F,7.150000,118.010000,57.420000,4.870000
17,T,9.660000,112.620000,61.340000,4.400000
18,E,8.980000,120.320000,60.550000,3.840000
19,E,8.600000,117.210000,59.870000,4.100000
20,E,8.000000,118.990000,58.700000,4.120000
21,A,8.670000,120.950000,55.020000,3.830000
22,H,8.860000,114.870000,60.090000,3.790000
23,N,8.120000,115.040000,56.450000,4.270000
24,A,7.860000,119.800000,54.850000,3.490000
25,L,7.780000,116.500000,58.220000,2.980000
26,E,7.710000,117.580000,59.330000,3.550000
27,K,7.620000,117.190000,58.020000,3.920000
28,C,7.120000,112.550000,58.190000,4.460000
29,N,7.670000,116.440000,54.970000,4.460000
30,W,9.070000,109.030000,59.800000,3.100000
31,D,7.110000,118.050000,52.900000,4.800000
32,L,8.720000,127.130000,58.830000,3.840000
33,E,8.510000,121.380000,60.450000,3.880000
34,A,8.480000,122.490000,55.130000,4.170000
35,A,8.820000,120.210000,54.980000,4.180000
36,T,8.090000,113.460000,67.830000,3.510000
37,N,7.670000,117.530000,57.230000,4.180000
38,F,8.300000,119.050000,61.020000,4.150000
39,L,7.850000,119.630000,57.350000,3.660000
40,L,7.870000,117.000000,56.790000,4.180000
41,D,8.070000,117.510000,55.400000,4.580000
42,S,7.530000,113.350000,58.470000,4.300000
43,A,7.420000,129.530000,53.980000,4.110000
