seq_pos,aa,H,N,CA,HA
1,S,8.370000,122.920000,56.120000,5.350000
2,W,9.000000,122.300000,56.830000,4.000000
3,V,9.260000,117.080000,58.110000,3.880000
4,X,8.580000,123.490000,57.040000,5.170000
5,S,7.860000,122.920000,56.120000,3.600000
6,P,,,65.130000,4.350000
7,L,8.310000,121.350000,57.970000,4.180000
8,H,8.210000,118.300000,55.280000,4.610000
