seq_pos,aa,H,N,CA,HA
1,F,8.300000,122.620000,59.600000,4.100000
2,G,7.710000,108.540000,45.370000,3.220000
3,S,7.960000,118.260000,58.480000,3.940000
4,L,9.110000,124.870000,58.230000,4.630000
5,E,8.540000,117.760000,60.490000,3.430000
6,T,7.650000,116.200000,66.530000,3.650000
7,V,7.000000,119.570000,65.770000,3.470000
8,V,7.710000,122.560000,67.430000,3.060000
9,A,7.730000,118.600000,55.550000,3.510000
10,N,7.750000,109.680000,54.770000,4.560000
11,S,7.680000,111.230000,58.450000,4.460000
12,A,7.610000,126.010000,54.140000,4.660000
13,F,7.520000,111.790000,55.450000,5.270000
14,I,9.010000,119.050000,64.280000,4.010000
15,A,9.160000,121.730000,52.370000,4.690000
16,A,8.690000,124.220000,51.800000,4.360000
17,R,8.510000,121.420000,58.000000,
18,G,8.310000,122.060000,46.000000,
19,S,,,58.730000,3.690000
20,F,8.030000,121.210000,57.750000,4.590000
21,D,8.010000,121.890000,54.560000,4.490000
22,A,8.190000,125.380000,53.020000,4.230000
23,S,8.200000,114.460000,58.970000,4.350000
