_Atom_chem_shift.Ambiguity_code,_Atom_chem_shift.Ambiguity_set_ID,_Atom_chem_shift.Assembly_atom_ID,_Atom_chem_shift.Assign_fig_of_merit,_Atom_chem_shift.Assigned_chem_shift_list_ID,_Atom_chem_shift.Atom_ID,_Atom_chem_shift.Atom_isotope_number,_Atom_chem_shift.Atom_type,_Atom_chem_shift.Auth_asym_ID,_Atom_chem_shift.Auth_atom_ID,_Atom_chem_shift.Auth_comp_ID,_Atom_chem_shift.Auth_entity_assembly_ID,_Atom_chem_shift.Auth_seq_ID,_Atom_chem_shift.Comp_ID,_Atom_chem_shift.Comp_index_ID,_Atom_chem_shift.Details,_Atom_chem_shift.Entity_ID,_Atom_chem_shift.Entity_assembly_ID,_Atom_chem_shift.Entity_assembly_asym_ID,_Atom_chem_shift.Entry_ID,_Atom_chem_shift.ID,_Atom_chem_shift.Occupancy,_Atom_chem_shift.Resonance_ID,_Atom_chem_shift.Seq_ID,_Atom_chem_shift.Val,_Atom_chem_shift.Val_err,__tags_order__
1,.,.,.,1,H,1,H,.,H,GLN,A,2,GLN,2,.,1,1,.,52078,1,.,.,2,8.87,.,_Atom_chem_shift.ID	_Atom_chem_shift.Assembly_atom_ID	_Atom_chem_shift.Entity_assembly_ID	_Atom_chem_shift.Entity_assembly_asym_ID	_Atom_chem_shift.Entity_ID	_Atom_chem_shift.Comp_index_ID	_Atom_chem_shift.Seq_ID	_Atom_chem_shift.Comp_ID	_Atom_chem_shift.Atom_ID	_Atom_chem_shift.Atom_type	_Atom_chem_shift.Atom_isotope_number	_Atom_chem_shift.Val	_Atom_chem_shift.Val_err	_Atom_chem_shift.Assign_fig_of_merit	_Atom_chem_shift.Ambiguity_code	_Atom_chem_shift.Ambiguity_set_ID	_Atom_chem_shift.Occupancy	_Atom_chem_shift.Resonance_ID	_Atom_chem_shift.Auth_entity_assembly_ID	_Atom_chem_shift.Auth_asym_ID	_Atom_chem_shift.Auth_seq_ID	_Atom_chem_shift.Auth_comp_ID	_Atom_chem_shift.Auth_atom_ID	_Atom_chem_shift.Details	_Atom_chem_shift.Entry_ID	_Atom_chem_shift.Assigned_chem_shift_list_ID
1,.,.,.,1,N,15,N,.,N,GLN,A,2,GLN,2,.,1,1,.,52078,2,.,.,2,122.909,.,_Atom_chem_shift.ID	_Atom_chem_shift.Assembly_atom_ID	_Atom_chem_shift.Entity_assembly_ID	_Atom_chem_shift.Entity_assembly_asym_ID	_Atom_chem_shift.Entity_ID	_Atom_chem_shift.Comp_index_ID	_Atom_chem_shift.Seq_ID	_Atom_chem_shift.Comp_ID	_Atom_chem_shift.Atom_ID	_Atom_chem_shift.Atom_type	_Atom_chem_shift.Atom_isotope_number	_Atom_chem_shift.Val	_Atom_chem_shift.Val_err	_Atom_chem_shift.Assign_fig_of_merit	_Atom_chem_shift.Ambiguity_code	_Atom_chem_shift.Ambiguity_set_ID	_Atom_chem_shift.Occupancy	_Atom_chem_shift.Resonance_ID	_Atom_chem_shift.Auth_entity_assembly_ID	_Atom_chem_shift.Auth_asym_ID	_Atom_chem_shift.Auth_seq_ID	_Atom_chem_shift.Auth_comp_ID	_Atom_chem_shift.Auth_atom_ID	_Atom_chem_shift.Details	_Atom_chem_shift.Entry_ID	_Atom_chem_shift.Assigned_chem_shift_list_ID
1,.,.,.,1,H,1,H,.,H,ILE,A,3,ILE,3,.,1,1,.,52078,3,.,.,3,8.205,.,_Atom_chem_shift.ID	_Atom_chem_shift.Assembly_atom_ID	_Atom_chem_shift.Entity_assembly_ID	_Atom_chem_shift.Entity_assembly_asym_ID	_Atom_chem_shift.Entity_ID	_Atom_chem_shift.Comp_index_ID	_Atom_chem_shift.Seq_ID	_Atom_chem_shift.Comp_ID	_Atom_chem_shift.Atom_ID	_Atom_chem_shift.Atom_type	_Atom_chem_shift.Atom_isotope_number	_Atom_chem_shift.Val	_Atom_chem_shift.Val_err	_Atom_chem_shift.Assign_fig_of_merit	_Atom_chem_shift.Ambiguity_code	_Atom_chem_shift.Ambiguity_set_ID	_Atom_chem_shift.Occupancy	_Atom_chem_shift.Resonance_ID	_Atom_chem_shift.Auth_entity_assembly_ID	_Atom_chem_shift.Auth_asym_ID	_Atom_chem_shift.Auth_seq_ID	_Atom_chem_shift.Auth_comp_ID	_Atom_chem_shift.Auth_atom_ID	_Atom_chem_shift.Details	_Atom_chem_shift.Entry_ID	_Atom_chem_shift.Assigned_chem_shift_list_ID
1,.,.,.,1,N,15,N,.,N,ILE,A,3,ILE,3,.,1,1,.,52078,4,.,.,3,115.11,.,_Atom_chem_shift.ID	_Atom_chem_shift.Assembly_atom_ID	_Atom_chem_shift.Entity_assembly_ID	_Atom_chem_shift.Entity_assembly_asym_ID	_Atom_chem_shift.Entity_ID	_Atom_chem_shift.Comp_index_ID	_Atom_chem_shift.Seq_ID	_Atom_chem_shift.Comp_ID	_Atom_chem_shift.Atom_ID	_Atom_chem_shift.Atom_type	_Atom_chem_shift.Atom_isotope_number	_Atom_chem_shift.Val	_Atom_chem_shift.Val_err	_Atom_chem_shift.Assign_fig_of_merit	_Atom_chem_shift.Ambiguity_code	_Atom_chem_shift.Ambiguity_set_ID	_Atom_chem_shift.Occupancy	_Atom_chem_shift.Resonance_ID	_Atom_chem_shift.Auth_entity_assembly_ID	_Atom_chem_shift.Auth_asym_ID	_Atom_chem_shift.Auth_seq_ID	_Atom_chem_shift.Auth_comp_ID	_Atom_chem_shift.Auth_atom_ID	_Atom_chem_shift.Details	_Atom_chem_shift.Entry_ID	_Atom_chem_shift.Assigned_chem_shift_list_ID
1,.,.,.,1,H,1,H,.,H,PHE,A,4,PHE,4,.,1,1,.,52078,5,.,.,4,8.509,.,_Atom_chem_shift.ID	_Atom_chem_shift.Assembly_atom_ID	_Atom_chem_shift.Entity_assembly_ID	_Atom_chem_shift.Entity_assembly_asym_ID	_Atom_chem_shift.Entity_ID	_Atom_chem_shift.Comp_index_ID	_Atom_chem_shift.Seq_ID	_Atom_chem_shift.Comp_ID	_Atom_chem_shift.Atom_ID	_Atom_chem_shift.Atom_type	_Atom_chem_shift.Atom_isotope_number	_Atom_chem_shift.Val	_Atom_chem_shift.Val_err	_Atom_chem_shift.Assign_fig_of_merit	_Atom_chem_shift.Ambiguity_code	_Atom_chem_shift.Ambiguity_set_ID	_Atom_chem_shift.Occupancy	_Atom_chem_shift.Resonance_ID	_Atom_chem_shift.Auth_entity_assembly_ID	_Atom_chem_shift.Auth_asym_ID	_Atom_chem_shift.Auth_seq_ID	_Atom_chem_shift.Auth_comp_ID	_Atom_chem_shift.Auth_atom_ID	_Atom_chem_shift.Details	_Atom_chem_shift.Entry_ID	_Atom_chem_shift.Assigned_chem_shift_list_ID
1,.,.,.,1,N,15,N,.,N,PHE,A,4,PHE,4,.,1,1,.,52078,6,.,.,4,118.699,.,_Atom_chem_shift.ID	_Atom_chem_shift.Assembly_atom_ID	_Atom_chem_shift.Entity_assembly_ID	_Atom_chem_shift.Entity_assembly_asym_ID	_Atom_chem_shift.Entity_ID	_Atom_chem_shift.Comp_index_ID	_Atom_chem_shift.Seq_ID	_Atom_chem_shift.Comp_ID	_Atom_chem_shift.Atom_ID	_Atom_chem_shift.Atom_type	_Atom_chem_shift.Atom_isotope_number	_Atom_chem_shift.Val	_Atom_chem_shift.Val_err	_Atom_chem_shift.Assign_fig_of_merit	_Atom_chem_shift.Ambiguity_code	_Atom_chem_shift.Ambiguity_set_ID	_Atom_chem_shift.Occupancy	_Atom_chem_shift.Resonance_ID	_Atom_chem_shift.Auth_entity_assembly_ID	_Atom_chem_shift.Auth_asym_ID	_Atom_chem_shift.Auth_seq_ID	_Atom_chem_shift.Auth_comp_ID	_Atom_chem_shift.Auth_atom_ID	_Atom_chem_shift.Details	_Atom_chem_shift.Entry_ID	_Atom_chem_shift.Assigned_chem_shift_list_ID
1,.,.,.,1,H,1,H,.,H,VAL,A,5,VAL,5,.,1,1,.,52078,7,.,.,5,9.193,.,_Atom_chem_shift.ID	_Atom_chem_shift.Assembly_atom_ID	_Atom_chem_shift.Entity_assembly_ID	_Atom_chem_shift.Entity_assembly_asym_ID	_Atom_chem_shift.Entity_ID	_Atom_chem_shift.Comp_index_ID	_Atom_chem_shift.Seq_ID	_Atom_chem_shift.Comp_ID	_Atom_chem_shift.Atom_ID	_Atom_chem_shift.Atom_type	_Atom_chem_shift.Atom_isotope_number	_Atom_chem_shift.Val	_Atom_chem_shift.Val_err	_Atom_chem_shift.Assign_fig_of_merit	_Atom_chem_shift.Ambiguity_code	_Atom_chem_shift.Ambiguity_set_ID	_Atom_chem_shift.Occupancy	_Atom_chem_shift.Resonance_ID	_Atom_chem_shift.Auth_entity_assembly_ID	_Atom_chem_shift.Auth_asym_ID	_Atom_chem_shift.Auth_seq_ID	_Atom_chem_shift.Auth_comp_ID	_Atom_chem_shift.Auth_atom_ID	_Atom_chem_shift.Details	_Atom_chem_shift.Entry_ID	_Atom_chem_shift.Assigned_chem_shift_list_ID
1,.,.,.,1,N,15,N,.,N,VAL,A,5,VAL,5,.,1,1,.,52078,8,.,.,5,121.424,.,_Atom_chem_shift.ID	_Atom_chem_shift.Assembly_atom_ID	_Atom_chem_shift.Entity_assembly_ID	_Atom_chem_shift.Entity_assembly_asym_ID	_Atom_chem_shift.Entity_ID	_Atom_chem_shift.Comp_index_ID	_Atom_chem_shift.Seq_ID	_Atom_chem_shift.Comp_ID	_Atom_chem_shift.Atom_ID	_Atom_chem_shift.Atom_type	_Atom_chem_shift.Atom_isotope_number	_Atom_chem_shift.Val	_Atom_chem_shift.Val_err	_Atom_chem_shift.Assign_fig_of_merit	_Atom_chem_shift.Ambiguity_code	_Atom_chem_shift.Ambiguity_set_ID	_Atom_chem_shift.Occupancy	_Atom_chem_shift.Resonance_ID	_Atom_chem_shift.Auth_entity_assembly_ID	_Atom_chem_shift.Auth_asym_ID	_Atom_chem_shift.Auth_seq_ID	_Atom_chem_shift.Auth_comp_ID	_Atom_chem_shift.Auth_atom_ID	_Atom_chem_shift.Details	_Atom_chem_shift.Entry_ID	_Atom_chem_shift.Assigned_chem_shift_list_ID
1,.,.,.,1,H,1,H,.,H,LYS,A,6,LYS,6,.,1,1,.,52078,9,.,.,6,8.924,.,_Atom_chem_shift.ID	_Atom_chem_shift.Assembly_atom_ID	_Atom_chem_shift.Entity_assembly_ID	_Atom_chem_shift.Entity_assembly_asym_ID	_Atom_chem_shift.Entity_ID	_Atom_chem_shift.Comp_index_ID	_Atom_chem_shift.Seq_ID	_Atom_chem_shift.Comp_ID	_Atom_chem_shift.Atom_ID	_Atom_chem_shift.Atom_type	_Atom_chem_shift.Atom_isotope_number	_Atom_chem_shift.Val	_Atom_chem_shift.Val_err	_Atom_chem_shift.Assign_fig_of_merit	_Atom_chem_shift.Ambiguity_code	_Atom_chem_shift.Ambiguity_set_ID	_Atom_chem_shift.Occupancy	_Atom_chem_shift.Resonance_ID	_Atom_chem_shift.Auth_entity_assembly_ID	_Atom_chem_shift.Auth_asym_ID	_Atom_chem_shift.Auth_seq_ID	_Atom_chem_shift.Auth_comp_ID	_Atom_chem_shift.Auth_atom_ID	_Atom_chem_shift.Details	_Atom_chem_shift.Entry_ID	_Atom_chem_shift.Assigned_chem_shift_list_ID
1,.,.,.,1,HZ,1,H,.,HZ,LYS,A,6,LYS,6,.,1,1,.,52078,10,.,.,6,7.672,.,_Atom_chem_shift.ID	_Atom_chem_shift.Assembly_atom_ID	_Atom_chem_shift.Entity_assembly_ID	_Atom_chem_shift.Entity_assembly_asym_ID	_Atom_chem_shift.Entity_ID	_Atom_chem_shift.Comp_index_ID	_Atom_chem_shift.Seq_ID	_Atom_chem_shift.Comp_ID	_Atom_chem_shift.Atom_ID	_Atom_chem_shift.Atom_type	_Atom_chem_shift.Atom_isotope_number	_Atom_chem_shift.Val	_Atom_chem_shift.Val_err	_Atom_chem_shift.Assign_fig_of_merit	_Atom_chem_shift.Ambiguity_code	_Atom_chem_shift.Ambiguity_set_ID	_Atom_chem_shift.Occupancy	_Atom_chem_shift.Resonance_ID	_Atom_chem_shift.Auth_entity_assembly_ID	_Atom_chem_shift.Auth_asym_ID	_Atom_chem_shift.Auth_seq_ID	_Atom_chem_shift.Auth_comp_ID	_Atom_chem_shift.Auth_atom_ID	_Atom_chem_shift.Details	_Atom_chem_shift.Entry_ID	_Atom_chem_shift.Assigned_chem_shift_list_ID
1,.,.,.,1,N,15,N,.,N,LYS,A,6,LYS,6,.,1,1,.,52078,11,.,.,6,128.758,.,_Atom_chem_shift.ID	_Atom_chem_shift.Assembly_atom_ID	_Atom_chem_shift.Entity_assembly_ID	_Atom_chem_shift.Entity_assembly_asym_ID	_Atom_chem_shift.Entity_ID	_Atom_chem_shift.Comp_index_ID	_Atom_chem_shift.Seq_ID	_Atom_chem_shift.Comp_ID	_Atom_chem_shift.Atom_ID	_Atom_chem_shift.Atom_type	_Atom_chem_shift.Atom_isotope_number	_Atom_chem_shift.Val	_Atom_chem_shift.Val_err	_Atom_chem_shift.Assign_fig_of_merit	_Atom_chem_shift.Ambiguity_code	_Atom_chem_shift.Ambiguity_set_ID	_Atom_chem_shift.Occupancy	_Atom_chem_shift.Resonance_ID	_Atom_chem_shift.Auth_entity_assembly_ID	_Atom_chem_shift.Auth_asym_ID	_Atom_chem_shift.Auth_seq_ID	_Atom_chem_shift.Auth_comp_ID	_Atom_chem_shift.Auth_atom_ID	_Atom_chem_shift.Details	_Atom_chem_shift.Entry_ID	_Atom_chem_shift.Assigned_chem_shift_list_ID
1,.,.,.,1,NZ,15,N,.,NZ,LYS,A,6,LYS,6,.,1,1,.,52078,12,.,.,6,120.303,.,_Atom_chem_shift.ID	_Atom_chem_shift.Assembly_atom_ID	_Atom_chem_shift.Entity_assembly_ID	_Atom_chem_shift.Entity_assembly_asym_ID	_Atom_chem_shift.Entity_ID	_Atom_chem_shift.Comp_index_ID	_Atom_chem_shift.Seq_ID	_Atom_chem_shift.Comp_ID	_Atom_chem_shift.Atom_ID	_Atom_chem_shift.Atom_type	_Atom_chem_shift.Atom_isotope_number	_Atom_chem_shift.Val	_Atom_chem_shift.Val_err	_Atom_chem_shift.Assign_fig_of_merit	_Atom_chem_shift.Ambiguity_code	_Atom_chem_shift.Ambiguity_set_ID	_Atom_chem_shift.Occupancy	_Atom_chem_shift.Resonance_ID	_Atom_chem_shift.Auth_entity_assembly_ID	_Atom_chem_shift.Auth_asym_ID	_Atom_chem_shift.Auth_seq_ID	_Atom_chem_shift.Auth_comp_ID	_Atom_chem_shift.Auth_atom_ID	_Atom_chem_shift.Details	_Atom_chem_shift.Entry_ID	_Atom_chem_shift.Assigned_chem_shift_list_ID
1,.,.,.,1,H,1,H,.,H,THR,A,7,THR,7,.,1,1,.,52078,13,.,.,7,8.701,.,_Atom_chem_shift.ID	_Atom_chem_shift.Assembly_atom_ID	_Atom_chem_shift.Entity_assembly_ID	_Atom_chem_shift.Entity_assembly_asym_ID	_Atom_chem_shift.Entity_ID	_Atom_chem_shift.Comp_index_ID	_Atom_chem_shift.Seq_ID	_Atom_chem_shift.Comp_ID	_Atom_chem_shift.Atom_ID	_Atom_chem_shift.Atom_type	_Atom_chem_shift.Atom_isotope_number	_Atom_chem_shift.Val	_Atom_chem_shift.Val_err	_Atom_chem_shift.Assign_fig_of_merit	_Atom_chem_shift.Ambiguity_code	_Atom_chem_shift.Ambiguity_set_ID	_Atom_chem_shift.Occupancy	_Atom_chem_shift.Resonance_ID	_Atom_chem_shift.Auth_entity_assembly_ID	_Atom_chem_shift.Auth_asym_ID	_Atom_chem_shift.Auth_seq_ID	_Atom_chem_shift.Auth_comp_ID	_Atom_chem_shift.Auth_atom_ID	_Atom_chem_shift.Details	_Atom_chem_shift.Entry_ID	_Atom_chem_shift.Assigned_chem_shift_list_ID
1,.,.,.,1,N,15,N,.,N,THR,A,7,THR,7,.,1,1,.,52078,14,.,.,7,115.973,.,_Atom_chem_shift.ID	_Atom_chem_shift.Assembly_atom_ID	_Atom_chem_shift.Entity_assembly_ID	_Atom_chem_shift.Entity_assembly_asym_ID	_Atom_chem_shift.Entity_ID	_Atom_chem_shift.Comp_index_ID	_Atom_chem_shift.Seq_ID	_Atom_chem_shift.Comp_ID	_Atom_chem_shift.Atom_ID	_Atom_chem_shift.Atom_type	_Atom_chem_shift.Atom_isotope_number	_Atom_chem_shift.Val	_Atom_chem_shift.Val_err	_Atom_chem_shift.Assign_fig_of_merit	_Atom_chem_shift.Ambiguity_code	_Atom_chem_shift.Ambiguity_set_ID	_Atom_chem_shift.Occupancy	_Atom_chem_shift.Resonance_ID	_Atom_chem_shift.Auth_entity_assembly_ID	_Atom_chem_shift.Auth_asym_ID	_Atom_chem_shift.Auth_seq_ID	_Atom_chem_shift.Auth_comp_ID	_Atom_chem_shift.Auth_atom_ID	_Atom_chem_shift.Details	_Atom_chem_shift.Entry_ID	_Atom_chem_shift.Assigned_chem_shift_list_ID
1,.,.,.,1,H,1,H,.,H,LEU,A,8,LEU,8,.,1,1,.,52078,15,.,.,8,9.021,.,_Atom_chem_shift.ID	_Atom_chem_shift.Assembly_atom_ID	_Atom_chem_shift.Entity_assembly_ID	_Atom_chem_shift.Entity_assembly_asym_ID	_Atom_chem_shift.Entity_ID	_Atom_chem_shift.Comp_index_ID	_Atom_chem_shift.Seq_ID	_Atom_chem_shift.Comp_ID	_Atom_chem_shift.Atom_ID	_Atom_chem_shift.Atom_type	_Atom_chem_shift.Atom_isotope_number	_Atom_chem_shift.Val	_Atom_chem_shift.Val_err	_Atom_chem_shift.Assign_fig_of_merit	_Atom_chem_shift.Ambiguity_code	_Atom_chem_shift.Ambiguity_set_ID	_Atom_chem_shift.Occupancy	_Atom_chem_shift.Resonance_ID	_Atom_chem_shift.Auth_entity_assembly_ID	_Atom_chem_shift.Auth_asym_ID	_Atom_chem_shift.Auth_seq_ID	_Atom_chem_shift.Auth_comp_ID	_Atom_chem_shift.Auth_atom_ID	_Atom_chem_shift.Details	_Atom_chem_shift.Entry_ID	_Atom_chem_shift.Assigned_chem_shift_list_ID
1,.,.,.,1,N,15,N,.,N,LEU,A,8,LEU,8,.,1,1,.,52078,16,.,.,8,120.794,.,_Atom_chem_shift.ID	_Atom_chem_shift.Assembly_atom_ID	_Atom_chem_shift.Entity_assembly_ID	_Atom_chem_shift.Entity_assembly_asym_ID	_Atom_chem_shift.Entity_ID	_Atom_chem_shift.Comp_index_ID	_Atom_chem_shift.Seq_ID	_Atom_chem_shift.Comp_ID	_Atom_chem_shift.Atom_ID	_Atom_chem_shift.Atom_type	_Atom_chem_shift.Atom_isotope_number	_Atom_chem_shift.Val	_Atom_chem_shift.Val_err	_Atom_chem_shift.Assign_fig_of_merit	_Atom_chem_shift.Ambiguity_code	_Atom_chem_shift.Ambiguity_set_ID	_Atom_chem_shift.Occupancy	_Atom_chem_shift.Resonance_ID	_Atom_chem_shift.Auth_entity_assembly_ID	_Atom_chem_shift.Auth_asym_ID	_Atom_chem_shift.Auth_seq_ID	_Atom_chem_shift.Auth_comp_ID	_Atom_chem_shift.Auth_atom_ID	_Atom_chem_shift.Details	_Atom_chem_shift.Entry_ID	_Atom_chem_shift.Assigned_chem_shift_list_ID
1,.,.,.,1,H,1,H,.,H,THR,A,9,THR,9,.,1,1,.,52078,17,.,.,9,7.517,.,_Atom_chem_shift.ID	_Atom_chem_shift.Assembly_atom_ID	_Atom_chem_shift.Entity_assembly_ID	_Atom_chem_shift.Entity_assembly_asym_ID	_Atom_chem_shift.Entity_ID	_Atom_chem_shift.Comp_index_ID	_Atom_chem_shift.Seq_ID	_Atom_chem_shift.Comp_ID	_Atom_chem_shift.Atom_ID	_Atom_chem_shift.Atom_type	_Atom_chem_shift.Atom_isotope_number	_Atom_chem_shift.Val	_Atom_chem_shift.Val_err	_Atom_chem_shift.Assign_fig_of_merit	_Atom_chem_shift.Ambiguity_code	_Atom_chem_shift.Ambiguity_set_ID	_Atom_chem_shift.Occupancy	_Atom_chem_shift.Resonance_ID	_Atom_chem_shift.Auth_entity_assembly_ID	_Atom_chem_shift.Auth_asym_ID	_Atom_chem_shift.Auth_seq_ID	_Atom_chem_shift.Auth_comp_ID	_Atom_chem_shift.Auth_atom_ID	_Atom_chem_shift.Details	_Atom_chem_shift.Entry_ID	_Atom_chem_shift.Assigned_chem_shift_list_ID
1,.,.,.,1,N,15,N,.,N,THR,A,9,THR,9,.,1,1,.,52078,18,.,.,9,105.498,.,_Atom_chem_shift.ID	_Atom_chem_shift.Assembly_atom_ID	_Atom_chem_shift.Entity_assembly_ID	_Atom_chem_shift.Entity_assembly_asym_ID	_Atom_chem_shift.Entity_ID	_Atom_chem_shift.Comp_index_ID	_Atom_chem_shift.Seq_ID	_Atom_chem_shift.Comp_ID	_Atom_chem_shift.Atom_ID	_Atom_chem_shift.Atom_type	_Atom_chem_shift.Atom_isotope_number	_Atom_chem_shift.Val	_Atom_chem_shift.Val_err	_Atom_chem_shift.Assign_fig_of_merit	_Atom_chem_shift.Ambiguity_code	_Atom_chem_shift.Ambiguity_set_ID	_Atom_chem_shift.Occupancy	_Atom_chem_shift.Resonance_ID	_Atom_chem_shift.Auth_entity_assembly_ID	_Atom_chem_shift.Auth_asym_ID	_Atom_chem_shift.Auth_seq_ID	_Atom_chem_shift.Auth_comp_ID	_Atom_chem_shift.Auth_atom_ID	_Atom_chem_shift.Details	_Atom_chem_shift.Entry_ID	_Atom_chem_shift.Assigned_chem_shift_list_ID
1,.,.,.,1,H,1,H,.,H,GLY,A,10,GLY,10,.,1,1,.,52078,19,.,.,10,7.755,.,_Atom_chem_shift.ID	_Atom_chem_shift.Assembly_atom_ID	_Atom_chem_shift.Entity_assembly_ID	_Atom_chem_shift.Entity_assembly_asym_ID	_Atom_chem_shift.Entity_ID	_Atom_chem_shift.Comp_index_ID	_Atom_chem_shift.Seq_ID	_Atom_chem_shift.Comp_ID	_Atom_chem_shift.Atom_ID	_Atom_chem_shift.Atom_type	_Atom_chem_shift.Atom_isotope_number	_Atom_chem_shift.Val	_Atom_chem_shift.Val_err	_Atom_chem_shift.Assign_fig_of_merit	_Atom_chem_shift.Ambiguity_code	_Atom_chem_shift.Ambiguity_set_ID	_Atom_chem_shift.Occupancy	_Atom_chem_shift.Resonance_ID	_Atom_chem_shift.Auth_entity_assembly_ID	_Atom_chem_shift.Auth_asym_ID	_Atom_chem_shift.Auth_seq_ID	_Atom_chem_shift.Auth_comp_ID	_Atom_chem_shift.Auth_atom_ID	_Atom_chem_shift.Details	_Atom_chem_shift.Entry_ID	_Atom_chem_shift.Assigned_chem_shift_list_ID
1,.,.,.,1,N,15,N,.,N,GLY,A,10,GLY,10,.,1,1,.,52078,20,.,.,10,109.282,.,_Atom_chem_shift.ID	_Atom_chem_shift.Assembly_atom_ID	_Atom_chem_shift.Entity_assembly_ID	_Atom_chem_shift.Entity_assembly_asym_ID	_Atom_chem_shift.Entity_ID	_Atom_chem_shift.Comp_index_ID	_Atom_chem_shift.Seq_ID	_Atom_chem_shift.Comp_ID	_Atom_chem_shift.Atom_ID	_Atom_chem_shift.Atom_type	_Atom_chem_shift.Atom_isotope_number	_Atom_chem_shift.Val	_Atom_chem_shift.Val_err	_Atom_chem_shift.Assign_fig_of_merit	_Atom_chem_shift.Ambiguity_code	_Atom_chem_shift.Ambiguity_set_ID	_Atom_chem_shift.Occupancy	_Atom_chem_shift.Resonance_ID	_Atom_chem_shift.Auth_entity_assembly_ID	_Atom_chem_shift.Auth_asym_ID	_Atom_chem_shift.Auth_seq_ID	_Atom_chem_shift.Auth_comp_ID	_Atom_chem_shift.Auth_atom_ID	_Atom_chem_shift.Details	_Atom_chem_shift.Entry_ID	_Atom_chem_shift.Assigned_chem_shift_list_ID
1,.,.,.,1,H,1,H,.,H,LYS,A,11,LYS,11,.,1,1,.,52078,21,.,.,11,7.197,.,_Atom_chem_shift.ID	_Atom_chem_shift.Assembly_atom_ID	_Atom_chem_shift.Entity_assembly_ID	_Atom_chem_shift.Entity_assembly_asym_ID	_Atom_chem_shift.Entity_ID	_Atom_chem_shift.Comp_index_ID	_Atom_chem_shift.Seq_ID	_Atom_chem_shift.Comp_ID	_Atom_chem_shift.Atom_ID	_Atom_chem_shift.Atom_type	_Atom_chem_shift.Atom_isotope_number	_Atom_chem_shift.Val	_Atom_chem_shift.Val_err	_Atom_chem_shift.Assign_fig_of_merit	_Atom_chem_shift.Ambiguity_code	_Atom_chem_shift.Ambiguity_set_ID	_Atom_chem_shift.Occupancy	_Atom_chem_shift.Resonance_ID	_Atom_chem_shift.Auth_entity_assembly_ID	_Atom_chem_shift.Auth_asym_ID	_Atom_chem_shift.Auth_seq_ID	_Atom_chem_shift.Auth_comp_ID	_Atom_chem_shift.Auth_atom_ID	_Atom_chem_shift.Details	_Atom_chem_shift.Entry_ID	_Atom_chem_shift.Assigned_chem_shift_list_ID
1,.,.,.,1,N,15,N,.,N,LYS,A,11,LYS,11,.,1,1,.,52078,22,.,.,11,121.873,.,_Atom_chem_shift.ID	_Atom_chem_shift.Assembly_atom_ID	_Atom_chem_shift.Entity_assembly_ID	_Atom_chem_shift.Entity_assembly_asym_ID	_Atom_chem_shift.Entity_ID	_Atom_chem_shift.Comp_index_ID	_Atom_chem_shift.Seq_ID	_Atom_chem_shift.Comp_ID	_Atom_chem_shift.Atom_ID	_Atom_chem_shift.Atom_type	_Atom_chem_shift.Atom_isotope_number	_Atom_chem_shift.Val	_Atom_chem_shift.Val_err	_Atom_chem_shift.Assign_fig_of_merit	_Atom_chem_shift.Ambiguity_code	_Atom_chem_shift.Ambiguity_set_ID	_Atom_chem_shift.Occupancy	_Atom_chem_shift.Resonance_ID	_Atom_chem_shift.Auth_entity_assembly_ID	_Atom_chem_shift.Auth_asym_ID	_Atom_chem_shift.Auth_seq_ID	_Atom_chem_shift.Auth_comp_ID	_Atom_chem_shift.Auth_atom_ID	_Atom_chem_shift.Details	_Atom_chem_shift.Entry_ID	_Atom_chem_shift.Assigned_chem_shift_list_ID
1,.,.,.,1,H,1,H,.,H,THR,A,12,THR,12,.,1,1,.,52078,23,.,.,12,8.543,.,_Atom_chem_shift.ID	_Atom_chem_shift.Assembly_atom_ID	_Atom_chem_shift.Entity_assembly_ID	_Atom_chem_shift.Entity_assembly_asym_ID	_Atom_chem_shift.Entity_ID	_Atom_chem_shift.Comp_index_ID	_Atom_chem_shift.Seq_ID	_Atom_chem_shift.Comp_ID	_Atom_chem_shift.Atom_ID	_Atom_chem_shift.Atom_type	_Atom_chem_shift.Atom_isotope_number	_Atom_chem_shift.Val	_Atom_chem_shift.Val_err	_Atom_chem_shift.Assign_fig_of_merit	_Atom_chem_shift.Ambiguity_code	_Atom_chem_shift.Ambiguity_set_ID	_Atom_chem_shift.Occupancy	_Atom_chem_shift.Resonance_ID	_Atom_chem_shift.Auth_entity_assembly_ID	_Atom_chem_shift.Auth_asym_ID	_Atom_chem_shift.Auth_seq_ID	_Atom_chem_shift.Auth_comp_ID	_Atom_chem_shift.Auth_atom_ID	_Atom_chem_shift.Details	_Atom_chem_shift.Entry_ID	_Atom_chem_shift.Assigned_chem_shift_list_ID
1,.,.,.,1,N,15,N,.,N,THR,A,12,THR,12,.,1,1,.,52078,24,.,.,12,120.645,.,_Atom_chem_shift.ID	_Atom_chem_shift.Assembly_atom_ID	_Atom_chem_shift.Entity_assembly_ID	_Atom_chem_shift.Entity_assembly_asym_ID	_Atom_chem_shift.Entity_ID	_Atom_chem_shift.Comp_index_ID	_Atom_chem_shift.Seq_ID	_Atom_chem_shift.Comp_ID	_Atom_chem_shift.Atom_ID	_Atom_chem_shift.Atom_type	_Atom_chem_shift.Atom_isotope_number	_Atom_chem_shift.Val	_Atom_chem_shift.Val_err	_Atom_chem_shift.Assign_fig_of_merit	_Atom_chem_shift.Ambiguity_code	_Atom_chem_shift.Ambiguity_set_ID	_Atom_chem_shift.Occupancy	_Atom_chem_shift.Resonance_ID	_Atom_chem_shift.Auth_entity_assembly_ID	_Atom_chem_shift.Auth_asym_ID	_Atom_chem_shift.Auth_seq_ID	_Atom_chem_shift.Auth_comp_ID	_Atom_chem_shift.Auth_atom_ID	_Atom_chem_shift.Details	_Atom_chem_shift.Entry_ID	_Atom_chem_shift.Assigned_chem_shift_list_ID
1,.,.,.,1,H,1,H,.,H,ILE,A,13,ILE,13,.,1,1,.,52078,25,.,.,13,9.467,.,_Atom_chem_shift.ID	_Atom_chem_shift.Assembly_atom_ID	_Atom_chem_shift.Entity_assembly_ID	_Atom_chem_shift.Entity_assembly_asym_ID	_Atom_chem_shift.Entity_ID	_Atom_chem_shift.Comp_index_ID	_Atom_chem_shift.Seq_ID	_Atom_chem_shift.Comp_ID	_Atom_chem_shift.Atom_ID	_Atom_chem_shift.Atom_type	_Atom_chem_shift.Atom_isotope_number	_Atom_chem_shift.Val	_Atom_chem_shift.Val_err	_Atom_chem_shift.Assign_fig_of_merit	_Atom_chem_shift.Ambiguity_code	_Atom_chem_shift.Ambiguity_set_ID	_Atom_chem_shift.Occupancy	_Atom_chem_shift.Resonance_ID	_Atom_chem_shift.Auth_entity_assembly_ID	_Atom_chem_shift.Auth_asym_ID	_Atom_chem_shift.Auth_seq_ID	_Atom_chem_shift.Auth_comp_ID	_Atom_chem_shift.Auth_atom_ID	_Atom_chem_shift.Details	_Atom_chem_shift.Entry_ID	_Atom_chem_shift.Assigned_chem_shift_list_ID
1,.,.,.,1,N,15,N,.,N,ILE,A,13,ILE,13,.,1,1,.,52078,26,.,.,13,127.653,.,_Atom_chem_shift.ID	_Atom_chem_shift.Assembly_atom_ID	_Atom_chem_shift.Entity_assembly_ID	_Atom_chem_shift.Entity_assembly_asym_ID	_Atom_chem_shift.Entity_ID	_Atom_chem_shift.Comp_index_ID	_Atom_chem_shift.Seq_ID	_Atom_chem_shift.Comp_ID	_Atom_chem_shift.Atom_ID	_Atom_chem_shift.Atom_type	_Atom_chem_shift.Atom_isotope_number	_Atom_chem_shift.Val	_Atom_chem_shift.Val_err	_Atom_chem_shift.Assign_fig_of_merit	_Atom_chem_shift.Ambiguity_code	_Atom_chem_shift.Ambiguity_set_ID	_Atom_chem_shift.Occupancy	_Atom_chem_shift.Resonance_ID	_Atom_chem_shift.Auth_entity_assembly_ID	_Atom_chem_shift.Auth_asym_ID	_Atom_chem_shift.Auth_seq_ID	_Atom_chem_shift.Auth_comp_ID	_Atom_chem_shift.Auth_atom_ID	_Atom_chem_shift.Details	_Atom_chem_shift.Entry_ID	_Atom_chem_shift.Assigned_chem_shift_list_ID
1,.,.,.,1,H,1,H,.,H,THR,A,14,THR,14,.,1,1,.,52078,27,.,.,14,8.652,.,_Atom_chem_shift.ID	_Atom_chem_shift.Assembly_atom_ID	_Atom_chem_shift.Entity_assembly_ID	_Atom_chem_shift.Entity_assembly_asym_ID	_Atom_chem_shift.Entity_ID	_Atom_chem_shift.Comp_index_ID	_Atom_chem_shift.Seq_ID	_Atom_chem_shift.Comp_ID	_Atom_chem_shift.Atom_ID	_Atom_chem_shift.Atom_type	_Atom_chem_shift.Atom_isotope_number	_Atom_chem_shift.Val	_Atom_chem_shift.Val_err	_Atom_chem_shift.Assign_fig_of_merit	_Atom_chem_shift.Ambiguity_code	_Atom_chem_shift.Ambiguity_set_ID	_Atom_chem_shift.Occupancy	_Atom_chem_shift.Resonance_ID	_Atom_chem_shift.Auth_entity_assembly_ID	_Atom_chem_shift.Auth_asym_ID	_Atom_chem_shift.Auth_seq_ID	_Atom_chem_shift.Auth_comp_ID	_Atom_chem_shift.Auth_atom_ID	_Atom_chem_shift.Details	_Atom_chem_shift.Entry_ID	_Atom_chem_shift.Assigned_chem_shift_list_ID
1,.,.,.,1,N,15,N,.,N,THR,A,14,THR,14,.,1,1,.,52078,28,.,.,14,121.681,.,_Atom_chem_shift.ID	_Atom_chem_shift.Assembly_atom_ID	_Atom_chem_shift.Entity_assembly_ID	_Atom_chem_shift.Entity_assembly_asym_ID	_Atom_chem_shift.Entity_ID	_Atom_chem_shift.Comp_index_ID	_Atom_chem_shift.Seq_ID	_Atom_chem_shift.Comp_ID	_Atom_chem_shift.Atom_ID	_Atom_chem_shift.Atom_type	_Atom_chem_shift.Atom_isotope_number	_Atom_chem_shift.Val	_Atom_chem_shift.Val_err	_Atom_chem_shift.Assign_fig_of_merit	_Atom_chem_shift.Ambiguity_code	_Atom_chem_shift.Ambiguity_set_ID	_Atom_chem_shift.Occupancy	_Atom_chem_shift.Resonance_ID	_Atom_chem_shift.Auth_entity_assembly_ID	_Atom_chem_shift.Auth_asym_ID	_Atom_chem_shift.Auth_seq_ID	_Atom_chem_shift.Auth_comp_ID	_Atom_chem_shift.Auth_atom_ID	_Atom_chem_shift.Details	_Atom_chem_shift.Entry_ID	_Atom_chem_shift.Assigned_chem_shift_list_ID
1,.,.,.,1,H,1,H,.,H,LEU,A,15,LEU,15,.,1,1,.,52078,29,.,.,15,8.637,.,_Atom_chem_shift.ID	_Atom_chem_shift.Assembly_atom_ID	_Atom_chem_shift.Entity_assembly_ID	_Atom_chem_shift.Entity_assembly_asym_ID	_Atom_chem_shift.Entity_ID	_Atom_chem_shift.Comp_index_ID	_Atom_chem_shift.Seq_ID	_Atom_chem_shift.Comp_ID	_Atom_chem_shift.Atom_ID	_Atom_chem_shift.Atom_type	_Atom_chem_shift.Atom_isotope_number	_Atom_chem_shift.Val	_Atom_chem_shift.Val_err	_Atom_chem_shift.Assign_fig_of_merit	_Atom_chem_shift.Ambiguity_code	_Atom_chem_shift.Ambiguity_set_ID	_Atom_chem_shift.Occupancy	_Atom_chem_shift.Resonance_ID	_Atom_chem_shift.Auth_entity_assembly_ID	_Atom_chem_shift.Auth_asym_ID	_Atom_chem_shift.Auth_seq_ID	_Atom_chem_shift.Auth_comp_ID	_Atom_chem_shift.Auth_atom_ID	_Atom_chem_shift.Details	_Atom_chem_shift.Entry_ID	_Atom_chem_shift.Assigned_chem_shift_list_ID
1,.,.,.,1,N,15,N,.,N,LEU,A,15,LEU,15,.,1,1,.,52078,30,.,.,15,125.207,.,_Atom_chem_shift.ID	_Atom_chem_shift.Assembly_atom_ID	_Atom_chem_shift.Entity_assembly_ID	_Atom_chem_shift.Entity_assembly_asym_ID	_Atom_chem_shift.Entity_ID	_Atom_chem_shift.Comp_index_ID	_Atom_chem_shift.Seq_ID	_Atom_chem_shift.Comp_ID	_Atom_chem_shift.Atom_ID	_Atom_chem_shift.Atom_type	_Atom_chem_shift.Atom_isotope_number	_Atom_chem_shift.Val	_Atom_chem_shift.Val_err	_Atom_chem_shift.Assign_fig_of_merit	_Atom_chem_shift.Ambiguity_code	_Atom_chem_shift.Ambiguity_set_ID	_Atom_chem_shift.Occupancy	_Atom_chem_shift.Resonance_ID	_Atom_chem_shift.Auth_entity_assembly_ID	_Atom_chem_shift.Auth_asym_ID	_Atom_chem_shift.Auth_seq_ID	_Atom_chem_shift.Auth_comp_ID	_Atom_chem_shift.Auth_atom_ID	_Atom_chem_shift.Details	_Atom_chem_shift.Entry_ID	_Atom_chem_shift.Assigned_chem_shift_list_ID
1,.,.,.,1,H,1,H,.,H,GLU,A,16,GLU,16,.,1,1,.,52078,31,.,.,16,8.024,.,_Atom_chem_shift.ID	_Atom_chem_shift.Assembly_atom_ID	_Atom_chem_shift.Entity_assembly_ID	_Atom_chem_shift.Entity_assembly_asym_ID	_Atom_chem_shift.Entity_ID	_Atom_chem_shift.Comp_index_ID	_Atom_chem_shift.Seq_ID	_Atom_chem_shift.Comp_ID	_Atom_chem_shift.Atom_ID	_Atom_chem_shift.Atom_type	_Atom_chem_shift.Atom_isotope_number	_Atom_chem_shift.Val	_Atom_chem_shift.Val_err	_Atom_chem_shift.Assign_fig_of_merit	_Atom_chem_shift.Ambiguity_code	_Atom_chem_shift.Ambiguity_set_ID	_Atom_chem_shift.Occupancy	_Atom_chem_shift.Resonance_ID	_Atom_chem_shift.Auth_entity_assembly_ID	_Atom_chem_shift.Auth_asym_ID	_Atom_chem_shift.Auth_seq_ID	_Atom_chem_shift.Auth_comp_ID	_Atom_chem_shift.Auth_atom_ID	_Atom_chem_shift.Details	_Atom_chem_shift.Entry_ID	_Atom_chem_shift.Assigned_chem_shift_list_ID
1,.,.,.,1,N,15,N,.,N,GLU,A,16,GLU,16,.,1,1,.,52078,32,.,.,16,122.404,.,_Atom_chem_shift.ID	_Atom_chem_shift.Assembly_atom_ID	_Atom_chem_shift.Entity_assembly_ID	_Atom_chem_shift.Entity_assembly_asym_ID	_Atom_chem_shift.Entity_ID	_Atom_chem_shift.Comp_index_ID	_Atom_chem_shift.Seq_ID	_Atom_chem_shift.Comp_ID	_Atom_chem_shift.Atom_ID	_Atom_chem_shift.Atom_type	_Atom_chem_shift.Atom_isotope_number	_Atom_chem_shift.Val	_Atom_chem_shift.Val_err	_Atom_chem_shift.Assign_fig_of_merit	_Atom_chem_shift.Ambiguity_code	_Atom_chem_shift.Ambiguity_set_ID	_Atom_chem_shift.Occupancy	_Atom_chem_shift.Resonance_ID	_Atom_chem_shift.Auth_entity_assembly_ID	_Atom_chem_shift.Auth_asym_ID	_Atom_chem_shift.Auth_seq_ID	_Atom_chem_shift.Auth_comp_ID	_Atom_chem_shift.Auth_atom_ID	_Atom_chem_shift.Details	_Atom_chem_shift.Entry_ID	_Atom_chem_shift.Assigned_chem_shift_list_ID
1,.,.,.,1,H,1,H,.,H,VAL,A,17,VAL,17,.,1,1,.,52078,33,.,.,17,8.854,.,_Atom_chem_shift.ID	_Atom_chem_shift.Assembly_atom_ID	_Atom_chem_shift.Entity_assembly_ID	_Atom_chem_shift.Entity_assembly_asym_ID	_Atom_chem_shift.Entity_ID	_Atom_chem_shift.Comp_index_ID	_Atom_chem_shift.Seq_ID	_Atom_chem_shift.Comp_ID	_Atom_chem_shift.Atom_ID	_Atom_chem_shift.Atom_type	_Atom_chem_shift.Atom_isotope_number	_Atom_chem_shift.Val	_Atom_chem_shift.Val_err	_Atom_chem_shift.Assign_fig_of_merit	_Atom_chem_shift.Ambiguity_code	_Atom_chem_shift.Ambiguity_set_ID	_Atom_chem_shift.Occupancy	_Atom_chem_shift.Resonance_ID	_Atom_chem_shift.Auth_entity_assembly_ID	_Atom_chem_shift.Auth_asym_ID	_Atom_chem_shift.Auth_seq_ID	_Atom_chem_shift.Auth_comp_ID	_Atom_chem_shift.Auth_atom_ID	_Atom_chem_shift.Details	_Atom_chem_shift.Entry_ID	_Atom_chem_shift.Assigned_chem_shift_list_ID
1,.,.,.,1,N,15,N,.,N,VAL,A,17,VAL,17,.,1,1,.,52078,34,.,.,17,117.612,.,_Atom_chem_shift.ID	_Atom_chem_shift.Assembly_atom_ID	_Atom_chem_shift.Entity_assembly_ID	_Atom_chem_shift.Entity_assembly_asym_ID	_Atom_chem_shift.Entity_ID	_Atom_chem_shift.Comp_index_ID	_Atom_chem_shift.Seq_ID	_Atom_chem_shift.Comp_ID	_Atom_chem_shift.Atom_ID	_Atom_chem_shift.Atom_type	_Atom_chem_shift.Atom_isotope_number	_Atom_chem_shift.Val	_Atom_chem_shift.Val_err	_Atom_chem_shift.Assign_fig_of_merit	_Atom_chem_shift.Ambiguity_code	_Atom_chem_shift.Ambiguity_set_ID	_Atom_chem_shift.Occupancy	_Atom_chem_shift.Resonance_ID	_Atom_chem_shift.Auth_entity_assembly_ID	_Atom_chem_shift.Auth_asym_ID	_Atom_chem_shift.Auth_seq_ID	_Atom_chem_shift.Auth_comp_ID	_Atom_chem_shift.Auth_atom_ID	_Atom_chem_shift.Details	_Atom_chem_shift.Entry_ID	_Atom_chem_shift.Assigned_chem_shift_list_ID
1,.,.,.,1,H,1,H,.,H,GLU,A,18,GLU,18,.,1,1,.,52078,35,.,.,18,8.556,.,_Atom_chem_shift.ID	_Atom_chem_shift.Assembly_atom_ID	_Atom_chem_shift.Entity_assembly_ID	_Atom_chem_shift.Entity_assembly_asym_ID	_Atom_chem_shift.Entity_ID	_Atom_chem_shift.Comp_index_ID	_Atom_chem_shift.Seq_ID	_Atom_chem_shift.Comp_ID	_Atom_chem_shift.Atom_ID	_Atom_chem_shift.Atom_type	_Atom_chem_shift.Atom_isotope_number	_Atom_chem_shift.Val	_Atom_chem_shift.Val_err	_Atom_chem_shift.Assign_fig_of_merit	_Atom_chem_shift.Ambiguity_code	_Atom_chem_shift.Ambiguity_set_ID	_Atom_chem_shift.Occupancy	_Atom_chem_shift.Resonance_ID	_Atom_chem_shift.Auth_entity_assembly_ID	_Atom_chem_shift.Auth_asym_ID	_Atom_chem_shift.Auth_seq_ID	_Atom_chem_shift.Auth_comp_ID	_Atom_chem_shift.Auth_atom_ID	_Atom_chem_shift.Details	_Atom_chem_shift.Entry_ID	_Atom_chem_shift.Assigned_chem_shift_list_ID
1,.,.,.,1,N,15,N,.,N,GLU,A,18,GLU,18,.,1,1,.,52078,36,.,.,18,119.305,.,_Atom_chem_shift.ID	_Atom_chem_shift.Assembly_atom_ID	_Atom_chem_shift.Entity_assembly_ID	_Atom_chem_shift.Entity_assembly_asym_ID	_Atom_chem_shift.Entity_ID	_Atom_chem_shift.Comp_index_ID	_Atom_chem_shift.Seq_ID	_Atom_chem_shift.Comp_ID	_Atom_chem_shift.Atom_ID	_Atom_chem_shift.Atom_type	_Atom_chem_shift.Atom_isotope_number	_Atom_chem_shift.Val	_Atom_chem_shift.Val_err	_Atom_chem_shift.Assign_fig_of_merit	_Atom_chem_shift.Ambiguity_code	_Atom_chem_shift.Ambiguity_set_ID	_Atom_chem_shift.Occupancy	_Atom_chem_shift.Resonance_ID	_Atom_chem_shift.Auth_entity_assembly_ID	_Atom_chem_shift.Auth_asym_ID	_Atom_chem_shift.Auth_seq_ID	_Atom_chem_shift.Auth_comp_ID	_Atom_chem_shift.Auth_atom_ID	_Atom_chem_shift.Details	_Atom_chem_shift.Entry_ID	_Atom_chem_shift.Assigned_chem_shift_list_ID
1,.,.,.,1,H,1,H,.,H,SER,A,20,SER,20,.,1,1,.,52078,37,.,.,20,6.936,.,_Atom_chem_shift.ID	_Atom_chem_shift.Assembly_atom_ID	_Atom_chem_shift.Entity_assembly_ID	_Atom_chem_shift.Entity_assembly_asym_ID	_Atom_chem_shift.Entity_ID	_Atom_chem_shift.Comp_index_ID	_Atom_chem_shift.Seq_ID	_Atom_chem_shift.Comp_ID	_Atom_chem_shift.Atom_ID	_Atom_chem_shift.Atom_type	_Atom_chem_shift.Atom_isotope_number	_Atom_chem_shift.Val	_Atom_chem_shift.Val_err	_Atom_chem_shift.Assign_fig_of_merit	_Atom_chem_shift.Ambiguity_code	_Atom_chem_shift.Ambiguity_set_ID	_Atom_chem_shift.Occupancy	_Atom_chem_shift.Resonance_ID	_Atom_chem_shift.Auth_entity_assembly_ID	_Atom_chem_shift.Auth_asym_ID	_Atom_chem_shift.Auth_seq_ID	_Atom_chem_shift.Auth_comp_ID	_Atom_chem_shift.Auth_atom_ID	_Atom_chem_shift.Details	_Atom_chem_shift.Entry_ID	_Atom_chem_shift.Assigned_chem_shift_list_ID
1,.,.,.,1,N,15,N,.,N,SER,A,20,SER,20,.,1,1,.,52078,38,.,.,20,103.452,.,_Atom_chem_shift.ID	_Atom_chem_shift.Assembly_atom_ID	_Atom_chem_shift.Entity_assembly_ID	_Atom_chem_shift.Entity_assembly_asym_ID	_Atom_chem_shift.Entity_ID	_Atom_chem_shift.Comp_index_ID	_Atom_chem_shift.Seq_ID	_Atom_chem_shift.Comp_ID	_Atom_chem_shift.Atom_ID	_Atom_chem_shift.Atom_type	_Atom_chem_shift.Atom_isotope_number	_Atom_chem_shift.Val	_Atom_chem_shift.Val_err	_Atom_chem_shift.Assign_fig_of_merit	_Atom_chem_shift.Ambiguity_code	_Atom_chem_shift.Ambiguity_set_ID	_Atom_chem_shift.Occupancy	_Atom_chem_shift.Resonance_ID	_Atom_chem_shift.Auth_entity_assembly_ID	_Atom_chem_shift.Auth_asym_ID	_Atom_chem_shift.Auth_seq_ID	_Atom_chem_shift.Auth_comp_ID	_Atom_chem_shift.Auth_atom_ID	_Atom_chem_shift.Details	_Atom_chem_shift.Entry_ID	_Atom_chem_shift.Assigned_chem_shift_list_ID
1,.,.,.,1,H,1,H,.,H,ASP,A,21,ASP,21,.,1,1,.,52078,39,.,.,21,7.963,.,_Atom_chem_shift.ID	_Atom_chem_shift.Assembly_atom_ID	_Atom_chem_shift.Entity_assembly_ID	_Atom_chem_shift.Entity_assembly_asym_ID	_Atom_chem_shift.Entity_ID	_Atom_chem_shift.Comp_index_ID	_Atom_chem_shift.Seq_ID	_Atom_chem_shift.Comp_ID	_Atom_chem_shift.Atom_ID	_Atom_chem_shift.Atom_type	_Atom_chem_shift.Atom_isotope_number	_Atom_chem_shift.Val	_Atom_chem_shift.Val_err	_Atom_chem_shift.Assign_fig_of_merit	_Atom_chem_shift.Ambiguity_code	_Atom_chem_shift.Ambiguity_set_ID	_Atom_chem_shift.Occupancy	_Atom_chem_shift.Resonance_ID	_Atom_chem_shift.Auth_entity_assembly_ID	_Atom_chem_shift.Auth_asym_ID	_Atom_chem_shift.Auth_seq_ID	_Atom_chem_shift.Auth_comp_ID	_Atom_chem_shift.Auth_atom_ID	_Atom_chem_shift.Details	_Atom_chem_shift.Entry_ID	_Atom_chem_shift.Assigned_chem_shift_list_ID
1,.,.,.,1,N,15,N,.,N,ASP,A,21,ASP,21,.,1,1,.,52078,40,.,.,21,124.008,.,_Atom_chem_shift.ID	_Atom_chem_shift.Assembly_atom_ID	_Atom_chem_shift.Entity_assembly_ID	_Atom_chem_shift.Entity_assembly_asym_ID	_Atom_chem_shift.Entity_ID	_Atom_chem_shift.Comp_index_ID	_Atom_chem_shift.Seq_ID	_Atom_chem_shift.Comp_ID	_Atom_chem_shift.Atom_ID	_Atom_chem_shift.Atom_type	_Atom_chem_shift.Atom_isotope_number	_Atom_chem_shift.Val	_Atom_chem_shift.Val_err	_Atom_chem_shift.Assign_fig_of_merit	_Atom_chem_shift.Ambiguity_code	_Atom_chem_shift.Ambiguity_set_ID	_Atom_chem_shift.Occupancy	_Atom_chem_shift.Resonance_ID	_Atom_chem_shift.Auth_entity_assembly_ID	_Atom_chem_shift.Auth_asym_ID	_Atom_chem_shift.Auth_seq_ID	_Atom_chem_shift.Auth_comp_ID	_Atom_chem_shift.Auth_atom_ID	_Atom_chem_shift.Details	_Atom_chem_shift.Entry_ID	_Atom_chem_shift.Assigned_chem_shift_list_ID
1,.,.,.,1,H,1,H,.,H,THR,A,22,THR,22,.,1,1,.,52078,41,.,.,22,7.797,.,_Atom_chem_shift.ID	_Atom_chem_shift.Assembly_atom_ID	_Atom_chem_shift.Entity_assembly_ID	_Atom_chem_shift.Entity_assembly_asym_ID	_Atom_chem_shift.Entity_ID	_Atom_chem_shift.Comp_index_ID	_Atom_chem_shift.Seq_ID	_Atom_chem_shift.Comp_ID	_Atom_chem_shift.Atom_ID	_Atom_chem_shift.Atom_type	_Atom_chem_shift.Atom_isotope_number	_Atom_chem_shift.Val	_Atom_chem_shift.Val_err	_Atom_chem_shift.Assign_fig_of_merit	_Atom_chem_shift.Ambiguity_code	_Atom_chem_shift.Ambiguity_set_ID	_Atom_chem_shift.Occupancy	_Atom_chem_shift.Resonance_ID	_Atom_chem_shift.Auth_entity_assembly_ID	_Atom_chem_shift.Auth_asym_ID	_Atom_chem_shift.Auth_seq_ID	_Atom_chem_shift.Auth_comp_ID	_Atom_chem_shift.Auth_atom_ID	_Atom_chem_shift.Details	_Atom_chem_shift.Entry_ID	_Atom_chem_shift.Assigned_chem_shift_list_ID
1,.,.,.,1,N,15,N,.,N,THR,A,22,THR,22,.,1,1,.,52078,42,.,.,22,109.11,.,_Atom_chem_shift.ID	_Atom_chem_shift.Assembly_atom_ID	_Atom_chem_shift.Entity_assembly_ID	_Atom_chem_shift.Entity_assembly_asym_ID	_Atom_chem_shift.Entity_ID	_Atom_chem_shift.Comp_index_ID	_Atom_chem_shift.Seq_ID	_Atom_chem_shift.Comp_ID	_Atom_chem_shift.Atom_ID	_Atom_chem_shift.Atom_type	_Atom_chem_shift.Atom_isotope_number	_Atom_chem_shift.Val	_Atom_chem_shift.Val_err	_Atom_chem_shift.Assign_fig_of_merit	_Atom_chem_shift.Ambiguity_code	_Atom_chem_shift.Ambiguity_set_ID	_Atom_chem_shift.Occupancy	_Atom_chem_shift.Resonance_ID	_Atom_chem_shift.Auth_entity_assembly_ID	_Atom_chem_shift.Auth_asym_ID	_Atom_chem_shift.Auth_seq_ID	_Atom_chem_shift.Auth_comp_ID	_Atom_chem_shift.Auth_atom_ID	_Atom_chem_shift.Details	_Atom_chem_shift.Entry_ID	_Atom_chem_shift.Assigned_chem_shift_list_ID
1,.,.,.,1,H,1,H,.,H,ILE,A,23,ILE,23,.,1,1,.,52078,43,.,.,23,8.423,.,_Atom_chem_shift.ID	_Atom_chem_shift.Assembly_atom_ID	_Atom_chem_shift.Entity_assembly_ID	_Atom_chem_shift.Entity_assembly_asym_ID	_Atom_chem_shift.Entity_ID	_Atom_chem_shift.Comp_index_ID	_Atom_chem_shift.Seq_ID	_Atom_chem_shift.Comp_ID	_Atom_chem_shift.Atom_ID	_Atom_chem_shift.Atom_type	_Atom_chem_shift.Atom_isotope_number	_Atom_chem_shift.Val	_Atom_chem_shift.Val_err	_Atom_chem_shift.Assign_fig_of_merit	_Atom_chem_shift.Ambiguity_code	_Atom_chem_shift.Ambiguity_set_ID	_Atom_chem_shift.Occupancy	_Atom_chem_shift.Resonance_ID	_Atom_chem_shift.Auth_entity_assembly_ID	_Atom_chem_shift.Auth_asym_ID	_Atom_chem_shift.Auth_seq_ID	_Atom_chem_shift.Auth_comp_ID	_Atom_chem_shift.Auth_atom_ID	_Atom_chem_shift.Details	_Atom_chem_shift.Entry_ID	_Atom_chem_shift.Assigned_chem_shift_list_ID
1,.,.,.,1,N,15,N,.,N,ILE,A,23,ILE,23,.,1,1,.,52078,44,.,.,23,121.251,.,_Atom_chem_shift.ID	_Atom_chem_shift.Assembly_atom_ID	_Atom_chem_shift.Entity_assembly_ID	_Atom_chem_shift.Entity_assembly_asym_ID	_Atom_chem_shift.Entity_ID	_Atom_chem_shift.Comp_index_ID	_Atom_chem_shift.Seq_ID	_Atom_chem_shift.Comp_ID	_Atom_chem_shift.Atom_ID	_Atom_chem_shift.Atom_type	_Atom_chem_shift.Atom_isotope_number	_Atom_chem_shift.Val	_Atom_chem_shift.Val_err	_Atom_chem_shift.Assign_fig_of_merit	_Atom_chem_shift.Ambiguity_code	_Atom_chem_shift.Ambiguity_set_ID	_Atom_chem_shift.Occupancy	_Atom_chem_shift.Resonance_ID	_Atom_chem_shift.Auth_entity_assembly_ID	_Atom_chem_shift.Auth_asym_ID	_Atom_chem_shift.Auth_seq_ID	_Atom_chem_shift.Auth_comp_ID	_Atom_chem_shift.Auth_atom_ID	_Atom_chem_shift.Details	_Atom_chem_shift.Entry_ID	_Atom_chem_shift.Assigned_chem_shift_list_ID
1,.,.,.,1,H,1,H,.,H,ASN,A,25,ASN,25,.,1,1,.,52078,45,.,.,25,7.836,.,_Atom_chem_shift.ID	_Atom_chem_shift.Assembly_atom_ID	_Atom_chem_shift.Entity_assembly_ID	_Atom_chem_shift.Entity_assembly_asym_ID	_Atom_chem_shift.Entity_ID	_Atom_chem_shift.Comp_index_ID	_Atom_chem_shift.Seq_ID	_Atom_chem_shift.Comp_ID	_Atom_chem_shift.Atom_ID	_Atom_chem_shift.Atom_type	_Atom_chem_shift.Atom_isotope_number	_Atom_chem_shift.Val	_Atom_chem_shift.Val_err	_Atom_chem_shift.Assign_fig_of_merit	_Atom_chem_shift.Ambiguity_code	_Atom_chem_shift.Ambiguity_set_ID	_Atom_chem_shift.Occupancy	_Atom_chem_shift.Resonance_ID	_Atom_chem_shift.Auth_entity_assembly_ID	_Atom_chem_shift.Auth_asym_ID	_Atom_chem_shift.Auth_seq_ID	_Atom_chem_shift.Auth_comp_ID	_Atom_chem_shift.Auth_atom_ID	_Atom_chem_shift.Details	_Atom_chem_shift.Entry_ID	_Atom_chem_shift.Assigned_chem_shift_list_ID
1,.,.,.,1,N,15,N,.,N,ASN,A,25,ASN,25,.,1,1,.,52078,46,.,.,25,121.6,.,_Atom_chem_shift.ID	_Atom_chem_shift.Assembly_atom_ID	_Atom_chem_shift.Entity_assembly_ID	_Atom_chem_shift.Entity_assembly_asym_ID	_Atom_chem_shift.Entity_ID	_Atom_chem_shift.Comp_index_ID	_Atom_chem_shift.Seq_ID	_Atom_chem_shift.Comp_ID	_Atom_chem_shift.Atom_ID	_Atom_chem_shift.Atom_type	_Atom_chem_shift.Atom_isotope_number	_Atom_chem_shift.Val	_Atom_chem_shift.Val_err	_Atom_chem_shift.Assign_fig_of_merit	_Atom_chem_shift.Ambiguity_code	_Atom_chem_shift.Ambiguity_set_ID	_Atom_chem_shift.Occupancy	_Atom_chem_shift.Resonance_ID	_Atom_chem_shift.Auth_entity_assembly_ID	_Atom_chem_shift.Auth_asym_ID	_Atom_chem_shift.Auth_seq_ID	_Atom_chem_shift.Auth_comp_ID	_Atom_chem_shift.Auth_atom_ID	_Atom_chem_shift.Details	_Atom_chem_shift.Entry_ID	_Atom_chem_shift.Assigned_chem_shift_list_ID
1,.,.,.,1,H,1,H,.,H,VAL,A,26,VAL,26,.,1,1,.,52078,47,.,.,26,8.024,.,_Atom_chem_shift.ID	_Atom_chem_shift.Assembly_atom_ID	_Atom_chem_shift.Entity_assembly_ID	_Atom_chem_shift.Entity_assembly_asym_ID	_Atom_chem_shift.Entity_ID	_Atom_chem_shift.Comp_index_ID	_Atom_chem_shift.Seq_ID	_Atom_chem_shift.Comp_ID	_Atom_chem_shift.Atom_ID	_Atom_chem_shift.Atom_type	_Atom_chem_shift.Atom_isotope_number	_Atom_chem_shift.Val	_Atom_chem_shift.Val_err	_Atom_chem_shift.Assign_fig_of_merit	_Atom_chem_shift.Ambiguity_code	_Atom_chem_shift.Ambiguity_set_ID	_Atom_chem_shift.Occupancy	_Atom_chem_shift.Resonance_ID	_Atom_chem_shift.Auth_entity_assembly_ID	_Atom_chem_shift.Auth_asym_ID	_Atom_chem_shift.Auth_seq_ID	_Atom_chem_shift.Auth_comp_ID	_Atom_chem_shift.Auth_atom_ID	_Atom_chem_shift.Details	_Atom_chem_shift.Entry_ID	_Atom_chem_shift.Assigned_chem_shift_list_ID
1,.,.,.,1,N,15,N,.,N,VAL,A,26,VAL,26,.,1,1,.,52078,48,.,.,26,122.404,.,_Atom_chem_shift.ID	_Atom_chem_shift.Assembly_atom_ID	_Atom_chem_shift.Entity_assembly_ID	_Atom_chem_shift.Entity_assembly_asym_ID	_Atom_chem_shift.Entity_ID	_Atom_chem_shift.Comp_index_ID	_Atom_chem_shift.Seq_ID	_Atom_chem_shift.Comp_ID	_Atom_chem_shift.Atom_ID	_Atom_chem_shift.Atom_type	_Atom_chem_shift.Atom_isotope_number	_Atom_chem_shift.Val	_Atom_chem_shift.Val_err	_Atom_chem_shift.Assign_fig_of_merit	_Atom_chem_shift.Ambiguity_code	_Atom_chem_shift.Ambiguity_set_ID	_Atom_chem_shift.Occupancy	_Atom_chem_shift.Resonance_ID	_Atom_chem_shift.Auth_entity_assembly_ID	_Atom_chem_shift.Auth_asym_ID	_Atom_chem_shift.Auth_seq_ID	_Atom_chem_shift.Auth_comp_ID	_Atom_chem_shift.Auth_atom_ID	_Atom_chem_shift.Details	_Atom_chem_shift.Entry_ID	_Atom_chem_shift.Assigned_chem_shift_list_ID
1,.,.,.,1,H,1,H,.,H,LYS,A,27,LYS,27,.,1,1,.,52078,49,.,.,27,8.469,.,_Atom_chem_shift.ID	_Atom_chem_shift.Assembly_atom_ID	_Atom_chem_shift.Entity_assembly_ID	_Atom_chem_shift.Entity_assembly_asym_ID	_Atom_chem_shift.Entity_ID	_Atom_chem_shift.Comp_index_ID	_Atom_chem_shift.Seq_ID	_Atom_chem_shift.Comp_ID	_Atom_chem_shift.Atom_ID	_Atom_chem_shift.Atom_type	_Atom_chem_shift.Atom_isotope_number	_Atom_chem_shift.Val	_Atom_chem_shift.Val_err	_Atom_chem_shift.Assign_fig_of_merit	_Atom_chem_shift.Ambiguity_code	_Atom_chem_shift.Ambiguity_set_ID	_Atom_chem_shift.Occupancy	_Atom_chem_shift.Resonance_ID	_Atom_chem_shift.Auth_entity_assembly_ID	_Atom_chem_shift.Auth_asym_ID	_Atom_chem_shift.Auth_seq_ID	_Atom_chem_shift.Auth_comp_ID	_Atom_chem_shift.Auth_atom_ID	_Atom_chem_shift.Details	_Atom_chem_shift.Entry_ID	_Atom_chem_shift.Assigned_chem_shift_list_ID
1,.,.,.,1,N,15,N,.,N,LYS,A,27,LYS,27,.,1,1,.,52078,50,.,.,27,118.982,.,_Atom_chem_shift.ID	_Atom_chem_shift.Assembly_atom_ID	_Atom_chem_shift.Entity_assembly_ID	_Atom_chem_shift.Entity_assembly_asym_ID	_Atom_chem_shift.Entity_ID	_Atom_chem_shift.Comp_index_ID	_Atom_chem_shift.Seq_ID	_Atom_chem_shift.Comp_ID	_Atom_chem_shift.Atom_ID	_Atom_chem_shift.Atom_type	_Atom_chem_shift.Atom_isotope_number	_Atom_chem_shift.Val	_Atom_chem_shift.Val_err	_Atom_chem_shift.Assign_fig_of_merit	_Atom_chem_shift.Ambiguity_code	_Atom_chem_shift.Ambiguity_set_ID	_Atom_chem_shift.Occupancy	_Atom_chem_shift.Resonance_ID	_Atom_chem_shift.Auth_entity_assembly_ID	_Atom_chem_shift.Auth_asym_ID	_Atom_chem_shift.Auth_seq_ID	_Atom_chem_shift.Auth_comp_ID	_Atom_chem_shift.Auth_atom_ID	_Atom_chem_shift.Details	_Atom_chem_shift.Entry_ID	_Atom_chem_shift.Assigned_chem_shift_list_ID
1,.,.,.,1,H,1,H,.,H,ALA,A,28,ALA,28,.,1,1,.,52078,51,.,.,28,7.875,.,_Atom_chem_shift.ID	_Atom_chem_shift.Assembly_atom_ID	_Atom_chem_shift.Entity_assembly_ID	_Atom_chem_shift.Entity_assembly_asym_ID	_Atom_chem_shift.Entity_ID	_Atom_chem_shift.Comp_index_ID	_Atom_chem_shift.Seq_ID	_Atom_chem_shift.Comp_ID	_Atom_chem_shift.Atom_ID	_Atom_chem_shift.Atom_type	_Atom_chem_shift.Atom_isotope_number	_Atom_chem_shift.Val	_Atom_chem_shift.Val_err	_Atom_chem_shift.Assign_fig_of_merit	_Atom_chem_shift.Ambiguity_code	_Atom_chem_shift.Ambiguity_set_ID	_Atom_chem_shift.Occupancy	_Atom_chem_shift.Resonance_ID	_Atom_chem_shift.Auth_entity_assembly_ID	_Atom_chem_shift.Auth_asym_ID	_Atom_chem_shift.Auth_seq_ID	_Atom_chem_shift.Auth_comp_ID	_Atom_chem_shift.Auth_atom_ID	_Atom_chem_shift.Details	_Atom_chem_shift.Entry_ID	_Atom_chem_shift.Assigned_chem_shift_list_ID
1,.,.,.,1,N,15,N,.,N,ALA,A,28,ALA,28,.,1,1,.,52078,52,.,.,28,123.467,.,_Atom_chem_shift.ID	_Atom_chem_shift.Assembly_atom_ID	_Atom_chem_shift.Entity_assembly_ID	_Atom_chem_shift.Entity_assembly_asym_ID	_Atom_chem_shift.Entity_ID	_Atom_chem_shift.Comp_index_ID	_Atom_chem_shift.Seq_ID	_Atom_chem_shift.Comp_ID	_Atom_chem_shift.Atom_ID	_Atom_chem_shift.Atom_type	_Atom_chem_shift.Atom_isotope_number	_Atom_chem_shift.Val	_Atom_chem_shift.Val_err	_Atom_chem_shift.Assign_fig_of_merit	_Atom_chem_shift.Ambiguity_code	_Atom_chem_shift.Ambiguity_set_ID	_Atom_chem_shift.Occupancy	_Atom_chem_shift.Resonance_ID	_Atom_chem_shift.Auth_entity_assembly_ID	_Atom_chem_shift.Auth_asym_ID	_Atom_chem_shift.Auth_seq_ID	_Atom_chem_shift.Auth_comp_ID	_Atom_chem_shift.Auth_atom_ID	_Atom_chem_shift.Details	_Atom_chem_shift.Entry_ID	_Atom_chem_shift.Assigned_chem_shift_list_ID
1,.,.,.,1,H,1,H,.,H,LYS,A,29,LYS,29,.,1,1,.,52078,53,.,.,29,7.774,.,_Atom_chem_shift.ID	_Atom_chem_shift.Assembly_atom_ID	_Atom_chem_shift.Entity_assembly_ID	_Atom_chem_shift.Entity_assembly_asym_ID	_Atom_chem_shift.Entity_ID	_Atom_chem_shift.Comp_index_ID	_Atom_chem_shift.Seq_ID	_Atom_chem_shift.Comp_ID	_Atom_chem_shift.Atom_ID	_Atom_chem_shift.Atom_type	_Atom_chem_shift.Atom_isotope_number	_Atom_chem_shift.Val	_Atom_chem_shift.Val_err	_Atom_chem_shift.Assign_fig_of_merit	_Atom_chem_shift.Ambiguity_code	_Atom_chem_shift.Ambiguity_set_ID	_Atom_chem_shift.Occupancy	_Atom_chem_shift.Resonance_ID	_Atom_chem_shift.Auth_entity_assembly_ID	_Atom_chem_shift.Auth_asym_ID	_Atom_chem_shift.Auth_seq_ID	_Atom_chem_shift.Auth_comp_ID	_Atom_chem_shift.Auth_atom_ID	_Atom_chem_shift.Details	_Atom_chem_shift.Entry_ID	_Atom_chem_shift.Assigned_chem_shift_list_ID
1,.,.,.,1,N,15,N,.,N,LYS,A,29,LYS,29,.,1,1,.,52078,54,.,.,29,120.323,.,_Atom_chem_shift.ID	_Atom_chem_shift.Assembly_atom_ID	_Atom_chem_shift.Entity_assembly_ID	_Atom_chem_shift.Entity_assembly_asym_ID	_Atom_chem_shift.Entity_ID	_Atom_chem_shift.Comp_index_ID	_Atom_chem_shift.Seq_ID	_Atom_chem_shift.Comp_ID	_Atom_chem_shift.Atom_ID	_Atom_chem_shift.Atom_type	_Atom_chem_shift.Atom_isotope_number	_Atom_chem_shift.Val	_Atom_chem_shift.Val_err	_Atom_chem_shift.Assign_fig_of_merit	_Atom_chem_shift.Ambiguity_code	_Atom_chem_shift.Ambiguity_set_ID	_Atom_chem_shift.Occupancy	_Atom_chem_shift.Resonance_ID	_Atom_chem_shift.Auth_entity_assembly_ID	_Atom_chem_shift.Auth_asym_ID	_Atom_chem_shift.Auth_seq_ID	_Atom_chem_shift.Auth_comp_ID	_Atom_chem_shift.Auth_atom_ID	_Atom_chem_shift.Details	_Atom_chem_shift.Entry_ID	_Atom_chem_shift.Assigned_chem_shift_list_ID
1,.,.,.,1,H,1,H,.,H,ILE,A,30,ILE,30,.,1,1,.,52078,55,.,.,30,8.186,.,_Atom_chem_shift.ID	_Atom_chem_shift.Assembly_atom_ID	_Atom_chem_shift.Entity_assembly_ID	_Atom_chem_shift.Entity_assembly_asym_ID	_Atom_chem_shift.Entity_ID	_Atom_chem_shift.Comp_index_ID	_Atom_chem_shift.Seq_ID	_Atom_chem_shift.Comp_ID	_Atom_chem_shift.Atom_ID	_Atom_chem_shift.Atom_type	_Atom_chem_shift.Atom_isotope_number	_Atom_chem_shift.Val	_Atom_chem_shift.Val_err	_Atom_chem_shift.Assign_fig_of_merit	_Atom_chem_shift.Ambiguity_code	_Atom_chem_shift.Ambiguity_set_ID	_Atom_chem_shift.Occupancy	_Atom_chem_shift.Resonance_ID	_Atom_chem_shift.Auth_entity_assembly_ID	_Atom_chem_shift.Auth_asym_ID	_Atom_chem_shift.Auth_seq_ID	_Atom_chem_shift.Auth_comp_ID	_Atom_chem_shift.Auth_atom_ID	_Atom_chem_shift.Details	_Atom_chem_shift.Entry_ID	_Atom_chem_shift.Assigned_chem_shift_list_ID
1,.,.,.,1,N,15,N,.,N,ILE,A,30,ILE,30,.,1,1,.,52078,56,.,.,30,121.446,.,_Atom_chem_shift.ID	_Atom_chem_shift.Assembly_atom_ID	_Atom_chem_shift.Entity_assembly_ID	_Atom_chem_shift.Entity_assembly_asym_ID	_Atom_chem_shift.Entity_ID	_Atom_chem_shift.Comp_index_ID	_Atom_chem_shift.Seq_ID	_Atom_chem_shift.Comp_ID	_Atom_chem_shift.Atom_ID	_Atom_chem_shift.Atom_type	_Atom_chem_shift.Atom_isotope_number	_Atom_chem_shift.Val	_Atom_chem_shift.Val_err	_Atom_chem_shift.Assign_fig_of_merit	_Atom_chem_shift.Ambiguity_code	_Atom_chem_shift.Ambiguity_set_ID	_Atom_chem_shift.Occupancy	_Atom_chem_shift.Resonance_ID	_Atom_chem_shift.Auth_entity_assembly_ID	_Atom_chem_shift.Auth_asym_ID	_Atom_chem_shift.Auth_seq_ID	_Atom_chem_shift.Auth_comp_ID	_Atom_chem_shift.Auth_atom_ID	_Atom_chem_shift.Details	_Atom_chem_shift.Entry_ID	_Atom_chem_shift.Assigned_chem_shift_list_ID
1,.,.,.,1,H,1,H,.,H,GLN,A,31,GLN,31,.,1,1,.,52078,57,.,.,31,8.46,.,_Atom_chem_shift.ID	_Atom_chem_shift.Assembly_atom_ID	_Atom_chem_shift.Entity_assembly_ID	_Atom_chem_shift.Entity_assembly_asym_ID	_Atom_chem_shift.Entity_ID	_Atom_chem_shift.Comp_index_ID	_Atom_chem_shift.Seq_ID	_Atom_chem_shift.Comp_ID	_Atom_chem_shift.Atom_ID	_Atom_chem_shift.Atom_type	_Atom_chem_shift.Atom_isotope_number	_Atom_chem_shift.Val	_Atom_chem_shift.Val_err	_Atom_chem_shift.Assign_fig_of_merit	_Atom_chem_shift.Ambiguity_code	_Atom_chem_shift.Ambiguity_set_ID	_Atom_chem_shift.Occupancy	_Atom_chem_shift.Resonance_ID	_Atom_chem_shift.Auth_entity_assembly_ID	_Atom_chem_shift.Auth_asym_ID	_Atom_chem_shift.Auth_seq_ID	_Atom_chem_shift.Auth_comp_ID	_Atom_chem_shift.Auth_atom_ID	_Atom_chem_shift.Details	_Atom_chem_shift.Entry_ID	_Atom_chem_shift.Assigned_chem_shift_list_ID
1,.,.,.,1,N,15,N,.,N,GLN,A,31,GLN,31,.,1,1,.,52078,58,.,.,31,123.626,.,_Atom_chem_shift.ID	_Atom_chem_shift.Assembly_atom_ID	_Atom_chem_shift.Entity_assembly_ID	_Atom_chem_shift.Entity_assembly_asym_ID	_Atom_chem_shift.Entity_ID	_Atom_chem_shift.Comp_index_ID	_Atom_chem_shift.Seq_ID	_Atom_chem_shift.Comp_ID	_Atom_chem_shift.Atom_ID	_Atom_chem_shift.Atom_type	_Atom_chem_shift.Atom_isotope_number	_Atom_chem_shift.Val	_Atom_chem_shift.Val_err	_Atom_chem_shift.Assign_fig_of_merit	_Atom_chem_shift.Ambiguity_code	_Atom_chem_shift.Ambiguity_set_ID	_Atom_chem_shift.Occupancy	_Atom_chem_shift.Resonance_ID	_Atom_chem_shift.Auth_entity_assembly_ID	_Atom_chem_shift.Auth_asym_ID	_Atom_chem_shift.Auth_seq_ID	_Atom_chem_shift.Auth_comp_ID	_Atom_chem_shift.Auth_atom_ID	_Atom_chem_shift.Details	_Atom_chem_shift.Entry_ID	_Atom_chem_shift.Assigned_chem_shift_list_ID
1,.,.,.,1,H,1,H,.,H,ASP,A,32,ASP,32,.,1,1,.,52078,59,.,.,32,7.963,.,_Atom_chem_shift.ID	_Atom_chem_shift.Assembly_atom_ID	_Atom_chem_shift.Entity_assembly_ID	_Atom_chem_shift.Entity_assembly_asym_ID	_Atom_chem_shift.Entity_ID	_Atom_chem_shift.Comp_index_ID	_Atom_chem_shift.Seq_ID	_Atom_chem_shift.Comp_ID	_Atom_chem_shift.Atom_ID	_Atom_chem_shift.Atom_type	_Atom_chem_shift.Atom_isotope_number	_Atom_chem_shift.Val	_Atom_chem_shift.Val_err	_Atom_chem_shift.Assign_fig_of_merit	_Atom_chem_shift.Ambiguity_code	_Atom_chem_shift.Ambiguity_set_ID	_Atom_chem_shift.Occupancy	_Atom_chem_shift.Resonance_ID	_Atom_chem_shift.Auth_entity_assembly_ID	_Atom_chem_shift.Auth_asym_ID	_Atom_chem_shift.Auth_seq_ID	_Atom_chem_shift.Auth_comp_ID	_Atom_chem_shift.Auth_atom_ID	_Atom_chem_shift.Details	_Atom_chem_shift.Entry_ID	_Atom_chem_shift.Assigned_chem_shift_list_ID
1,.,.,.,1,N,15,N,.,N,ASP,A,32,ASP,32,.,1,1,.,52078,60,.,.,32,119.876,.,_Atom_chem_shift.ID	_Atom_chem_shift.Assembly_atom_ID	_Atom_chem_shift.Entity_assembly_ID	_Atom_chem_shift.Entity_assembly_asym_ID	_Atom_chem_shift.Entity_ID	_Atom_chem_shift.Comp_index_ID	_Atom_chem_shift.Seq_ID	_Atom_chem_shift.Comp_ID	_Atom_chem_shift.Atom_ID	_Atom_chem_shift.Atom_type	_Atom_chem_shift.Atom_isotope_number	_Atom_chem_shift.Val	_Atom_chem_shift.Val_err	_Atom_chem_shift.Assign_fig_of_merit	_Atom_chem_shift.Ambiguity_code	_Atom_chem_shift.Ambiguity_set_ID	_Atom_chem_shift.Occupancy	_Atom_chem_shift.Resonance_ID	_Atom_chem_shift.Auth_entity_assembly_ID	_Atom_chem_shift.Auth_asym_ID	_Atom_chem_shift.Auth_seq_ID	_Atom_chem_shift.Auth_comp_ID	_Atom_chem_shift.Auth_atom_ID	_Atom_chem_shift.Details	_Atom_chem_shift.Entry_ID	_Atom_chem_shift.Assigned_chem_shift_list_ID
1,.,.,.,1,H,1,H,.,H,LYS,A,33,LYS,33,.,1,1,.,52078,61,.,.,33,7.341,.,_Atom_chem_shift.ID	_Atom_chem_shift.Assembly_atom_ID	_Atom_chem_shift.Entity_assembly_ID	_Atom_chem_shift.Entity_assembly_asym_ID	_Atom_chem_shift.Entity_ID	_Atom_chem_shift.Comp_index_ID	_Atom_chem_shift.Seq_ID	_Atom_chem_shift.Comp_ID	_Atom_chem_shift.Atom_ID	_Atom_chem_shift.Atom_type	_Atom_chem_shift.Atom_isotope_number	_Atom_chem_shift.Val	_Atom_chem_shift.Val_err	_Atom_chem_shift.Assign_fig_of_merit	_Atom_chem_shift.Ambiguity_code	_Atom_chem_shift.Ambiguity_set_ID	_Atom_chem_shift.Occupancy	_Atom_chem_shift.Resonance_ID	_Atom_chem_shift.Auth_entity_assembly_ID	_Atom_chem_shift.Auth_asym_ID	_Atom_chem_shift.Auth_seq_ID	_Atom_chem_shift.Auth_comp_ID	_Atom_chem_shift.Auth_atom_ID	_Atom_chem_shift.Details	_Atom_chem_shift.Entry_ID	_Atom_chem_shift.Assigned_chem_shift_list_ID
1,.,.,.,1,N,15,N,.,N,LYS,A,33,LYS,33,.,1,1,.,52078,62,.,.,33,115.611,.,_Atom_chem_shift.ID	_Atom_chem_shift.Assembly_atom_ID	_Atom_chem_shift.Entity_assembly_ID	_Atom_chem_shift.Entity_assembly_asym_ID	_Atom_chem_shift.Entity_ID	_Atom_chem_shift.Comp_index_ID	_Atom_chem_shift.Seq_ID	_Atom_chem_shift.Comp_ID	_Atom_chem_shift.Atom_ID	_Atom_chem_shift.Atom_type	_Atom_chem_shift.Atom_isotope_number	_Atom_chem_shift.Val	_Atom_chem_shift.Val_err	_Atom_chem_shift.Assign_fig_of_merit	_Atom_chem_shift.Ambiguity_code	_Atom_chem_shift.Ambiguity_set_ID	_Atom_chem_shift.Occupancy	_Atom_chem_shift.Resonance_ID	_Atom_chem_shift.Auth_entity_assembly_ID	_Atom_chem_shift.Auth_asym_ID	_Atom_chem_shift.Auth_seq_ID	_Atom_chem_shift.Auth_comp_ID	_Atom_chem_shift.Auth_atom_ID	_Atom_chem_shift.Details	_Atom_chem_shift.Entry_ID	_Atom_chem_shift.Assigned_chem_shift_list_ID
1,.,.,.,1,H,1,H,.,H,GLU,A,34,GLU,34,.,1,1,.,52078,63,.,.,34,8.626,.,_Atom_chem_shift.ID	_Atom_chem_shift.Assembly_atom_ID	_Atom_chem_shift.Entity_assembly_ID	_Atom_chem_shift.Entity_assembly_asym_ID	_Atom_chem_shift.Entity_ID	_Atom_chem_shift.Comp_index_ID	_Atom_chem_shift.Seq_ID	_Atom_chem_shift.Comp_ID	_Atom_chem_shift.Atom_ID	_Atom_chem_shift.Atom_type	_Atom_chem_shift.Atom_isotope_number	_Atom_chem_shift.Val	_Atom_chem_shift.Val_err	_Atom_chem_shift.Assign_fig_of_merit	_Atom_chem_shift.Ambiguity_code	_Atom_chem_shift.Ambiguity_set_ID	_Atom_chem_shift.Occupancy	_Atom_chem_shift.Resonance_ID	_Atom_chem_shift.Auth_entity_assembly_ID	_Atom_chem_shift.Auth_asym_ID	_Atom_chem_shift.Auth_seq_ID	_Atom_chem_shift.Auth_comp_ID	_Atom_chem_shift.Auth_atom_ID	_Atom_chem_shift.Details	_Atom_chem_shift.Entry_ID	_Atom_chem_shift.Assigned_chem_shift_list_ID
1,.,.,.,1,N,15,N,.,N,GLU,A,34,GLU,34,.,1,1,.,52078,64,.,.,34,114.334,.,_Atom_chem_shift.ID	_Atom_chem_shift.Assembly_atom_ID	_Atom_chem_shift.Entity_assembly_ID	_Atom_chem_shift.Entity_assembly_asym_ID	_Atom_chem_shift.Entity_ID	_Atom_chem_shift.Comp_index_ID	_Atom_chem_shift.Seq_ID	_Atom_chem_shift.Comp_ID	_Atom_chem_shift.Atom_ID	_Atom_chem_shift.Atom_type	_Atom_chem_shift.Atom_isotope_number	_Atom_chem_shift.Val	_Atom_chem_shift.Val_err	_Atom_chem_shift.Assign_fig_of_merit	_Atom_chem_shift.Ambiguity_code	_Atom_chem_shift.Ambiguity_set_ID	_Atom_chem_shift.Occupancy	_Atom_chem_shift.Resonance_ID	_Atom_chem_shift.Auth_entity_assembly_ID	_Atom_chem_shift.Auth_asym_ID	_Atom_chem_shift.Auth_seq_ID	_Atom_chem_shift.Auth_comp_ID	_Atom_chem_shift.Auth_atom_ID	_Atom_chem_shift.Details	_Atom_chem_shift.Entry_ID	_Atom_chem_shift.Assigned_chem_shift_list_ID
1,.,.,.,1,H,1,H,.,H,GLY,A,35,GLY,35,.,1,1,.,52078,65,.,.,35,8.41,.,_Atom_chem_shift.ID	_Atom_chem_shift.Assembly_atom_ID	_Atom_chem_shift.Entity_assembly_ID	_Atom_chem_shift.Entity_assembly_asym_ID	_Atom_chem_shift.Entity_ID	_Atom_chem_shift.Comp_index_ID	_Atom_chem_shift.Seq_ID	_Atom_chem_shift.Comp_ID	_Atom_chem_shift.Atom_ID	_Atom_chem_shift.Atom_type	_Atom_chem_shift.Atom_isotope_number	_Atom_chem_shift.Val	_Atom_chem_shift.Val_err	_Atom_chem_shift.Assign_fig_of_merit	_Atom_chem_shift.Ambiguity_code	_Atom_chem_shift.Ambiguity_set_ID	_Atom_chem_shift.Occupancy	_Atom_chem_shift.Resonance_ID	_Atom_chem_shift.Auth_entity_assembly_ID	_Atom_chem_shift.Auth_asym_ID	_Atom_chem_shift.Auth_seq_ID	_Atom_chem_shift.Auth_comp_ID	_Atom_chem_shift.Auth_atom_ID	_Atom_chem_shift.Details	_Atom_chem_shift.Entry_ID	_Atom_chem_shift.Assigned_chem_shift_list_ID
1,.,.,.,1,N,15,N,.,N,GLY,A,35,GLY,35,.,1,1,.,52078,66,.,.,35,108.99,.,_Atom_chem_shift.ID	_Atom_chem_shift.Assembly_atom_ID	_Atom_chem_shift.Entity_assembly_ID	_Atom_chem_shift.Entity_assembly_asym_ID	_Atom_chem_shift.Entity_ID	_Atom_chem_shift.Comp_index_ID	_Atom_chem_shift.Seq_ID	_Atom_chem_shift.Comp_ID	_Atom_chem_shift.Atom_ID	_Atom_chem_shift.Atom_type	_Atom_chem_shift.Atom_isotope_number	_Atom_chem_shift.Val	_Atom_chem_shift.Val_err	_Atom_chem_shift.Assign_fig_of_merit	_Atom_chem_shift.Ambiguity_code	_Atom_chem_shift.Ambiguity_set_ID	_Atom_chem_shift.Occupancy	_Atom_chem_shift.Resonance_ID	_Atom_chem_shift.Auth_entity_assembly_ID	_Atom_chem_shift.Auth_asym_ID	_Atom_chem_shift.Auth_seq_ID	_Atom_chem_shift.Auth_comp_ID	_Atom_chem_shift.Auth_atom_ID	_Atom_chem_shift.Details	_Atom_chem_shift.Entry_ID	_Atom_chem_shift.Assigned_chem_shift_list_ID
1,.,.,.,1,H,1,H,.,H,ILE,A,36,ILE,36,.,1,1,.,52078,67,.,.,36,6.052,.,_Atom_chem_shift.ID	_Atom_chem_shift.Assembly_atom_ID	_Atom_chem_shift.Entity_assembly_ID	_Atom_chem_shift.Entity_assembly_asym_ID	_Atom_chem_shift.Entity_ID	_Atom_chem_shift.Comp_index_ID	_Atom_chem_shift.Seq_ID	_Atom_chem_shift.Comp_ID	_Atom_chem_shift.Atom_ID	_Atom_chem_shift.Atom_type	_Atom_chem_shift.Atom_isotope_number	_Atom_chem_shift.Val	_Atom_chem_shift.Val_err	_Atom_chem_shift.Assign_fig_of_merit	_Atom_chem_shift.Ambiguity_code	_Atom_chem_shift.Ambiguity_set_ID	_Atom_chem_shift.Occupancy	_Atom_chem_shift.Resonance_ID	_Atom_chem_shift.Auth_entity_assembly_ID	_Atom_chem_shift.Auth_asym_ID	_Atom_chem_shift.Auth_seq_ID	_Atom_chem_shift.Auth_comp_ID	_Atom_chem_shift.Auth_atom_ID	_Atom_chem_shift.Details	_Atom_chem_shift.Entry_ID	_Atom_chem_shift.Assigned_chem_shift_list_ID
1,.,.,.,1,N,15,N,.,N,ILE,A,36,ILE,36,.,1,1,.,52078,68,.,.,36,120.474,.,_Atom_chem_shift.ID	_Atom_chem_shift.Assembly_atom_ID	_Atom_chem_shift.Entity_assembly_ID	_Atom_chem_shift.Entity_assembly_asym_ID	_Atom_chem_shift.Entity_ID	_Atom_chem_shift.Comp_index_ID	_Atom_chem_shift.Seq_ID	_Atom_chem_shift.Comp_ID	_Atom_chem_shift.Atom_ID	_Atom_chem_shift.Atom_type	_Atom_chem_shift.Atom_isotope_number	_Atom_chem_shift.Val	_Atom_chem_shift.Val_err	_Atom_chem_shift.Assign_fig_of_merit	_Atom_chem_shift.Ambiguity_code	_Atom_chem_shift.Ambiguity_set_ID	_Atom_chem_shift.Occupancy	_Atom_chem_shift.Resonance_ID	_Atom_chem_shift.Auth_entity_assembly_ID	_Atom_chem_shift.Auth_asym_ID	_Atom_chem_shift.Auth_seq_ID	_Atom_chem_shift.Auth_comp_ID	_Atom_chem_shift.Auth_atom_ID	_Atom_chem_shift.Details	_Atom_chem_shift.Entry_ID	_Atom_chem_shift.Assigned_chem_shift_list_ID
1,.,.,.,1,H,1,H,.,H,ASP,A,39,ASP,39,.,1,1,.,52078,69,.,.,39,8.451,.,_Atom_chem_shift.ID	_Atom_chem_shift.Assembly_atom_ID	_Atom_chem_shift.Entity_assembly_ID	_Atom_chem_shift.Entity_assembly_asym_ID	_Atom_chem_shift.Entity_ID	_Atom_chem_shift.Comp_index_ID	_Atom_chem_shift.Seq_ID	_Atom_chem_shift.Comp_ID	_Atom_chem_shift.Atom_ID	_Atom_chem_shift.Atom_type	_Atom_chem_shift.Atom_isotope_number	_Atom_chem_shift.Val	_Atom_chem_shift.Val_err	_Atom_chem_shift.Assign_fig_of_merit	_Atom_chem_shift.Ambiguity_code	_Atom_chem_shift.Ambiguity_set_ID	_Atom_chem_shift.Occupancy	_Atom_chem_shift.Resonance_ID	_Atom_chem_shift.Auth_entity_assembly_ID	_Atom_chem_shift.Auth_asym_ID	_Atom_chem_shift.Auth_seq_ID	_Atom_chem_shift.Auth_comp_ID	_Atom_chem_shift.Auth_atom_ID	_Atom_chem_shift.Details	_Atom_chem_shift.Entry_ID	_Atom_chem_shift.Assigned_chem_shift_list_ID
1,.,.,.,1,N,15,N,.,N,ASP,A,39,ASP,39,.,1,1,.,52078,70,.,.,39,113.723,.,_Atom_chem_shift.ID	_Atom_chem_shift.Assembly_atom_ID	_Atom_chem_shift.Entity_assembly_ID	_Atom_chem_shift.Entity_assembly_asym_ID	_Atom_chem_shift.Entity_ID	_Atom_chem_shift.Comp_index_ID	_Atom_chem_shift.Seq_ID	_Atom_chem_shift.Comp_ID	_Atom_chem_shift.Atom_ID	_Atom_chem_shift.Atom_type	_Atom_chem_shift.Atom_isotope_number	_Atom_chem_shift.Val	_Atom_chem_shift.Val_err	_Atom_chem_shift.Assign_fig_of_merit	_Atom_chem_shift.Ambiguity_code	_Atom_chem_shift.Ambiguity_set_ID	_Atom_chem_shift.Occupancy	_Atom_chem_shift.Resonance_ID	_Atom_chem_shift.Auth_entity_assembly_ID	_Atom_chem_shift.Auth_asym_ID	_Atom_chem_shift.Auth_seq_ID	_Atom_chem_shift.Auth_comp_ID	_Atom_chem_shift.Auth_atom_ID	_Atom_chem_shift.Details	_Atom_chem_shift.Entry_ID	_Atom_chem_shift.Assigned_chem_shift_list_ID
1,.,.,.,1,H,1,H,.,H,GLN,A,40,GLN,40,.,1,1,.,52078,71,.,.,40,7.72,.,_Atom_chem_shift.ID	_Atom_chem_shift.Assembly_atom_ID	_Atom_chem_shift.Entity_assembly_ID	_Atom_chem_shift.Entity_assembly_asym_ID	_Atom_chem_shift.Entity_ID	_Atom_chem_shift.Comp_index_ID	_Atom_chem_shift.Seq_ID	_Atom_chem_shift.Comp_ID	_Atom_chem_shift.Atom_ID	_Atom_chem_shift.Atom_type	_Atom_chem_shift.Atom_isotope_number	_Atom_chem_shift.Val	_Atom_chem_shift.Val_err	_Atom_chem_shift.Assign_fig_of_merit	_Atom_chem_shift.Ambiguity_code	_Atom_chem_shift.Ambiguity_set_ID	_Atom_chem_shift.Occupancy	_Atom_chem_shift.Resonance_ID	_Atom_chem_shift.Auth_entity_assembly_ID	_Atom_chem_shift.Auth_asym_ID	_Atom_chem_shift.Auth_seq_ID	_Atom_chem_shift.Auth_comp_ID	_Atom_chem_shift.Auth_atom_ID	_Atom_chem_shift.Details	_Atom_chem_shift.Entry_ID	_Atom_chem_shift.Assigned_chem_shift_list_ID
1,.,.,.,1,N,15,N,.,N,GLN,A,40,GLN,40,.,1,1,.,52078,72,.,.,40,116.973,.,_Atom_chem_shift.ID	_Atom_chem_shift.Assembly_atom_ID	_Atom_chem_shift.Entity_assembly_ID	_Atom_chem_shift.Entity_assembly_asym_ID	_Atom_chem_shift.Entity_ID	_Atom_chem_shift.Comp_index_ID	_Atom_chem_shift.Seq_ID	_Atom_chem_shift.Comp_ID	_Atom_chem_shift.Atom_ID	_Atom_chem_shift.Atom_type	_Atom_chem_shift.Atom_isotope_number	_Atom_chem_shift.Val	_Atom_chem_shift.Val_err	_Atom_chem_shift.Assign_fig_of_merit	_Atom_chem_shift.Ambiguity_code	_Atom_chem_shift.Ambiguity_set_ID	_Atom_chem_shift.Occupancy	_Atom_chem_shift.Resonance_ID	_Atom_chem_shift.Auth_entity_assembly_ID	_Atom_chem_shift.Auth_asym_ID	_Atom_chem_shift.Auth_seq_ID	_Atom_chem_shift.Auth_comp_ID	_Atom_chem_shift.Auth_atom_ID	_Atom_chem_shift.Details	_Atom_chem_shift.Entry_ID	_Atom_chem_shift.Assigned_chem_shift_list_ID
1,.,.,.,1,H,1,H,.,H,GLN,A,41,GLN,41,.,1,1,.,52078,73,.,.,41,7.39,.,_Atom_chem_shift.ID	_Atom_chem_shift.Assembly_atom_ID	_Atom_chem_shift.Entity_assembly_ID	_Atom_chem_shift.Entity_assembly_asym_ID	_Atom_chem_shift.Entity_ID	_Atom_chem_shift.Comp_index_ID	_Atom_chem_shift.Seq_ID	_Atom_chem_shift.Comp_ID	_Atom_chem_shift.Atom_ID	_Atom_chem_shift.Atom_type	_Atom_chem_shift.Atom_isotope_number	_Atom_chem_shift.Val	_Atom_chem_shift.Val_err	_Atom_chem_shift.Assign_fig_of_merit	_Atom_chem_shift.Ambiguity_code	_Atom_chem_shift.Ambiguity_set_ID	_Atom_chem_shift.Occupancy	_Atom_chem_shift.Resonance_ID	_Atom_chem_shift.Auth_entity_assembly_ID	_Atom_chem_shift.Auth_asym_ID	_Atom_chem_shift.Auth_seq_ID	_Atom_chem_shift.Auth_comp_ID	_Atom_chem_shift.Auth_atom_ID	_Atom_chem_shift.Details	_Atom_chem_shift.Entry_ID	_Atom_chem_shift.Assigned_chem_shift_list_ID
1,.,.,.,1,N,15,N,.,N,GLN,A,41,GLN,41,.,1,1,.,52078,74,.,.,41,118.051,.,_Atom_chem_shift.ID	_Atom_chem_shift.Assembly_atom_ID	_Atom_chem_shift.Entity_assembly_ID	_Atom_chem_shift.Entity_assembly_asym_ID	_Atom_chem_shift.Entity_ID	_Atom_chem_shift.Comp_index_ID	_Atom_chem_shift.Seq_ID	_Atom_chem_shift.Comp_ID	_Atom_chem_shift.Atom_ID	_Atom_chem_shift.Atom_type	_Atom_chem_shift.Atom_isotope_number	_Atom_chem_shift.Val	_Atom_chem_shift.Val_err	_Atom_chem_shift.Assign_fig_of_merit	_Atom_chem_shift.Ambiguity_code	_Atom_chem_shift.Ambiguity_set_ID	_Atom_chem_shift.Occupancy	_Atom_chem_shift.Resonance_ID	_Atom_chem_shift.Auth_entity_assembly_ID	_Atom_chem_shift.Auth_asym_ID	_Atom_chem_shift.Auth_seq_ID	_Atom_chem_shift.Auth_comp_ID	_Atom_chem_shift.Auth_atom_ID	_Atom_chem_shift.Details	_Atom_chem_shift.Entry_ID	_Atom_chem_shift.Assigned_chem_shift_list_ID
1,.,.,.,1,H,1,H,.,H,ARG,A,42,ARG,42,.,1,1,.,52078,75,.,.,42,8.387,.,_Atom_chem_shift.ID	_Atom_chem_shift.Assembly_atom_ID	_Atom_chem_shift.Entity_assembly_ID	_Atom_chem_shift.Entity_assembly_asym_ID	_Atom_chem_shift.Entity_ID	_Atom_chem_shift.Comp_index_ID	_Atom_chem_shift.Seq_ID	_Atom_chem_shift.Comp_ID	_Atom_chem_shift.Atom_ID	_Atom_chem_shift.Atom_type	_Atom_chem_shift.Atom_isotope_number	_Atom_chem_shift.Val	_Atom_chem_shift.Val_err	_Atom_chem_shift.Assign_fig_of_merit	_Atom_chem_shift.Ambiguity_code	_Atom_chem_shift.Ambiguity_set_ID	_Atom_chem_shift.Occupancy	_Atom_chem_shift.Resonance_ID	_Atom_chem_shift.Auth_entity_assembly_ID	_Atom_chem_shift.Auth_asym_ID	_Atom_chem_shift.Auth_seq_ID	_Atom_chem_shift.Auth_comp_ID	_Atom_chem_shift.Auth_atom_ID	_Atom_chem_shift.Details	_Atom_chem_shift.Entry_ID	_Atom_chem_shift.Assigned_chem_shift_list_ID
1,.,.,.,1,N,15,N,.,N,ARG,A,42,ARG,42,.,1,1,.,52078,76,.,.,42,123.142,.,_Atom_chem_shift.ID	_Atom_chem_shift.Assembly_atom_ID	_Atom_chem_shift.Entity_assembly_ID	_Atom_chem_shift.Entity_assembly_asym_ID	_Atom_chem_shift.Entity_ID	_Atom_chem_shift.Comp_index_ID	_Atom_chem_shift.Seq_ID	_Atom_chem_shift.Comp_ID	_Atom_chem_shift.Atom_ID	_Atom_chem_shift.Atom_type	_Atom_chem_shift.Atom_isotope_number	_Atom_chem_shift.Val	_Atom_chem_shift.Val_err	_Atom_chem_shift.Assign_fig_of_merit	_Atom_chem_shift.Ambiguity_code	_Atom_chem_shift.Ambiguity_set_ID	_Atom_chem_shift.Occupancy	_Atom_chem_shift.Resonance_ID	_Atom_chem_shift.Auth_entity_assembly_ID	_Atom_chem_shift.Auth_asym_ID	_Atom_chem_shift.Auth_seq_ID	_Atom_chem_shift.Auth_comp_ID	_Atom_chem_shift.Auth_atom_ID	_Atom_chem_shift.Details	_Atom_chem_shift.Entry_ID	_Atom_chem_shift.Assigned_chem_shift_list_ID
1,.,.,.,1,H,1,H,.,H,LEU,A,43,LEU,43,.,1,1,.,52078,77,.,.,43,8.788,.,_Atom_chem_shift.ID	_Atom_chem_shift.Assembly_atom_ID	_Atom_chem_shift.Entity_assembly_ID	_Atom_chem_shift.Entity_assembly_asym_ID	_Atom_chem_shift.Entity_ID	_Atom_chem_shift.Comp_index_ID	_Atom_chem_shift.Seq_ID	_Atom_chem_shift.Comp_ID	_Atom_chem_shift.Atom_ID	_Atom_chem_shift.Atom_type	_Atom_chem_shift.Atom_isotope_number	_Atom_chem_shift.Val	_Atom_chem_shift.Val_err	_Atom_chem_shift.Assign_fig_of_merit	_Atom_chem_shift.Ambiguity_code	_Atom_chem_shift.Ambiguity_set_ID	_Atom_chem_shift.Occupancy	_Atom_chem_shift.Resonance_ID	_Atom_chem_shift.Auth_entity_assembly_ID	_Atom_chem_shift.Auth_asym_ID	_Atom_chem_shift.Auth_seq_ID	_Atom_chem_shift.Auth_comp_ID	_Atom_chem_shift.Auth_atom_ID	_Atom_chem_shift.Details	_Atom_chem_shift.Entry_ID	_Atom_chem_shift.Assigned_chem_shift_list_ID
1,.,.,.,1,N,15,N,.,N,LEU,A,43,LEU,43,.,1,1,.,52078,78,.,.,43,124.709,.,_Atom_chem_shift.ID	_Atom_chem_shift.Assembly_atom_ID	_Atom_chem_shift.Entity_assembly_ID	_Atom_chem_shift.Entity_assembly_asym_ID	_Atom_chem_shift.Entity_ID	_Atom_chem_shift.Comp_index_ID	_Atom_chem_shift.Seq_ID	_Atom_chem_shift.Comp_ID	_Atom_chem_shift.Atom_ID	_Atom_chem_shift.Atom_type	_Atom_chem_shift.Atom_isotope_number	_Atom_chem_shift.Val	_Atom_chem_shift.Val_err	_Atom_chem_shift.Assign_fig_of_merit	_Atom_chem_shift.Ambiguity_code	_Atom_chem_shift.Ambiguity_set_ID	_Atom_chem_shift.Occupancy	_Atom_chem_shift.Resonance_ID	_Atom_chem_shift.Auth_entity_assembly_ID	_Atom_chem_shift.Auth_asym_ID	_Atom_chem_shift.Auth_seq_ID	_Atom_chem_shift.Auth_comp_ID	_Atom_chem_shift.Auth_atom_ID	_Atom_chem_shift.Details	_Atom_chem_shift.Entry_ID	_Atom_chem_shift.Assigned_chem_shift_list_ID
1,.,.,.,1,H,1,H,.,H,ILE,A,44,ILE,44,.,1,1,.,52078,79,.,.,44,9.059,.,_Atom_chem_shift.ID	_Atom_chem_shift.Assembly_atom_ID	_Atom_chem_shift.Entity_assembly_ID	_Atom_chem_shift.Entity_assembly_asym_ID	_Atom_chem_shift.Entity_ID	_Atom_chem_shift.Comp_index_ID	_Atom_chem_shift.Seq_ID	_Atom_chem_shift.Comp_ID	_Atom_chem_shift.Atom_ID	_Atom_chem_shift.Atom_type	_Atom_chem_shift.Atom_isotope_number	_Atom_chem_shift.Val	_Atom_chem_shift.Val_err	_Atom_chem_shift.Assign_fig_of_merit	_Atom_chem_shift.Ambiguity_code	_Atom_chem_shift.Ambiguity_set_ID	_Atom_chem_shift.Occupancy	_Atom_chem_shift.Resonance_ID	_Atom_chem_shift.Auth_entity_assembly_ID	_Atom_chem_shift.Auth_asym_ID	_Atom_chem_shift.Auth_seq_ID	_Atom_chem_shift.Auth_comp_ID	_Atom_chem_shift.Auth_atom_ID	_Atom_chem_shift.Details	_Atom_chem_shift.Entry_ID	_Atom_chem_shift.Assigned_chem_shift_list_ID
1,.,.,.,1,N,15,N,.,N,ILE,A,44,ILE,44,.,1,1,.,52078,80,.,.,44,122.55,.,_Atom_chem_shift.ID	_Atom_chem_shift.Assembly_atom_ID	_Atom_chem_shift.Entity_assembly_ID	_Atom_chem_shift.Entity_assembly_asym_ID	_Atom_chem_shift.Entity_ID	_Atom_chem_shift.Comp_index_ID	_Atom_chem_shift.Seq_ID	_Atom_chem_shift.Comp_ID	_Atom_chem_shift.Atom_ID	_Atom_chem_shift.Atom_type	_Atom_chem_shift.Atom_isotope_number	_Atom_chem_shift.Val	_Atom_chem_shift.Val_err	_Atom_chem_shift.Assign_fig_of_merit	_Atom_chem_shift.Ambiguity_code	_Atom_chem_shift.Ambiguity_set_ID	_Atom_chem_shift.Occupancy	_Atom_chem_shift.Resonance_ID	_Atom_chem_shift.Auth_entity_assembly_ID	_Atom_chem_shift.Auth_asym_ID	_Atom_chem_shift.Auth_seq_ID	_Atom_chem_shift.Auth_comp_ID	_Atom_chem_shift.Auth_atom_ID	_Atom_chem_shift.Details	_Atom_chem_shift.Entry_ID	_Atom_chem_shift.Assigned_chem_shift_list_ID
1,.,.,.,1,H,1,H,.,H,PHE,A,45,PHE,45,.,1,1,.,52078,81,.,.,45,8.786,.,_Atom_chem_shift.ID	_Atom_chem_shift.Assembly_atom_ID	_Atom_chem_shift.Entity_assembly_ID	_Atom_chem_shift.Entity_assembly_asym_ID	_Atom_chem_shift.Entity_ID	_Atom_chem_shift.Comp_index_ID	_Atom_chem_shift.Seq_ID	_Atom_chem_shift.Comp_ID	_Atom_chem_shift.Atom_ID	_Atom_chem_shift.Atom_type	_Atom_chem_shift.Atom_isotope_number	_Atom_chem_shift.Val	_Atom_chem_shift.Val_err	_Atom_chem_shift.Assign_fig_of_merit	_Atom_chem_shift.Ambiguity_code	_Atom_chem_shift.Ambiguity_set_ID	_Atom_chem_shift.Occupancy	_Atom_chem_shift.Resonance_ID	_Atom_chem_shift.Auth_entity_assembly_ID	_Atom_chem_shift.Auth_asym_ID	_Atom_chem_shift.Auth_seq_ID	_Atom_chem_shift.Auth_comp_ID	_Atom_chem_shift.Auth_atom_ID	_Atom_chem_shift.Details	_Atom_chem_shift.Entry_ID	_Atom_chem_shift.Assigned_chem_shift_list_ID
1,.,.,.,1,N,15,N,.,N,PHE,A,45,PHE,45,.,1,1,.,52078,82,.,.,45,124.911,.,_Atom_chem_shift.ID	_Atom_chem_shift.Assembly_atom_ID	_Atom_chem_shift.Entity_assembly_ID	_Atom_chem_shift.Entity_assembly_asym_ID	_Atom_chem_shift.Entity_ID	_Atom_chem_shift.Comp_index_ID	_Atom_chem_shift.Seq_ID	_Atom_chem_shift.Comp_ID	_Atom_chem_shift.Atom_ID	_Atom_chem_shift.Atom_type	_Atom_chem_shift.Atom_isotope_number	_Atom_chem_shift.Val	_Atom_chem_shift.Val_err	_Atom_chem_shift.Assign_fig_of_merit	_Atom_chem_shift.Ambiguity_code	_Atom_chem_shift.Ambiguity_set_ID	_Atom_chem_shift.Occupancy	_Atom_chem_shift.Resonance_ID	_Atom_chem_shift.Auth_entity_assembly_ID	_Atom_chem_shift.Auth_asym_ID	_Atom_chem_shift.Auth_seq_ID	_Atom_chem_shift.Auth_comp_ID	_Atom_chem_shift.Auth_atom_ID	_Atom_chem_shift.Details	_Atom_chem_shift.Entry_ID	_Atom_chem_shift.Assigned_chem_shift_list_ID
1,.,.,.,1,H,1,H,.,H,ALA,A,46,ALA,46,.,1,1,.,52078,83,.,.,46,8.938,.,_Atom_chem_shift.ID	_Atom_chem_shift.Assembly_atom_ID	_Atom_chem_shift.Entity_assembly_ID	_Atom_chem_shift.Entity_assembly_asym_ID	_Atom_chem_shift.Entity_ID	_Atom_chem_shift.Comp_index_ID	_Atom_chem_shift.Seq_ID	_Atom_chem_shift.Comp_ID	_Atom_chem_shift.Atom_ID	_Atom_chem_shift.Atom_type	_Atom_chem_shift.Atom_isotope_number	_Atom_chem_shift.Val	_Atom_chem_shift.Val_err	_Atom_chem_shift.Assign_fig_of_merit	_Atom_chem_shift.Ambiguity_code	_Atom_chem_shift.Ambiguity_set_ID	_Atom_chem_shift.Occupancy	_Atom_chem_shift.Resonance_ID	_Atom_chem_shift.Auth_entity_assembly_ID	_Atom_chem_shift.Auth_asym_ID	_Atom_chem_shift.Auth_seq_ID	_Atom_chem_shift.Auth_comp_ID	_Atom_chem_shift.Auth_atom_ID	_Atom_chem_shift.Details	_Atom_chem_shift.Entry_ID	_Atom_chem_shift.Assigned_chem_shift_list_ID
1,.,.,.,1,N,15,N,.,N,ALA,A,46,ALA,46,.,1,1,.,52078,84,.,.,46,133.009,.,_Atom_chem_shift.ID	_Atom_chem_shift.Assembly_atom_ID	_Atom_chem_shift.Entity_assembly_ID	_Atom_chem_shift.Entity_assembly_asym_ID	_Atom_chem_shift.Entity_ID	_Atom_chem_shift.Comp_index_ID	_Atom_chem_shift.Seq_ID	_Atom_chem_shift.Comp_ID	_Atom_chem_shift.Atom_ID	_Atom_chem_shift.Atom_type	_Atom_chem_shift.Atom_isotope_number	_Atom_chem_shift.Val	_Atom_chem_shift.Val_err	_Atom_chem_shift.Assign_fig_of_merit	_Atom_chem_shift.Ambiguity_code	_Atom_chem_shift.Ambiguity_set_ID	_Atom_chem_shift.Occupancy	_Atom_chem_shift.Resonance_ID	_Atom_chem_shift.Auth_entity_assembly_ID	_Atom_chem_shift.Auth_asym_ID	_Atom_chem_shift.Auth_seq_ID	_Atom_chem_shift.Auth_comp_ID	_Atom_chem_shift.Auth_atom_ID	_Atom_chem_shift.Details	_Atom_chem_shift.Entry_ID	_Atom_chem_shift.Assigned_chem_shift_list_ID
1,.,.,.,1,H,1,H,.,H,GLY,A,47,GLY,47,.,1,1,.,52078,85,.,.,47,8.055,.,_Atom_chem_shift.ID	_Atom_chem_shift.Assembly_atom_ID	_Atom_chem_shift.Entity_assembly_ID	_Atom_chem_shift.Entity_assembly_asym_ID	_Atom_chem_shift.Entity_ID	_Atom_chem_shift.Comp_index_ID	_Atom_chem_shift.Seq_ID	_Atom_chem_shift.Comp_ID	_Atom_chem_shift.Atom_ID	_Atom_chem_shift.Atom_type	_Atom_chem_shift.Atom_isotope_number	_Atom_chem_shift.Val	_Atom_chem_shift.Val_err	_Atom_chem_shift.Assign_fig_of_merit	_Atom_chem_shift.Ambiguity_code	_Atom_chem_shift.Ambiguity_set_ID	_Atom_chem_shift.Occupancy	_Atom_chem_shift.Resonance_ID	_Atom_chem_shift.Auth_entity_assembly_ID	_Atom_chem_shift.Auth_asym_ID	_Atom_chem_shift.Auth_seq_ID	_Atom_chem_shift.Auth_comp_ID	_Atom_chem_shift.Auth_atom_ID	_Atom_chem_shift.Details	_Atom_chem_shift.Entry_ID	_Atom_chem_shift.Assigned_chem_shift_list_ID
1,.,.,.,1,N,15,N,.,N,GLY,A,47,GLY,47,.,1,1,.,52078,86,.,.,47,102.461,.,_Atom_chem_shift.ID	_Atom_chem_shift.Assembly_atom_ID	_Atom_chem_shift.Entity_assembly_ID	_Atom_chem_shift.Entity_assembly_asym_ID	_Atom_chem_shift.Entity_ID	_Atom_chem_shift.Comp_index_ID	_Atom_chem_shift.Seq_ID	_Atom_chem_shift.Comp_ID	_Atom_chem_shift.Atom_ID	_Atom_chem_shift.Atom_type	_Atom_chem_shift.Atom_isotope_number	_Atom_chem_shift.Val	_Atom_chem_shift.Val_err	_Atom_chem_shift.Assign_fig_of_merit	_Atom_chem_shift.Ambiguity_code	_Atom_chem_shift.Ambiguity_set_ID	_Atom_chem_shift.Occupancy	_Atom_chem_shift.Resonance_ID	_Atom_chem_shift.Auth_entity_assembly_ID	_Atom_chem_shift.Auth_asym_ID	_Atom_chem_shift.Auth_seq_ID	_Atom_chem_shift.Auth_comp_ID	_Atom_chem_shift.Auth_atom_ID	_Atom_chem_shift.Details	_Atom_chem_shift.Entry_ID	_Atom_chem_shift.Assigned_chem_shift_list_ID
1,.,.,.,1,H,1,H,.,H,LYS,A,48,LYS,48,.,1,1,.,52078,87,.,.,48,7.886,.,_Atom_chem_shift.ID	_Atom_chem_shift.Assembly_atom_ID	_Atom_chem_shift.Entity_assembly_ID	_Atom_chem_shift.Entity_assembly_asym_ID	_Atom_chem_shift.Entity_ID	_Atom_chem_shift.Comp_index_ID	_Atom_chem_shift.Seq_ID	_Atom_chem_shift.Comp_ID	_Atom_chem_shift.Atom_ID	_Atom_chem_shift.Atom_type	_Atom_chem_shift.Atom_isotope_number	_Atom_chem_shift.Val	_Atom_chem_shift.Val_err	_Atom_chem_shift.Assign_fig_of_merit	_Atom_chem_shift.Ambiguity_code	_Atom_chem_shift.Ambiguity_set_ID	_Atom_chem_shift.Occupancy	_Atom_chem_shift.Resonance_ID	_Atom_chem_shift.Auth_entity_assembly_ID	_Atom_chem_shift.Auth_asym_ID	_Atom_chem_shift.Auth_seq_ID	_Atom_chem_shift.Auth_comp_ID	_Atom_chem_shift.Auth_atom_ID	_Atom_chem_shift.Details	_Atom_chem_shift.Entry_ID	_Atom_chem_shift.Assigned_chem_shift_list_ID
1,.,.,.,1,N,15,N,.,N,LYS,A,48,LYS,48,.,1,1,.,52078,88,.,.,48,122.104,.,_Atom_chem_shift.ID	_Atom_chem_shift.Assembly_atom_ID	_Atom_chem_shift.Entity_assembly_ID	_Atom_chem_shift.Entity_assembly_asym_ID	_Atom_chem_shift.Entity_ID	_Atom_chem_shift.Comp_index_ID	_Atom_chem_shift.Seq_ID	_Atom_chem_shift.Comp_ID	_Atom_chem_shift.Atom_ID	_Atom_chem_shift.Atom_type	_Atom_chem_shift.Atom_isotope_number	_Atom_chem_shift.Val	_Atom_chem_shift.Val_err	_Atom_chem_shift.Assign_fig_of_merit	_Atom_chem_shift.Ambiguity_code	_Atom_chem_shift.Ambiguity_set_ID	_Atom_chem_shift.Occupancy	_Atom_chem_shift.Resonance_ID	_Atom_chem_shift.Auth_entity_assembly_ID	_Atom_chem_shift.Auth_asym_ID	_Atom_chem_shift.Auth_seq_ID	_Atom_chem_shift.Auth_comp_ID	_Atom_chem_shift.Auth_atom_ID	_Atom_chem_shift.Details	_Atom_chem_shift.Entry_ID	_Atom_chem_shift.Assigned_chem_shift_list_ID
1,.,.,.,1,H,1,H,.,H,GLN,A,49,GLN,49,.,1,1,.,52078,89,.,.,49,8.509,.,_Atom_chem_shift.ID	_Atom_chem_shift.Assembly_atom_ID	_Atom_chem_shift.Entity_assembly_ID	_Atom_chem_shift.Entity_assembly_asym_ID	_Atom_chem_shift.Entity_ID	_Atom_chem_shift.Comp_index_ID	_Atom_chem_shift.Seq_ID	_Atom_chem_shift.Comp_ID	_Atom_chem_shift.Atom_ID	_Atom_chem_shift.Atom_type	_Atom_chem_shift.Atom_isotope_number	_Atom_chem_shift.Val	_Atom_chem_shift.Val_err	_Atom_chem_shift.Assign_fig_of_merit	_Atom_chem_shift.Ambiguity_code	_Atom_chem_shift.Ambiguity_set_ID	_Atom_chem_shift.Occupancy	_Atom_chem_shift.Resonance_ID	_Atom_chem_shift.Auth_entity_assembly_ID	_Atom_chem_shift.Auth_asym_ID	_Atom_chem_shift.Auth_seq_ID	_Atom_chem_shift.Auth_comp_ID	_Atom_chem_shift.Auth_atom_ID	_Atom_chem_shift.Details	_Atom_chem_shift.Entry_ID	_Atom_chem_shift.Assigned_chem_shift_list_ID
1,.,.,.,1,N,15,N,.,N,GLN,A,49,GLN,49,.,1,1,.,52078,90,.,.,49,123.21,.,_Atom_chem_shift.ID	_Atom_chem_shift.Assembly_atom_ID	_Atom_chem_shift.Entity_assembly_ID	_Atom_chem_shift.Entity_assembly_asym_ID	_Atom_chem_shift.Entity_ID	_Atom_chem_shift.Comp_index_ID	_Atom_chem_shift.Seq_ID	_Atom_chem_shift.Comp_ID	_Atom_chem_shift.Atom_ID	_Atom_chem_shift.Atom_type	_Atom_chem_shift.Atom_isotope_number	_Atom_chem_shift.Val	_Atom_chem_shift.Val_err	_Atom_chem_shift.Assign_fig_of_merit	_Atom_chem_shift.Ambiguity_code	_Atom_chem_shift.Ambiguity_set_ID	_Atom_chem_shift.Occupancy	_Atom_chem_shift.Resonance_ID	_Atom_chem_shift.Auth_entity_assembly_ID	_Atom_chem_shift.Auth_asym_ID	_Atom_chem_shift.Auth_seq_ID	_Atom_chem_shift.Auth_comp_ID	_Atom_chem_shift.Auth_atom_ID	_Atom_chem_shift.Details	_Atom_chem_shift.Entry_ID	_Atom_chem_shift.Assigned_chem_shift_list_ID
1,.,.,.,1,H,1,H,.,H,LEU,A,50,LEU,50,.,1,1,.,52078,91,.,.,50,8.476,.,_Atom_chem_shift.ID	_Atom_chem_shift.Assembly_atom_ID	_Atom_chem_shift.Entity_assembly_ID	_Atom_chem_shift.Entity_assembly_asym_ID	_Atom_chem_shift.Entity_ID	_Atom_chem_shift.Comp_index_ID	_Atom_chem_shift.Seq_ID	_Atom_chem_shift.Comp_ID	_Atom_chem_shift.Atom_ID	_Atom_chem_shift.Atom_type	_Atom_chem_shift.Atom_isotope_number	_Atom_chem_shift.Val	_Atom_chem_shift.Val_err	_Atom_chem_shift.Assign_fig_of_merit	_Atom_chem_shift.Ambiguity_code	_Atom_chem_shift.Ambiguity_set_ID	_Atom_chem_shift.Occupancy	_Atom_chem_shift.Resonance_ID	_Atom_chem_shift.Auth_entity_assembly_ID	_Atom_chem_shift.Auth_asym_ID	_Atom_chem_shift.Auth_seq_ID	_Atom_chem_shift.Auth_comp_ID	_Atom_chem_shift.Auth_atom_ID	_Atom_chem_shift.Details	_Atom_chem_shift.Entry_ID	_Atom_chem_shift.Assigned_chem_shift_list_ID
1,.,.,.,1,N,15,N,.,N,LEU,A,50,LEU,50,.,1,1,.,52078,92,.,.,50,125.854,.,_Atom_chem_shift.ID	_Atom_chem_shift.Assembly_atom_ID	_Atom_chem_shift.Entity_assembly_ID	_Atom_chem_shift.Entity_assembly_asym_ID	_Atom_chem_shift.Entity_ID	_Atom_chem_shift.Comp_index_ID	_Atom_chem_shift.Seq_ID	_Atom_chem_shift.Comp_ID	_Atom_chem_shift.Atom_ID	_Atom_chem_shift.Atom_type	_Atom_chem_shift.Atom_isotope_number	_Atom_chem_shift.Val	_Atom_chem_shift.Val_err	_Atom_chem_shift.Assign_fig_of_merit	_Atom_chem_shift.Ambiguity_code	_Atom_chem_shift.Ambiguity_set_ID	_Atom_chem_shift.Occupancy	_Atom_chem_shift.Resonance_ID	_Atom_chem_shift.Auth_entity_assembly_ID	_Atom_chem_shift.Auth_asym_ID	_Atom_chem_shift.Auth_seq_ID	_Atom_chem_shift.Auth_comp_ID	_Atom_chem_shift.Auth_atom_ID	_Atom_chem_shift.Details	_Atom_chem_shift.Entry_ID	_Atom_chem_shift.Assigned_chem_shift_list_ID
1,.,.,.,1,H,1,H,.,H,GLU,A,51,GLU,51,.,1,1,.,52078,93,.,.,51,8.308,.,_Atom_chem_shift.ID	_Atom_chem_shift.Assembly_atom_ID	_Atom_chem_shift.Entity_assembly_ID	_Atom_chem_shift.Entity_assembly_asym_ID	_Atom_chem_shift.Entity_ID	_Atom_chem_shift.Comp_index_ID	_Atom_chem_shift.Seq_ID	_Atom_chem_shift.Comp_ID	_Atom_chem_shift.Atom_ID	_Atom_chem_shift.Atom_type	_Atom_chem_shift.Atom_isotope_number	_Atom_chem_shift.Val	_Atom_chem_shift.Val_err	_Atom_chem_shift.Assign_fig_of_merit	_Atom_chem_shift.Ambiguity_code	_Atom_chem_shift.Ambiguity_set_ID	_Atom_chem_shift.Occupancy	_Atom_chem_shift.Resonance_ID	_Atom_chem_shift.Auth_entity_assembly_ID	_Atom_chem_shift.Auth_asym_ID	_Atom_chem_shift.Auth_seq_ID	_Atom_chem_shift.Auth_comp_ID	_Atom_chem_shift.Auth_atom_ID	_Atom_chem_shift.Details	_Atom_chem_shift.Entry_ID	_Atom_chem_shift.Assigned_chem_shift_list_ID
1,.,.,.,1,N,15,N,.,N,GLU,A,51,GLU,51,.,1,1,.,52078,94,.,.,51,123.121,.,_Atom_chem_shift.ID	_Atom_chem_shift.Assembly_atom_ID	_Atom_chem_shift.Entity_assembly_ID	_Atom_chem_shift.Entity_assembly_asym_ID	_Atom_chem_shift.Entity_ID	_Atom_chem_shift.Comp_index_ID	_Atom_chem_shift.Seq_ID	_Atom_chem_shift.Comp_ID	_Atom_chem_shift.Atom_ID	_Atom_chem_shift.Atom_type	_Atom_chem_shift.Atom_isotope_number	_Atom_chem_shift.Val	_Atom_chem_shift.Val_err	_Atom_chem_shift.Assign_fig_of_merit	_Atom_chem_shift.Ambiguity_code	_Atom_chem_shift.Ambiguity_set_ID	_Atom_chem_shift.Occupancy	_Atom_chem_shift.Resonance_ID	_Atom_chem_shift.Auth_entity_assembly_ID	_Atom_chem_shift.Auth_asym_ID	_Atom_chem_shift.Auth_seq_ID	_Atom_chem_shift.Auth_comp_ID	_Atom_chem_shift.Auth_atom_ID	_Atom_chem_shift.Details	_Atom_chem_shift.Entry_ID	_Atom_chem_shift.Assigned_chem_shift_list_ID
1,.,.,.,1,H,1,H,.,H,ASP,A,52,ASP,52,.,1,1,.,52078,95,.,.,52,8.088,.,_Atom_chem_shift.ID	_Atom_chem_shift.Assembly_atom_ID	_Atom_chem_shift.Entity_assembly_ID	_Atom_chem_shift.Entity_assembly_asym_ID	_Atom_chem_shift.Entity_ID	_Atom_chem_shift.Comp_index_ID	_Atom_chem_shift.Seq_ID	_Atom_chem_shift.Comp_ID	_Atom_chem_shift.Atom_ID	_Atom_chem_shift.Atom_type	_Atom_chem_shift.Atom_isotope_number	_Atom_chem_shift.Val	_Atom_chem_shift.Val_err	_Atom_chem_shift.Assign_fig_of_merit	_Atom_chem_shift.Ambiguity_code	_Atom_chem_shift.Ambiguity_set_ID	_Atom_chem_shift.Occupancy	_Atom_chem_shift.Resonance_ID	_Atom_chem_shift.Auth_entity_assembly_ID	_Atom_chem_shift.Auth_asym_ID	_Atom_chem_shift.Auth_seq_ID	_Atom_chem_shift.Auth_comp_ID	_Atom_chem_shift.Auth_atom_ID	_Atom_chem_shift.Details	_Atom_chem_shift.Entry_ID	_Atom_chem_shift.Assigned_chem_shift_list_ID
1,.,.,.,1,N,15,N,.,N,ASP,A,52,ASP,52,.,1,1,.,52078,96,.,.,52,120.449,.,_Atom_chem_shift.ID	_Atom_chem_shift.Assembly_atom_ID	_Atom_chem_shift.Entity_assembly_ID	_Atom_chem_shift.Entity_assembly_asym_ID	_Atom_chem_shift.Entity_ID	_Atom_chem_shift.Comp_index_ID	_Atom_chem_shift.Seq_ID	_Atom_chem_shift.Comp_ID	_Atom_chem_shift.Atom_ID	_Atom_chem_shift.Atom_type	_Atom_chem_shift.Atom_isotope_number	_Atom_chem_shift.Val	_Atom_chem_shift.Val_err	_Atom_chem_shift.Assign_fig_of_merit	_Atom_chem_shift.Ambiguity_code	_Atom_chem_shift.Ambiguity_set_ID	_Atom_chem_shift.Occupancy	_Atom_chem_shift.Resonance_ID	_Atom_chem_shift.Auth_entity_assembly_ID	_Atom_chem_shift.Auth_asym_ID	_Atom_chem_shift.Auth_seq_ID	_Atom_chem_shift.Auth_comp_ID	_Atom_chem_shift.Auth_atom_ID	_Atom_chem_shift.Details	_Atom_chem_shift.Entry_ID	_Atom_chem_shift.Assigned_chem_shift_list_ID
1,.,.,.,1,H,1,H,.,H,ARG,A,54,ARG,54,.,1,1,.,52078,97,.,.,54,7.373,.,_Atom_chem_shift.ID	_Atom_chem_shift.Assembly_atom_ID	_Atom_chem_shift.Entity_assembly_ID	_Atom_chem_shift.Entity_assembly_asym_ID	_Atom_chem_shift.Entity_ID	_Atom_chem_shift.Comp_index_ID	_Atom_chem_shift.Seq_ID	_Atom_chem_shift.Comp_ID	_Atom_chem_shift.Atom_ID	_Atom_chem_shift.Atom_type	_Atom_chem_shift.Atom_isotope_number	_Atom_chem_shift.Val	_Atom_chem_shift.Val_err	_Atom_chem_shift.Assign_fig_of_merit	_Atom_chem_shift.Ambiguity_code	_Atom_chem_shift.Ambiguity_set_ID	_Atom_chem_shift.Occupancy	_Atom_chem_shift.Resonance_ID	_Atom_chem_shift.Auth_entity_assembly_ID	_Atom_chem_shift.Auth_asym_ID	_Atom_chem_shift.Auth_seq_ID	_Atom_chem_shift.Auth_comp_ID	_Atom_chem_shift.Auth_atom_ID	_Atom_chem_shift.Details	_Atom_chem_shift.Entry_ID	_Atom_chem_shift.Assigned_chem_shift_list_ID
1,.,.,.,1,N,15,N,.,N,ARG,A,54,ARG,54,.,1,1,.,52078,98,.,.,54,119.444,.,_Atom_chem_shift.ID	_Atom_chem_shift.Assembly_atom_ID	_Atom_chem_shift.Entity_assembly_ID	_Atom_chem_shift.Entity_assembly_asym_ID	_Atom_chem_shift.Entity_ID	_Atom_chem_shift.Comp_index_ID	_Atom_chem_shift.Seq_ID	_Atom_chem_shift.Comp_ID	_Atom_chem_shift.Atom_ID	_Atom_chem_shift.Atom_type	_Atom_chem_shift.Atom_isotope_number	_Atom_chem_shift.Val	_Atom_chem_shift.Val_err	_Atom_chem_shift.Assign_fig_of_merit	_Atom_chem_shift.Ambiguity_code	_Atom_chem_shift.Ambiguity_set_ID	_Atom_chem_shift.Occupancy	_Atom_chem_shift.Resonance_ID	_Atom_chem_shift.Auth_entity_assembly_ID	_Atom_chem_shift.Auth_asym_ID	_Atom_chem_shift.Auth_seq_ID	_Atom_chem_shift.Auth_comp_ID	_Atom_chem_shift.Auth_atom_ID	_Atom_chem_shift.Details	_Atom_chem_shift.Entry_ID	_Atom_chem_shift.Assigned_chem_shift_list_ID
1,.,.,.,1,H,1,H,.,H,THR,A,55,THR,55,.,1,1,.,52078,99,.,.,55,8.752,.,_Atom_chem_shift.ID	_Atom_chem_shift.Assembly_atom_ID	_Atom_chem_shift.Entity_assembly_ID	_Atom_chem_shift.Entity_assembly_asym_ID	_Atom_chem_shift.Entity_ID	_Atom_chem_shift.Comp_index_ID	_Atom_chem_shift.Seq_ID	_Atom_chem_shift.Comp_ID	_Atom_chem_shift.Atom_ID	_Atom_chem_shift.Atom_type	_Atom_chem_shift.Atom_isotope_number	_Atom_chem_shift.Val	_Atom_chem_shift.Val_err	_Atom_chem_shift.Assign_fig_of_merit	_Atom_chem_shift.Ambiguity_code	_Atom_chem_shift.Ambiguity_set_ID	_Atom_chem_shift.Occupancy	_Atom_chem_shift.Resonance_ID	_Atom_chem_shift.Auth_entity_assembly_ID	_Atom_chem_shift.Auth_asym_ID	_Atom_chem_shift.Auth_seq_ID	_Atom_chem_shift.Auth_comp_ID	_Atom_chem_shift.Auth_atom_ID	_Atom_chem_shift.Details	_Atom_chem_shift.Entry_ID	_Atom_chem_shift.Assigned_chem_shift_list_ID
1,.,.,.,1,N,15,N,.,N,THR,A,55,THR,55,.,1,1,.,52078,100,.,.,55,108.938,.,_Atom_chem_shift.ID	_Atom_chem_shift.Assembly_atom_ID	_Atom_chem_shift.Entity_assembly_ID	_Atom_chem_shift.Entity_assembly_asym_ID	_Atom_chem_shift.Entity_ID	_Atom_chem_shift.Comp_index_ID	_Atom_chem_shift.Seq_ID	_Atom_chem_shift.Comp_ID	_Atom_chem_shift.Atom_ID	_Atom_chem_shift.Atom_type	_Atom_chem_shift.Atom_isotope_number	_Atom_chem_shift.Val	_Atom_chem_shift.Val_err	_Atom_chem_shift.Assign_fig_of_merit	_Atom_chem_shift.Ambiguity_code	_Atom_chem_shift.Ambiguity_set_ID	_Atom_chem_shift.Occupancy	_Atom_chem_shift.Resonance_ID	_Atom_chem_shift.Auth_entity_assembly_ID	_Atom_chem_shift.Auth_asym_ID	_Atom_chem_shift.Auth_seq_ID	_Atom_chem_shift.Auth_comp_ID	_Atom_chem_shift.Auth_atom_ID	_Atom_chem_shift.Details	_Atom_chem_shift.Entry_ID	_Atom_chem_shift.Assigned_chem_shift_list_ID
1,.,.,.,1,H,1,H,.,H,LEU,A,56,LEU,56,.,1,1,.,52078,101,.,.,56,8.057,.,_Atom_chem_shift.ID	_Atom_chem_shift.Assembly_atom_ID	_Atom_chem_shift.Entity_assembly_ID	_Atom_chem_shift.Entity_assembly_asym_ID	_Atom_chem_shift.Entity_ID	_Atom_chem_shift.Comp_index_ID	_Atom_chem_shift.Seq_ID	_Atom_chem_shift.Comp_ID	_Atom_chem_shift.Atom_ID	_Atom_chem_shift.Atom_type	_Atom_chem_shift.Atom_isotope_number	_Atom_chem_shift.Val	_Atom_chem_shift.Val_err	_Atom_chem_shift.Assign_fig_of_merit	_Atom_chem_shift.Ambiguity_code	_Atom_chem_shift.Ambiguity_set_ID	_Atom_chem_shift.Occupancy	_Atom_chem_shift.Resonance_ID	_Atom_chem_shift.Auth_entity_assembly_ID	_Atom_chem_shift.Auth_asym_ID	_Atom_chem_shift.Auth_seq_ID	_Atom_chem_shift.Auth_comp_ID	_Atom_chem_shift.Auth_atom_ID	_Atom_chem_shift.Details	_Atom_chem_shift.Entry_ID	_Atom_chem_shift.Assigned_chem_shift_list_ID
1,.,.,.,1,N,15,N,.,N,LEU,A,56,LEU,56,.,1,1,.,52078,102,.,.,56,118.07,.,_Atom_chem_shift.ID	_Atom_chem_shift.Assembly_atom_ID	_Atom_chem_shift.Entity_assembly_ID	_Atom_chem_shift.Entity_assembly_asym_ID	_Atom_chem_shift.Entity_ID	_Atom_chem_shift.Comp_index_ID	_Atom_chem_shift.Seq_ID	_Atom_chem_shift.Comp_ID	_Atom_chem_shift.Atom_ID	_Atom_chem_shift.Atom_type	_Atom_chem_shift.Atom_isotope_number	_Atom_chem_shift.Val	_Atom_chem_shift.Val_err	_Atom_chem_shift.Assign_fig_of_merit	_Atom_chem_shift.Ambiguity_code	_Atom_chem_shift.Ambiguity_set_ID	_Atom_chem_shift.Occupancy	_Atom_chem_shift.Resonance_ID	_Atom_chem_shift.Auth_entity_assembly_ID	_Atom_chem_shift.Auth_asym_ID	_Atom_chem_shift.Auth_seq_ID	_Atom_chem_shift.Auth_comp_ID	_Atom_chem_shift.Auth_atom_ID	_Atom_chem_shift.Details	_Atom_chem_shift.Entry_ID	_Atom_chem_shift.Assigned_chem_shift_list_ID
1,.,.,.,1,H,1,H,.,H,SER,A,57,SER,57,.,1,1,.,52078,103,.,.,57,8.397,.,_Atom_chem_shift.ID	_Atom_chem_shift.Assembly_atom_ID	_Atom_chem_shift.Entity_assembly_ID	_Atom_chem_shift.Entity_assembly_asym_ID	_Atom_chem_shift.Entity_ID	_Atom_chem_shift.Comp_index_ID	_Atom_chem_shift.Seq_ID	_Atom_chem_shift.Comp_ID	_Atom_chem_shift.Atom_ID	_Atom_chem_shift.Atom_type	_Atom_chem_shift.Atom_isotope_number	_Atom_chem_shift.Val	_Atom_chem_shift.Val_err	_Atom_chem_shift.Assign_fig_of_merit	_Atom_chem_shift.Ambiguity_code	_Atom_chem_shift.Ambiguity_set_ID	_Atom_chem_shift.Occupancy	_Atom_chem_shift.Resonance_ID	_Atom_chem_shift.Auth_entity_assembly_ID	_Atom_chem_shift.Auth_asym_ID	_Atom_chem_shift.Auth_seq_ID	_Atom_chem_shift.Auth_comp_ID	_Atom_chem_shift.Auth_atom_ID	_Atom_chem_shift.Details	_Atom_chem_shift.Entry_ID	_Atom_chem_shift.Assigned_chem_shift_list_ID
1,.,.,.,1,N,15,N,.,N,SER,A,57,SER,57,.,1,1,.,52078,104,.,.,57,113.59,.,_Atom_chem_shift.ID	_Atom_chem_shift.Assembly_atom_ID	_Atom_chem_shift.Entity_assembly_ID	_Atom_chem_shift.Entity_assembly_asym_ID	_Atom_chem_shift.Entity_ID	_Atom_chem_shift.Comp_index_ID	_Atom_chem_shift.Seq_ID	_Atom_chem_shift.Comp_ID	_Atom_chem_shift.Atom_ID	_Atom_chem_shift.Atom_type	_Atom_chem_shift.Atom_isotope_number	_Atom_chem_shift.Val	_Atom_chem_shift.Val_err	_Atom_chem_shift.Assign_fig_of_merit	_Atom_chem_shift.Ambiguity_code	_Atom_chem_shift.Ambiguity_set_ID	_Atom_chem_shift.Occupancy	_Atom_chem_shift.Resonance_ID	_Atom_chem_shift.Auth_entity_assembly_ID	_Atom_chem_shift.Auth_asym_ID	_Atom_chem_shift.Auth_seq_ID	_Atom_chem_shift.Auth_comp_ID	_Atom_chem_shift.Auth_atom_ID	_Atom_chem_shift.Details	_Atom_chem_shift.Entry_ID	_Atom_chem_shift.Assigned_chem_shift_list_ID
1,.,.,.,1,H,1,H,.,H,ASP,A,58,ASP,58,.,1,1,.,52078,105,.,.,58,7.839,.,_Atom_chem_shift.ID	_Atom_chem_shift.Assembly_atom_ID	_Atom_chem_shift.Entity_assembly_ID	_Atom_chem_shift.Entity_assembly_asym_ID	_Atom_chem_shift.Entity_ID	_Atom_chem_shift.Comp_index_ID	_Atom_chem_shift.Seq_ID	_Atom_chem_shift.Comp_ID	_Atom_chem_shift.Atom_ID	_Atom_chem_shift.Atom_type	_Atom_chem_shift.Atom_isotope_number	_Atom_chem_shift.Val	_Atom_chem_shift.Val_err	_Atom_chem_shift.Assign_fig_of_merit	_Atom_chem_shift.Ambiguity_code	_Atom_chem_shift.Ambiguity_set_ID	_Atom_chem_shift.Occupancy	_Atom_chem_shift.Resonance_ID	_Atom_chem_shift.Auth_entity_assembly_ID	_Atom_chem_shift.Auth_asym_ID	_Atom_chem_shift.Auth_seq_ID	_Atom_chem_shift.Auth_comp_ID	_Atom_chem_shift.Auth_atom_ID	_Atom_chem_shift.Details	_Atom_chem_shift.Entry_ID	_Atom_chem_shift.Assigned_chem_shift_list_ID
1,.,.,.,1,N,15,N,.,N,ASP,A,58,ASP,58,.,1,1,.,52078,106,.,.,58,124.616,.,_Atom_chem_shift.ID	_Atom_chem_shift.Assembly_atom_ID	_Atom_chem_shift.Entity_assembly_ID	_Atom_chem_shift.Entity_assembly_asym_ID	_Atom_chem_shift.Entity_ID	_Atom_chem_shift.Comp_index_ID	_Atom_chem_shift.Seq_ID	_Atom_chem_shift.Comp_ID	_Atom_chem_shift.Atom_ID	_Atom_chem_shift.Atom_type	_Atom_chem_shift.Atom_isotope_number	_Atom_chem_shift.Val	_Atom_chem_shift.Val_err	_Atom_chem_shift.Assign_fig_of_merit	_Atom_chem_shift.Ambiguity_code	_Atom_chem_shift.Ambiguity_set_ID	_Atom_chem_shift.Occupancy	_Atom_chem_shift.Resonance_ID	_Atom_chem_shift.Auth_entity_assembly_ID	_Atom_chem_shift.Auth_asym_ID	_Atom_chem_shift.Auth_seq_ID	_Atom_chem_shift.Auth_comp_ID	_Atom_chem_shift.Auth_atom_ID	_Atom_chem_shift.Details	_Atom_chem_shift.Entry_ID	_Atom_chem_shift.Assigned_chem_shift_list_ID
1,.,.,.,1,H,1,H,.,H,TYR,A,59,TYR,59,.,1,1,.,52078,107,.,.,59,7.169,.,_Atom_chem_shift.ID	_Atom_chem_shift.Assembly_atom_ID	_Atom_chem_shift.Entity_assembly_ID	_Atom_chem_shift.Entity_assembly_asym_ID	_Atom_chem_shift.Entity_ID	_Atom_chem_shift.Comp_index_ID	_Atom_chem_shift.Seq_ID	_Atom_chem_shift.Comp_ID	_Atom_chem_shift.Atom_ID	_Atom_chem_shift.Atom_type	_Atom_chem_shift.Atom_isotope_number	_Atom_chem_shift.Val	_Atom_chem_shift.Val_err	_Atom_chem_shift.Assign_fig_of_merit	_Atom_chem_shift.Ambiguity_code	_Atom_chem_shift.Ambiguity_set_ID	_Atom_chem_shift.Occupancy	_Atom_chem_shift.Resonance_ID	_Atom_chem_shift.Auth_entity_assembly_ID	_Atom_chem_shift.Auth_asym_ID	_Atom_chem_shift.Auth_seq_ID	_Atom_chem_shift.Auth_comp_ID	_Atom_chem_shift.Auth_atom_ID	_Atom_chem_shift.Details	_Atom_chem_shift.Entry_ID	_Atom_chem_shift.Assigned_chem_shift_list_ID
1,.,.,.,1,N,15,N,.,N,TYR,A,59,TYR,59,.,1,1,.,52078,108,.,.,59,115.846,.,_Atom_chem_shift.ID	_Atom_chem_shift.Assembly_atom_ID	_Atom_chem_shift.Entity_assembly_ID	_Atom_chem_shift.Entity_assembly_asym_ID	_Atom_chem_shift.Entity_ID	_Atom_chem_shift.Comp_index_ID	_Atom_chem_shift.Seq_ID	_Atom_chem_shift.Comp_ID	_Atom_chem_shift.Atom_ID	_Atom_chem_shift.Atom_type	_Atom_chem_shift.Atom_isotope_number	_Atom_chem_shift.Val	_Atom_chem_shift.Val_err	_Atom_chem_shift.Assign_fig_of_merit	_Atom_chem_shift.Ambiguity_code	_Atom_chem_shift.Ambiguity_set_ID	_Atom_chem_shift.Occupancy	_Atom_chem_shift.Resonance_ID	_Atom_chem_shift.Auth_entity_assembly_ID	_Atom_chem_shift.Auth_asym_ID	_Atom_chem_shift.Auth_seq_ID	_Atom_chem_shift.Auth_comp_ID	_Atom_chem_shift.Auth_atom_ID	_Atom_chem_shift.Details	_Atom_chem_shift.Entry_ID	_Atom_chem_shift.Assigned_chem_shift_list_ID
1,.,.,.,1,H,1,H,.,H,ASN,A,60,ASN,60,.,1,1,.,52078,109,.,.,60,8.057,.,_Atom_chem_shift.ID	_Atom_chem_shift.Assembly_atom_ID	_Atom_chem_shift.Entity_assembly_ID	_Atom_chem_shift.Entity_assembly_asym_ID	_Atom_chem_shift.Entity_ID	_Atom_chem_shift.Comp_index_ID	_Atom_chem_shift.Seq_ID	_Atom_chem_shift.Comp_ID	_Atom_chem_shift.Atom_ID	_Atom_chem_shift.Atom_type	_Atom_chem_shift.Atom_isotope_number	_Atom_chem_shift.Val	_Atom_chem_shift.Val_err	_Atom_chem_shift.Assign_fig_of_merit	_Atom_chem_shift.Ambiguity_code	_Atom_chem_shift.Ambiguity_set_ID	_Atom_chem_shift.Occupancy	_Atom_chem_shift.Resonance_ID	_Atom_chem_shift.Auth_entity_assembly_ID	_Atom_chem_shift.Auth_asym_ID	_Atom_chem_shift.Auth_seq_ID	_Atom_chem_shift.Auth_comp_ID	_Atom_chem_shift.Auth_atom_ID	_Atom_chem_shift.Details	_Atom_chem_shift.Entry_ID	_Atom_chem_shift.Assigned_chem_shift_list_ID
1,.,.,.,1,N,15,N,.,N,ASN,A,60,ASN,60,.,1,1,.,52078,110,.,.,60,115.933,.,_Atom_chem_shift.ID	_Atom_chem_shift.Assembly_atom_ID	_Atom_chem_shift.Entity_assembly_ID	_Atom_chem_shift.Entity_assembly_asym_ID	_Atom_chem_shift.Entity_ID	_Atom_chem_shift.Comp_index_ID	_Atom_chem_shift.Seq_ID	_Atom_chem_shift.Comp_ID	_Atom_chem_shift.Atom_ID	_Atom_chem_shift.Atom_type	_Atom_chem_shift.Atom_isotope_number	_Atom_chem_shift.Val	_Atom_chem_shift.Val_err	_Atom_chem_shift.Assign_fig_of_merit	_Atom_chem_shift.Ambiguity_code	_Atom_chem_shift.Ambiguity_set_ID	_Atom_chem_shift.Occupancy	_Atom_chem_shift.Resonance_ID	_Atom_chem_shift.Auth_entity_assembly_ID	_Atom_chem_shift.Auth_asym_ID	_Atom_chem_shift.Auth_seq_ID	_Atom_chem_shift.Auth_comp_ID	_Atom_chem_shift.Auth_atom_ID	_Atom_chem_shift.Details	_Atom_chem_shift.Entry_ID	_Atom_chem_shift.Assigned_chem_shift_list_ID
1,.,.,.,1,H,1,H,.,H,ILE,A,61,ILE,61,.,1,1,.,52078,111,.,.,61,7.133,.,_Atom_chem_shift.ID	_Atom_chem_shift.Assembly_atom_ID	_Atom_chem_shift.Entity_assembly_ID	_Atom_chem_shift.Entity_assembly_asym_ID	_Atom_chem_shift.Entity_ID	_Atom_chem_shift.Comp_index_ID	_Atom_chem_shift.Seq_ID	_Atom_chem_shift.Comp_ID	_Atom_chem_shift.Atom_ID	_Atom_chem_shift.Atom_type	_Atom_chem_shift.Atom_isotope_number	_Atom_chem_shift.Val	_Atom_chem_shift.Val_err	_Atom_chem_shift.Assign_fig_of_merit	_Atom_chem_shift.Ambiguity_code	_Atom_chem_shift.Ambiguity_set_ID	_Atom_chem_shift.Occupancy	_Atom_chem_shift.Resonance_ID	_Atom_chem_shift.Auth_entity_assembly_ID	_Atom_chem_shift.Auth_asym_ID	_Atom_chem_shift.Auth_seq_ID	_Atom_chem_shift.Auth_comp_ID	_Atom_chem_shift.Auth_atom_ID	_Atom_chem_shift.Details	_Atom_chem_shift.Entry_ID	_Atom_chem_shift.Assigned_chem_shift_list_ID
1,.,.,.,1,N,15,N,.,N,ILE,A,61,ILE,61,.,1,1,.,52078,112,.,.,61,118.958,.,_Atom_chem_shift.ID	_Atom_chem_shift.Assembly_atom_ID	_Atom_chem_shift.Entity_assembly_ID	_Atom_chem_shift.Entity_assembly_asym_ID	_Atom_chem_shift.Entity_ID	_Atom_chem_shift.Comp_index_ID	_Atom_chem_shift.Seq_ID	_Atom_chem_shift.Comp_ID	_Atom_chem_shift.Atom_ID	_Atom_chem_shift.Atom_type	_Atom_chem_shift.Atom_isotope_number	_Atom_chem_shift.Val	_Atom_chem_shift.Val_err	_Atom_chem_shift.Assign_fig_of_merit	_Atom_chem_shift.Ambiguity_code	_Atom_chem_shift.Ambiguity_set_ID	_Atom_chem_shift.Occupancy	_Atom_chem_shift.Resonance_ID	_Atom_chem_shift.Auth_entity_assembly_ID	_Atom_chem_shift.Auth_asym_ID	_Atom_chem_shift.Auth_seq_ID	_Atom_chem_shift.Auth_comp_ID	_Atom_chem_shift.Auth_atom_ID	_Atom_chem_shift.Details	_Atom_chem_shift.Entry_ID	_Atom_chem_shift.Assigned_chem_shift_list_ID
1,.,.,.,1,H,1,H,.,H,GLN,A,62,GLN,62,.,1,1,.,52078,113,.,.,62,7.538,.,_Atom_chem_shift.ID	_Atom_chem_shift.Assembly_atom_ID	_Atom_chem_shift.Entity_assembly_ID	_Atom_chem_shift.Entity_assembly_asym_ID	_Atom_chem_shift.Entity_ID	_Atom_chem_shift.Comp_index_ID	_Atom_chem_shift.Seq_ID	_Atom_chem_shift.Comp_ID	_Atom_chem_shift.Atom_ID	_Atom_chem_shift.Atom_type	_Atom_chem_shift.Atom_isotope_number	_Atom_chem_shift.Val	_Atom_chem_shift.Val_err	_Atom_chem_shift.Assign_fig_of_merit	_Atom_chem_shift.Ambiguity_code	_Atom_chem_shift.Ambiguity_set_ID	_Atom_chem_shift.Occupancy	_Atom_chem_shift.Resonance_ID	_Atom_chem_shift.Auth_entity_assembly_ID	_Atom_chem_shift.Auth_asym_ID	_Atom_chem_shift.Auth_seq_ID	_Atom_chem_shift.Auth_comp_ID	_Atom_chem_shift.Auth_atom_ID	_Atom_chem_shift.Details	_Atom_chem_shift.Entry_ID	_Atom_chem_shift.Assigned_chem_shift_list_ID
1,.,.,.,1,N,15,N,.,N,GLN,A,62,GLN,62,.,1,1,.,52078,114,.,.,62,125.026,.,_Atom_chem_shift.ID	_Atom_chem_shift.Assembly_atom_ID	_Atom_chem_shift.Entity_assembly_ID	_Atom_chem_shift.Entity_assembly_asym_ID	_Atom_chem_shift.Entity_ID	_Atom_chem_shift.Comp_index_ID	_Atom_chem_shift.Seq_ID	_Atom_chem_shift.Comp_ID	_Atom_chem_shift.Atom_ID	_Atom_chem_shift.Atom_type	_Atom_chem_shift.Atom_isotope_number	_Atom_chem_shift.Val	_Atom_chem_shift.Val_err	_Atom_chem_shift.Assign_fig_of_merit	_Atom_chem_shift.Ambiguity_code	_Atom_chem_shift.Ambiguity_set_ID	_Atom_chem_shift.Occupancy	_Atom_chem_shift.Resonance_ID	_Atom_chem_shift.Auth_entity_assembly_ID	_Atom_chem_shift.Auth_asym_ID	_Atom_chem_shift.Auth_seq_ID	_Atom_chem_shift.Auth_comp_ID	_Atom_chem_shift.Auth_atom_ID	_Atom_chem_shift.Details	_Atom_chem_shift.Entry_ID	_Atom_chem_shift.Assigned_chem_shift_list_ID
1,.,.,.,1,H,1,H,.,H,LYS,A,63,LYS,63,.,1,1,.,52078,115,.,.,63,8.41,.,_Atom_chem_shift.ID	_Atom_chem_shift.Assembly_atom_ID	_Atom_chem_shift.Entity_assembly_ID	_Atom_chem_shift.Entity_assembly_asym_ID	_Atom_chem_shift.Entity_ID	_Atom_chem_shift.Comp_index_ID	_Atom_chem_shift.Seq_ID	_Atom_chem_shift.Comp_ID	_Atom_chem_shift.Atom_ID	_Atom_chem_shift.Atom_type	_Atom_chem_shift.Atom_isotope_number	_Atom_chem_shift.Val	_Atom_chem_shift.Val_err	_Atom_chem_shift.Assign_fig_of_merit	_Atom_chem_shift.Ambiguity_code	_Atom_chem_shift.Ambiguity_set_ID	_Atom_chem_shift.Occupancy	_Atom_chem_shift.Resonance_ID	_Atom_chem_shift.Auth_entity_assembly_ID	_Atom_chem_shift.Auth_asym_ID	_Atom_chem_shift.Auth_seq_ID	_Atom_chem_shift.Auth_comp_ID	_Atom_chem_shift.Auth_atom_ID	_Atom_chem_shift.Details	_Atom_chem_shift.Entry_ID	_Atom_chem_shift.Assigned_chem_shift_list_ID
1,.,.,.,1,N,15,N,.,N,LYS,A,63,LYS,63,.,1,1,.,52078,116,.,.,63,120.668,.,_Atom_chem_shift.ID	_Atom_chem_shift.Assembly_atom_ID	_Atom_chem_shift.Entity_assembly_ID	_Atom_chem_shift.Entity_assembly_asym_ID	_Atom_chem_shift.Entity_ID	_Atom_chem_shift.Comp_index_ID	_Atom_chem_shift.Seq_ID	_Atom_chem_shift.Comp_ID	_Atom_chem_shift.Atom_ID	_Atom_chem_shift.Atom_type	_Atom_chem_shift.Atom_isotope_number	_Atom_chem_shift.Val	_Atom_chem_shift.Val_err	_Atom_chem_shift.Assign_fig_of_merit	_Atom_chem_shift.Ambiguity_code	_Atom_chem_shift.Ambiguity_set_ID	_Atom_chem_shift.Occupancy	_Atom_chem_shift.Resonance_ID	_Atom_chem_shift.Auth_entity_assembly_ID	_Atom_chem_shift.Auth_asym_ID	_Atom_chem_shift.Auth_seq_ID	_Atom_chem_shift.Auth_comp_ID	_Atom_chem_shift.Auth_atom_ID	_Atom_chem_shift.Details	_Atom_chem_shift.Entry_ID	_Atom_chem_shift.Assigned_chem_shift_list_ID
1,.,.,.,1,H,1,H,.,H,GLU,A,64,GLU,64,.,1,1,.,52078,117,.,.,64,9.23,.,_Atom_chem_shift.ID	_Atom_chem_shift.Assembly_atom_ID	_Atom_chem_shift.Entity_assembly_ID	_Atom_chem_shift.Entity_assembly_asym_ID	_Atom_chem_shift.Entity_ID	_Atom_chem_shift.Comp_index_ID	_Atom_chem_shift.Seq_ID	_Atom_chem_shift.Comp_ID	_Atom_chem_shift.Atom_ID	_Atom_chem_shift.Atom_type	_Atom_chem_shift.Atom_isotope_number	_Atom_chem_shift.Val	_Atom_chem_shift.Val_err	_Atom_chem_shift.Assign_fig_of_merit	_Atom_chem_shift.Ambiguity_code	_Atom_chem_shift.Ambiguity_set_ID	_Atom_chem_shift.Occupancy	_Atom_chem_shift.Resonance_ID	_Atom_chem_shift.Auth_entity_assembly_ID	_Atom_chem_shift.Auth_asym_ID	_Atom_chem_shift.Auth_seq_ID	_Atom_chem_shift.Auth_comp_ID	_Atom_chem_shift.Auth_atom_ID	_Atom_chem_shift.Details	_Atom_chem_shift.Entry_ID	_Atom_chem_shift.Assigned_chem_shift_list_ID
1,.,.,.,1,N,15,N,.,N,GLU,A,64,GLU,64,.,1,1,.,52078,118,.,.,64,114.734,.,_Atom_chem_shift.ID	_Atom_chem_shift.Assembly_atom_ID	_Atom_chem_shift.Entity_assembly_ID	_Atom_chem_shift.Entity_assembly_asym_ID	_Atom_chem_shift.Entity_ID	_Atom_chem_shift.Comp_index_ID	_Atom_chem_shift.Seq_ID	_Atom_chem_shift.Comp_ID	_Atom_chem_shift.Atom_ID	_Atom_chem_shift.Atom_type	_Atom_chem_shift.Atom_isotope_number	_Atom_chem_shift.Val	_Atom_chem_shift.Val_err	_Atom_chem_shift.Assign_fig_of_merit	_Atom_chem_shift.Ambiguity_code	_Atom_chem_shift.Ambiguity_set_ID	_Atom_chem_shift.Occupancy	_Atom_chem_shift.Resonance_ID	_Atom_chem_shift.Auth_entity_assembly_ID	_Atom_chem_shift.Auth_asym_ID	_Atom_chem_shift.Auth_seq_ID	_Atom_chem_shift.Auth_comp_ID	_Atom_chem_shift.Auth_atom_ID	_Atom_chem_shift.Details	_Atom_chem_shift.Entry_ID	_Atom_chem_shift.Assigned_chem_shift_list_ID
1,.,.,.,1,H,1,H,.,H,SER,A,65,SER,65,.,1,1,.,52078,119,.,.,65,7.57,.,_Atom_chem_shift.ID	_Atom_chem_shift.Assembly_atom_ID	_Atom_chem_shift.Entity_assembly_ID	_Atom_chem_shift.Entity_assembly_asym_ID	_Atom_chem_shift.Entity_ID	_Atom_chem_shift.Comp_index_ID	_Atom_chem_shift.Seq_ID	_Atom_chem_shift.Comp_ID	_Atom_chem_shift.Atom_ID	_Atom_chem_shift.Atom_type	_Atom_chem_shift.Atom_isotope_number	_Atom_chem_shift.Val	_Atom_chem_shift.Val_err	_Atom_chem_shift.Assign_fig_of_merit	_Atom_chem_shift.Ambiguity_code	_Atom_chem_shift.Ambiguity_set_ID	_Atom_chem_shift.Occupancy	_Atom_chem_shift.Resonance_ID	_Atom_chem_shift.Auth_entity_assembly_ID	_Atom_chem_shift.Auth_asym_ID	_Atom_chem_shift.Auth_seq_ID	_Atom_chem_shift.Auth_comp_ID	_Atom_chem_shift.Auth_atom_ID	_Atom_chem_shift.Details	_Atom_chem_shift.Entry_ID	_Atom_chem_shift.Assigned_chem_shift_list_ID
1,.,.,.,1,N,15,N,.,N,SER,A,65,SER,65,.,1,1,.,52078,120,.,.,65,115,.,_Atom_chem_shift.ID	_Atom_chem_shift.Assembly_atom_ID	_Atom_chem_shift.Entity_assembly_ID	_Atom_chem_shift.Entity_assembly_asym_ID	_Atom_chem_shift.Entity_ID	_Atom_chem_shift.Comp_index_ID	_Atom_chem_shift.Seq_ID	_Atom_chem_shift.Comp_ID	_Atom_chem_shift.Atom_ID	_Atom_chem_shift.Atom_type	_Atom_chem_shift.Atom_isotope_number	_Atom_chem_shift.Val	_Atom_chem_shift.Val_err	_Atom_chem_shift.Assign_fig_of_merit	_Atom_chem_shift.Ambiguity_code	_Atom_chem_shift.Ambiguity_set_ID	_Atom_chem_shift.Occupancy	_Atom_chem_shift.Resonance_ID	_Atom_chem_shift.Auth_entity_assembly_ID	_Atom_chem_shift.Auth_asym_ID	_Atom_chem_shift.Auth_seq_ID	_Atom_chem_shift.Auth_comp_ID	_Atom_chem_shift.Auth_atom_ID	_Atom_chem_shift.Details	_Atom_chem_shift.Entry_ID	_Atom_chem_shift.Assigned_chem_shift_list_ID
1,.,.,.,1,H,1,H,.,H,THR,A,66,THR,66,.,1,1,.,52078,121,.,.,66,8.61,.,_Atom_chem_shift.ID	_Atom_chem_shift.Assembly_atom_ID	_Atom_chem_shift.Entity_assembly_ID	_Atom_chem_shift.Entity_assembly_asym_ID	_Atom_chem_shift.Entity_ID	_Atom_chem_shift.Comp_index_ID	_Atom_chem_shift.Seq_ID	_Atom_chem_shift.Comp_ID	_Atom_chem_shift.Atom_ID	_Atom_chem_shift.Atom_type	_Atom_chem_shift.Atom_isotope_number	_Atom_chem_shift.Val	_Atom_chem_shift.Val_err	_Atom_chem_shift.Assign_fig_of_merit	_Atom_chem_shift.Ambiguity_code	_Atom_chem_shift.Ambiguity_set_ID	_Atom_chem_shift.Occupancy	_Atom_chem_shift.Resonance_ID	_Atom_chem_shift.Auth_entity_assembly_ID	_Atom_chem_shift.Auth_asym_ID	_Atom_chem_shift.Auth_seq_ID	_Atom_chem_shift.Auth_comp_ID	_Atom_chem_shift.Auth_atom_ID	_Atom_chem_shift.Details	_Atom_chem_shift.Entry_ID	_Atom_chem_shift.Assigned_chem_shift_list_ID
1,.,.,.,1,N,15,N,.,N,THR,A,66,THR,66,.,1,1,.,52078,122,.,.,66,117.599,.,_Atom_chem_shift.ID	_Atom_chem_shift.Assembly_atom_ID	_Atom_chem_shift.Entity_assembly_ID	_Atom_chem_shift.Entity_assembly_asym_ID	_Atom_chem_shift.Entity_ID	_Atom_chem_shift.Comp_index_ID	_Atom_chem_shift.Seq_ID	_Atom_chem_shift.Comp_ID	_Atom_chem_shift.Atom_ID	_Atom_chem_shift.Atom_type	_Atom_chem_shift.Atom_isotope_number	_Atom_chem_shift.Val	_Atom_chem_shift.Val_err	_Atom_chem_shift.Assign_fig_of_merit	_Atom_chem_shift.Ambiguity_code	_Atom_chem_shift.Ambiguity_set_ID	_Atom_chem_shift.Occupancy	_Atom_chem_shift.Resonance_ID	_Atom_chem_shift.Auth_entity_assembly_ID	_Atom_chem_shift.Auth_asym_ID	_Atom_chem_shift.Auth_seq_ID	_Atom_chem_shift.Auth_comp_ID	_Atom_chem_shift.Auth_atom_ID	_Atom_chem_shift.Details	_Atom_chem_shift.Entry_ID	_Atom_chem_shift.Assigned_chem_shift_list_ID
1,.,.,.,1,H,1,H,.,H,LEU,A,67,LEU,67,.,1,1,.,52078,123,.,.,67,9.314,.,_Atom_chem_shift.ID	_Atom_chem_shift.Assembly_atom_ID	_Atom_chem_shift.Entity_assembly_ID	_Atom_chem_shift.Entity_assembly_asym_ID	_Atom_chem_shift.Entity_ID	_Atom_chem_shift.Comp_index_ID	_Atom_chem_shift.Seq_ID	_Atom_chem_shift.Comp_ID	_Atom_chem_shift.Atom_ID	_Atom_chem_shift.Atom_type	_Atom_chem_shift.Atom_isotope_number	_Atom_chem_shift.Val	_Atom_chem_shift.Val_err	_Atom_chem_shift.Assign_fig_of_merit	_Atom_chem_shift.Ambiguity_code	_Atom_chem_shift.Ambiguity_set_ID	_Atom_chem_shift.Occupancy	_Atom_chem_shift.Resonance_ID	_Atom_chem_shift.Auth_entity_assembly_ID	_Atom_chem_shift.Auth_asym_ID	_Atom_chem_shift.Auth_seq_ID	_Atom_chem_shift.Auth_comp_ID	_Atom_chem_shift.Auth_atom_ID	_Atom_chem_shift.Details	_Atom_chem_shift.Entry_ID	_Atom_chem_shift.Assigned_chem_shift_list_ID
1,.,.,.,1,N,15,N,.,N,LEU,A,67,LEU,67,.,1,1,.,52078,124,.,.,67,127.954,.,_Atom_chem_shift.ID	_Atom_chem_shift.Assembly_atom_ID	_Atom_chem_shift.Entity_assembly_ID	_Atom_chem_shift.Entity_assembly_asym_ID	_Atom_chem_shift.Entity_ID	_Atom_chem_shift.Comp_index_ID	_Atom_chem_shift.Seq_ID	_Atom_chem_shift.Comp_ID	_Atom_chem_shift.Atom_ID	_Atom_chem_shift.Atom_type	_Atom_chem_shift.Atom_isotope_number	_Atom_chem_shift.Val	_Atom_chem_shift.Val_err	_Atom_chem_shift.Assign_fig_of_merit	_Atom_chem_shift.Ambiguity_code	_Atom_chem_shift.Ambiguity_set_ID	_Atom_chem_shift.Occupancy	_Atom_chem_shift.Resonance_ID	_Atom_chem_shift.Auth_entity_assembly_ID	_Atom_chem_shift.Auth_asym_ID	_Atom_chem_shift.Auth_seq_ID	_Atom_chem_shift.Auth_comp_ID	_Atom_chem_shift.Auth_atom_ID	_Atom_chem_shift.Details	_Atom_chem_shift.Entry_ID	_Atom_chem_shift.Assigned_chem_shift_list_ID
1,.,.,.,1,H,1,H,.,H,HIS,A,68,HIS,68,.,1,1,.,52078,125,.,.,68,9.128,.,_Atom_chem_shift.ID	_Atom_chem_shift.Assembly_atom_ID	_Atom_chem_shift.Entity_assembly_ID	_Atom_chem_shift.Entity_assembly_asym_ID	_Atom_chem_shift.Entity_ID	_Atom_chem_shift.Comp_index_ID	_Atom_chem_shift.Seq_ID	_Atom_chem_shift.Comp_ID	_Atom_chem_shift.Atom_ID	_Atom_chem_shift.Atom_type	_Atom_chem_shift.Atom_isotope_number	_Atom_chem_shift.Val	_Atom_chem_shift.Val_err	_Atom_chem_shift.Assign_fig_of_merit	_Atom_chem_shift.Ambiguity_code	_Atom_chem_shift.Ambiguity_set_ID	_Atom_chem_shift.Occupancy	_Atom_chem_shift.Resonance_ID	_Atom_chem_shift.Auth_entity_assembly_ID	_Atom_chem_shift.Auth_asym_ID	_Atom_chem_shift.Auth_seq_ID	_Atom_chem_shift.Auth_comp_ID	_Atom_chem_shift.Auth_atom_ID	_Atom_chem_shift.Details	_Atom_chem_shift.Entry_ID	_Atom_chem_shift.Assigned_chem_shift_list_ID
1,.,.,.,1,N,15,N,.,N,HIS,A,68,HIS,68,.,1,1,.,52078,126,.,.,68,119.454,.,_Atom_chem_shift.ID	_Atom_chem_shift.Assembly_atom_ID	_Atom_chem_shift.Entity_assembly_ID	_Atom_chem_shift.Entity_assembly_asym_ID	_Atom_chem_shift.Entity_ID	_Atom_chem_shift.Comp_index_ID	_Atom_chem_shift.Seq_ID	_Atom_chem_shift.Comp_ID	_Atom_chem_shift.Atom_ID	_Atom_chem_shift.Atom_type	_Atom_chem_shift.Atom_isotope_number	_Atom_chem_shift.Val	_Atom_chem_shift.Val_err	_Atom_chem_shift.Assign_fig_of_merit	_Atom_chem_shift.Ambiguity_code	_Atom_chem_shift.Ambiguity_set_ID	_Atom_chem_shift.Occupancy	_Atom_chem_shift.Resonance_ID	_Atom_chem_shift.Auth_entity_assembly_ID	_Atom_chem_shift.Auth_asym_ID	_Atom_chem_shift.Auth_seq_ID	_Atom_chem_shift.Auth_comp_ID	_Atom_chem_shift.Auth_atom_ID	_Atom_chem_shift.Details	_Atom_chem_shift.Entry_ID	_Atom_chem_shift.Assigned_chem_shift_list_ID
1,.,.,.,1,H,1,H,.,H,LEU,A,69,LEU,69,.,1,1,.,52078,127,.,.,69,8.233,.,_Atom_chem_shift.ID	_Atom_chem_shift.Assembly_atom_ID	_Atom_chem_shift.Entity_assembly_ID	_Atom_chem_shift.Entity_assembly_asym_ID	_Atom_chem_shift.Entity_ID	_Atom_chem_shift.Comp_index_ID	_Atom_chem_shift.Seq_ID	_Atom_chem_shift.Comp_ID	_Atom_chem_shift.Atom_ID	_Atom_chem_shift.Atom_type	_Atom_chem_shift.Atom_isotope_number	_Atom_chem_shift.Val	_Atom_chem_shift.Val_err	_Atom_chem_shift.Assign_fig_of_merit	_Atom_chem_shift.Ambiguity_code	_Atom_chem_shift.Ambiguity_set_ID	_Atom_chem_shift.Occupancy	_Atom_chem_shift.Resonance_ID	_Atom_chem_shift.Auth_entity_assembly_ID	_Atom_chem_shift.Auth_asym_ID	_Atom_chem_shift.Auth_seq_ID	_Atom_chem_shift.Auth_comp_ID	_Atom_chem_shift.Auth_atom_ID	_Atom_chem_shift.Details	_Atom_chem_shift.Entry_ID	_Atom_chem_shift.Assigned_chem_shift_list_ID
1,.,.,.,1,N,15,N,.,N,LEU,A,69,LEU,69,.,1,1,.,52078,128,.,.,69,123.772,.,_Atom_chem_shift.ID	_Atom_chem_shift.Assembly_atom_ID	_Atom_chem_shift.Entity_assembly_ID	_Atom_chem_shift.Entity_assembly_asym_ID	_Atom_chem_shift.Entity_ID	_Atom_chem_shift.Comp_index_ID	_Atom_chem_shift.Seq_ID	_Atom_chem_shift.Comp_ID	_Atom_chem_shift.Atom_ID	_Atom_chem_shift.Atom_type	_Atom_chem_shift.Atom_isotope_number	_Atom_chem_shift.Val	_Atom_chem_shift.Val_err	_Atom_chem_shift.Assign_fig_of_merit	_Atom_chem_shift.Ambiguity_code	_Atom_chem_shift.Ambiguity_set_ID	_Atom_chem_shift.Occupancy	_Atom_chem_shift.Resonance_ID	_Atom_chem_shift.Auth_entity_assembly_ID	_Atom_chem_shift.Auth_asym_ID	_Atom_chem_shift.Auth_seq_ID	_Atom_chem_shift.Auth_comp_ID	_Atom_chem_shift.Auth_atom_ID	_Atom_chem_shift.Details	_Atom_chem_shift.Entry_ID	_Atom_chem_shift.Assigned_chem_shift_list_ID
1,.,.,.,1,H,1,H,.,H,VAL,A,70,VAL,70,.,1,1,.,52078,129,.,.,70,9.073,.,_Atom_chem_shift.ID	_Atom_chem_shift.Assembly_atom_ID	_Atom_chem_shift.Entity_assembly_ID	_Atom_chem_shift.Entity_assembly_asym_ID	_Atom_chem_shift.Entity_ID	_Atom_chem_shift.Comp_index_ID	_Atom_chem_shift.Seq_ID	_Atom_chem_shift.Comp_ID	_Atom_chem_shift.Atom_ID	_Atom_chem_shift.Atom_type	_Atom_chem_shift.Atom_isotope_number	_Atom_chem_shift.Val	_Atom_chem_shift.Val_err	_Atom_chem_shift.Assign_fig_of_merit	_Atom_chem_shift.Ambiguity_code	_Atom_chem_shift.Ambiguity_set_ID	_Atom_chem_shift.Occupancy	_Atom_chem_shift.Resonance_ID	_Atom_chem_shift.Auth_entity_assembly_ID	_Atom_chem_shift.Auth_asym_ID	_Atom_chem_shift.Auth_seq_ID	_Atom_chem_shift.Auth_comp_ID	_Atom_chem_shift.Auth_atom_ID	_Atom_chem_shift.Details	_Atom_chem_shift.Entry_ID	_Atom_chem_shift.Assigned_chem_shift_list_ID
1,.,.,.,1,N,15,N,.,N,VAL,A,70,VAL,70,.,1,1,.,52078,130,.,.,70,126.577,.,_Atom_chem_shift.ID	_Atom_chem_shift.Assembly_atom_ID	_Atom_chem_shift.Entity_assembly_ID	_Atom_chem_shift.Entity_assembly_asym_ID	_Atom_chem_shift.Entity_ID	_Atom_chem_shift.Comp_index_ID	_Atom_chem_shift.Seq_ID	_Atom_chem_shift.Comp_ID	_Atom_chem_shift.Atom_ID	_Atom_chem_shift.Atom_type	_Atom_chem_shift.Atom_isotope_number	_Atom_chem_shift.Val	_Atom_chem_shift.Val_err	_Atom_chem_shift.Assign_fig_of_merit	_Atom_chem_shift.Ambiguity_code	_Atom_chem_shift.Ambiguity_set_ID	_Atom_chem_shift.Occupancy	_Atom_chem_shift.Resonance_ID	_Atom_chem_shift.Auth_entity_assembly_ID	_Atom_chem_shift.Auth_asym_ID	_Atom_chem_shift.Auth_seq_ID	_Atom_chem_shift.Auth_comp_ID	_Atom_chem_shift.Auth_atom_ID	_Atom_chem_shift.Details	_Atom_chem_shift.Entry_ID	_Atom_chem_shift.Assigned_chem_shift_list_ID
1,.,.,.,1,H,1,H,.,H,LEU,A,71,LEU,71,.,1,1,.,52078,131,.,.,71,8.023,.,_Atom_chem_shift.ID	_Atom_chem_shift.Assembly_atom_ID	_Atom_chem_shift.Entity_assembly_ID	_Atom_chem_shift.Entity_assembly_asym_ID	_Atom_chem_shift.Entity_ID	_Atom_chem_shift.Comp_index_ID	_Atom_chem_shift.Seq_ID	_Atom_chem_shift.Comp_ID	_Atom_chem_shift.Atom_ID	_Atom_chem_shift.Atom_type	_Atom_chem_shift.Atom_isotope_number	_Atom_chem_shift.Val	_Atom_chem_shift.Val_err	_Atom_chem_shift.Assign_fig_of_merit	_Atom_chem_shift.Ambiguity_code	_Atom_chem_shift.Ambiguity_set_ID	_Atom_chem_shift.Occupancy	_Atom_chem_shift.Resonance_ID	_Atom_chem_shift.Auth_entity_assembly_ID	_Atom_chem_shift.Auth_asym_ID	_Atom_chem_shift.Auth_seq_ID	_Atom_chem_shift.Auth_comp_ID	_Atom_chem_shift.Auth_atom_ID	_Atom_chem_shift.Details	_Atom_chem_shift.Entry_ID	_Atom_chem_shift.Assigned_chem_shift_list_ID
1,.,.,.,1,N,15,N,.,N,LEU,A,71,LEU,71,.,1,1,.,52078,132,.,.,71,123.175,.,_Atom_chem_shift.ID	_Atom_chem_shift.Assembly_atom_ID	_Atom_chem_shift.Entity_assembly_ID	_Atom_chem_shift.Entity_assembly_asym_ID	_Atom_chem_shift.Entity_ID	_Atom_chem_shift.Comp_index_ID	_Atom_chem_shift.Seq_ID	_Atom_chem_shift.Comp_ID	_Atom_chem_shift.Atom_ID	_Atom_chem_shift.Atom_type	_Atom_chem_shift.Atom_isotope_number	_Atom_chem_shift.Val	_Atom_chem_shift.Val_err	_Atom_chem_shift.Assign_fig_of_merit	_Atom_chem_shift.Ambiguity_code	_Atom_chem_shift.Ambiguity_set_ID	_Atom_chem_shift.Occupancy	_Atom_chem_shift.Resonance_ID	_Atom_chem_shift.Auth_entity_assembly_ID	_Atom_chem_shift.Auth_asym_ID	_Atom_chem_shift.Auth_seq_ID	_Atom_chem_shift.Auth_comp_ID	_Atom_chem_shift.Auth_atom_ID	_Atom_chem_shift.Details	_Atom_chem_shift.Entry_ID	_Atom_chem_shift.Assigned_chem_shift_list_ID
1,.,.,.,1,H,1,H,.,H,ARG,A,72,ARG,72,.,1,1,.,52078,133,.,.,72,8.537,.,_Atom_chem_shift.ID	_Atom_chem_shift.Assembly_atom_ID	_Atom_chem_shift.Entity_assembly_ID	_Atom_chem_shift.Entity_assembly_asym_ID	_Atom_chem_shift.Entity_ID	_Atom_chem_shift.Comp_index_ID	_Atom_chem_shift.Seq_ID	_Atom_chem_shift.Comp_ID	_Atom_chem_shift.Atom_ID	_Atom_chem_shift.Atom_type	_Atom_chem_shift.Atom_isotope_number	_Atom_chem_shift.Val	_Atom_chem_shift.Val_err	_Atom_chem_shift.Assign_fig_of_merit	_Atom_chem_shift.Ambiguity_code	_Atom_chem_shift.Ambiguity_set_ID	_Atom_chem_shift.Occupancy	_Atom_chem_shift.Resonance_ID	_Atom_chem_shift.Auth_entity_assembly_ID	_Atom_chem_shift.Auth_asym_ID	_Atom_chem_shift.Auth_seq_ID	_Atom_chem_shift.Auth_comp_ID	_Atom_chem_shift.Auth_atom_ID	_Atom_chem_shift.Details	_Atom_chem_shift.Entry_ID	_Atom_chem_shift.Assigned_chem_shift_list_ID
1,.,.,.,1,N,15,N,.,N,ARG,A,72,ARG,72,.,1,1,.,52078,134,.,.,72,123.653,.,_Atom_chem_shift.ID	_Atom_chem_shift.Assembly_atom_ID	_Atom_chem_shift.Entity_assembly_ID	_Atom_chem_shift.Entity_assembly_asym_ID	_Atom_chem_shift.Entity_ID	_Atom_chem_shift.Comp_index_ID	_Atom_chem_shift.Seq_ID	_Atom_chem_shift.Comp_ID	_Atom_chem_shift.Atom_ID	_Atom_chem_shift.Atom_type	_Atom_chem_shift.Atom_isotope_number	_Atom_chem_shift.Val	_Atom_chem_shift.Val_err	_Atom_chem_shift.Assign_fig_of_merit	_Atom_chem_shift.Ambiguity_code	_Atom_chem_shift.Ambiguity_set_ID	_Atom_chem_shift.Occupancy	_Atom_chem_shift.Resonance_ID	_Atom_chem_shift.Auth_entity_assembly_ID	_Atom_chem_shift.Auth_asym_ID	_Atom_chem_shift.Auth_seq_ID	_Atom_chem_shift.Auth_comp_ID	_Atom_chem_shift.Auth_atom_ID	_Atom_chem_shift.Details	_Atom_chem_shift.Entry_ID	_Atom_chem_shift.Assigned_chem_shift_list_ID
1,.,.,.,1,H,1,H,.,H,LEU,A,73,LEU,73,.,1,1,.,52078,135,.,.,73,8.305,.,_Atom_chem_shift.ID	_Atom_chem_shift.Assembly_atom_ID	_Atom_chem_shift.Entity_assembly_ID	_Atom_chem_shift.Entity_assembly_asym_ID	_Atom_chem_shift.Entity_ID	_Atom_chem_shift.Comp_index_ID	_Atom_chem_shift.Seq_ID	_Atom_chem_shift.Comp_ID	_Atom_chem_shift.Atom_ID	_Atom_chem_shift.Atom_type	_Atom_chem_shift.Atom_isotope_number	_Atom_chem_shift.Val	_Atom_chem_shift.Val_err	_Atom_chem_shift.Assign_fig_of_merit	_Atom_chem_shift.Ambiguity_code	_Atom_chem_shift.Ambiguity_set_ID	_Atom_chem_shift.Occupancy	_Atom_chem_shift.Resonance_ID	_Atom_chem_shift.Auth_entity_assembly_ID	_Atom_chem_shift.Auth_asym_ID	_Atom_chem_shift.Auth_seq_ID	_Atom_chem_shift.Auth_comp_ID	_Atom_chem_shift.Auth_atom_ID	_Atom_chem_shift.Details	_Atom_chem_shift.Entry_ID	_Atom_chem_shift.Assigned_chem_shift_list_ID
1,.,.,.,1,N,15,N,.,N,LEU,A,73,LEU,73,.,1,1,.,52078,136,.,.,73,124.753,.,_Atom_chem_shift.ID	_Atom_chem_shift.Assembly_atom_ID	_Atom_chem_shift.Entity_assembly_ID	_Atom_chem_shift.Entity_assembly_asym_ID	_Atom_chem_shift.Entity_ID	_Atom_chem_shift.Comp_index_ID	_Atom_chem_shift.Seq_ID	_Atom_chem_shift.Comp_ID	_Atom_chem_shift.Atom_ID	_Atom_chem_shift.Atom_type	_Atom_chem_shift.Atom_isotope_number	_Atom_chem_shift.Val	_Atom_chem_shift.Val_err	_Atom_chem_shift.Assign_fig_of_merit	_Atom_chem_shift.Ambiguity_code	_Atom_chem_shift.Ambiguity_set_ID	_Atom_chem_shift.Occupancy	_Atom_chem_shift.Resonance_ID	_Atom_chem_shift.Auth_entity_assembly_ID	_Atom_chem_shift.Auth_asym_ID	_Atom_chem_shift.Auth_seq_ID	_Atom_chem_shift.Auth_comp_ID	_Atom_chem_shift.Auth_atom_ID	_Atom_chem_shift.Details	_Atom_chem_shift.Entry_ID	_Atom_chem_shift.Assigned_chem_shift_list_ID
1,.,.,.,1,H,1,H,.,H,ARG,A,74,ARG,74,.,1,1,.,52078,137,.,.,74,8.354,.,_Atom_chem_shift.ID	_Atom_chem_shift.Assembly_atom_ID	_Atom_chem_shift.Entity_assembly_ID	_Atom_chem_shift.Entity_assembly_asym_ID	_Atom_chem_shift.Entity_ID	_Atom_chem_shift.Comp_index_ID	_Atom_chem_shift.Seq_ID	_Atom_chem_shift.Comp_ID	_Atom_chem_shift.Atom_ID	_Atom_chem_shift.Atom_type	_Atom_chem_shift.Atom_isotope_number	_Atom_chem_shift.Val	_Atom_chem_shift.Val_err	_Atom_chem_shift.Assign_fig_of_merit	_Atom_chem_shift.Ambiguity_code	_Atom_chem_shift.Ambiguity_set_ID	_Atom_chem_shift.Occupancy	_Atom_chem_shift.Resonance_ID	_Atom_chem_shift.Auth_entity_assembly_ID	_Atom_chem_shift.Auth_asym_ID	_Atom_chem_shift.Auth_seq_ID	_Atom_chem_shift.Auth_comp_ID	_Atom_chem_shift.Auth_atom_ID	_Atom_chem_shift.Details	_Atom_chem_shift.Entry_ID	_Atom_chem_shift.Assigned_chem_shift_list_ID
1,.,.,.,1,N,15,N,.,N,ARG,A,74,ARG,74,.,1,1,.,52078,138,.,.,74,121.882,.,_Atom_chem_shift.ID	_Atom_chem_shift.Assembly_atom_ID	_Atom_chem_shift.Entity_assembly_ID	_Atom_chem_shift.Entity_assembly_asym_ID	_Atom_chem_shift.Entity_ID	_Atom_chem_shift.Comp_index_ID	_Atom_chem_shift.Seq_ID	_Atom_chem_shift.Comp_ID	_Atom_chem_shift.Atom_ID	_Atom_chem_shift.Atom_type	_Atom_chem_shift.Atom_isotope_number	_Atom_chem_shift.Val	_Atom_chem_shift.Val_err	_Atom_chem_shift.Assign_fig_of_merit	_Atom_chem_shift.Ambiguity_code	_Atom_chem_shift.Ambiguity_set_ID	_Atom_chem_shift.Occupancy	_Atom_chem_shift.Resonance_ID	_Atom_chem_shift.Auth_entity_assembly_ID	_Atom_chem_shift.Auth_asym_ID	_Atom_chem_shift.Auth_seq_ID	_Atom_chem_shift.Auth_comp_ID	_Atom_chem_shift.Auth_atom_ID	_Atom_chem_shift.Details	_Atom_chem_shift.Entry_ID	_Atom_chem_shift.Assigned_chem_shift_list_ID
1,.,.,.,1,H,1,H,.,H,GLY,A,75,GLY,75,.,1,1,.,52078,139,.,.,75,8.404,.,_Atom_chem_shift.ID	_Atom_chem_shift.Assembly_atom_ID	_Atom_chem_shift.Entity_assembly_ID	_Atom_chem_shift.Entity_assembly_asym_ID	_Atom_chem_shift.Entity_ID	_Atom_chem_shift.Comp_index_ID	_Atom_chem_shift.Seq_ID	_Atom_chem_shift.Comp_ID	_Atom_chem_shift.Atom_ID	_Atom_chem_shift.Atom_type	_Atom_chem_shift.Atom_isotope_number	_Atom_chem_shift.Val	_Atom_chem_shift.Val_err	_Atom_chem_shift.Assign_fig_of_merit	_Atom_chem_shift.Ambiguity_code	_Atom_chem_shift.Ambiguity_set_ID	_Atom_chem_shift.Occupancy	_Atom_chem_shift.Resonance_ID	_Atom_chem_shift.Auth_entity_assembly_ID	_Atom_chem_shift.Auth_asym_ID	_Atom_chem_shift.Auth_seq_ID	_Atom_chem_shift.Auth_comp_ID	_Atom_chem_shift.Auth_atom_ID	_Atom_chem_shift.Details	_Atom_chem_shift.Entry_ID	_Atom_chem_shift.Assigned_chem_shift_list_ID
1,.,.,.,1,N,15,N,.,N,GLY,A,75,GLY,75,.,1,1,.,52078,140,.,.,75,110.988,.,_Atom_chem_shift.ID	_Atom_chem_shift.Assembly_atom_ID	_Atom_chem_shift.Entity_assembly_ID	_Atom_chem_shift.Entity_assembly_asym_ID	_Atom_chem_shift.Entity_ID	_Atom_chem_shift.Comp_index_ID	_Atom_chem_shift.Seq_ID	_Atom_chem_shift.Comp_ID	_Atom_chem_shift.Atom_ID	_Atom_chem_shift.Atom_type	_Atom_chem_shift.Atom_isotope_number	_Atom_chem_shift.Val	_Atom_chem_shift.Val_err	_Atom_chem_shift.Assign_fig_of_merit	_Atom_chem_shift.Ambiguity_code	_Atom_chem_shift.Ambiguity_set_ID	_Atom_chem_shift.Occupancy	_Atom_chem_shift.Resonance_ID	_Atom_chem_shift.Auth_entity_assembly_ID	_Atom_chem_shift.Auth_asym_ID	_Atom_chem_shift.Auth_seq_ID	_Atom_chem_shift.Auth_comp_ID	_Atom_chem_shift.Auth_atom_ID	_Atom_chem_shift.Details	_Atom_chem_shift.Entry_ID	_Atom_chem_shift.Assigned_chem_shift_list_ID
1,.,.,.,1,H,1,H,.,H,GLY,A,76,GLY,76,.,1,1,.,52078,141,.,.,76,7.881,.,_Atom_chem_shift.ID	_Atom_chem_shift.Assembly_atom_ID	_Atom_chem_shift.Entity_assembly_ID	_Atom_chem_shift.Entity_assembly_asym_ID	_Atom_chem_shift.Entity_ID	_Atom_chem_shift.Comp_index_ID	_Atom_chem_shift.Seq_ID	_Atom_chem_shift.Comp_ID	_Atom_chem_shift.Atom_ID	_Atom_chem_shift.Atom_type	_Atom_chem_shift.Atom_isotope_number	_Atom_chem_shift.Val	_Atom_chem_shift.Val_err	_Atom_chem_shift.Assign_fig_of_merit	_Atom_chem_shift.Ambiguity_code	_Atom_chem_shift.Ambiguity_set_ID	_Atom_chem_shift.Occupancy	_Atom_chem_shift.Resonance_ID	_Atom_chem_shift.Auth_entity_assembly_ID	_Atom_chem_shift.Auth_asym_ID	_Atom_chem_shift.Auth_seq_ID	_Atom_chem_shift.Auth_comp_ID	_Atom_chem_shift.Auth_atom_ID	_Atom_chem_shift.Details	_Atom_chem_shift.Entry_ID	_Atom_chem_shift.Assigned_chem_shift_list_ID
1,.,.,.,1,N,15,N,.,N,GLY,A,76,GLY,76,.,1,1,.,52078,142,.,.,76,115.153,.,_Atom_chem_shift.ID	_Atom_chem_shift.Assembly_atom_ID	_Atom_chem_shift.Entity_assembly_ID	_Atom_chem_shift.Entity_assembly_asym_ID	_Atom_chem_shift.Entity_ID	_Atom_chem_shift.Comp_index_ID	_Atom_chem_shift.Seq_ID	_Atom_chem_shift.Comp_ID	_Atom_chem_shift.Atom_ID	_Atom_chem_shift.Atom_type	_Atom_chem_shift.Atom_isotope_number	_Atom_chem_shift.Val	_Atom_chem_shift.Val_err	_Atom_chem_shift.Assign_fig_of_merit	_Atom_chem_shift.Ambiguity_code	_Atom_chem_shift.Ambiguity_set_ID	_Atom_chem_shift.Occupancy	_Atom_chem_shift.Resonance_ID	_Atom_chem_shift.Auth_entity_assembly_ID	_Atom_chem_shift.Auth_asym_ID	_Atom_chem_shift.Auth_seq_ID	_Atom_chem_shift.Auth_comp_ID	_Atom_chem_shift.Auth_atom_ID	_Atom_chem_shift.Details	_Atom_chem_shift.Entry_ID	_Atom_chem_shift.Assigned_chem_shift_list_ID
1,.,.,.,2,H,1,H,.,H,GLN,B,2,GLN,2,.,1,2,.,52078,1,.,.,2,8.865,.,_Atom_chem_shift.ID	_Atom_chem_shift.Assembly_atom_ID	_Atom_chem_shift.Entity_assembly_ID	_Atom_chem_shift.Entity_assembly_asym_ID	_Atom_chem_shift.Entity_ID	_Atom_chem_shift.Comp_index_ID	_Atom_chem_shift.Seq_ID	_Atom_chem_shift.Comp_ID	_Atom_chem_shift.Atom_ID	_Atom_chem_shift.Atom_type	_Atom_chem_shift.Atom_isotope_number	_Atom_chem_shift.Val	_Atom_chem_shift.Val_err	_Atom_chem_shift.Assign_fig_of_merit	_Atom_chem_shift.Ambiguity_code	_Atom_chem_shift.Ambiguity_set_ID	_Atom_chem_shift.Occupancy	_Atom_chem_shift.Resonance_ID	_Atom_chem_shift.Auth_entity_assembly_ID	_Atom_chem_shift.Auth_asym_ID	_Atom_chem_shift.Auth_seq_ID	_Atom_chem_shift.Auth_comp_ID	_Atom_chem_shift.Auth_atom_ID	_Atom_chem_shift.Details	_Atom_chem_shift.Entry_ID	_Atom_chem_shift.Assigned_chem_shift_list_ID
1,.,.,.,2,N,15,N,.,N,GLN,B,2,GLN,2,.,1,2,.,52078,2,.,.,2,122.858,.,_Atom_chem_shift.ID	_Atom_chem_shift.Assembly_atom_ID	_Atom_chem_shift.Entity_assembly_ID	_Atom_chem_shift.Entity_assembly_asym_ID	_Atom_chem_shift.Entity_ID	_Atom_chem_shift.Comp_index_ID	_Atom_chem_shift.Seq_ID	_Atom_chem_shift.Comp_ID	_Atom_chem_shift.Atom_ID	_Atom_chem_shift.Atom_type	_Atom_chem_shift.Atom_isotope_number	_Atom_chem_shift.Val	_Atom_chem_shift.Val_err	_Atom_chem_shift.Assign_fig_of_merit	_Atom_chem_shift.Ambiguity_code	_Atom_chem_shift.Ambiguity_set_ID	_Atom_chem_shift.Occupancy	_Atom_chem_shift.Resonance_ID	_Atom_chem_shift.Auth_entity_assembly_ID	_Atom_chem_shift.Auth_asym_ID	_Atom_chem_shift.Auth_seq_ID	_Atom_chem_shift.Auth_comp_ID	_Atom_chem_shift.Auth_atom_ID	_Atom_chem_shift.Details	_Atom_chem_shift.Entry_ID	_Atom_chem_shift.Assigned_chem_shift_list_ID
1,.,.,.,2,H,1,H,.,H,ILE,B,3,ILE,3,.,1,2,.,52078,3,.,.,3,8.224,.,_Atom_chem_shift.ID	_Atom_chem_shift.Assembly_atom_ID	_Atom_chem_shift.Entity_assembly_ID	_Atom_chem_shift.Entity_assembly_asym_ID	_Atom_chem_shift.Entity_ID	_Atom_chem_shift.Comp_index_ID	_Atom_chem_shift.Seq_ID	_Atom_chem_shift.Comp_ID	_Atom_chem_shift.Atom_ID	_Atom_chem_shift.Atom_type	_Atom_chem_shift.Atom_isotope_number	_Atom_chem_shift.Val	_Atom_chem_shift.Val_err	_Atom_chem_shift.Assign_fig_of_merit	_Atom_chem_shift.Ambiguity_code	_Atom_chem_shift.Ambiguity_set_ID	_Atom_chem_shift.Occupancy	_Atom_chem_shift.Resonance_ID	_Atom_chem_shift.Auth_entity_assembly_ID	_Atom_chem_shift.Auth_asym_ID	_Atom_chem_shift.Auth_seq_ID	_Atom_chem_shift.Auth_comp_ID	_Atom_chem_shift.Auth_atom_ID	_Atom_chem_shift.Details	_Atom_chem_shift.Entry_ID	_Atom_chem_shift.Assigned_chem_shift_list_ID
1,.,.,.,2,N,15,N,.,N,ILE,B,3,ILE,3,.,1,2,.,52078,4,.,.,3,115.124,.,_Atom_chem_shift.ID	_Atom_chem_shift.Assembly_atom_ID	_Atom_chem_shift.Entity_assembly_ID	_Atom_chem_shift.Entity_assembly_asym_ID	_Atom_chem_shift.Entity_ID	_Atom_chem_shift.Comp_index_ID	_Atom_chem_shift.Seq_ID	_Atom_chem_shift.Comp_ID	_Atom_chem_shift.Atom_ID	_Atom_chem_shift.Atom_type	_Atom_chem_shift.Atom_isotope_number	_Atom_chem_shift.Val	_Atom_chem_shift.Val_err	_Atom_chem_shift.Assign_fig_of_merit	_Atom_chem_shift.Ambiguity_code	_Atom_chem_shift.Ambiguity_set_ID	_Atom_chem_shift.Occupancy	_Atom_chem_shift.Resonance_ID	_Atom_chem_shift.Auth_entity_assembly_ID	_Atom_chem_shift.Auth_asym_ID	_Atom_chem_shift.Auth_seq_ID	_Atom_chem_shift.Auth_comp_ID	_Atom_chem_shift.Auth_atom_ID	_Atom_chem_shift.Details	_Atom_chem_shift.Entry_ID	_Atom_chem_shift.Assigned_chem_shift_list_ID
1,.,.,.,2,H,1,H,.,H,PHE,B,4,PHE,4,.,1,2,.,52078,5,.,.,4,8.54,.,_Atom_chem_shift.ID	_Atom_chem_shift.Assembly_atom_ID	_Atom_chem_shift.Entity_assembly_ID	_Atom_chem_shift.Entity_assembly_asym_ID	_Atom_chem_shift.Entity_ID	_Atom_chem_shift.Comp_index_ID	_Atom_chem_shift.Seq_ID	_Atom_chem_shift.Comp_ID	_Atom_chem_shift.Atom_ID	_Atom_chem_shift.Atom_type	_Atom_chem_shift.Atom_isotope_number	_Atom_chem_shift.Val	_Atom_chem_shift.Val_err	_Atom_chem_shift.Assign_fig_of_merit	_Atom_chem_shift.Ambiguity_code	_Atom_chem_shift.Ambiguity_set_ID	_Atom_chem_shift.Occupancy	_Atom_chem_shift.Resonance_ID	_Atom_chem_shift.Auth_entity_assembly_ID	_Atom_chem_shift.Auth_asym_ID	_Atom_chem_shift.Auth_seq_ID	_Atom_chem_shift.Auth_comp_ID	_Atom_chem_shift.Auth_atom_ID	_Atom_chem_shift.Details	_Atom_chem_shift.Entry_ID	_Atom_chem_shift.Assigned_chem_shift_list_ID
1,.,.,.,2,N,15,N,.,N,PHE,B,4,PHE,4,.,1,2,.,52078,6,.,.,4,118.689,.,_Atom_chem_shift.ID	_Atom_chem_shift.Assembly_atom_ID	_Atom_chem_shift.Entity_assembly_ID	_Atom_chem_shift.Entity_assembly_asym_ID	_Atom_chem_shift.Entity_ID	_Atom_chem_shift.Comp_index_ID	_Atom_chem_shift.Seq_ID	_Atom_chem_shift.Comp_ID	_Atom_chem_shift.Atom_ID	_Atom_chem_shift.Atom_type	_Atom_chem_shift.Atom_isotope_number	_Atom_chem_shift.Val	_Atom_chem_shift.Val_err	_Atom_chem_shift.Assign_fig_of_merit	_Atom_chem_shift.Ambiguity_code	_Atom_chem_shift.Ambiguity_set_ID	_Atom_chem_shift.Occupancy	_Atom_chem_shift.Resonance_ID	_Atom_chem_shift.Auth_entity_assembly_ID	_Atom_chem_shift.Auth_asym_ID	_Atom_chem_shift.Auth_seq_ID	_Atom_chem_shift.Auth_comp_ID	_Atom_chem_shift.Auth_atom_ID	_Atom_chem_shift.Details	_Atom_chem_shift.Entry_ID	_Atom_chem_shift.Assigned_chem_shift_list_ID
1,.,.,.,2,H,1,H,.,H,VAL,B,5,VAL,5,.,1,2,.,52078,7,.,.,5,9.176,.,_Atom_chem_shift.ID	_Atom_chem_shift.Assembly_atom_ID	_Atom_chem_shift.Entity_assembly_ID	_Atom_chem_shift.Entity_assembly_asym_ID	_Atom_chem_shift.Entity_ID	_Atom_chem_shift.Comp_index_ID	_Atom_chem_shift.Seq_ID	_Atom_chem_shift.Comp_ID	_Atom_chem_shift.Atom_ID	_Atom_chem_shift.Atom_type	_Atom_chem_shift.Atom_isotope_number	_Atom_chem_shift.Val	_Atom_chem_shift.Val_err	_Atom_chem_shift.Assign_fig_of_merit	_Atom_chem_shift.Ambiguity_code	_Atom_chem_shift.Ambiguity_set_ID	_Atom_chem_shift.Occupancy	_Atom_chem_shift.Resonance_ID	_Atom_chem_shift.Auth_entity_assembly_ID	_Atom_chem_shift.Auth_asym_ID	_Atom_chem_shift.Auth_seq_ID	_Atom_chem_shift.Auth_comp_ID	_Atom_chem_shift.Auth_atom_ID	_Atom_chem_shift.Details	_Atom_chem_shift.Entry_ID	_Atom_chem_shift.Assigned_chem_shift_list_ID
1,.,.,.,2,N,15,N,.,N,VAL,B,5,VAL,5,.,1,2,.,52078,8,.,.,5,121.139,.,_Atom_chem_shift.ID	_Atom_chem_shift.Assembly_atom_ID	_Atom_chem_shift.Entity_assembly_ID	_Atom_chem_shift.Entity_assembly_asym_ID	_Atom_chem_shift.Entity_ID	_Atom_chem_shift.Comp_index_ID	_Atom_chem_shift.Seq_ID	_Atom_chem_shift.Comp_ID	_Atom_chem_shift.Atom_ID	_Atom_chem_shift.Atom_type	_Atom_chem_shift.Atom_isotope_number	_Atom_chem_shift.Val	_Atom_chem_shift.Val_err	_Atom_chem_shift.Assign_fig_of_merit	_Atom_chem_shift.Ambiguity_code	_Atom_chem_shift.Ambiguity_set_ID	_Atom_chem_shift.Occupancy	_Atom_chem_shift.Resonance_ID	_Atom_chem_shift.Auth_entity_assembly_ID	_Atom_chem_shift.Auth_asym_ID	_Atom_chem_shift.Auth_seq_ID	_Atom_chem_shift.Auth_comp_ID	_Atom_chem_shift.Auth_atom_ID	_Atom_chem_shift.Details	_Atom_chem_shift.Entry_ID	_Atom_chem_shift.Assigned_chem_shift_list_ID
1,.,.,.,2,H,1,H,.,H,LYS,B,6,LYS,6,.,1,2,.,52078,9,.,.,6,8.878,.,_Atom_chem_shift.ID	_Atom_chem_shift.Assembly_atom_ID	_Atom_chem_shift.Entity_assembly_ID	_Atom_chem_shift.Entity_assembly_asym_ID	_Atom_chem_shift.Entity_ID	_Atom_chem_shift.Comp_index_ID	_Atom_chem_shift.Seq_ID	_Atom_chem_shift.Comp_ID	_Atom_chem_shift.Atom_ID	_Atom_chem_shift.Atom_type	_Atom_chem_shift.Atom_isotope_number	_Atom_chem_shift.Val	_Atom_chem_shift.Val_err	_Atom_chem_shift.Assign_fig_of_merit	_Atom_chem_shift.Ambiguity_code	_Atom_chem_shift.Ambiguity_set_ID	_Atom_chem_shift.Occupancy	_Atom_chem_shift.Resonance_ID	_Atom_chem_shift.Auth_entity_assembly_ID	_Atom_chem_shift.Auth_asym_ID	_Atom_chem_shift.Auth_seq_ID	_Atom_chem_shift.Auth_comp_ID	_Atom_chem_shift.Auth_atom_ID	_Atom_chem_shift.Details	_Atom_chem_shift.Entry_ID	_Atom_chem_shift.Assigned_chem_shift_list_ID
1,.,.,.,2,N,15,N,.,N,LYS,B,6,LYS,6,.,1,2,.,52078,10,.,.,6,128.137,.,_Atom_chem_shift.ID	_Atom_chem_shift.Assembly_atom_ID	_Atom_chem_shift.Entity_assembly_ID	_Atom_chem_shift.Entity_assembly_asym_ID	_Atom_chem_shift.Entity_ID	_Atom_chem_shift.Comp_index_ID	_Atom_chem_shift.Seq_ID	_Atom_chem_shift.Comp_ID	_Atom_chem_shift.Atom_ID	_Atom_chem_shift.Atom_type	_Atom_chem_shift.Atom_isotope_number	_Atom_chem_shift.Val	_Atom_chem_shift.Val_err	_Atom_chem_shift.Assign_fig_of_merit	_Atom_chem_shift.Ambiguity_code	_Atom_chem_shift.Ambiguity_set_ID	_Atom_chem_shift.Occupancy	_Atom_chem_shift.Resonance_ID	_Atom_chem_shift.Auth_entity_assembly_ID	_Atom_chem_shift.Auth_asym_ID	_Atom_chem_shift.Auth_seq_ID	_Atom_chem_shift.Auth_comp_ID	_Atom_chem_shift.Auth_atom_ID	_Atom_chem_shift.Details	_Atom_chem_shift.Entry_ID	_Atom_chem_shift.Assigned_chem_shift_list_ID
1,.,.,.,2,H,1,H,.,H,THR,B,7,THR,7,.,1,2,.,52078,11,.,.,7,8.651,.,_Atom_chem_shift.ID	_Atom_chem_shift.Assembly_atom_ID	_Atom_chem_shift.Entity_assembly_ID	_Atom_chem_shift.Entity_assembly_asym_ID	_Atom_chem_shift.Entity_ID	_Atom_chem_shift.Comp_index_ID	_Atom_chem_shift.Seq_ID	_Atom_chem_shift.Comp_ID	_Atom_chem_shift.Atom_ID	_Atom_chem_shift.Atom_type	_Atom_chem_shift.Atom_isotope_number	_Atom_chem_shift.Val	_Atom_chem_shift.Val_err	_Atom_chem_shift.Assign_fig_of_merit	_Atom_chem_shift.Ambiguity_code	_Atom_chem_shift.Ambiguity_set_ID	_Atom_chem_shift.Occupancy	_Atom_chem_shift.Resonance_ID	_Atom_chem_shift.Auth_entity_assembly_ID	_Atom_chem_shift.Auth_asym_ID	_Atom_chem_shift.Auth_seq_ID	_Atom_chem_shift.Auth_comp_ID	_Atom_chem_shift.Auth_atom_ID	_Atom_chem_shift.Details	_Atom_chem_shift.Entry_ID	_Atom_chem_shift.Assigned_chem_shift_list_ID
1,.,.,.,2,N,15,N,.,N,THR,B,7,THR,7,.,1,2,.,52078,12,.,.,7,115.627,.,_Atom_chem_shift.ID	_Atom_chem_shift.Assembly_atom_ID	_Atom_chem_shift.Entity_assembly_ID	_Atom_chem_shift.Entity_assembly_asym_ID	_Atom_chem_shift.Entity_ID	_Atom_chem_shift.Comp_index_ID	_Atom_chem_shift.Seq_ID	_Atom_chem_shift.Comp_ID	_Atom_chem_shift.Atom_ID	_Atom_chem_shift.Atom_type	_Atom_chem_shift.Atom_isotope_number	_Atom_chem_shift.Val	_Atom_chem_shift.Val_err	_Atom_chem_shift.Assign_fig_of_merit	_Atom_chem_shift.Ambiguity_code	_Atom_chem_shift.Ambiguity_set_ID	_Atom_chem_shift.Occupancy	_Atom_chem_shift.Resonance_ID	_Atom_chem_shift.Auth_entity_assembly_ID	_Atom_chem_shift.Auth_asym_ID	_Atom_chem_shift.Auth_seq_ID	_Atom_chem_shift.Auth_comp_ID	_Atom_chem_shift.Auth_atom_ID	_Atom_chem_shift.Details	_Atom_chem_shift.Entry_ID	_Atom_chem_shift.Assigned_chem_shift_list_ID
1,.,.,.,2,H,1,H,.,H,LEU,B,8,LEU,8,.,1,2,.,52078,13,.,.,8,8.914,.,_Atom_chem_shift.ID	_Atom_chem_shift.Assembly_atom_ID	_Atom_chem_shift.Entity_assembly_ID	_Atom_chem_shift.Entity_assembly_asym_ID	_Atom_chem_shift.Entity_ID	_Atom_chem_shift.Comp_index_ID	_Atom_chem_shift.Seq_ID	_Atom_chem_shift.Comp_ID	_Atom_chem_shift.Atom_ID	_Atom_chem_shift.Atom_type	_Atom_chem_shift.Atom_isotope_number	_Atom_chem_shift.Val	_Atom_chem_shift.Val_err	_Atom_chem_shift.Assign_fig_of_merit	_Atom_chem_shift.Ambiguity_code	_Atom_chem_shift.Ambiguity_set_ID	_Atom_chem_shift.Occupancy	_Atom_chem_shift.Resonance_ID	_Atom_chem_shift.Auth_entity_assembly_ID	_Atom_chem_shift.Auth_asym_ID	_Atom_chem_shift.Auth_seq_ID	_Atom_chem_shift.Auth_comp_ID	_Atom_chem_shift.Auth_atom_ID	_Atom_chem_shift.Details	_Atom_chem_shift.Entry_ID	_Atom_chem_shift.Assigned_chem_shift_list_ID
1,.,.,.,2,N,15,N,.,N,LEU,B,8,LEU,8,.,1,2,.,52078,14,.,.,8,120.543,.,_Atom_chem_shift.ID	_Atom_chem_shift.Assembly_atom_ID	_Atom_chem_shift.Entity_assembly_ID	_Atom_chem_shift.Entity_assembly_asym_ID	_Atom_chem_shift.Entity_ID	_Atom_chem_shift.Comp_index_ID	_Atom_chem_shift.Seq_ID	_Atom_chem_shift.Comp_ID	_Atom_chem_shift.Atom_ID	_Atom_chem_shift.Atom_type	_Atom_chem_shift.Atom_isotope_number	_Atom_chem_shift.Val	_Atom_chem_shift.Val_err	_Atom_chem_shift.Assign_fig_of_merit	_Atom_chem_shift.Ambiguity_code	_Atom_chem_shift.Ambiguity_set_ID	_Atom_chem_shift.Occupancy	_Atom_chem_shift.Resonance_ID	_Atom_chem_shift.Auth_entity_assembly_ID	_Atom_chem_shift.Auth_asym_ID	_Atom_chem_shift.Auth_seq_ID	_Atom_chem_shift.Auth_comp_ID	_Atom_chem_shift.Auth_atom_ID	_Atom_chem_shift.Details	_Atom_chem_shift.Entry_ID	_Atom_chem_shift.Assigned_chem_shift_list_ID
1,.,.,.,2,H,1,H,.,H,THR,B,9,THR,9,.,1,2,.,52078,15,.,.,9,7.573,.,_Atom_chem_shift.ID	_Atom_chem_shift.Assembly_atom_ID	_Atom_chem_shift.Entity_assembly_ID	_Atom_chem_shift.Entity_assembly_asym_ID	_Atom_chem_shift.Entity_ID	_Atom_chem_shift.Comp_index_ID	_Atom_chem_shift.Seq_ID	_Atom_chem_shift.Comp_ID	_Atom_chem_shift.Atom_ID	_Atom_chem_shift.Atom_type	_Atom_chem_shift.Atom_isotope_number	_Atom_chem_shift.Val	_Atom_chem_shift.Val_err	_Atom_chem_shift.Assign_fig_of_merit	_Atom_chem_shift.Ambiguity_code	_Atom_chem_shift.Ambiguity_set_ID	_Atom_chem_shift.Occupancy	_Atom_chem_shift.Resonance_ID	_Atom_chem_shift.Auth_entity_assembly_ID	_Atom_chem_shift.Auth_asym_ID	_Atom_chem_shift.Auth_seq_ID	_Atom_chem_shift.Auth_comp_ID	_Atom_chem_shift.Auth_atom_ID	_Atom_chem_shift.Details	_Atom_chem_shift.Entry_ID	_Atom_chem_shift.Assigned_chem_shift_list_ID
1,.,.,.,2,N,15,N,.,N,THR,B,9,THR,9,.,1,2,.,52078,16,.,.,9,106.012,.,_Atom_chem_shift.ID	_Atom_chem_shift.Assembly_atom_ID	_Atom_chem_shift.Entity_assembly_ID	_Atom_chem_shift.Entity_assembly_asym_ID	_Atom_chem_shift.Entity_ID	_Atom_chem_shift.Comp_index_ID	_Atom_chem_shift.Seq_ID	_Atom_chem_shift.Comp_ID	_Atom_chem_shift.Atom_ID	_Atom_chem_shift.Atom_type	_Atom_chem_shift.Atom_isotope_number	_Atom_chem_shift.Val	_Atom_chem_shift.Val_err	_Atom_chem_shift.Assign_fig_of_merit	_Atom_chem_shift.Ambiguity_code	_Atom_chem_shift.Ambiguity_set_ID	_Atom_chem_shift.Occupancy	_Atom_chem_shift.Resonance_ID	_Atom_chem_shift.Auth_entity_assembly_ID	_Atom_chem_shift.Auth_asym_ID	_Atom_chem_shift.Auth_seq_ID	_Atom_chem_shift.Auth_comp_ID	_Atom_chem_shift.Auth_atom_ID	_Atom_chem_shift.Details	_Atom_chem_shift.Entry_ID	_Atom_chem_shift.Assigned_chem_shift_list_ID
1,.,.,.,2,H,1,H,.,H,GLY,B,10,GLY,10,.,1,2,.,52078,17,.,.,10,7.753,.,_Atom_chem_shift.ID	_Atom_chem_shift.Assembly_atom_ID	_Atom_chem_shift.Entity_assembly_ID	_Atom_chem_shift.Entity_assembly_asym_ID	_Atom_chem_shift.Entity_ID	_Atom_chem_shift.Comp_index_ID	_Atom_chem_shift.Seq_ID	_Atom_chem_shift.Comp_ID	_Atom_chem_shift.Atom_ID	_Atom_chem_shift.Atom_type	_Atom_chem_shift.Atom_isotope_number	_Atom_chem_shift.Val	_Atom_chem_shift.Val_err	_Atom_chem_shift.Assign_fig_of_merit	_Atom_chem_shift.Ambiguity_code	_Atom_chem_shift.Ambiguity_set_ID	_Atom_chem_shift.Occupancy	_Atom_chem_shift.Resonance_ID	_Atom_chem_shift.Auth_entity_assembly_ID	_Atom_chem_shift.Auth_asym_ID	_Atom_chem_shift.Auth_seq_ID	_Atom_chem_shift.Auth_comp_ID	_Atom_chem_shift.Auth_atom_ID	_Atom_chem_shift.Details	_Atom_chem_shift.Entry_ID	_Atom_chem_shift.Assigned_chem_shift_list_ID
1,.,.,.,2,N,15,N,.,N,GLY,B,10,GLY,10,.,1,2,.,52078,18,.,.,10,109.335,.,_Atom_chem_shift.ID	_Atom_chem_shift.Assembly_atom_ID	_Atom_chem_shift.Entity_assembly_ID	_Atom_chem_shift.Entity_assembly_asym_ID	_Atom_chem_shift.Entity_ID	_Atom_chem_shift.Comp_index_ID	_Atom_chem_shift.Seq_ID	_Atom_chem_shift.Comp_ID	_Atom_chem_shift.Atom_ID	_Atom_chem_shift.Atom_type	_Atom_chem_shift.Atom_isotope_number	_Atom_chem_shift.Val	_Atom_chem_shift.Val_err	_Atom_chem_shift.Assign_fig_of_merit	_Atom_chem_shift.Ambiguity_code	_Atom_chem_shift.Ambiguity_set_ID	_Atom_chem_shift.Occupancy	_Atom_chem_shift.Resonance_ID	_Atom_chem_shift.Auth_entity_assembly_ID	_Atom_chem_shift.Auth_asym_ID	_Atom_chem_shift.Auth_seq_ID	_Atom_chem_shift.Auth_comp_ID	_Atom_chem_shift.Auth_atom_ID	_Atom_chem_shift.Details	_Atom_chem_shift.Entry_ID	_Atom_chem_shift.Assigned_chem_shift_list_ID
1,.,.,.,2,H,1,H,.,H,LYS,B,11,LYS,11,.,1,2,.,52078,19,.,.,11,7.173,.,_Atom_chem_shift.ID	_Atom_chem_shift.Assembly_atom_ID	_Atom_chem_shift.Entity_assembly_ID	_Atom_chem_shift.Entity_assembly_asym_ID	_Atom_chem_shift.Entity_ID	_Atom_chem_shift.Comp_index_ID	_Atom_chem_shift.Seq_ID	_Atom_chem_shift.Comp_ID	_Atom_chem_shift.Atom_ID	_Atom_chem_shift.Atom_type	_Atom_chem_shift.Atom_isotope_number	_Atom_chem_shift.Val	_Atom_chem_shift.Val_err	_Atom_chem_shift.Assign_fig_of_merit	_Atom_chem_shift.Ambiguity_code	_Atom_chem_shift.Ambiguity_set_ID	_Atom_chem_shift.Occupancy	_Atom_chem_shift.Resonance_ID	_Atom_chem_shift.Auth_entity_assembly_ID	_Atom_chem_shift.Auth_asym_ID	_Atom_chem_shift.Auth_seq_ID	_Atom_chem_shift.Auth_comp_ID	_Atom_chem_shift.Auth_atom_ID	_Atom_chem_shift.Details	_Atom_chem_shift.Entry_ID	_Atom_chem_shift.Assigned_chem_shift_list_ID
1,.,.,.,2,N,15,N,.,N,LYS,B,11,LYS,11,.,1,2,.,52078,20,.,.,11,121.808,.,_Atom_chem_shift.ID	_Atom_chem_shift.Assembly_atom_ID	_Atom_chem_shift.Entity_assembly_ID	_Atom_chem_shift.Entity_assembly_asym_ID	_Atom_chem_shift.Entity_ID	_Atom_chem_shift.Comp_index_ID	_Atom_chem_shift.Seq_ID	_Atom_chem_shift.Comp_ID	_Atom_chem_shift.Atom_ID	_Atom_chem_shift.Atom_type	_Atom_chem_shift.Atom_isotope_number	_Atom_chem_shift.Val	_Atom_chem_shift.Val_err	_Atom_chem_shift.Assign_fig_of_merit	_Atom_chem_shift.Ambiguity_code	_Atom_chem_shift.Ambiguity_set_ID	_Atom_chem_shift.Occupancy	_Atom_chem_shift.Resonance_ID	_Atom_chem_shift.Auth_entity_assembly_ID	_Atom_chem_shift.Auth_asym_ID	_Atom_chem_shift.Auth_seq_ID	_Atom_chem_shift.Auth_comp_ID	_Atom_chem_shift.Auth_atom_ID	_Atom_chem_shift.Details	_Atom_chem_shift.Entry_ID	_Atom_chem_shift.Assigned_chem_shift_list_ID
1,.,.,.,2,H,1,H,.,H,THR,B,12,THR,12,.,1,2,.,52078,21,.,.,12,8.555,.,_Atom_chem_shift.ID	_Atom_chem_shift.Assembly_atom_ID	_Atom_chem_shift.Entity_assembly_ID	_Atom_chem_shift.Entity_assembly_asym_ID	_Atom_chem_shift.Entity_ID	_Atom_chem_shift.Comp_index_ID	_Atom_chem_shift.Seq_ID	_Atom_chem_shift.Comp_ID	_Atom_chem_shift.Atom_ID	_Atom_chem_shift.Atom_type	_Atom_chem_shift.Atom_isotope_number	_Atom_chem_shift.Val	_Atom_chem_shift.Val_err	_Atom_chem_shift.Assign_fig_of_merit	_Atom_chem_shift.Ambiguity_code	_Atom_chem_shift.Ambiguity_set_ID	_Atom_chem_shift.Occupancy	_Atom_chem_shift.Resonance_ID	_Atom_chem_shift.Auth_entity_assembly_ID	_Atom_chem_shift.Auth_asym_ID	_Atom_chem_shift.Auth_seq_ID	_Atom_chem_shift.Auth_comp_ID	_Atom_chem_shift.Auth_atom_ID	_Atom_chem_shift.Details	_Atom_chem_shift.Entry_ID	_Atom_chem_shift.Assigned_chem_shift_list_ID
1,.,.,.,2,N,15,N,.,N,THR,B,12,THR,12,.,1,2,.,52078,22,.,.,12,120.21,.,_Atom_chem_shift.ID	_Atom_chem_shift.Assembly_atom_ID	_Atom_chem_shift.Entity_assembly_ID	_Atom_chem_shift.Entity_assembly_asym_ID	_Atom_chem_shift.Entity_ID	_Atom_chem_shift.Comp_index_ID	_Atom_chem_shift.Seq_ID	_Atom_chem_shift.Comp_ID	_Atom_chem_shift.Atom_ID	_Atom_chem_shift.Atom_type	_Atom_chem_shift.Atom_isotope_number	_Atom_chem_shift.Val	_Atom_chem_shift.Val_err	_Atom_chem_shift.Assign_fig_of_merit	_Atom_chem_shift.Ambiguity_code	_Atom_chem_shift.Ambiguity_set_ID	_Atom_chem_shift.Occupancy	_Atom_chem_shift.Resonance_ID	_Atom_chem_shift.Auth_entity_assembly_ID	_Atom_chem_shift.Auth_asym_ID	_Atom_chem_shift.Auth_seq_ID	_Atom_chem_shift.Auth_comp_ID	_Atom_chem_shift.Auth_atom_ID	_Atom_chem_shift.Details	_Atom_chem_shift.Entry_ID	_Atom_chem_shift.Assigned_chem_shift_list_ID
1,.,.,.,2,H,1,H,.,H,ILE,B,13,ILE,13,.,1,2,.,52078,23,.,.,13,9.399,.,_Atom_chem_shift.ID	_Atom_chem_shift.Assembly_atom_ID	_Atom_chem_shift.Entity_assembly_ID	_Atom_chem_shift.Entity_assembly_asym_ID	_Atom_chem_shift.Entity_ID	_Atom_chem_shift.Comp_index_ID	_Atom_chem_shift.Seq_ID	_Atom_chem_shift.Comp_ID	_Atom_chem_shift.Atom_ID	_Atom_chem_shift.Atom_type	_Atom_chem_shift.Atom_isotope_number	_Atom_chem_shift.Val	_Atom_chem_shift.Val_err	_Atom_chem_shift.Assign_fig_of_merit	_Atom_chem_shift.Ambiguity_code	_Atom_chem_shift.Ambiguity_set_ID	_Atom_chem_shift.Occupancy	_Atom_chem_shift.Resonance_ID	_Atom_chem_shift.Auth_entity_assembly_ID	_Atom_chem_shift.Auth_asym_ID	_Atom_chem_shift.Auth_seq_ID	_Atom_chem_shift.Auth_comp_ID	_Atom_chem_shift.Auth_atom_ID	_Atom_chem_shift.Details	_Atom_chem_shift.Entry_ID	_Atom_chem_shift.Assigned_chem_shift_list_ID
1,.,.,.,2,N,15,N,.,N,ILE,B,13,ILE,13,.,1,2,.,52078,24,.,.,13,126.843,.,_Atom_chem_shift.ID	_Atom_chem_shift.Assembly_atom_ID	_Atom_chem_shift.Entity_assembly_ID	_Atom_chem_shift.Entity_assembly_asym_ID	_Atom_chem_shift.Entity_ID	_Atom_chem_shift.Comp_index_ID	_Atom_chem_shift.Seq_ID	_Atom_chem_shift.Comp_ID	_Atom_chem_shift.Atom_ID	_Atom_chem_shift.Atom_type	_Atom_chem_shift.Atom_isotope_number	_Atom_chem_shift.Val	_Atom_chem_shift.Val_err	_Atom_chem_shift.Assign_fig_of_merit	_Atom_chem_shift.Ambiguity_code	_Atom_chem_shift.Ambiguity_set_ID	_Atom_chem_shift.Occupancy	_Atom_chem_shift.Resonance_ID	_Atom_chem_shift.Auth_entity_assembly_ID	_Atom_chem_shift.Auth_asym_ID	_Atom_chem_shift.Auth_seq_ID	_Atom_chem_shift.Auth_comp_ID	_Atom_chem_shift.Auth_atom_ID	_Atom_chem_shift.Details	_Atom_chem_shift.Entry_ID	_Atom_chem_shift.Assigned_chem_shift_list_ID
1,.,.,.,2,H,1,H,.,H,THR,B,14,THR,14,.,1,2,.,52078,25,.,.,14,8.635,.,_Atom_chem_shift.ID	_Atom_chem_shift.Assembly_atom_ID	_Atom_chem_shift.Entity_assembly_ID	_Atom_chem_shift.Entity_assembly_asym_ID	_Atom_chem_shift.Entity_ID	_Atom_chem_shift.Comp_index_ID	_Atom_chem_shift.Seq_ID	_Atom_chem_shift.Comp_ID	_Atom_chem_shift.Atom_ID	_Atom_chem_shift.Atom_type	_Atom_chem_shift.Atom_isotope_number	_Atom_chem_shift.Val	_Atom_chem_shift.Val_err	_Atom_chem_shift.Assign_fig_of_merit	_Atom_chem_shift.Ambiguity_code	_Atom_chem_shift.Ambiguity_set_ID	_Atom_chem_shift.Occupancy	_Atom_chem_shift.Resonance_ID	_Atom_chem_shift.Auth_entity_assembly_ID	_Atom_chem_shift.Auth_asym_ID	_Atom_chem_shift.Auth_seq_ID	_Atom_chem_shift.Auth_comp_ID	_Atom_chem_shift.Auth_atom_ID	_Atom_chem_shift.Details	_Atom_chem_shift.Entry_ID	_Atom_chem_shift.Assigned_chem_shift_list_ID
1,.,.,.,2,N,15,N,.,N,THR,B,14,THR,14,.,1,2,.,52078,26,.,.,14,121.093,.,_Atom_chem_shift.ID	_Atom_chem_shift.Assembly_atom_ID	_Atom_chem_shift.Entity_assembly_ID	_Atom_chem_shift.Entity_assembly_asym_ID	_Atom_chem_shift.Entity_ID	_Atom_chem_shift.Comp_index_ID	_Atom_chem_shift.Seq_ID	_Atom_chem_shift.Comp_ID	_Atom_chem_shift.Atom_ID	_Atom_chem_shift.Atom_type	_Atom_chem_shift.Atom_isotope_number	_Atom_chem_shift.Val	_Atom_chem_shift.Val_err	_Atom_chem_shift.Assign_fig_of_merit	_Atom_chem_shift.Ambiguity_code	_Atom_chem_shift.Ambiguity_set_ID	_Atom_chem_shift.Occupancy	_Atom_chem_shift.Resonance_ID	_Atom_chem_shift.Auth_entity_assembly_ID	_Atom_chem_shift.Auth_asym_ID	_Atom_chem_shift.Auth_seq_ID	_Atom_chem_shift.Auth_comp_ID	_Atom_chem_shift.Auth_atom_ID	_Atom_chem_shift.Details	_Atom_chem_shift.Entry_ID	_Atom_chem_shift.Assigned_chem_shift_list_ID
1,.,.,.,2,H,1,H,.,H,LEU,B,15,LEU,15,.,1,2,.,52078,27,.,.,15,8.67,.,_Atom_chem_shift.ID	_Atom_chem_shift.Assembly_atom_ID	_Atom_chem_shift.Entity_assembly_ID	_Atom_chem_shift.Entity_assembly_asym_ID	_Atom_chem_shift.Entity_ID	_Atom_chem_shift.Comp_index_ID	_Atom_chem_shift.Seq_ID	_Atom_chem_shift.Comp_ID	_Atom_chem_shift.Atom_ID	_Atom_chem_shift.Atom_type	_Atom_chem_shift.Atom_isotope_number	_Atom_chem_shift.Val	_Atom_chem_shift.Val_err	_Atom_chem_shift.Assign_fig_of_merit	_Atom_chem_shift.Ambiguity_code	_Atom_chem_shift.Ambiguity_set_ID	_Atom_chem_shift.Occupancy	_Atom_chem_shift.Resonance_ID	_Atom_chem_shift.Auth_entity_assembly_ID	_Atom_chem_shift.Auth_asym_ID	_Atom_chem_shift.Auth_seq_ID	_Atom_chem_shift.Auth_comp_ID	_Atom_chem_shift.Auth_atom_ID	_Atom_chem_shift.Details	_Atom_chem_shift.Entry_ID	_Atom_chem_shift.Assigned_chem_shift_list_ID
1,.,.,.,2,N,15,N,.,N,LEU,B,15,LEU,15,.,1,2,.,52078,28,.,.,15,125.178,.,_Atom_chem_shift.ID	_Atom_chem_shift.Assembly_atom_ID	_Atom_chem_shift.Entity_assembly_ID	_Atom_chem_shift.Entity_assembly_asym_ID	_Atom_chem_shift.Entity_ID	_Atom_chem_shift.Comp_index_ID	_Atom_chem_shift.Seq_ID	_Atom_chem_shift.Comp_ID	_Atom_chem_shift.Atom_ID	_Atom_chem_shift.Atom_type	_Atom_chem_shift.Atom_isotope_number	_Atom_chem_shift.Val	_Atom_chem_shift.Val_err	_Atom_chem_shift.Assign_fig_of_merit	_Atom_chem_shift.Ambiguity_code	_Atom_chem_shift.Ambiguity_set_ID	_Atom_chem_shift.Occupancy	_Atom_chem_shift.Resonance_ID	_Atom_chem_shift.Auth_entity_assembly_ID	_Atom_chem_shift.Auth_asym_ID	_Atom_chem_shift.Auth_seq_ID	_Atom_chem_shift.Auth_comp_ID	_Atom_chem_shift.Auth_atom_ID	_Atom_chem_shift.Details	_Atom_chem_shift.Entry_ID	_Atom_chem_shift.Assigned_chem_shift_list_ID
1,.,.,.,2,H,1,H,.,H,GLU,B,16,GLU,16,.,1,2,.,52078,29,.,.,16,8.041,.,_Atom_chem_shift.ID	_Atom_chem_shift.Assembly_atom_ID	_Atom_chem_shift.Entity_assembly_ID	_Atom_chem_shift.Entity_assembly_asym_ID	_Atom_chem_shift.Entity_ID	_Atom_chem_shift.Comp_index_ID	_Atom_chem_shift.Seq_ID	_Atom_chem_shift.Comp_ID	_Atom_chem_shift.Atom_ID	_Atom_chem_shift.Atom_type	_Atom_chem_shift.Atom_isotope_number	_Atom_chem_shift.Val	_Atom_chem_shift.Val_err	_Atom_chem_shift.Assign_fig_of_merit	_Atom_chem_shift.Ambiguity_code	_Atom_chem_shift.Ambiguity_set_ID	_Atom_chem_shift.Occupancy	_Atom_chem_shift.Resonance_ID	_Atom_chem_shift.Auth_entity_assembly_ID	_Atom_chem_shift.Auth_asym_ID	_Atom_chem_shift.Auth_seq_ID	_Atom_chem_shift.Auth_comp_ID	_Atom_chem_shift.Auth_atom_ID	_Atom_chem_shift.Details	_Atom_chem_shift.Entry_ID	_Atom_chem_shift.Assigned_chem_shift_list_ID
1,.,.,.,2,N,15,N,.,N,GLU,B,16,GLU,16,.,1,2,.,52078,30,.,.,16,122.52,.,_Atom_chem_shift.ID	_Atom_chem_shift.Assembly_atom_ID	_Atom_chem_shift.Entity_assembly_ID	_Atom_chem_shift.Entity_assembly_asym_ID	_Atom_chem_shift.Entity_ID	_Atom_chem_shift.Comp_index_ID	_Atom_chem_shift.Seq_ID	_Atom_chem_shift.Comp_ID	_Atom_chem_shift.Atom_ID	_Atom_chem_shift.Atom_type	_Atom_chem_shift.Atom_isotope_number	_Atom_chem_shift.Val	_Atom_chem_shift.Val_err	_Atom_chem_shift.Assign_fig_of_merit	_Atom_chem_shift.Ambiguity_code	_Atom_chem_shift.Ambiguity_set_ID	_Atom_chem_shift.Occupancy	_Atom_chem_shift.Resonance_ID	_Atom_chem_shift.Auth_entity_assembly_ID	_Atom_chem_shift.Auth_asym_ID	_Atom_chem_shift.Auth_seq_ID	_Atom_chem_shift.Auth_comp_ID	_Atom_chem_shift.Auth_atom_ID	_Atom_chem_shift.Details	_Atom_chem_shift.Entry_ID	_Atom_chem_shift.Assigned_chem_shift_list_ID
1,.,.,.,2,H,1,H,.,H,VAL,B,17,VAL,17,.,1,2,.,52078,31,.,.,17,8.853,.,_Atom_chem_shift.ID	_Atom_chem_shift.Assembly_atom_ID	_Atom_chem_shift.Entity_assembly_ID	_Atom_chem_shift.Entity_assembly_asym_ID	_Atom_chem_shift.Entity_ID	_Atom_chem_shift.Comp_index_ID	_Atom_chem_shift.Seq_ID	_Atom_chem_shift.Comp_ID	_Atom_chem_shift.Atom_ID	_Atom_chem_shift.Atom_type	_Atom_chem_shift.Atom_isotope_number	_Atom_chem_shift.Val	_Atom_chem_shift.Val_err	_Atom_chem_shift.Assign_fig_of_merit	_Atom_chem_shift.Ambiguity_code	_Atom_chem_shift.Ambiguity_set_ID	_Atom_chem_shift.Occupancy	_Atom_chem_shift.Resonance_ID	_Atom_chem_shift.Auth_entity_assembly_ID	_Atom_chem_shift.Auth_asym_ID	_Atom_chem_shift.Auth_seq_ID	_Atom_chem_shift.Auth_comp_ID	_Atom_chem_shift.Auth_atom_ID	_Atom_chem_shift.Details	_Atom_chem_shift.Entry_ID	_Atom_chem_shift.Assigned_chem_shift_list_ID
1,.,.,.,2,N,15,N,.,N,VAL,B,17,VAL,17,.,1,2,.,52078,32,.,.,17,117.597,.,_Atom_chem_shift.ID	_Atom_chem_shift.Assembly_atom_ID	_Atom_chem_shift.Entity_assembly_ID	_Atom_chem_shift.Entity_assembly_asym_ID	_Atom_chem_shift.Entity_ID	_Atom_chem_shift.Comp_index_ID	_Atom_chem_shift.Seq_ID	_Atom_chem_shift.Comp_ID	_Atom_chem_shift.Atom_ID	_Atom_chem_shift.Atom_type	_Atom_chem_shift.Atom_isotope_number	_Atom_chem_shift.Val	_Atom_chem_shift.Val_err	_Atom_chem_shift.Assign_fig_of_merit	_Atom_chem_shift.Ambiguity_code	_Atom_chem_shift.Ambiguity_set_ID	_Atom_chem_shift.Occupancy	_Atom_chem_shift.Resonance_ID	_Atom_chem_shift.Auth_entity_assembly_ID	_Atom_chem_shift.Auth_asym_ID	_Atom_chem_shift.Auth_seq_ID	_Atom_chem_shift.Auth_comp_ID	_Atom_chem_shift.Auth_atom_ID	_Atom_chem_shift.Details	_Atom_chem_shift.Entry_ID	_Atom_chem_shift.Assigned_chem_shift_list_ID
1,.,.,.,2,H,1,H,.,H,GLU,B,18,GLU,18,.,1,2,.,52078,33,.,.,18,8.566,.,_Atom_chem_shift.ID	_Atom_chem_shift.Assembly_atom_ID	_Atom_chem_shift.Entity_assembly_ID	_Atom_chem_shift.Entity_assembly_asym_ID	_Atom_chem_shift.Entity_ID	_Atom_chem_shift.Comp_index_ID	_Atom_chem_shift.Seq_ID	_Atom_chem_shift.Comp_ID	_Atom_chem_shift.Atom_ID	_Atom_chem_shift.Atom_type	_Atom_chem_shift.Atom_isotope_number	_Atom_chem_shift.Val	_Atom_chem_shift.Val_err	_Atom_chem_shift.Assign_fig_of_merit	_Atom_chem_shift.Ambiguity_code	_Atom_chem_shift.Ambiguity_set_ID	_Atom_chem_shift.Occupancy	_Atom_chem_shift.Resonance_ID	_Atom_chem_shift.Auth_entity_assembly_ID	_Atom_chem_shift.Auth_asym_ID	_Atom_chem_shift.Auth_seq_ID	_Atom_chem_shift.Auth_comp_ID	_Atom_chem_shift.Auth_atom_ID	_Atom_chem_shift.Details	_Atom_chem_shift.Entry_ID	_Atom_chem_shift.Assigned_chem_shift_list_ID
1,.,.,.,2,N,15,N,.,N,GLU,B,18,GLU,18,.,1,2,.,52078,34,.,.,18,119.361,.,_Atom_chem_shift.ID	_Atom_chem_shift.Assembly_atom_ID	_Atom_chem_shift.Entity_assembly_ID	_Atom_chem_shift.Entity_assembly_asym_ID	_Atom_chem_shift.Entity_ID	_Atom_chem_shift.Comp_index_ID	_Atom_chem_shift.Seq_ID	_Atom_chem_shift.Comp_ID	_Atom_chem_shift.Atom_ID	_Atom_chem_shift.Atom_type	_Atom_chem_shift.Atom_isotope_number	_Atom_chem_shift.Val	_Atom_chem_shift.Val_err	_Atom_chem_shift.Assign_fig_of_merit	_Atom_chem_shift.Ambiguity_code	_Atom_chem_shift.Ambiguity_set_ID	_Atom_chem_shift.Occupancy	_Atom_chem_shift.Resonance_ID	_Atom_chem_shift.Auth_entity_assembly_ID	_Atom_chem_shift.Auth_asym_ID	_Atom_chem_shift.Auth_seq_ID	_Atom_chem_shift.Auth_comp_ID	_Atom_chem_shift.Auth_atom_ID	_Atom_chem_shift.Details	_Atom_chem_shift.Entry_ID	_Atom_chem_shift.Assigned_chem_shift_list_ID
1,.,.,.,2,H,1,H,.,H,SER,B,20,SER,20,.,1,2,.,52078,35,.,.,20,6.945,.,_Atom_chem_shift.ID	_Atom_chem_shift.Assembly_atom_ID	_Atom_chem_shift.Entity_assembly_ID	_Atom_chem_shift.Entity_assembly_asym_ID	_Atom_chem_shift.Entity_ID	_Atom_chem_shift.Comp_index_ID	_Atom_chem_shift.Seq_ID	_Atom_chem_shift.Comp_ID	_Atom_chem_shift.Atom_ID	_Atom_chem_shift.Atom_type	_Atom_chem_shift.Atom_isotope_number	_Atom_chem_shift.Val	_Atom_chem_shift.Val_err	_Atom_chem_shift.Assign_fig_of_merit	_Atom_chem_shift.Ambiguity_code	_Atom_chem_shift.Ambiguity_set_ID	_Atom_chem_shift.Occupancy	_Atom_chem_shift.Resonance_ID	_Atom_chem_shift.Auth_entity_assembly_ID	_Atom_chem_shift.Auth_asym_ID	_Atom_chem_shift.Auth_seq_ID	_Atom_chem_shift.Auth_comp_ID	_Atom_chem_shift.Auth_atom_ID	_Atom_chem_shift.Details	_Atom_chem_shift.Entry_ID	_Atom_chem_shift.Assigned_chem_shift_list_ID
1,.,.,.,2,N,15,N,.,N,SER,B,20,SER,20,.,1,2,.,52078,36,.,.,20,103.474,.,_Atom_chem_shift.ID	_Atom_chem_shift.Assembly_atom_ID	_Atom_chem_shift.Entity_assembly_ID	_Atom_chem_shift.Entity_assembly_asym_ID	_Atom_chem_shift.Entity_ID	_Atom_chem_shift.Comp_index_ID	_Atom_chem_shift.Seq_ID	_Atom_chem_shift.Comp_ID	_Atom_chem_shift.Atom_ID	_Atom_chem_shift.Atom_type	_Atom_chem_shift.Atom_isotope_number	_Atom_chem_shift.Val	_Atom_chem_shift.Val_err	_Atom_chem_shift.Assign_fig_of_merit	_Atom_chem_shift.Ambiguity_code	_Atom_chem_shift.Ambiguity_set_ID	_Atom_chem_shift.Occupancy	_Atom_chem_shift.Resonance_ID	_Atom_chem_shift.Auth_entity_assembly_ID	_Atom_chem_shift.Auth_asym_ID	_Atom_chem_shift.Auth_seq_ID	_Atom_chem_shift.Auth_comp_ID	_Atom_chem_shift.Auth_atom_ID	_Atom_chem_shift.Details	_Atom_chem_shift.Entry_ID	_Atom_chem_shift.Assigned_chem_shift_list_ID
1,.,.,.,2,H,1,H,.,H,ASP,B,21,ASP,21,.,1,2,.,52078,37,.,.,21,7.967,.,_Atom_chem_shift.ID	_Atom_chem_shift.Assembly_atom_ID	_Atom_chem_shift.Entity_assembly_ID	_Atom_chem_shift.Entity_assembly_asym_ID	_Atom_chem_shift.Entity_ID	_Atom_chem_shift.Comp_index_ID	_Atom_chem_shift.Seq_ID	_Atom_chem_shift.Comp_ID	_Atom_chem_shift.Atom_ID	_Atom_chem_shift.Atom_type	_Atom_chem_shift.Atom_isotope_number	_Atom_chem_shift.Val	_Atom_chem_shift.Val_err	_Atom_chem_shift.Assign_fig_of_merit	_Atom_chem_shift.Ambiguity_code	_Atom_chem_shift.Ambiguity_set_ID	_Atom_chem_shift.Occupancy	_Atom_chem_shift.Resonance_ID	_Atom_chem_shift.Auth_entity_assembly_ID	_Atom_chem_shift.Auth_asym_ID	_Atom_chem_shift.Auth_seq_ID	_Atom_chem_shift.Auth_comp_ID	_Atom_chem_shift.Auth_atom_ID	_Atom_chem_shift.Details	_Atom_chem_shift.Entry_ID	_Atom_chem_shift.Assigned_chem_shift_list_ID
1,.,.,.,2,N,15,N,.,N,ASP,B,21,ASP,21,.,1,2,.,52078,38,.,.,21,124.001,.,_Atom_chem_shift.ID	_Atom_chem_shift.Assembly_atom_ID	_Atom_chem_shift.Entity_assembly_ID	_Atom_chem_shift.Entity_assembly_asym_ID	_Atom_chem_shift.Entity_ID	_Atom_chem_shift.Comp_index_ID	_Atom_chem_shift.Seq_ID	_Atom_chem_shift.Comp_ID	_Atom_chem_shift.Atom_ID	_Atom_chem_shift.Atom_type	_Atom_chem_shift.Atom_isotope_number	_Atom_chem_shift.Val	_Atom_chem_shift.Val_err	_Atom_chem_shift.Assign_fig_of_merit	_Atom_chem_shift.Ambiguity_code	_Atom_chem_shift.Ambiguity_set_ID	_Atom_chem_shift.Occupancy	_Atom_chem_shift.Resonance_ID	_Atom_chem_shift.Auth_entity_assembly_ID	_Atom_chem_shift.Auth_asym_ID	_Atom_chem_shift.Auth_seq_ID	_Atom_chem_shift.Auth_comp_ID	_Atom_chem_shift.Auth_atom_ID	_Atom_chem_shift.Details	_Atom_chem_shift.Entry_ID	_Atom_chem_shift.Assigned_chem_shift_list_ID
1,.,.,.,2,H,1,H,.,H,THR,B,22,THR,22,.,1,2,.,52078,39,.,.,22,7.803,.,_Atom_chem_shift.ID	_Atom_chem_shift.Assembly_atom_ID	_Atom_chem_shift.Entity_assembly_ID	_Atom_chem_shift.Entity_assembly_asym_ID	_Atom_chem_shift.Entity_ID	_Atom_chem_shift.Comp_index_ID	_Atom_chem_shift.Seq_ID	_Atom_chem_shift.Comp_ID	_Atom_chem_shift.Atom_ID	_Atom_chem_shift.Atom_type	_Atom_chem_shift.Atom_isotope_number	_Atom_chem_shift.Val	_Atom_chem_shift.Val_err	_Atom_chem_shift.Assign_fig_of_merit	_Atom_chem_shift.Ambiguity_code	_Atom_chem_shift.Ambiguity_set_ID	_Atom_chem_shift.Occupancy	_Atom_chem_shift.Resonance_ID	_Atom_chem_shift.Auth_entity_assembly_ID	_Atom_chem_shift.Auth_asym_ID	_Atom_chem_shift.Auth_seq_ID	_Atom_chem_shift.Auth_comp_ID	_Atom_chem_shift.Auth_atom_ID	_Atom_chem_shift.Details	_Atom_chem_shift.Entry_ID	_Atom_chem_shift.Assigned_chem_shift_list_ID
1,.,.,.,2,N,15,N,.,N,THR,B,22,THR,22,.,1,2,.,52078,40,.,.,22,109.104,.,_Atom_chem_shift.ID	_Atom_chem_shift.Assembly_atom_ID	_Atom_chem_shift.Entity_assembly_ID	_Atom_chem_shift.Entity_assembly_asym_ID	_Atom_chem_shift.Entity_ID	_Atom_chem_shift.Comp_index_ID	_Atom_chem_shift.Seq_ID	_Atom_chem_shift.Comp_ID	_Atom_chem_shift.Atom_ID	_Atom_chem_shift.Atom_type	_Atom_chem_shift.Atom_isotope_number	_Atom_chem_shift.Val	_Atom_chem_shift.Val_err	_Atom_chem_shift.Assign_fig_of_merit	_Atom_chem_shift.Ambiguity_code	_Atom_chem_shift.Ambiguity_set_ID	_Atom_chem_shift.Occupancy	_Atom_chem_shift.Resonance_ID	_Atom_chem_shift.Auth_entity_assembly_ID	_Atom_chem_shift.Auth_asym_ID	_Atom_chem_shift.Auth_seq_ID	_Atom_chem_shift.Auth_comp_ID	_Atom_chem_shift.Auth_atom_ID	_Atom_chem_shift.Details	_Atom_chem_shift.Entry_ID	_Atom_chem_shift.Assigned_chem_shift_list_ID
1,.,.,.,2,H,1,H,.,H,ILE,B,23,ILE,23,.,1,2,.,52078,41,.,.,23,8.431,.,_Atom_chem_shift.ID	_Atom_chem_shift.Assembly_atom_ID	_Atom_chem_shift.Entity_assembly_ID	_Atom_chem_shift.Entity_assembly_asym_ID	_Atom_chem_shift.Entity_ID	_Atom_chem_shift.Comp_index_ID	_Atom_chem_shift.Seq_ID	_Atom_chem_shift.Comp_ID	_Atom_chem_shift.Atom_ID	_Atom_chem_shift.Atom_type	_Atom_chem_shift.Atom_isotope_number	_Atom_chem_shift.Val	_Atom_chem_shift.Val_err	_Atom_chem_shift.Assign_fig_of_merit	_Atom_chem_shift.Ambiguity_code	_Atom_chem_shift.Ambiguity_set_ID	_Atom_chem_shift.Occupancy	_Atom_chem_shift.Resonance_ID	_Atom_chem_shift.Auth_entity_assembly_ID	_Atom_chem_shift.Auth_asym_ID	_Atom_chem_shift.Auth_seq_ID	_Atom_chem_shift.Auth_comp_ID	_Atom_chem_shift.Auth_atom_ID	_Atom_chem_shift.Details	_Atom_chem_shift.Entry_ID	_Atom_chem_shift.Assigned_chem_shift_list_ID
1,.,.,.,2,N,15,N,.,N,ILE,B,23,ILE,23,.,1,2,.,52078,42,.,.,23,121.231,.,_Atom_chem_shift.ID	_Atom_chem_shift.Assembly_atom_ID	_Atom_chem_shift.Entity_assembly_ID	_Atom_chem_shift.Entity_assembly_asym_ID	_Atom_chem_shift.Entity_ID	_Atom_chem_shift.Comp_index_ID	_Atom_chem_shift.Seq_ID	_Atom_chem_shift.Comp_ID	_Atom_chem_shift.Atom_ID	_Atom_chem_shift.Atom_type	_Atom_chem_shift.Atom_isotope_number	_Atom_chem_shift.Val	_Atom_chem_shift.Val_err	_Atom_chem_shift.Assign_fig_of_merit	_Atom_chem_shift.Ambiguity_code	_Atom_chem_shift.Ambiguity_set_ID	_Atom_chem_shift.Occupancy	_Atom_chem_shift.Resonance_ID	_Atom_chem_shift.Auth_entity_assembly_ID	_Atom_chem_shift.Auth_asym_ID	_Atom_chem_shift.Auth_seq_ID	_Atom_chem_shift.Auth_comp_ID	_Atom_chem_shift.Auth_atom_ID	_Atom_chem_shift.Details	_Atom_chem_shift.Entry_ID	_Atom_chem_shift.Assigned_chem_shift_list_ID
1,.,.,.,2,H,1,H,.,H,ASN,B,25,ASN,25,.,1,2,.,52078,43,.,.,25,7.847,.,_Atom_chem_shift.ID	_Atom_chem_shift.Assembly_atom_ID	_Atom_chem_shift.Entity_assembly_ID	_Atom_chem_shift.Entity_assembly_asym_ID	_Atom_chem_shift.Entity_ID	_Atom_chem_shift.Comp_index_ID	_Atom_chem_shift.Seq_ID	_Atom_chem_shift.Comp_ID	_Atom_chem_shift.Atom_ID	_Atom_chem_shift.Atom_type	_Atom_chem_shift.Atom_isotope_number	_Atom_chem_shift.Val	_Atom_chem_shift.Val_err	_Atom_chem_shift.Assign_fig_of_merit	_Atom_chem_shift.Ambiguity_code	_Atom_chem_shift.Ambiguity_set_ID	_Atom_chem_shift.Occupancy	_Atom_chem_shift.Resonance_ID	_Atom_chem_shift.Auth_entity_assembly_ID	_Atom_chem_shift.Auth_asym_ID	_Atom_chem_shift.Auth_seq_ID	_Atom_chem_shift.Auth_comp_ID	_Atom_chem_shift.Auth_atom_ID	_Atom_chem_shift.Details	_Atom_chem_shift.Entry_ID	_Atom_chem_shift.Assigned_chem_shift_list_ID
1,.,.,.,2,N,15,N,.,N,ASN,B,25,ASN,25,.,1,2,.,52078,44,.,.,25,121.581,.,_Atom_chem_shift.ID	_Atom_chem_shift.Assembly_atom_ID	_Atom_chem_shift.Entity_assembly_ID	_Atom_chem_shift.Entity_assembly_asym_ID	_Atom_chem_shift.Entity_ID	_Atom_chem_shift.Comp_index_ID	_Atom_chem_shift.Seq_ID	_Atom_chem_shift.Comp_ID	_Atom_chem_shift.Atom_ID	_Atom_chem_shift.Atom_type	_Atom_chem_shift.Atom_isotope_number	_Atom_chem_shift.Val	_Atom_chem_shift.Val_err	_Atom_chem_shift.Assign_fig_of_merit	_Atom_chem_shift.Ambiguity_code	_Atom_chem_shift.Ambiguity_set_ID	_Atom_chem_shift.Occupancy	_Atom_chem_shift.Resonance_ID	_Atom_chem_shift.Auth_entity_assembly_ID	_Atom_chem_shift.Auth_asym_ID	_Atom_chem_shift.Auth_seq_ID	_Atom_chem_shift.Auth_comp_ID	_Atom_chem_shift.Auth_atom_ID	_Atom_chem_shift.Details	_Atom_chem_shift.Entry_ID	_Atom_chem_shift.Assigned_chem_shift_list_ID
1,.,.,.,2,H,1,H,.,H,VAL,B,26,VAL,26,.,1,2,.,52078,45,.,.,26,8.021,.,_Atom_chem_shift.ID	_Atom_chem_shift.Assembly_atom_ID	_Atom_chem_shift.Entity_assembly_ID	_Atom_chem_shift.Entity_assembly_asym_ID	_Atom_chem_shift.Entity_ID	_Atom_chem_shift.Comp_index_ID	_Atom_chem_shift.Seq_ID	_Atom_chem_shift.Comp_ID	_Atom_chem_shift.Atom_ID	_Atom_chem_shift.Atom_type	_Atom_chem_shift.Atom_isotope_number	_Atom_chem_shift.Val	_Atom_chem_shift.Val_err	_Atom_chem_shift.Assign_fig_of_merit	_Atom_chem_shift.Ambiguity_code	_Atom_chem_shift.Ambiguity_set_ID	_Atom_chem_shift.Occupancy	_Atom_chem_shift.Resonance_ID	_Atom_chem_shift.Auth_entity_assembly_ID	_Atom_chem_shift.Auth_asym_ID	_Atom_chem_shift.Auth_seq_ID	_Atom_chem_shift.Auth_comp_ID	_Atom_chem_shift.Auth_atom_ID	_Atom_chem_shift.Details	_Atom_chem_shift.Entry_ID	_Atom_chem_shift.Assigned_chem_shift_list_ID
1,.,.,.,2,N,15,N,.,N,VAL,B,26,VAL,26,.,1,2,.,52078,46,.,.,26,122.287,.,_Atom_chem_shift.ID	_Atom_chem_shift.Assembly_atom_ID	_Atom_chem_shift.Entity_assembly_ID	_Atom_chem_shift.Entity_assembly_asym_ID	_Atom_chem_shift.Entity_ID	_Atom_chem_shift.Comp_index_ID	_Atom_chem_shift.Seq_ID	_Atom_chem_shift.Comp_ID	_Atom_chem_shift.Atom_ID	_Atom_chem_shift.Atom_type	_Atom_chem_shift.Atom_isotope_number	_Atom_chem_shift.Val	_Atom_chem_shift.Val_err	_Atom_chem_shift.Assign_fig_of_merit	_Atom_chem_shift.Ambiguity_code	_Atom_chem_shift.Ambiguity_set_ID	_Atom_chem_shift.Occupancy	_Atom_chem_shift.Resonance_ID	_Atom_chem_shift.Auth_entity_assembly_ID	_Atom_chem_shift.Auth_asym_ID	_Atom_chem_shift.Auth_seq_ID	_Atom_chem_shift.Auth_comp_ID	_Atom_chem_shift.Auth_atom_ID	_Atom_chem_shift.Details	_Atom_chem_shift.Entry_ID	_Atom_chem_shift.Assigned_chem_shift_list_ID
1,.,.,.,2,H,1,H,.,H,LYS,B,27,LYS,27,.,1,2,.,52078,47,.,.,27,8.489,.,_Atom_chem_shift.ID	_Atom_chem_shift.Assembly_atom_ID	_Atom_chem_shift.Entity_assembly_ID	_Atom_chem_shift.Entity_assembly_asym_ID	_Atom_chem_shift.Entity_ID	_Atom_chem_shift.Comp_index_ID	_Atom_chem_shift.Seq_ID	_Atom_chem_shift.Comp_ID	_Atom_chem_shift.Atom_ID	_Atom_chem_shift.Atom_type	_Atom_chem_shift.Atom_isotope_number	_Atom_chem_shift.Val	_Atom_chem_shift.Val_err	_Atom_chem_shift.Assign_fig_of_merit	_Atom_chem_shift.Ambiguity_code	_Atom_chem_shift.Ambiguity_set_ID	_Atom_chem_shift.Occupancy	_Atom_chem_shift.Resonance_ID	_Atom_chem_shift.Auth_entity_assembly_ID	_Atom_chem_shift.Auth_asym_ID	_Atom_chem_shift.Auth_seq_ID	_Atom_chem_shift.Auth_comp_ID	_Atom_chem_shift.Auth_atom_ID	_Atom_chem_shift.Details	_Atom_chem_shift.Entry_ID	_Atom_chem_shift.Assigned_chem_shift_list_ID
1,.,.,.,2,N,15,N,.,N,LYS,B,27,LYS,27,.,1,2,.,52078,48,.,.,27,118.984,.,_Atom_chem_shift.ID	_Atom_chem_shift.Assembly_atom_ID	_Atom_chem_shift.Entity_assembly_ID	_Atom_chem_shift.Entity_assembly_asym_ID	_Atom_chem_shift.Entity_ID	_Atom_chem_shift.Comp_index_ID	_Atom_chem_shift.Seq_ID	_Atom_chem_shift.Comp_ID	_Atom_chem_shift.Atom_ID	_Atom_chem_shift.Atom_type	_Atom_chem_shift.Atom_isotope_number	_Atom_chem_shift.Val	_Atom_chem_shift.Val_err	_Atom_chem_shift.Assign_fig_of_merit	_Atom_chem_shift.Ambiguity_code	_Atom_chem_shift.Ambiguity_set_ID	_Atom_chem_shift.Occupancy	_Atom_chem_shift.Resonance_ID	_Atom_chem_shift.Auth_entity_assembly_ID	_Atom_chem_shift.Auth_asym_ID	_Atom_chem_shift.Auth_seq_ID	_Atom_chem_shift.Auth_comp_ID	_Atom_chem_shift.Auth_atom_ID	_Atom_chem_shift.Details	_Atom_chem_shift.Entry_ID	_Atom_chem_shift.Assigned_chem_shift_list_ID
1,.,.,.,2,H,1,H,.,H,ALA,B,28,ALA,28,.,1,2,.,52078,49,.,.,28,7.893,.,_Atom_chem_shift.ID	_Atom_chem_shift.Assembly_atom_ID	_Atom_chem_shift.Entity_assembly_ID	_Atom_chem_shift.Entity_assembly_asym_ID	_Atom_chem_shift.Entity_ID	_Atom_chem_shift.Comp_index_ID	_Atom_chem_shift.Seq_ID	_Atom_chem_shift.Comp_ID	_Atom_chem_shift.Atom_ID	_Atom_chem_shift.Atom_type	_Atom_chem_shift.Atom_isotope_number	_Atom_chem_shift.Val	_Atom_chem_shift.Val_err	_Atom_chem_shift.Assign_fig_of_merit	_Atom_chem_shift.Ambiguity_code	_Atom_chem_shift.Ambiguity_set_ID	_Atom_chem_shift.Occupancy	_Atom_chem_shift.Resonance_ID	_Atom_chem_shift.Auth_entity_assembly_ID	_Atom_chem_shift.Auth_asym_ID	_Atom_chem_shift.Auth_seq_ID	_Atom_chem_shift.Auth_comp_ID	_Atom_chem_shift.Auth_atom_ID	_Atom_chem_shift.Details	_Atom_chem_shift.Entry_ID	_Atom_chem_shift.Assigned_chem_shift_list_ID
1,.,.,.,2,N,15,N,.,N,ALA,B,28,ALA,28,.,1,2,.,52078,50,.,.,28,123.593,.,_Atom_chem_shift.ID	_Atom_chem_shift.Assembly_atom_ID	_Atom_chem_shift.Entity_assembly_ID	_Atom_chem_shift.Entity_assembly_asym_ID	_Atom_chem_shift.Entity_ID	_Atom_chem_shift.Comp_index_ID	_Atom_chem_shift.Seq_ID	_Atom_chem_shift.Comp_ID	_Atom_chem_shift.Atom_ID	_Atom_chem_shift.Atom_type	_Atom_chem_shift.Atom_isotope_number	_Atom_chem_shift.Val	_Atom_chem_shift.Val_err	_Atom_chem_shift.Assign_fig_of_merit	_Atom_chem_shift.Ambiguity_code	_Atom_chem_shift.Ambiguity_set_ID	_Atom_chem_shift.Occupancy	_Atom_chem_shift.Resonance_ID	_Atom_chem_shift.Auth_entity_assembly_ID	_Atom_chem_shift.Auth_asym_ID	_Atom_chem_shift.Auth_seq_ID	_Atom_chem_shift.Auth_comp_ID	_Atom_chem_shift.Auth_atom_ID	_Atom_chem_shift.Details	_Atom_chem_shift.Entry_ID	_Atom_chem_shift.Assigned_chem_shift_list_ID
1,.,.,.,2,H,1,H,.,H,LYS,B,29,LYS,29,.,1,2,.,52078,51,.,.,29,7.752,.,_Atom_chem_shift.ID	_Atom_chem_shift.Assembly_atom_ID	_Atom_chem_shift.Entity_assembly_ID	_Atom_chem_shift.Entity_assembly_asym_ID	_Atom_chem_shift.Entity_ID	_Atom_chem_shift.Comp_index_ID	_Atom_chem_shift.Seq_ID	_Atom_chem_shift.Comp_ID	_Atom_chem_shift.Atom_ID	_Atom_chem_shift.Atom_type	_Atom_chem_shift.Atom_isotope_number	_Atom_chem_shift.Val	_Atom_chem_shift.Val_err	_Atom_chem_shift.Assign_fig_of_merit	_Atom_chem_shift.Ambiguity_code	_Atom_chem_shift.Ambiguity_set_ID	_Atom_chem_shift.Occupancy	_Atom_chem_shift.Resonance_ID	_Atom_chem_shift.Auth_entity_assembly_ID	_Atom_chem_shift.Auth_asym_ID	_Atom_chem_shift.Auth_seq_ID	_Atom_chem_shift.Auth_comp_ID	_Atom_chem_shift.Auth_atom_ID	_Atom_chem_shift.Details	_Atom_chem_shift.Entry_ID	_Atom_chem_shift.Assigned_chem_shift_list_ID
1,.,.,.,2,N,15,N,.,N,LYS,B,29,LYS,29,.,1,2,.,52078,52,.,.,29,120.304,.,_Atom_chem_shift.ID	_Atom_chem_shift.Assembly_atom_ID	_Atom_chem_shift.Entity_assembly_ID	_Atom_chem_shift.Entity_assembly_asym_ID	_Atom_chem_shift.Entity_ID	_Atom_chem_shift.Comp_index_ID	_Atom_chem_shift.Seq_ID	_Atom_chem_shift.Comp_ID	_Atom_chem_shift.Atom_ID	_Atom_chem_shift.Atom_type	_Atom_chem_shift.Atom_isotope_number	_Atom_chem_shift.Val	_Atom_chem_shift.Val_err	_Atom_chem_shift.Assign_fig_of_merit	_Atom_chem_shift.Ambiguity_code	_Atom_chem_shift.Ambiguity_set_ID	_Atom_chem_shift.Occupancy	_Atom_chem_shift.Resonance_ID	_Atom_chem_shift.Auth_entity_assembly_ID	_Atom_chem_shift.Auth_asym_ID	_Atom_chem_shift.Auth_seq_ID	_Atom_chem_shift.Auth_comp_ID	_Atom_chem_shift.Auth_atom_ID	_Atom_chem_shift.Details	_Atom_chem_shift.Entry_ID	_Atom_chem_shift.Assigned_chem_shift_list_ID
1,.,.,.,2,H,1,H,.,H,ILE,B,30,ILE,30,.,1,2,.,52078,53,.,.,30,8.197,.,_Atom_chem_shift.ID	_Atom_chem_shift.Assembly_atom_ID	_Atom_chem_shift.Entity_assembly_ID	_Atom_chem_shift.Entity_assembly_asym_ID	_Atom_chem_shift.Entity_ID	_Atom_chem_shift.Comp_index_ID	_Atom_chem_shift.Seq_ID	_Atom_chem_shift.Comp_ID	_Atom_chem_shift.Atom_ID	_Atom_chem_shift.Atom_type	_Atom_chem_shift.Atom_isotope_number	_Atom_chem_shift.Val	_Atom_chem_shift.Val_err	_Atom_chem_shift.Assign_fig_of_merit	_Atom_chem_shift.Ambiguity_code	_Atom_chem_shift.Ambiguity_set_ID	_Atom_chem_shift.Occupancy	_Atom_chem_shift.Resonance_ID	_Atom_chem_shift.Auth_entity_assembly_ID	_Atom_chem_shift.Auth_asym_ID	_Atom_chem_shift.Auth_seq_ID	_Atom_chem_shift.Auth_comp_ID	_Atom_chem_shift.Auth_atom_ID	_Atom_chem_shift.Details	_Atom_chem_shift.Entry_ID	_Atom_chem_shift.Assigned_chem_shift_list_ID
1,.,.,.,2,N,15,N,.,N,ILE,B,30,ILE,30,.,1,2,.,52078,54,.,.,30,121.357,.,_Atom_chem_shift.ID	_Atom_chem_shift.Assembly_atom_ID	_Atom_chem_shift.Entity_assembly_ID	_Atom_chem_shift.Entity_assembly_asym_ID	_Atom_chem_shift.Entity_ID	_Atom_chem_shift.Comp_index_ID	_Atom_chem_shift.Seq_ID	_Atom_chem_shift.Comp_ID	_Atom_chem_shift.Atom_ID	_Atom_chem_shift.Atom_type	_Atom_chem_shift.Atom_isotope_number	_Atom_chem_shift.Val	_Atom_chem_shift.Val_err	_Atom_chem_shift.Assign_fig_of_merit	_Atom_chem_shift.Ambiguity_code	_Atom_chem_shift.Ambiguity_set_ID	_Atom_chem_shift.Occupancy	_Atom_chem_shift.Resonance_ID	_Atom_chem_shift.Auth_entity_assembly_ID	_Atom_chem_shift.Auth_asym_ID	_Atom_chem_shift.Auth_seq_ID	_Atom_chem_shift.Auth_comp_ID	_Atom_chem_shift.Auth_atom_ID	_Atom_chem_shift.Details	_Atom_chem_shift.Entry_ID	_Atom_chem_shift.Assigned_chem_shift_list_ID
1,.,.,.,2,H,1,H,.,H,GLN,B,31,GLN,31,.,1,2,.,52078,55,.,.,31,8.485,.,_Atom_chem_shift.ID	_Atom_chem_shift.Assembly_atom_ID	_Atom_chem_shift.Entity_assembly_ID	_Atom_chem_shift.Entity_assembly_asym_ID	_Atom_chem_shift.Entity_ID	_Atom_chem_shift.Comp_index_ID	_Atom_chem_shift.Seq_ID	_Atom_chem_shift.Comp_ID	_Atom_chem_shift.Atom_ID	_Atom_chem_shift.Atom_type	_Atom_chem_shift.Atom_isotope_number	_Atom_chem_shift.Val	_Atom_chem_shift.Val_err	_Atom_chem_shift.Assign_fig_of_merit	_Atom_chem_shift.Ambiguity_code	_Atom_chem_shift.Ambiguity_set_ID	_Atom_chem_shift.Occupancy	_Atom_chem_shift.Resonance_ID	_Atom_chem_shift.Auth_entity_assembly_ID	_Atom_chem_shift.Auth_asym_ID	_Atom_chem_shift.Auth_seq_ID	_Atom_chem_shift.Auth_comp_ID	_Atom_chem_shift.Auth_atom_ID	_Atom_chem_shift.Details	_Atom_chem_shift.Entry_ID	_Atom_chem_shift.Assigned_chem_shift_list_ID
1,.,.,.,2,N,15,N,.,N,GLN,B,31,GLN,31,.,1,2,.,52078,56,.,.,31,123.696,.,_Atom_chem_shift.ID	_Atom_chem_shift.Assembly_atom_ID	_Atom_chem_shift.Entity_assembly_ID	_Atom_chem_shift.Entity_assembly_asym_ID	_Atom_chem_shift.Entity_ID	_Atom_chem_shift.Comp_index_ID	_Atom_chem_shift.Seq_ID	_Atom_chem_shift.Comp_ID	_Atom_chem_shift.Atom_ID	_Atom_chem_shift.Atom_type	_Atom_chem_shift.Atom_isotope_number	_Atom_chem_shift.Val	_Atom_chem_shift.Val_err	_Atom_chem_shift.Assign_fig_of_merit	_Atom_chem_shift.Ambiguity_code	_Atom_chem_shift.Ambiguity_set_ID	_Atom_chem_shift.Occupancy	_Atom_chem_shift.Resonance_ID	_Atom_chem_shift.Auth_entity_assembly_ID	_Atom_chem_shift.Auth_asym_ID	_Atom_chem_shift.Auth_seq_ID	_Atom_chem_shift.Auth_comp_ID	_Atom_chem_shift.Auth_atom_ID	_Atom_chem_shift.Details	_Atom_chem_shift.Entry_ID	_Atom_chem_shift.Assigned_chem_shift_list_ID
1,.,.,.,2,H,1,H,.,H,ASP,B,32,ASP,32,.,1,2,.,52078,57,.,.,32,7.876,.,_Atom_chem_shift.ID	_Atom_chem_shift.Assembly_atom_ID	_Atom_chem_shift.Entity_assembly_ID	_Atom_chem_shift.Entity_assembly_asym_ID	_Atom_chem_shift.Entity_ID	_Atom_chem_shift.Comp_index_ID	_Atom_chem_shift.Seq_ID	_Atom_chem_shift.Comp_ID	_Atom_chem_shift.Atom_ID	_Atom_chem_shift.Atom_type	_Atom_chem_shift.Atom_isotope_number	_Atom_chem_shift.Val	_Atom_chem_shift.Val_err	_Atom_chem_shift.Assign_fig_of_merit	_Atom_chem_shift.Ambiguity_code	_Atom_chem_shift.Ambiguity_set_ID	_Atom_chem_shift.Occupancy	_Atom_chem_shift.Resonance_ID	_Atom_chem_shift.Auth_entity_assembly_ID	_Atom_chem_shift.Auth_asym_ID	_Atom_chem_shift.Auth_seq_ID	_Atom_chem_shift.Auth_comp_ID	_Atom_chem_shift.Auth_atom_ID	_Atom_chem_shift.Details	_Atom_chem_shift.Entry_ID	_Atom_chem_shift.Assigned_chem_shift_list_ID
1,.,.,.,2,N,15,N,.,N,ASP,B,32,ASP,32,.,1,2,.,52078,58,.,.,32,119.672,.,_Atom_chem_shift.ID	_Atom_chem_shift.Assembly_atom_ID	_Atom_chem_shift.Entity_assembly_ID	_Atom_chem_shift.Entity_assembly_asym_ID	_Atom_chem_shift.Entity_ID	_Atom_chem_shift.Comp_index_ID	_Atom_chem_shift.Seq_ID	_Atom_chem_shift.Comp_ID	_Atom_chem_shift.Atom_ID	_Atom_chem_shift.Atom_type	_Atom_chem_shift.Atom_isotope_number	_Atom_chem_shift.Val	_Atom_chem_shift.Val_err	_Atom_chem_shift.Assign_fig_of_merit	_Atom_chem_shift.Ambiguity_code	_Atom_chem_shift.Ambiguity_set_ID	_Atom_chem_shift.Occupancy	_Atom_chem_shift.Resonance_ID	_Atom_chem_shift.Auth_entity_assembly_ID	_Atom_chem_shift.Auth_asym_ID	_Atom_chem_shift.Auth_seq_ID	_Atom_chem_shift.Auth_comp_ID	_Atom_chem_shift.Auth_atom_ID	_Atom_chem_shift.Details	_Atom_chem_shift.Entry_ID	_Atom_chem_shift.Assigned_chem_shift_list_ID
1,.,.,.,2,H,1,H,.,H,LYS,B,33,LYS,33,.,1,2,.,52078,59,.,.,33,7.314,.,_Atom_chem_shift.ID	_Atom_chem_shift.Assembly_atom_ID	_Atom_chem_shift.Entity_assembly_ID	_Atom_chem_shift.Entity_assembly_asym_ID	_Atom_chem_shift.Entity_ID	_Atom_chem_shift.Comp_index_ID	_Atom_chem_shift.Seq_ID	_Atom_chem_shift.Comp_ID	_Atom_chem_shift.Atom_ID	_Atom_chem_shift.Atom_type	_Atom_chem_shift.Atom_isotope_number	_Atom_chem_shift.Val	_Atom_chem_shift.Val_err	_Atom_chem_shift.Assign_fig_of_merit	_Atom_chem_shift.Ambiguity_code	_Atom_chem_shift.Ambiguity_set_ID	_Atom_chem_shift.Occupancy	_Atom_chem_shift.Resonance_ID	_Atom_chem_shift.Auth_entity_assembly_ID	_Atom_chem_shift.Auth_asym_ID	_Atom_chem_shift.Auth_seq_ID	_Atom_chem_shift.Auth_comp_ID	_Atom_chem_shift.Auth_atom_ID	_Atom_chem_shift.Details	_Atom_chem_shift.Entry_ID	_Atom_chem_shift.Assigned_chem_shift_list_ID
1,.,.,.,2,N,15,N,.,N,LYS,B,33,LYS,33,.,1,2,.,52078,60,.,.,33,115.515,.,_Atom_chem_shift.ID	_Atom_chem_shift.Assembly_atom_ID	_Atom_chem_shift.Entity_assembly_ID	_Atom_chem_shift.Entity_assembly_asym_ID	_Atom_chem_shift.Entity_ID	_Atom_chem_shift.Comp_index_ID	_Atom_chem_shift.Seq_ID	_Atom_chem_shift.Comp_ID	_Atom_chem_shift.Atom_ID	_Atom_chem_shift.Atom_type	_Atom_chem_shift.Atom_isotope_number	_Atom_chem_shift.Val	_Atom_chem_shift.Val_err	_Atom_chem_shift.Assign_fig_of_merit	_Atom_chem_shift.Ambiguity_code	_Atom_chem_shift.Ambiguity_set_ID	_Atom_chem_shift.Occupancy	_Atom_chem_shift.Resonance_ID	_Atom_chem_shift.Auth_entity_assembly_ID	_Atom_chem_shift.Auth_asym_ID	_Atom_chem_shift.Auth_seq_ID	_Atom_chem_shift.Auth_comp_ID	_Atom_chem_shift.Auth_atom_ID	_Atom_chem_shift.Details	_Atom_chem_shift.Entry_ID	_Atom_chem_shift.Assigned_chem_shift_list_ID
1,.,.,.,2,H,1,H,.,H,GLU,B,34,GLU,34,.,1,2,.,52078,61,.,.,34,8.661,.,_Atom_chem_shift.ID	_Atom_chem_shift.Assembly_atom_ID	_Atom_chem_shift.Entity_assembly_ID	_Atom_chem_shift.Entity_assembly_asym_ID	_Atom_chem_shift.Entity_ID	_Atom_chem_shift.Comp_index_ID	_Atom_chem_shift.Seq_ID	_Atom_chem_shift.Comp_ID	_Atom_chem_shift.Atom_ID	_Atom_chem_shift.Atom_type	_Atom_chem_shift.Atom_isotope_number	_Atom_chem_shift.Val	_Atom_chem_shift.Val_err	_Atom_chem_shift.Assign_fig_of_merit	_Atom_chem_shift.Ambiguity_code	_Atom_chem_shift.Ambiguity_set_ID	_Atom_chem_shift.Occupancy	_Atom_chem_shift.Resonance_ID	_Atom_chem_shift.Auth_entity_assembly_ID	_Atom_chem_shift.Auth_asym_ID	_Atom_chem_shift.Auth_seq_ID	_Atom_chem_shift.Auth_comp_ID	_Atom_chem_shift.Auth_atom_ID	_Atom_chem_shift.Details	_Atom_chem_shift.Entry_ID	_Atom_chem_shift.Assigned_chem_shift_list_ID
1,.,.,.,2,N,15,N,.,N,GLU,B,34,GLU,34,.,1,2,.,52078,62,.,.,34,114.398,.,_Atom_chem_shift.ID	_Atom_chem_shift.Assembly_atom_ID	_Atom_chem_shift.Entity_assembly_ID	_Atom_chem_shift.Entity_assembly_asym_ID	_Atom_chem_shift.Entity_ID	_Atom_chem_shift.Comp_index_ID	_Atom_chem_shift.Seq_ID	_Atom_chem_shift.Comp_ID	_Atom_chem_shift.Atom_ID	_Atom_chem_shift.Atom_type	_Atom_chem_shift.Atom_isotope_number	_Atom_chem_shift.Val	_Atom_chem_shift.Val_err	_Atom_chem_shift.Assign_fig_of_merit	_Atom_chem_shift.Ambiguity_code	_Atom_chem_shift.Ambiguity_set_ID	_Atom_chem_shift.Occupancy	_Atom_chem_shift.Resonance_ID	_Atom_chem_shift.Auth_entity_assembly_ID	_Atom_chem_shift.Auth_asym_ID	_Atom_chem_shift.Auth_seq_ID	_Atom_chem_shift.Auth_comp_ID	_Atom_chem_shift.Auth_atom_ID	_Atom_chem_shift.Details	_Atom_chem_shift.Entry_ID	_Atom_chem_shift.Assigned_chem_shift_list_ID
1,.,.,.,2,H,1,H,.,H,GLY,B,35,GLY,35,.,1,2,.,52078,63,.,.,35,8.434,.,_Atom_chem_shift.ID	_Atom_chem_shift.Assembly_atom_ID	_Atom_chem_shift.Entity_assembly_ID	_Atom_chem_shift.Entity_assembly_asym_ID	_Atom_chem_shift.Entity_ID	_Atom_chem_shift.Comp_index_ID	_Atom_chem_shift.Seq_ID	_Atom_chem_shift.Comp_ID	_Atom_chem_shift.Atom_ID	_Atom_chem_shift.Atom_type	_Atom_chem_shift.Atom_isotope_number	_Atom_chem_shift.Val	_Atom_chem_shift.Val_err	_Atom_chem_shift.Assign_fig_of_merit	_Atom_chem_shift.Ambiguity_code	_Atom_chem_shift.Ambiguity_set_ID	_Atom_chem_shift.Occupancy	_Atom_chem_shift.Resonance_ID	_Atom_chem_shift.Auth_entity_assembly_ID	_Atom_chem_shift.Auth_asym_ID	_Atom_chem_shift.Auth_seq_ID	_Atom_chem_shift.Auth_comp_ID	_Atom_chem_shift.Auth_atom_ID	_Atom_chem_shift.Details	_Atom_chem_shift.Entry_ID	_Atom_chem_shift.Assigned_chem_shift_list_ID
1,.,.,.,2,N,15,N,.,N,GLY,B,35,GLY,35,.,1,2,.,52078,64,.,.,35,108.85,.,_Atom_chem_shift.ID	_Atom_chem_shift.Assembly_atom_ID	_Atom_chem_shift.Entity_assembly_ID	_Atom_chem_shift.Entity_assembly_asym_ID	_Atom_chem_shift.Entity_ID	_Atom_chem_shift.Comp_index_ID	_Atom_chem_shift.Seq_ID	_Atom_chem_shift.Comp_ID	_Atom_chem_shift.Atom_ID	_Atom_chem_shift.Atom_type	_Atom_chem_shift.Atom_isotope_number	_Atom_chem_shift.Val	_Atom_chem_shift.Val_err	_Atom_chem_shift.Assign_fig_of_merit	_Atom_chem_shift.Ambiguity_code	_Atom_chem_shift.Ambiguity_set_ID	_Atom_chem_shift.Occupancy	_Atom_chem_shift.Resonance_ID	_Atom_chem_shift.Auth_entity_assembly_ID	_Atom_chem_shift.Auth_asym_ID	_Atom_chem_shift.Auth_seq_ID	_Atom_chem_shift.Auth_comp_ID	_Atom_chem_shift.Auth_atom_ID	_Atom_chem_shift.Details	_Atom_chem_shift.Entry_ID	_Atom_chem_shift.Assigned_chem_shift_list_ID
1,.,.,.,2,H,1,H,.,H,ILE,B,36,ILE,36,.,1,2,.,52078,65,.,.,36,6.054,.,_Atom_chem_shift.ID	_Atom_chem_shift.Assembly_atom_ID	_Atom_chem_shift.Entity_assembly_ID	_Atom_chem_shift.Entity_assembly_asym_ID	_Atom_chem_shift.Entity_ID	_Atom_chem_shift.Comp_index_ID	_Atom_chem_shift.Seq_ID	_Atom_chem_shift.Comp_ID	_Atom_chem_shift.Atom_ID	_Atom_chem_shift.Atom_type	_Atom_chem_shift.Atom_isotope_number	_Atom_chem_shift.Val	_Atom_chem_shift.Val_err	_Atom_chem_shift.Assign_fig_of_merit	_Atom_chem_shift.Ambiguity_code	_Atom_chem_shift.Ambiguity_set_ID	_Atom_chem_shift.Occupancy	_Atom_chem_shift.Resonance_ID	_Atom_chem_shift.Auth_entity_assembly_ID	_Atom_chem_shift.Auth_asym_ID	_Atom_chem_shift.Auth_seq_ID	_Atom_chem_shift.Auth_comp_ID	_Atom_chem_shift.Auth_atom_ID	_Atom_chem_shift.Details	_Atom_chem_shift.Entry_ID	_Atom_chem_shift.Assigned_chem_shift_list_ID
1,.,.,.,2,N,15,N,.,N,ILE,B,36,ILE,36,.,1,2,.,52078,66,.,.,36,119.843,.,_Atom_chem_shift.ID	_Atom_chem_shift.Assembly_atom_ID	_Atom_chem_shift.Entity_assembly_ID	_Atom_chem_shift.Entity_assembly_asym_ID	_Atom_chem_shift.Entity_ID	_Atom_chem_shift.Comp_index_ID	_Atom_chem_shift.Seq_ID	_Atom_chem_shift.Comp_ID	_Atom_chem_shift.Atom_ID	_Atom_chem_shift.Atom_type	_Atom_chem_shift.Atom_isotope_number	_Atom_chem_shift.Val	_Atom_chem_shift.Val_err	_Atom_chem_shift.Assign_fig_of_merit	_Atom_chem_shift.Ambiguity_code	_Atom_chem_shift.Ambiguity_set_ID	_Atom_chem_shift.Occupancy	_Atom_chem_shift.Resonance_ID	_Atom_chem_shift.Auth_entity_assembly_ID	_Atom_chem_shift.Auth_asym_ID	_Atom_chem_shift.Auth_seq_ID	_Atom_chem_shift.Auth_comp_ID	_Atom_chem_shift.Auth_atom_ID	_Atom_chem_shift.Details	_Atom_chem_shift.Entry_ID	_Atom_chem_shift.Assigned_chem_shift_list_ID
1,.,.,.,2,H,1,H,.,H,ASP,B,39,ASP,39,.,1,2,.,52078,67,.,.,39,8.451,.,_Atom_chem_shift.ID	_Atom_chem_shift.Assembly_atom_ID	_Atom_chem_shift.Entity_assembly_ID	_Atom_chem_shift.Entity_assembly_asym_ID	_Atom_chem_shift.Entity_ID	_Atom_chem_shift.Comp_index_ID	_Atom_chem_shift.Seq_ID	_Atom_chem_shift.Comp_ID	_Atom_chem_shift.Atom_ID	_Atom_chem_shift.Atom_type	_Atom_chem_shift.Atom_isotope_number	_Atom_chem_shift.Val	_Atom_chem_shift.Val_err	_Atom_chem_shift.Assign_fig_of_merit	_Atom_chem_shift.Ambiguity_code	_Atom_chem_shift.Ambiguity_set_ID	_Atom_chem_shift.Occupancy	_Atom_chem_shift.Resonance_ID	_Atom_chem_shift.Auth_entity_assembly_ID	_Atom_chem_shift.Auth_asym_ID	_Atom_chem_shift.Auth_seq_ID	_Atom_chem_shift.Auth_comp_ID	_Atom_chem_shift.Auth_atom_ID	_Atom_chem_shift.Details	_Atom_chem_shift.Entry_ID	_Atom_chem_shift.Assigned_chem_shift_list_ID
1,.,.,.,2,N,15,N,.,N,ASP,B,39,ASP,39,.,1,2,.,52078,68,.,.,39,113.693,.,_Atom_chem_shift.ID	_Atom_chem_shift.Assembly_atom_ID	_Atom_chem_shift.Entity_assembly_ID	_Atom_chem_shift.Entity_assembly_asym_ID	_Atom_chem_shift.Entity_ID	_Atom_chem_shift.Comp_index_ID	_Atom_chem_shift.Seq_ID	_Atom_chem_shift.Comp_ID	_Atom_chem_shift.Atom_ID	_Atom_chem_shift.Atom_type	_Atom_chem_shift.Atom_isotope_number	_Atom_chem_shift.Val	_Atom_chem_shift.Val_err	_Atom_chem_shift.Assign_fig_of_merit	_Atom_chem_shift.Ambiguity_code	_Atom_chem_shift.Ambiguity_set_ID	_Atom_chem_shift.Occupancy	_Atom_chem_shift.Resonance_ID	_Atom_chem_shift.Auth_entity_assembly_ID	_Atom_chem_shift.Auth_asym_ID	_Atom_chem_shift.Auth_seq_ID	_Atom_chem_shift.Auth_comp_ID	_Atom_chem_shift.Auth_atom_ID	_Atom_chem_shift.Details	_Atom_chem_shift.Entry_ID	_Atom_chem_shift.Assigned_chem_shift_list_ID
1,.,.,.,2,H,1,H,.,H,GLN,B,40,GLN,40,.,1,2,.,52078,69,.,.,40,7.739,.,_Atom_chem_shift.ID	_Atom_chem_shift.Assembly_atom_ID	_Atom_chem_shift.Entity_assembly_ID	_Atom_chem_shift.Entity_assembly_asym_ID	_Atom_chem_shift.Entity_ID	_Atom_chem_shift.Comp_index_ID	_Atom_chem_shift.Seq_ID	_Atom_chem_shift.Comp_ID	_Atom_chem_shift.Atom_ID	_Atom_chem_shift.Atom_type	_Atom_chem_shift.Atom_isotope_number	_Atom_chem_shift.Val	_Atom_chem_shift.Val_err	_Atom_chem_shift.Assign_fig_of_merit	_Atom_chem_shift.Ambiguity_code	_Atom_chem_shift.Ambiguity_set_ID	_Atom_chem_shift.Occupancy	_Atom_chem_shift.Resonance_ID	_Atom_chem_shift.Auth_entity_assembly_ID	_Atom_chem_shift.Auth_asym_ID	_Atom_chem_shift.Auth_seq_ID	_Atom_chem_shift.Auth_comp_ID	_Atom_chem_shift.Auth_atom_ID	_Atom_chem_shift.Details	_Atom_chem_shift.Entry_ID	_Atom_chem_shift.Assigned_chem_shift_list_ID
1,.,.,.,2,N,15,N,.,N,GLN,B,40,GLN,40,.,1,2,.,52078,70,.,.,40,117.044,.,_Atom_chem_shift.ID	_Atom_chem_shift.Assembly_atom_ID	_Atom_chem_shift.Entity_assembly_ID	_Atom_chem_shift.Entity_assembly_asym_ID	_Atom_chem_shift.Entity_ID	_Atom_chem_shift.Comp_index_ID	_Atom_chem_shift.Seq_ID	_Atom_chem_shift.Comp_ID	_Atom_chem_shift.Atom_ID	_Atom_chem_shift.Atom_type	_Atom_chem_shift.Atom_isotope_number	_Atom_chem_shift.Val	_Atom_chem_shift.Val_err	_Atom_chem_shift.Assign_fig_of_merit	_Atom_chem_shift.Ambiguity_code	_Atom_chem_shift.Ambiguity_set_ID	_Atom_chem_shift.Occupancy	_Atom_chem_shift.Resonance_ID	_Atom_chem_shift.Auth_entity_assembly_ID	_Atom_chem_shift.Auth_asym_ID	_Atom_chem_shift.Auth_seq_ID	_Atom_chem_shift.Auth_comp_ID	_Atom_chem_shift.Auth_atom_ID	_Atom_chem_shift.Details	_Atom_chem_shift.Entry_ID	_Atom_chem_shift.Assigned_chem_shift_list_ID
1,.,.,.,2,H,1,H,.,H,GLN,B,41,GLN,41,.,1,2,.,52078,71,.,.,41,7.401,.,_Atom_chem_shift.ID	_Atom_chem_shift.Assembly_atom_ID	_Atom_chem_shift.Entity_assembly_ID	_Atom_chem_shift.Entity_assembly_asym_ID	_Atom_chem_shift.Entity_ID	_Atom_chem_shift.Comp_index_ID	_Atom_chem_shift.Seq_ID	_Atom_chem_shift.Comp_ID	_Atom_chem_shift.Atom_ID	_Atom_chem_shift.Atom_type	_Atom_chem_shift.Atom_isotope_number	_Atom_chem_shift.Val	_Atom_chem_shift.Val_err	_Atom_chem_shift.Assign_fig_of_merit	_Atom_chem_shift.Ambiguity_code	_Atom_chem_shift.Ambiguity_set_ID	_Atom_chem_shift.Occupancy	_Atom_chem_shift.Resonance_ID	_Atom_chem_shift.Auth_entity_assembly_ID	_Atom_chem_shift.Auth_asym_ID	_Atom_chem_shift.Auth_seq_ID	_Atom_chem_shift.Auth_comp_ID	_Atom_chem_shift.Auth_atom_ID	_Atom_chem_shift.Details	_Atom_chem_shift.Entry_ID	_Atom_chem_shift.Assigned_chem_shift_list_ID
1,.,.,.,2,N,15,N,.,N,GLN,B,41,GLN,41,.,1,2,.,52078,72,.,.,41,118.178,.,_Atom_chem_shift.ID	_Atom_chem_shift.Assembly_atom_ID	_Atom_chem_shift.Entity_assembly_ID	_Atom_chem_shift.Entity_assembly_asym_ID	_Atom_chem_shift.Entity_ID	_Atom_chem_shift.Comp_index_ID	_Atom_chem_shift.Seq_ID	_Atom_chem_shift.Comp_ID	_Atom_chem_shift.Atom_ID	_Atom_chem_shift.Atom_type	_Atom_chem_shift.Atom_isotope_number	_Atom_chem_shift.Val	_Atom_chem_shift.Val_err	_Atom_chem_shift.Assign_fig_of_merit	_Atom_chem_shift.Ambiguity_code	_Atom_chem_shift.Ambiguity_set_ID	_Atom_chem_shift.Occupancy	_Atom_chem_shift.Resonance_ID	_Atom_chem_shift.Auth_entity_assembly_ID	_Atom_chem_shift.Auth_asym_ID	_Atom_chem_shift.Auth_seq_ID	_Atom_chem_shift.Auth_comp_ID	_Atom_chem_shift.Auth_atom_ID	_Atom_chem_shift.Details	_Atom_chem_shift.Entry_ID	_Atom_chem_shift.Assigned_chem_shift_list_ID
1,.,.,.,2,H,1,H,.,H,ARG,B,42,ARG,42,.,1,2,.,52078,73,.,.,42,8.434,.,_Atom_chem_shift.ID	_Atom_chem_shift.Assembly_atom_ID	_Atom_chem_shift.Entity_assembly_ID	_Atom_chem_shift.Entity_assembly_asym_ID	_Atom_chem_shift.Entity_ID	_Atom_chem_shift.Comp_index_ID	_Atom_chem_shift.Seq_ID	_Atom_chem_shift.Comp_ID	_Atom_chem_shift.Atom_ID	_Atom_chem_shift.Atom_type	_Atom_chem_shift.Atom_isotope_number	_Atom_chem_shift.Val	_Atom_chem_shift.Val_err	_Atom_chem_shift.Assign_fig_of_merit	_Atom_chem_shift.Ambiguity_code	_Atom_chem_shift.Ambiguity_set_ID	_Atom_chem_shift.Occupancy	_Atom_chem_shift.Resonance_ID	_Atom_chem_shift.Auth_entity_assembly_ID	_Atom_chem_shift.Auth_asym_ID	_Atom_chem_shift.Auth_seq_ID	_Atom_chem_shift.Auth_comp_ID	_Atom_chem_shift.Auth_atom_ID	_Atom_chem_shift.Details	_Atom_chem_shift.Entry_ID	_Atom_chem_shift.Assigned_chem_shift_list_ID
1,.,.,.,2,N,15,N,.,N,ARG,B,42,ARG,42,.,1,2,.,52078,74,.,.,42,123,.,_Atom_chem_shift.ID	_Atom_chem_shift.Assembly_atom_ID	_Atom_chem_shift.Entity_assembly_ID	_Atom_chem_shift.Entity_assembly_asym_ID	_Atom_chem_shift.Entity_ID	_Atom_chem_shift.Comp_index_ID	_Atom_chem_shift.Seq_ID	_Atom_chem_shift.Comp_ID	_Atom_chem_shift.Atom_ID	_Atom_chem_shift.Atom_type	_Atom_chem_shift.Atom_isotope_number	_Atom_chem_shift.Val	_Atom_chem_shift.Val_err	_Atom_chem_shift.Assign_fig_of_merit	_Atom_chem_shift.Ambiguity_code	_Atom_chem_shift.Ambiguity_set_ID	_Atom_chem_shift.Occupancy	_Atom_chem_shift.Resonance_ID	_Atom_chem_shift.Auth_entity_assembly_ID	_Atom_chem_shift.Auth_asym_ID	_Atom_chem_shift.Auth_seq_ID	_Atom_chem_shift.Auth_comp_ID	_Atom_chem_shift.Auth_atom_ID	_Atom_chem_shift.Details	_Atom_chem_shift.Entry_ID	_Atom_chem_shift.Assigned_chem_shift_list_ID
1,.,.,.,2,H,1,H,.,H,LEU,B,43,LEU,43,.,1,2,.,52078,75,.,.,43,8.748,.,_Atom_chem_shift.ID	_Atom_chem_shift.Assembly_atom_ID	_Atom_chem_shift.Entity_assembly_ID	_Atom_chem_shift.Entity_assembly_asym_ID	_Atom_chem_shift.Entity_ID	_Atom_chem_shift.Comp_index_ID	_Atom_chem_shift.Seq_ID	_Atom_chem_shift.Comp_ID	_Atom_chem_shift.Atom_ID	_Atom_chem_shift.Atom_type	_Atom_chem_shift.Atom_isotope_number	_Atom_chem_shift.Val	_Atom_chem_shift.Val_err	_Atom_chem_shift.Assign_fig_of_merit	_Atom_chem_shift.Ambiguity_code	_Atom_chem_shift.Ambiguity_set_ID	_Atom_chem_shift.Occupancy	_Atom_chem_shift.Resonance_ID	_Atom_chem_shift.Auth_entity_assembly_ID	_Atom_chem_shift.Auth_asym_ID	_Atom_chem_shift.Auth_seq_ID	_Atom_chem_shift.Auth_comp_ID	_Atom_chem_shift.Auth_atom_ID	_Atom_chem_shift.Details	_Atom_chem_shift.Entry_ID	_Atom_chem_shift.Assigned_chem_shift_list_ID
1,.,.,.,2,N,15,N,.,N,LEU,B,43,LEU,43,.,1,2,.,52078,76,.,.,43,124.503,.,_Atom_chem_shift.ID	_Atom_chem_shift.Assembly_atom_ID	_Atom_chem_shift.Entity_assembly_ID	_Atom_chem_shift.Entity_assembly_asym_ID	_Atom_chem_shift.Entity_ID	_Atom_chem_shift.Comp_index_ID	_Atom_chem_shift.Seq_ID	_Atom_chem_shift.Comp_ID	_Atom_chem_shift.Atom_ID	_Atom_chem_shift.Atom_type	_Atom_chem_shift.Atom_isotope_number	_Atom_chem_shift.Val	_Atom_chem_shift.Val_err	_Atom_chem_shift.Assign_fig_of_merit	_Atom_chem_shift.Ambiguity_code	_Atom_chem_shift.Ambiguity_set_ID	_Atom_chem_shift.Occupancy	_Atom_chem_shift.Resonance_ID	_Atom_chem_shift.Auth_entity_assembly_ID	_Atom_chem_shift.Auth_asym_ID	_Atom_chem_shift.Auth_seq_ID	_Atom_chem_shift.Auth_comp_ID	_Atom_chem_shift.Auth_atom_ID	_Atom_chem_shift.Details	_Atom_chem_shift.Entry_ID	_Atom_chem_shift.Assigned_chem_shift_list_ID
1,.,.,.,2,H,1,H,.,H,ILE,B,44,ILE,44,.,1,2,.,52078,77,.,.,44,9.006,.,_Atom_chem_shift.ID	_Atom_chem_shift.Assembly_atom_ID	_Atom_chem_shift.Entity_assembly_ID	_Atom_chem_shift.Entity_assembly_asym_ID	_Atom_chem_shift.Entity_ID	_Atom_chem_shift.Comp_index_ID	_Atom_chem_shift.Seq_ID	_Atom_chem_shift.Comp_ID	_Atom_chem_shift.Atom_ID	_Atom_chem_shift.Atom_type	_Atom_chem_shift.Atom_isotope_number	_Atom_chem_shift.Val	_Atom_chem_shift.Val_err	_Atom_chem_shift.Assign_fig_of_merit	_Atom_chem_shift.Ambiguity_code	_Atom_chem_shift.Ambiguity_set_ID	_Atom_chem_shift.Occupancy	_Atom_chem_shift.Resonance_ID	_Atom_chem_shift.Auth_entity_assembly_ID	_Atom_chem_shift.Auth_asym_ID	_Atom_chem_shift.Auth_seq_ID	_Atom_chem_shift.Auth_comp_ID	_Atom_chem_shift.Auth_atom_ID	_Atom_chem_shift.Details	_Atom_chem_shift.Entry_ID	_Atom_chem_shift.Assigned_chem_shift_list_ID
1,.,.,.,2,N,15,N,.,N,ILE,B,44,ILE,44,.,1,2,.,52078,78,.,.,44,122.402,.,_Atom_chem_shift.ID	_Atom_chem_shift.Assembly_atom_ID	_Atom_chem_shift.Entity_assembly_ID	_Atom_chem_shift.Entity_assembly_asym_ID	_Atom_chem_shift.Entity_ID	_Atom_chem_shift.Comp_index_ID	_Atom_chem_shift.Seq_ID	_Atom_chem_shift.Comp_ID	_Atom_chem_shift.Atom_ID	_Atom_chem_shift.Atom_type	_Atom_chem_shift.Atom_isotope_number	_Atom_chem_shift.Val	_Atom_chem_shift.Val_err	_Atom_chem_shift.Assign_fig_of_merit	_Atom_chem_shift.Ambiguity_code	_Atom_chem_shift.Ambiguity_set_ID	_Atom_chem_shift.Occupancy	_Atom_chem_shift.Resonance_ID	_Atom_chem_shift.Auth_entity_assembly_ID	_Atom_chem_shift.Auth_asym_ID	_Atom_chem_shift.Auth_seq_ID	_Atom_chem_shift.Auth_comp_ID	_Atom_chem_shift.Auth_atom_ID	_Atom_chem_shift.Details	_Atom_chem_shift.Entry_ID	_Atom_chem_shift.Assigned_chem_shift_list_ID
1,.,.,.,2,H,1,H,.,H,PHE,B,45,PHE,45,.,1,2,.,52078,79,.,.,45,8.768,.,_Atom_chem_shift.ID	_Atom_chem_shift.Assembly_atom_ID	_Atom_chem_shift.Entity_assembly_ID	_Atom_chem_shift.Entity_assembly_asym_ID	_Atom_chem_shift.Entity_ID	_Atom_chem_shift.Comp_index_ID	_Atom_chem_shift.Seq_ID	_Atom_chem_shift.Comp_ID	_Atom_chem_shift.Atom_ID	_Atom_chem_shift.Atom_type	_Atom_chem_shift.Atom_isotope_number	_Atom_chem_shift.Val	_Atom_chem_shift.Val_err	_Atom_chem_shift.Assign_fig_of_merit	_Atom_chem_shift.Ambiguity_code	_Atom_chem_shift.Ambiguity_set_ID	_Atom_chem_shift.Occupancy	_Atom_chem_shift.Resonance_ID	_Atom_chem_shift.Auth_entity_assembly_ID	_Atom_chem_shift.Auth_asym_ID	_Atom_chem_shift.Auth_seq_ID	_Atom_chem_shift.Auth_comp_ID	_Atom_chem_shift.Auth_atom_ID	_Atom_chem_shift.Details	_Atom_chem_shift.Entry_ID	_Atom_chem_shift.Assigned_chem_shift_list_ID
1,.,.,.,2,N,15,N,.,N,PHE,B,45,PHE,45,.,1,2,.,52078,80,.,.,45,125.032,.,_Atom_chem_shift.ID	_Atom_chem_shift.Assembly_atom_ID	_Atom_chem_shift.Entity_assembly_ID	_Atom_chem_shift.Entity_assembly_asym_ID	_Atom_chem_shift.Entity_ID	_Atom_chem_shift.Comp_index_ID	_Atom_chem_shift.Seq_ID	_Atom_chem_shift.Comp_ID	_Atom_chem_shift.Atom_ID	_Atom_chem_shift.Atom_type	_Atom_chem_shift.Atom_isotope_number	_Atom_chem_shift.Val	_Atom_chem_shift.Val_err	_Atom_chem_shift.Assign_fig_of_merit	_Atom_chem_shift.Ambiguity_code	_Atom_chem_shift.Ambiguity_set_ID	_Atom_chem_shift.Occupancy	_Atom_chem_shift.Resonance_ID	_Atom_chem_shift.Auth_entity_assembly_ID	_Atom_chem_shift.Auth_asym_ID	_Atom_chem_shift.Auth_seq_ID	_Atom_chem_shift.Auth_comp_ID	_Atom_chem_shift.Auth_atom_ID	_Atom_chem_shift.Details	_Atom_chem_shift.Entry_ID	_Atom_chem_shift.Assigned_chem_shift_list_ID
1,.,.,.,2,H,1,H,.,H,ALA,B,46,ALA,46,.,1,2,.,52078,81,.,.,46,8.934,.,_Atom_chem_shift.ID	_Atom_chem_shift.Assembly_atom_ID	_Atom_chem_shift.Entity_assembly_ID	_Atom_chem_shift.Entity_assembly_asym_ID	_Atom_chem_shift.Entity_ID	_Atom_chem_shift.Comp_index_ID	_Atom_chem_shift.Seq_ID	_Atom_chem_shift.Comp_ID	_Atom_chem_shift.Atom_ID	_Atom_chem_shift.Atom_type	_Atom_chem_shift.Atom_isotope_number	_Atom_chem_shift.Val	_Atom_chem_shift.Val_err	_Atom_chem_shift.Assign_fig_of_merit	_Atom_chem_shift.Ambiguity_code	_Atom_chem_shift.Ambiguity_set_ID	_Atom_chem_shift.Occupancy	_Atom_chem_shift.Resonance_ID	_Atom_chem_shift.Auth_entity_assembly_ID	_Atom_chem_shift.Auth_asym_ID	_Atom_chem_shift.Auth_seq_ID	_Atom_chem_shift.Auth_comp_ID	_Atom_chem_shift.Auth_atom_ID	_Atom_chem_shift.Details	_Atom_chem_shift.Entry_ID	_Atom_chem_shift.Assigned_chem_shift_list_ID
1,.,.,.,2,N,15,N,.,N,ALA,B,46,ALA,46,.,1,2,.,52078,82,.,.,46,133.105,.,_Atom_chem_shift.ID	_Atom_chem_shift.Assembly_atom_ID	_Atom_chem_shift.Entity_assembly_ID	_Atom_chem_shift.Entity_assembly_asym_ID	_Atom_chem_shift.Entity_ID	_Atom_chem_shift.Comp_index_ID	_Atom_chem_shift.Seq_ID	_Atom_chem_shift.Comp_ID	_Atom_chem_shift.Atom_ID	_Atom_chem_shift.Atom_type	_Atom_chem_shift.Atom_isotope_number	_Atom_chem_shift.Val	_Atom_chem_shift.Val_err	_Atom_chem_shift.Assign_fig_of_merit	_Atom_chem_shift.Ambiguity_code	_Atom_chem_shift.Ambiguity_set_ID	_Atom_chem_shift.Occupancy	_Atom_chem_shift.Resonance_ID	_Atom_chem_shift.Auth_entity_assembly_ID	_Atom_chem_shift.Auth_asym_ID	_Atom_chem_shift.Auth_seq_ID	_Atom_chem_shift.Auth_comp_ID	_Atom_chem_shift.Auth_atom_ID	_Atom_chem_shift.Details	_Atom_chem_shift.Entry_ID	_Atom_chem_shift.Assigned_chem_shift_list_ID
1,.,.,.,2,H,1,H,.,H,GLY,B,47,GLY,47,.,1,2,.,52078,83,.,.,47,8.015,.,_Atom_chem_shift.ID	_Atom_chem_shift.Assembly_atom_ID	_Atom_chem_shift.Entity_assembly_ID	_Atom_chem_shift.Entity_assembly_asym_ID	_Atom_chem_shift.Entity_ID	_Atom_chem_shift.Comp_index_ID	_Atom_chem_shift.Seq_ID	_Atom_chem_shift.Comp_ID	_Atom_chem_shift.Atom_ID	_Atom_chem_shift.Atom_type	_Atom_chem_shift.Atom_isotope_number	_Atom_chem_shift.Val	_Atom_chem_shift.Val_err	_Atom_chem_shift.Assign_fig_of_merit	_Atom_chem_shift.Ambiguity_code	_Atom_chem_shift.Ambiguity_set_ID	_Atom_chem_shift.Occupancy	_Atom_chem_shift.Resonance_ID	_Atom_chem_shift.Auth_entity_assembly_ID	_Atom_chem_shift.Auth_asym_ID	_Atom_chem_shift.Auth_seq_ID	_Atom_chem_shift.Auth_comp_ID	_Atom_chem_shift.Auth_atom_ID	_Atom_chem_shift.Details	_Atom_chem_shift.Entry_ID	_Atom_chem_shift.Assigned_chem_shift_list_ID
1,.,.,.,2,N,15,N,.,N,GLY,B,47,GLY,47,.,1,2,.,52078,84,.,.,47,102.492,.,_Atom_chem_shift.ID	_Atom_chem_shift.Assembly_atom_ID	_Atom_chem_shift.Entity_assembly_ID	_Atom_chem_shift.Entity_assembly_asym_ID	_Atom_chem_shift.Entity_ID	_Atom_chem_shift.Comp_index_ID	_Atom_chem_shift.Seq_ID	_Atom_chem_shift.Comp_ID	_Atom_chem_shift.Atom_ID	_Atom_chem_shift.Atom_type	_Atom_chem_shift.Atom_isotope_number	_Atom_chem_shift.Val	_Atom_chem_shift.Val_err	_Atom_chem_shift.Assign_fig_of_merit	_Atom_chem_shift.Ambiguity_code	_Atom_chem_shift.Ambiguity_set_ID	_Atom_chem_shift.Occupancy	_Atom_chem_shift.Resonance_ID	_Atom_chem_shift.Auth_entity_assembly_ID	_Atom_chem_shift.Auth_asym_ID	_Atom_chem_shift.Auth_seq_ID	_Atom_chem_shift.Auth_comp_ID	_Atom_chem_shift.Auth_atom_ID	_Atom_chem_shift.Details	_Atom_chem_shift.Entry_ID	_Atom_chem_shift.Assigned_chem_shift_list_ID
1,.,.,.,2,H,1,H,.,H,LYS,B,48,LYS,48,.,1,2,.,52078,85,.,.,48,7.894,.,_Atom_chem_shift.ID	_Atom_chem_shift.Assembly_atom_ID	_Atom_chem_shift.Entity_assembly_ID	_Atom_chem_shift.Entity_assembly_asym_ID	_Atom_chem_shift.Entity_ID	_Atom_chem_shift.Comp_index_ID	_Atom_chem_shift.Seq_ID	_Atom_chem_shift.Comp_ID	_Atom_chem_shift.Atom_ID	_Atom_chem_shift.Atom_type	_Atom_chem_shift.Atom_isotope_number	_Atom_chem_shift.Val	_Atom_chem_shift.Val_err	_Atom_chem_shift.Assign_fig_of_merit	_Atom_chem_shift.Ambiguity_code	_Atom_chem_shift.Ambiguity_set_ID	_Atom_chem_shift.Occupancy	_Atom_chem_shift.Resonance_ID	_Atom_chem_shift.Auth_entity_assembly_ID	_Atom_chem_shift.Auth_asym_ID	_Atom_chem_shift.Auth_seq_ID	_Atom_chem_shift.Auth_comp_ID	_Atom_chem_shift.Auth_atom_ID	_Atom_chem_shift.Details	_Atom_chem_shift.Entry_ID	_Atom_chem_shift.Assigned_chem_shift_list_ID
1,.,.,.,2,N,15,N,.,N,LYS,B,48,LYS,48,.,1,2,.,52078,86,.,.,48,122.131,.,_Atom_chem_shift.ID	_Atom_chem_shift.Assembly_atom_ID	_Atom_chem_shift.Entity_assembly_ID	_Atom_chem_shift.Entity_assembly_asym_ID	_Atom_chem_shift.Entity_ID	_Atom_chem_shift.Comp_index_ID	_Atom_chem_shift.Seq_ID	_Atom_chem_shift.Comp_ID	_Atom_chem_shift.Atom_ID	_Atom_chem_shift.Atom_type	_Atom_chem_shift.Atom_isotope_number	_Atom_chem_shift.Val	_Atom_chem_shift.Val_err	_Atom_chem_shift.Assign_fig_of_merit	_Atom_chem_shift.Ambiguity_code	_Atom_chem_shift.Ambiguity_set_ID	_Atom_chem_shift.Occupancy	_Atom_chem_shift.Resonance_ID	_Atom_chem_shift.Auth_entity_assembly_ID	_Atom_chem_shift.Auth_asym_ID	_Atom_chem_shift.Auth_seq_ID	_Atom_chem_shift.Auth_comp_ID	_Atom_chem_shift.Auth_atom_ID	_Atom_chem_shift.Details	_Atom_chem_shift.Entry_ID	_Atom_chem_shift.Assigned_chem_shift_list_ID
1,.,.,.,2,H,1,H,.,H,GLN,B,49,GLN,49,.,1,2,.,52078,87,.,.,49,8.573,.,_Atom_chem_shift.ID	_Atom_chem_shift.Assembly_atom_ID	_Atom_chem_shift.Entity_assembly_ID	_Atom_chem_shift.Entity_assembly_asym_ID	_Atom_chem_shift.Entity_ID	_Atom_chem_shift.Comp_index_ID	_Atom_chem_shift.Seq_ID	_Atom_chem_shift.Comp_ID	_Atom_chem_shift.Atom_ID	_Atom_chem_shift.Atom_type	_Atom_chem_shift.Atom_isotope_number	_Atom_chem_shift.Val	_Atom_chem_shift.Val_err	_Atom_chem_shift.Assign_fig_of_merit	_Atom_chem_shift.Ambiguity_code	_Atom_chem_shift.Ambiguity_set_ID	_Atom_chem_shift.Occupancy	_Atom_chem_shift.Resonance_ID	_Atom_chem_shift.Auth_entity_assembly_ID	_Atom_chem_shift.Auth_asym_ID	_Atom_chem_shift.Auth_seq_ID	_Atom_chem_shift.Auth_comp_ID	_Atom_chem_shift.Auth_atom_ID	_Atom_chem_shift.Details	_Atom_chem_shift.Entry_ID	_Atom_chem_shift.Assigned_chem_shift_list_ID
1,.,.,.,2,N,15,N,.,N,GLN,B,49,GLN,49,.,1,2,.,52078,88,.,.,49,123.227,.,_Atom_chem_shift.ID	_Atom_chem_shift.Assembly_atom_ID	_Atom_chem_shift.Entity_assembly_ID	_Atom_chem_shift.Entity_assembly_asym_ID	_Atom_chem_shift.Entity_ID	_Atom_chem_shift.Comp_index_ID	_Atom_chem_shift.Seq_ID	_Atom_chem_shift.Comp_ID	_Atom_chem_shift.Atom_ID	_Atom_chem_shift.Atom_type	_Atom_chem_shift.Atom_isotope_number	_Atom_chem_shift.Val	_Atom_chem_shift.Val_err	_Atom_chem_shift.Assign_fig_of_merit	_Atom_chem_shift.Ambiguity_code	_Atom_chem_shift.Ambiguity_set_ID	_Atom_chem_shift.Occupancy	_Atom_chem_shift.Resonance_ID	_Atom_chem_shift.Auth_entity_assembly_ID	_Atom_chem_shift.Auth_asym_ID	_Atom_chem_shift.Auth_seq_ID	_Atom_chem_shift.Auth_comp_ID	_Atom_chem_shift.Auth_atom_ID	_Atom_chem_shift.Details	_Atom_chem_shift.Entry_ID	_Atom_chem_shift.Assigned_chem_shift_list_ID
1,.,.,.,2,H,1,H,.,H,LEU,B,50,LEU,50,.,1,2,.,52078,89,.,.,50,8.47,.,_Atom_chem_shift.ID	_Atom_chem_shift.Assembly_atom_ID	_Atom_chem_shift.Entity_assembly_ID	_Atom_chem_shift.Entity_assembly_asym_ID	_Atom_chem_shift.Entity_ID	_Atom_chem_shift.Comp_index_ID	_Atom_chem_shift.Seq_ID	_Atom_chem_shift.Comp_ID	_Atom_chem_shift.Atom_ID	_Atom_chem_shift.Atom_type	_Atom_chem_shift.Atom_isotope_number	_Atom_chem_shift.Val	_Atom_chem_shift.Val_err	_Atom_chem_shift.Assign_fig_of_merit	_Atom_chem_shift.Ambiguity_code	_Atom_chem_shift.Ambiguity_set_ID	_Atom_chem_shift.Occupancy	_Atom_chem_shift.Resonance_ID	_Atom_chem_shift.Auth_entity_assembly_ID	_Atom_chem_shift.Auth_asym_ID	_Atom_chem_shift.Auth_seq_ID	_Atom_chem_shift.Auth_comp_ID	_Atom_chem_shift.Auth_atom_ID	_Atom_chem_shift.Details	_Atom_chem_shift.Entry_ID	_Atom_chem_shift.Assigned_chem_shift_list_ID
1,.,.,.,2,N,15,N,.,N,LEU,B,50,LEU,50,.,1,2,.,52078,90,.,.,50,125.724,.,_Atom_chem_shift.ID	_Atom_chem_shift.Assembly_atom_ID	_Atom_chem_shift.Entity_assembly_ID	_Atom_chem_shift.Entity_assembly_asym_ID	_Atom_chem_shift.Entity_ID	_Atom_chem_shift.Comp_index_ID	_Atom_chem_shift.Seq_ID	_Atom_chem_shift.Comp_ID	_Atom_chem_shift.Atom_ID	_Atom_chem_shift.Atom_type	_Atom_chem_shift.Atom_isotope_number	_Atom_chem_shift.Val	_Atom_chem_shift.Val_err	_Atom_chem_shift.Assign_fig_of_merit	_Atom_chem_shift.Ambiguity_code	_Atom_chem_shift.Ambiguity_set_ID	_Atom_chem_shift.Occupancy	_Atom_chem_shift.Resonance_ID	_Atom_chem_shift.Auth_entity_assembly_ID	_Atom_chem_shift.Auth_asym_ID	_Atom_chem_shift.Auth_seq_ID	_Atom_chem_shift.Auth_comp_ID	_Atom_chem_shift.Auth_atom_ID	_Atom_chem_shift.Details	_Atom_chem_shift.Entry_ID	_Atom_chem_shift.Assigned_chem_shift_list_ID
1,.,.,.,2,H,1,H,.,H,GLU,B,51,GLU,51,.,1,2,.,52078,91,.,.,51,8.305,.,_Atom_chem_shift.ID	_Atom_chem_shift.Assembly_atom_ID	_Atom_chem_shift.Entity_assembly_ID	_Atom_chem_shift.Entity_assembly_asym_ID	_Atom_chem_shift.Entity_ID	_Atom_chem_shift.Comp_index_ID	_Atom_chem_shift.Seq_ID	_Atom_chem_shift.Comp_ID	_Atom_chem_shift.Atom_ID	_Atom_chem_shift.Atom_type	_Atom_chem_shift.Atom_isotope_number	_Atom_chem_shift.Val	_Atom_chem_shift.Val_err	_Atom_chem_shift.Assign_fig_of_merit	_Atom_chem_shift.Ambiguity_code	_Atom_chem_shift.Ambiguity_set_ID	_Atom_chem_shift.Occupancy	_Atom_chem_shift.Resonance_ID	_Atom_chem_shift.Auth_entity_assembly_ID	_Atom_chem_shift.Auth_asym_ID	_Atom_chem_shift.Auth_seq_ID	_Atom_chem_shift.Auth_comp_ID	_Atom_chem_shift.Auth_atom_ID	_Atom_chem_shift.Details	_Atom_chem_shift.Entry_ID	_Atom_chem_shift.Assigned_chem_shift_list_ID
1,.,.,.,2,N,15,N,.,N,GLU,B,51,GLU,51,.,1,2,.,52078,92,.,.,51,123.17,.,_Atom_chem_shift.ID	_Atom_chem_shift.Assembly_atom_ID	_Atom_chem_shift.Entity_assembly_ID	_Atom_chem_shift.Entity_assembly_asym_ID	_Atom_chem_shift.Entity_ID	_Atom_chem_shift.Comp_index_ID	_Atom_chem_shift.Seq_ID	_Atom_chem_shift.Comp_ID	_Atom_chem_shift.Atom_ID	_Atom_chem_shift.Atom_type	_Atom_chem_shift.Atom_isotope_number	_Atom_chem_shift.Val	_Atom_chem_shift.Val_err	_Atom_chem_shift.Assign_fig_of_merit	_Atom_chem_shift.Ambiguity_code	_Atom_chem_shift.Ambiguity_set_ID	_Atom_chem_shift.Occupancy	_Atom_chem_shift.Resonance_ID	_Atom_chem_shift.Auth_entity_assembly_ID	_Atom_chem_shift.Auth_asym_ID	_Atom_chem_shift.Auth_seq_ID	_Atom_chem_shift.Auth_comp_ID	_Atom_chem_shift.Auth_atom_ID	_Atom_chem_shift.Details	_Atom_chem_shift.Entry_ID	_Atom_chem_shift.Assigned_chem_shift_list_ID
1,.,.,.,2,H,1,H,.,H,ASP,B,52,ASP,52,.,1,2,.,52078,93,.,.,52,8.078,.,_Atom_chem_shift.ID	_Atom_chem_shift.Assembly_atom_ID	_Atom_chem_shift.Entity_assembly_ID	_Atom_chem_shift.Entity_assembly_asym_ID	_Atom_chem_shift.Entity_ID	_Atom_chem_shift.Comp_index_ID	_Atom_chem_shift.Seq_ID	_Atom_chem_shift.Comp_ID	_Atom_chem_shift.Atom_ID	_Atom_chem_shift.Atom_type	_Atom_chem_shift.Atom_isotope_number	_Atom_chem_shift.Val	_Atom_chem_shift.Val_err	_Atom_chem_shift.Assign_fig_of_merit	_Atom_chem_shift.Ambiguity_code	_Atom_chem_shift.Ambiguity_set_ID	_Atom_chem_shift.Occupancy	_Atom_chem_shift.Resonance_ID	_Atom_chem_shift.Auth_entity_assembly_ID	_Atom_chem_shift.Auth_asym_ID	_Atom_chem_shift.Auth_seq_ID	_Atom_chem_shift.Auth_comp_ID	_Atom_chem_shift.Auth_atom_ID	_Atom_chem_shift.Details	_Atom_chem_shift.Entry_ID	_Atom_chem_shift.Assigned_chem_shift_list_ID
1,.,.,.,2,N,15,N,.,N,ASP,B,52,ASP,52,.,1,2,.,52078,94,.,.,52,120.447,.,_Atom_chem_shift.ID	_Atom_chem_shift.Assembly_atom_ID	_Atom_chem_shift.Entity_assembly_ID	_Atom_chem_shift.Entity_assembly_asym_ID	_Atom_chem_shift.Entity_ID	_Atom_chem_shift.Comp_index_ID	_Atom_chem_shift.Seq_ID	_Atom_chem_shift.Comp_ID	_Atom_chem_shift.Atom_ID	_Atom_chem_shift.Atom_type	_Atom_chem_shift.Atom_isotope_number	_Atom_chem_shift.Val	_Atom_chem_shift.Val_err	_Atom_chem_shift.Assign_fig_of_merit	_Atom_chem_shift.Ambiguity_code	_Atom_chem_shift.Ambiguity_set_ID	_Atom_chem_shift.Occupancy	_Atom_chem_shift.Resonance_ID	_Atom_chem_shift.Auth_entity_assembly_ID	_Atom_chem_shift.Auth_asym_ID	_Atom_chem_shift.Auth_seq_ID	_Atom_chem_shift.Auth_comp_ID	_Atom_chem_shift.Auth_atom_ID	_Atom_chem_shift.Details	_Atom_chem_shift.Entry_ID	_Atom_chem_shift.Assigned_chem_shift_list_ID
1,.,.,.,2,H,1,H,.,H,ARG,B,54,ARG,54,.,1,2,.,52078,95,.,.,54,7.37,.,_Atom_chem_shift.ID	_Atom_chem_shift.Assembly_atom_ID	_Atom_chem_shift.Entity_assembly_ID	_Atom_chem_shift.Entity_assembly_asym_ID	_Atom_chem_shift.Entity_ID	_Atom_chem_shift.Comp_index_ID	_Atom_chem_shift.Seq_ID	_Atom_chem_shift.Comp_ID	_Atom_chem_shift.Atom_ID	_Atom_chem_shift.Atom_type	_Atom_chem_shift.Atom_isotope_number	_Atom_chem_shift.Val	_Atom_chem_shift.Val_err	_Atom_chem_shift.Assign_fig_of_merit	_Atom_chem_shift.Ambiguity_code	_Atom_chem_shift.Ambiguity_set_ID	_Atom_chem_shift.Occupancy	_Atom_chem_shift.Resonance_ID	_Atom_chem_shift.Auth_entity_assembly_ID	_Atom_chem_shift.Auth_asym_ID	_Atom_chem_shift.Auth_seq_ID	_Atom_chem_shift.Auth_comp_ID	_Atom_chem_shift.Auth_atom_ID	_Atom_chem_shift.Details	_Atom_chem_shift.Entry_ID	_Atom_chem_shift.Assigned_chem_shift_list_ID
1,.,.,.,2,N,15,N,.,N,ARG,B,54,ARG,54,.,1,2,.,52078,96,.,.,54,119.409,.,_Atom_chem_shift.ID	_Atom_chem_shift.Assembly_atom_ID	_Atom_chem_shift.Entity_assembly_ID	_Atom_chem_shift.Entity_assembly_asym_ID	_Atom_chem_shift.Entity_ID	_Atom_chem_shift.Comp_index_ID	_Atom_chem_shift.Seq_ID	_Atom_chem_shift.Comp_ID	_Atom_chem_shift.Atom_ID	_Atom_chem_shift.Atom_type	_Atom_chem_shift.Atom_isotope_number	_Atom_chem_shift.Val	_Atom_chem_shift.Val_err	_Atom_chem_shift.Assign_fig_of_merit	_Atom_chem_shift.Ambiguity_code	_Atom_chem_shift.Ambiguity_set_ID	_Atom_chem_shift.Occupancy	_Atom_chem_shift.Resonance_ID	_Atom_chem_shift.Auth_entity_assembly_ID	_Atom_chem_shift.Auth_asym_ID	_Atom_chem_shift.Auth_seq_ID	_Atom_chem_shift.Auth_comp_ID	_Atom_chem_shift.Auth_atom_ID	_Atom_chem_shift.Details	_Atom_chem_shift.Entry_ID	_Atom_chem_shift.Assigned_chem_shift_list_ID
1,.,.,.,2,H,1,H,.,H,THR,B,55,THR,55,.,1,2,.,52078,97,.,.,55,8.753,.,_Atom_chem_shift.ID	_Atom_chem_shift.Assembly_atom_ID	_Atom_chem_shift.Entity_assembly_ID	_Atom_chem_shift.Entity_assembly_asym_ID	_Atom_chem_shift.Entity_ID	_Atom_chem_shift.Comp_index_ID	_Atom_chem_shift.Seq_ID	_Atom_chem_shift.Comp_ID	_Atom_chem_shift.Atom_ID	_Atom_chem_shift.Atom_type	_Atom_chem_shift.Atom_isotope_number	_Atom_chem_shift.Val	_Atom_chem_shift.Val_err	_Atom_chem_shift.Assign_fig_of_merit	_Atom_chem_shift.Ambiguity_code	_Atom_chem_shift.Ambiguity_set_ID	_Atom_chem_shift.Occupancy	_Atom_chem_shift.Resonance_ID	_Atom_chem_shift.Auth_entity_assembly_ID	_Atom_chem_shift.Auth_asym_ID	_Atom_chem_shift.Auth_seq_ID	_Atom_chem_shift.Auth_comp_ID	_Atom_chem_shift.Auth_atom_ID	_Atom_chem_shift.Details	_Atom_chem_shift.Entry_ID	_Atom_chem_shift.Assigned_chem_shift_list_ID
1,.,.,.,2,N,15,N,.,N,THR,B,55,THR,55,.,1,2,.,52078,98,.,.,55,108.929,.,_Atom_chem_shift.ID	_Atom_chem_shift.Assembly_atom_ID	_Atom_chem_shift.Entity_assembly_ID	_Atom_chem_shift.Entity_assembly_asym_ID	_Atom_chem_shift.Entity_ID	_Atom_chem_shift.Comp_index_ID	_Atom_chem_shift.Seq_ID	_Atom_chem_shift.Comp_ID	_Atom_chem_shift.Atom_ID	_Atom_chem_shift.Atom_type	_Atom_chem_shift.Atom_isotope_number	_Atom_chem_shift.Val	_Atom_chem_shift.Val_err	_Atom_chem_shift.Assign_fig_of_merit	_Atom_chem_shift.Ambiguity_code	_Atom_chem_shift.Ambiguity_set_ID	_Atom_chem_shift.Occupancy	_Atom_chem_shift.Resonance_ID	_Atom_chem_shift.Auth_entity_assembly_ID	_Atom_chem_shift.Auth_asym_ID	_Atom_chem_shift.Auth_seq_ID	_Atom_chem_shift.Auth_comp_ID	_Atom_chem_shift.Auth_atom_ID	_Atom_chem_shift.Details	_Atom_chem_shift.Entry_ID	_Atom_chem_shift.Assigned_chem_shift_list_ID
1,.,.,.,2,H,1,H,.,H,LEU,B,56,LEU,56,.,1,2,.,52078,99,.,.,56,8.065,.,_Atom_chem_shift.ID	_Atom_chem_shift.Assembly_atom_ID	_Atom_chem_shift.Entity_assembly_ID	_Atom_chem_shift.Entity_assembly_asym_ID	_Atom_chem_shift.Entity_ID	_Atom_chem_shift.Comp_index_ID	_Atom_chem_shift.Seq_ID	_Atom_chem_shift.Comp_ID	_Atom_chem_shift.Atom_ID	_Atom_chem_shift.Atom_type	_Atom_chem_shift.Atom_isotope_number	_Atom_chem_shift.Val	_Atom_chem_shift.Val_err	_Atom_chem_shift.Assign_fig_of_merit	_Atom_chem_shift.Ambiguity_code	_Atom_chem_shift.Ambiguity_set_ID	_Atom_chem_shift.Occupancy	_Atom_chem_shift.Resonance_ID	_Atom_chem_shift.Auth_entity_assembly_ID	_Atom_chem_shift.Auth_asym_ID	_Atom_chem_shift.Auth_seq_ID	_Atom_chem_shift.Auth_comp_ID	_Atom_chem_shift.Auth_atom_ID	_Atom_chem_shift.Details	_Atom_chem_shift.Entry_ID	_Atom_chem_shift.Assigned_chem_shift_list_ID
1,.,.,.,2,N,15,N,.,N,LEU,B,56,LEU,56,.,1,2,.,52078,100,.,.,56,118.08,.,_Atom_chem_shift.ID	_Atom_chem_shift.Assembly_atom_ID	_Atom_chem_shift.Entity_assembly_ID	_Atom_chem_shift.Entity_assembly_asym_ID	_Atom_chem_shift.Entity_ID	_Atom_chem_shift.Comp_index_ID	_Atom_chem_shift.Seq_ID	_Atom_chem_shift.Comp_ID	_Atom_chem_shift.Atom_ID	_Atom_chem_shift.Atom_type	_Atom_chem_shift.Atom_isotope_number	_Atom_chem_shift.Val	_Atom_chem_shift.Val_err	_Atom_chem_shift.Assign_fig_of_merit	_Atom_chem_shift.Ambiguity_code	_Atom_chem_shift.Ambiguity_set_ID	_Atom_chem_shift.Occupancy	_Atom_chem_shift.Resonance_ID	_Atom_chem_shift.Auth_entity_assembly_ID	_Atom_chem_shift.Auth_asym_ID	_Atom_chem_shift.Auth_seq_ID	_Atom_chem_shift.Auth_comp_ID	_Atom_chem_shift.Auth_atom_ID	_Atom_chem_shift.Details	_Atom_chem_shift.Entry_ID	_Atom_chem_shift.Assigned_chem_shift_list_ID
1,.,.,.,2,H,1,H,.,H,SER,B,57,SER,57,.,1,2,.,52078,101,.,.,57,8.403,.,_Atom_chem_shift.ID	_Atom_chem_shift.Assembly_atom_ID	_Atom_chem_shift.Entity_assembly_ID	_Atom_chem_shift.Entity_assembly_asym_ID	_Atom_chem_shift.Entity_ID	_Atom_chem_shift.Comp_index_ID	_Atom_chem_shift.Seq_ID	_Atom_chem_shift.Comp_ID	_Atom_chem_shift.Atom_ID	_Atom_chem_shift.Atom_type	_Atom_chem_shift.Atom_isotope_number	_Atom_chem_shift.Val	_Atom_chem_shift.Val_err	_Atom_chem_shift.Assign_fig_of_merit	_Atom_chem_shift.Ambiguity_code	_Atom_chem_shift.Ambiguity_set_ID	_Atom_chem_shift.Occupancy	_Atom_chem_shift.Resonance_ID	_Atom_chem_shift.Auth_entity_assembly_ID	_Atom_chem_shift.Auth_asym_ID	_Atom_chem_shift.Auth_seq_ID	_Atom_chem_shift.Auth_comp_ID	_Atom_chem_shift.Auth_atom_ID	_Atom_chem_shift.Details	_Atom_chem_shift.Entry_ID	_Atom_chem_shift.Assigned_chem_shift_list_ID
1,.,.,.,2,N,15,N,.,N,SER,B,57,SER,57,.,1,2,.,52078,102,.,.,57,113.599,.,_Atom_chem_shift.ID	_Atom_chem_shift.Assembly_atom_ID	_Atom_chem_shift.Entity_assembly_ID	_Atom_chem_shift.Entity_assembly_asym_ID	_Atom_chem_shift.Entity_ID	_Atom_chem_shift.Comp_index_ID	_Atom_chem_shift.Seq_ID	_Atom_chem_shift.Comp_ID	_Atom_chem_shift.Atom_ID	_Atom_chem_shift.Atom_type	_Atom_chem_shift.Atom_isotope_number	_Atom_chem_shift.Val	_Atom_chem_shift.Val_err	_Atom_chem_shift.Assign_fig_of_merit	_Atom_chem_shift.Ambiguity_code	_Atom_chem_shift.Ambiguity_set_ID	_Atom_chem_shift.Occupancy	_Atom_chem_shift.Resonance_ID	_Atom_chem_shift.Auth_entity_assembly_ID	_Atom_chem_shift.Auth_asym_ID	_Atom_chem_shift.Auth_seq_ID	_Atom_chem_shift.Auth_comp_ID	_Atom_chem_shift.Auth_atom_ID	_Atom_chem_shift.Details	_Atom_chem_shift.Entry_ID	_Atom_chem_shift.Assigned_chem_shift_list_ID
1,.,.,.,2,H,1,H,.,H,ASP,B,58,ASP,58,.,1,2,.,52078,103,.,.,58,7.852,.,_Atom_chem_shift.ID	_Atom_chem_shift.Assembly_atom_ID	_Atom_chem_shift.Entity_assembly_ID	_Atom_chem_shift.Entity_assembly_asym_ID	_Atom_chem_shift.Entity_ID	_Atom_chem_shift.Comp_index_ID	_Atom_chem_shift.Seq_ID	_Atom_chem_shift.Comp_ID	_Atom_chem_shift.Atom_ID	_Atom_chem_shift.Atom_type	_Atom_chem_shift.Atom_isotope_number	_Atom_chem_shift.Val	_Atom_chem_shift.Val_err	_Atom_chem_shift.Assign_fig_of_merit	_Atom_chem_shift.Ambiguity_code	_Atom_chem_shift.Ambiguity_set_ID	_Atom_chem_shift.Occupancy	_Atom_chem_shift.Resonance_ID	_Atom_chem_shift.Auth_entity_assembly_ID	_Atom_chem_shift.Auth_asym_ID	_Atom_chem_shift.Auth_seq_ID	_Atom_chem_shift.Auth_comp_ID	_Atom_chem_shift.Auth_atom_ID	_Atom_chem_shift.Details	_Atom_chem_shift.Entry_ID	_Atom_chem_shift.Assigned_chem_shift_list_ID
1,.,.,.,2,N,15,N,.,N,ASP,B,58,ASP,58,.,1,2,.,52078,104,.,.,58,124.622,.,_Atom_chem_shift.ID	_Atom_chem_shift.Assembly_atom_ID	_Atom_chem_shift.Entity_assembly_ID	_Atom_chem_shift.Entity_assembly_asym_ID	_Atom_chem_shift.Entity_ID	_Atom_chem_shift.Comp_index_ID	_Atom_chem_shift.Seq_ID	_Atom_chem_shift.Comp_ID	_Atom_chem_shift.Atom_ID	_Atom_chem_shift.Atom_type	_Atom_chem_shift.Atom_isotope_number	_Atom_chem_shift.Val	_Atom_chem_shift.Val_err	_Atom_chem_shift.Assign_fig_of_merit	_Atom_chem_shift.Ambiguity_code	_Atom_chem_shift.Ambiguity_set_ID	_Atom_chem_shift.Occupancy	_Atom_chem_shift.Resonance_ID	_Atom_chem_shift.Auth_entity_assembly_ID	_Atom_chem_shift.Auth_asym_ID	_Atom_chem_shift.Auth_seq_ID	_Atom_chem_shift.Auth_comp_ID	_Atom_chem_shift.Auth_atom_ID	_Atom_chem_shift.Details	_Atom_chem_shift.Entry_ID	_Atom_chem_shift.Assigned_chem_shift_list_ID
1,.,.,.,2,H,1,H,.,H,TYR,B,59,TYR,59,.,1,2,.,52078,105,.,.,59,7.171,.,_Atom_chem_shift.ID	_Atom_chem_shift.Assembly_atom_ID	_Atom_chem_shift.Entity_assembly_ID	_Atom_chem_shift.Entity_assembly_asym_ID	_Atom_chem_shift.Entity_ID	_Atom_chem_shift.Comp_index_ID	_Atom_chem_shift.Seq_ID	_Atom_chem_shift.Comp_ID	_Atom_chem_shift.Atom_ID	_Atom_chem_shift.Atom_type	_Atom_chem_shift.Atom_isotope_number	_Atom_chem_shift.Val	_Atom_chem_shift.Val_err	_Atom_chem_shift.Assign_fig_of_merit	_Atom_chem_shift.Ambiguity_code	_Atom_chem_shift.Ambiguity_set_ID	_Atom_chem_shift.Occupancy	_Atom_chem_shift.Resonance_ID	_Atom_chem_shift.Auth_entity_assembly_ID	_Atom_chem_shift.Auth_asym_ID	_Atom_chem_shift.Auth_seq_ID	_Atom_chem_shift.Auth_comp_ID	_Atom_chem_shift.Auth_atom_ID	_Atom_chem_shift.Details	_Atom_chem_shift.Entry_ID	_Atom_chem_shift.Assigned_chem_shift_list_ID
1,.,.,.,2,N,15,N,.,N,TYR,B,59,TYR,59,.,1,2,.,52078,106,.,.,59,115.835,.,_Atom_chem_shift.ID	_Atom_chem_shift.Assembly_atom_ID	_Atom_chem_shift.Entity_assembly_ID	_Atom_chem_shift.Entity_assembly_asym_ID	_Atom_chem_shift.Entity_ID	_Atom_chem_shift.Comp_index_ID	_Atom_chem_shift.Seq_ID	_Atom_chem_shift.Comp_ID	_Atom_chem_shift.Atom_ID	_Atom_chem_shift.Atom_type	_Atom_chem_shift.Atom_isotope_number	_Atom_chem_shift.Val	_Atom_chem_shift.Val_err	_Atom_chem_shift.Assign_fig_of_merit	_Atom_chem_shift.Ambiguity_code	_Atom_chem_shift.Ambiguity_set_ID	_Atom_chem_shift.Occupancy	_Atom_chem_shift.Resonance_ID	_Atom_chem_shift.Auth_entity_assembly_ID	_Atom_chem_shift.Auth_asym_ID	_Atom_chem_shift.Auth_seq_ID	_Atom_chem_shift.Auth_comp_ID	_Atom_chem_shift.Auth_atom_ID	_Atom_chem_shift.Details	_Atom_chem_shift.Entry_ID	_Atom_chem_shift.Assigned_chem_shift_list_ID
1,.,.,.,2,H,1,H,.,H,ASN,B,60,ASN,60,.,1,2,.,52078,107,.,.,60,8.069,.,_Atom_chem_shift.ID	_Atom_chem_shift.Assembly_atom_ID	_Atom_chem_shift.Entity_assembly_ID	_Atom_chem_shift.Entity_assembly_asym_ID	_Atom_chem_shift.Entity_ID	_Atom_chem_shift.Comp_index_ID	_Atom_chem_shift.Seq_ID	_Atom_chem_shift.Comp_ID	_Atom_chem_shift.Atom_ID	_Atom_chem_shift.Atom_type	_Atom_chem_shift.Atom_isotope_number	_Atom_chem_shift.Val	_Atom_chem_shift.Val_err	_Atom_chem_shift.Assign_fig_of_merit	_Atom_chem_shift.Ambiguity_code	_Atom_chem_shift.Ambiguity_set_ID	_Atom_chem_shift.Occupancy	_Atom_chem_shift.Resonance_ID	_Atom_chem_shift.Auth_entity_assembly_ID	_Atom_chem_shift.Auth_asym_ID	_Atom_chem_shift.Auth_seq_ID	_Atom_chem_shift.Auth_comp_ID	_Atom_chem_shift.Auth_atom_ID	_Atom_chem_shift.Details	_Atom_chem_shift.Entry_ID	_Atom_chem_shift.Assigned_chem_shift_list_ID
1,.,.,.,2,N,15,N,.,N,ASN,B,60,ASN,60,.,1,2,.,52078,108,.,.,60,116.068,.,_Atom_chem_shift.ID	_Atom_chem_shift.Assembly_atom_ID	_Atom_chem_shift.Entity_assembly_ID	_Atom_chem_shift.Entity_assembly_asym_ID	_Atom_chem_shift.Entity_ID	_Atom_chem_shift.Comp_index_ID	_Atom_chem_shift.Seq_ID	_Atom_chem_shift.Comp_ID	_Atom_chem_shift.Atom_ID	_Atom_chem_shift.Atom_type	_Atom_chem_shift.Atom_isotope_number	_Atom_chem_shift.Val	_Atom_chem_shift.Val_err	_Atom_chem_shift.Assign_fig_of_merit	_Atom_chem_shift.Ambiguity_code	_Atom_chem_shift.Ambiguity_set_ID	_Atom_chem_shift.Occupancy	_Atom_chem_shift.Resonance_ID	_Atom_chem_shift.Auth_entity_assembly_ID	_Atom_chem_shift.Auth_asym_ID	_Atom_chem_shift.Auth_seq_ID	_Atom_chem_shift.Auth_comp_ID	_Atom_chem_shift.Auth_atom_ID	_Atom_chem_shift.Details	_Atom_chem_shift.Entry_ID	_Atom_chem_shift.Assigned_chem_shift_list_ID
1,.,.,.,2,H,1,H,.,H,ILE,B,61,ILE,61,.,1,2,.,52078,109,.,.,61,7.159,.,_Atom_chem_shift.ID	_Atom_chem_shift.Assembly_atom_ID	_Atom_chem_shift.Entity_assembly_ID	_Atom_chem_shift.Entity_assembly_asym_ID	_Atom_chem_shift.Entity_ID	_Atom_chem_shift.Comp_index_ID	_Atom_chem_shift.Seq_ID	_Atom_chem_shift.Comp_ID	_Atom_chem_shift.Atom_ID	_Atom_chem_shift.Atom_type	_Atom_chem_shift.Atom_isotope_number	_Atom_chem_shift.Val	_Atom_chem_shift.Val_err	_Atom_chem_shift.Assign_fig_of_merit	_Atom_chem_shift.Ambiguity_code	_Atom_chem_shift.Ambiguity_set_ID	_Atom_chem_shift.Occupancy	_Atom_chem_shift.Resonance_ID	_Atom_chem_shift.Auth_entity_assembly_ID	_Atom_chem_shift.Auth_asym_ID	_Atom_chem_shift.Auth_seq_ID	_Atom_chem_shift.Auth_comp_ID	_Atom_chem_shift.Auth_atom_ID	_Atom_chem_shift.Details	_Atom_chem_shift.Entry_ID	_Atom_chem_shift.Assigned_chem_shift_list_ID
1,.,.,.,2,N,15,N,.,N,ILE,B,61,ILE,61,.,1,2,.,52078,110,.,.,61,118.978,.,_Atom_chem_shift.ID	_Atom_chem_shift.Assembly_atom_ID	_Atom_chem_shift.Entity_assembly_ID	_Atom_chem_shift.Entity_assembly_asym_ID	_Atom_chem_shift.Entity_ID	_Atom_chem_shift.Comp_index_ID	_Atom_chem_shift.Seq_ID	_Atom_chem_shift.Comp_ID	_Atom_chem_shift.Atom_ID	_Atom_chem_shift.Atom_type	_Atom_chem_shift.Atom_isotope_number	_Atom_chem_shift.Val	_Atom_chem_shift.Val_err	_Atom_chem_shift.Assign_fig_of_merit	_Atom_chem_shift.Ambiguity_code	_Atom_chem_shift.Ambiguity_set_ID	_Atom_chem_shift.Occupancy	_Atom_chem_shift.Resonance_ID	_Atom_chem_shift.Auth_entity_assembly_ID	_Atom_chem_shift.Auth_asym_ID	_Atom_chem_shift.Auth_seq_ID	_Atom_chem_shift.Auth_comp_ID	_Atom_chem_shift.Auth_atom_ID	_Atom_chem_shift.Details	_Atom_chem_shift.Entry_ID	_Atom_chem_shift.Assigned_chem_shift_list_ID
1,.,.,.,2,H,1,H,.,H,GLN,B,62,GLN,62,.,1,2,.,52078,111,.,.,62,7.54,.,_Atom_chem_shift.ID	_Atom_chem_shift.Assembly_atom_ID	_Atom_chem_shift.Entity_assembly_ID	_Atom_chem_shift.Entity_assembly_asym_ID	_Atom_chem_shift.Entity_ID	_Atom_chem_shift.Comp_index_ID	_Atom_chem_shift.Seq_ID	_Atom_chem_shift.Comp_ID	_Atom_chem_shift.Atom_ID	_Atom_chem_shift.Atom_type	_Atom_chem_shift.Atom_isotope_number	_Atom_chem_shift.Val	_Atom_chem_shift.Val_err	_Atom_chem_shift.Assign_fig_of_merit	_Atom_chem_shift.Ambiguity_code	_Atom_chem_shift.Ambiguity_set_ID	_Atom_chem_shift.Occupancy	_Atom_chem_shift.Resonance_ID	_Atom_chem_shift.Auth_entity_assembly_ID	_Atom_chem_shift.Auth_asym_ID	_Atom_chem_shift.Auth_seq_ID	_Atom_chem_shift.Auth_comp_ID	_Atom_chem_shift.Auth_atom_ID	_Atom_chem_shift.Details	_Atom_chem_shift.Entry_ID	_Atom_chem_shift.Assigned_chem_shift_list_ID
1,.,.,.,2,N,15,N,.,N,GLN,B,62,GLN,62,.,1,2,.,52078,112,.,.,62,125.02,.,_Atom_chem_shift.ID	_Atom_chem_shift.Assembly_atom_ID	_Atom_chem_shift.Entity_assembly_ID	_Atom_chem_shift.Entity_assembly_asym_ID	_Atom_chem_shift.Entity_ID	_Atom_chem_shift.Comp_index_ID	_Atom_chem_shift.Seq_ID	_Atom_chem_shift.Comp_ID	_Atom_chem_shift.Atom_ID	_Atom_chem_shift.Atom_type	_Atom_chem_shift.Atom_isotope_number	_Atom_chem_shift.Val	_Atom_chem_shift.Val_err	_Atom_chem_shift.Assign_fig_of_merit	_Atom_chem_shift.Ambiguity_code	_Atom_chem_shift.Ambiguity_set_ID	_Atom_chem_shift.Occupancy	_Atom_chem_shift.Resonance_ID	_Atom_chem_shift.Auth_entity_assembly_ID	_Atom_chem_shift.Auth_asym_ID	_Atom_chem_shift.Auth_seq_ID	_Atom_chem_shift.Auth_comp_ID	_Atom_chem_shift.Auth_atom_ID	_Atom_chem_shift.Details	_Atom_chem_shift.Entry_ID	_Atom_chem_shift.Assigned_chem_shift_list_ID
1,.,.,.,2,H,1,H,.,H,LYS,B,63,LYS,63,.,1,2,.,52078,113,.,.,63,8.423,.,_Atom_chem_shift.ID	_Atom_chem_shift.Assembly_atom_ID	_Atom_chem_shift.Entity_assembly_ID	_Atom_chem_shift.Entity_assembly_asym_ID	_Atom_chem_shift.Entity_ID	_Atom_chem_shift.Comp_index_ID	_Atom_chem_shift.Seq_ID	_Atom_chem_shift.Comp_ID	_Atom_chem_shift.Atom_ID	_Atom_chem_shift.Atom_type	_Atom_chem_shift.Atom_isotope_number	_Atom_chem_shift.Val	_Atom_chem_shift.Val_err	_Atom_chem_shift.Assign_fig_of_merit	_Atom_chem_shift.Ambiguity_code	_Atom_chem_shift.Ambiguity_set_ID	_Atom_chem_shift.Occupancy	_Atom_chem_shift.Resonance_ID	_Atom_chem_shift.Auth_entity_assembly_ID	_Atom_chem_shift.Auth_asym_ID	_Atom_chem_shift.Auth_seq_ID	_Atom_chem_shift.Auth_comp_ID	_Atom_chem_shift.Auth_atom_ID	_Atom_chem_shift.Details	_Atom_chem_shift.Entry_ID	_Atom_chem_shift.Assigned_chem_shift_list_ID
1,.,.,.,2,N,15,N,.,N,LYS,B,63,LYS,63,.,1,2,.,52078,114,.,.,63,120.683,.,_Atom_chem_shift.ID	_Atom_chem_shift.Assembly_atom_ID	_Atom_chem_shift.Entity_assembly_ID	_Atom_chem_shift.Entity_assembly_asym_ID	_Atom_chem_shift.Entity_ID	_Atom_chem_shift.Comp_index_ID	_Atom_chem_shift.Seq_ID	_Atom_chem_shift.Comp_ID	_Atom_chem_shift.Atom_ID	_Atom_chem_shift.Atom_type	_Atom_chem_shift.Atom_isotope_number	_Atom_chem_shift.Val	_Atom_chem_shift.Val_err	_Atom_chem_shift.Assign_fig_of_merit	_Atom_chem_shift.Ambiguity_code	_Atom_chem_shift.Ambiguity_set_ID	_Atom_chem_shift.Occupancy	_Atom_chem_shift.Resonance_ID	_Atom_chem_shift.Auth_entity_assembly_ID	_Atom_chem_shift.Auth_asym_ID	_Atom_chem_shift.Auth_seq_ID	_Atom_chem_shift.Auth_comp_ID	_Atom_chem_shift.Auth_atom_ID	_Atom_chem_shift.Details	_Atom_chem_shift.Entry_ID	_Atom_chem_shift.Assigned_chem_shift_list_ID
1,.,.,.,2,H,1,H,.,H,GLU,B,64,GLU,64,.,1,2,.,52078,115,.,.,64,9.242,.,_Atom_chem_shift.ID	_Atom_chem_shift.Assembly_atom_ID	_Atom_chem_shift.Entity_assembly_ID	_Atom_chem_shift.Entity_assembly_asym_ID	_Atom_chem_shift.Entity_ID	_Atom_chem_shift.Comp_index_ID	_Atom_chem_shift.Seq_ID	_Atom_chem_shift.Comp_ID	_Atom_chem_shift.Atom_ID	_Atom_chem_shift.Atom_type	_Atom_chem_shift.Atom_isotope_number	_Atom_chem_shift.Val	_Atom_chem_shift.Val_err	_Atom_chem_shift.Assign_fig_of_merit	_Atom_chem_shift.Ambiguity_code	_Atom_chem_shift.Ambiguity_set_ID	_Atom_chem_shift.Occupancy	_Atom_chem_shift.Resonance_ID	_Atom_chem_shift.Auth_entity_assembly_ID	_Atom_chem_shift.Auth_asym_ID	_Atom_chem_shift.Auth_seq_ID	_Atom_chem_shift.Auth_comp_ID	_Atom_chem_shift.Auth_atom_ID	_Atom_chem_shift.Details	_Atom_chem_shift.Entry_ID	_Atom_chem_shift.Assigned_chem_shift_list_ID
1,.,.,.,2,N,15,N,.,N,GLU,B,64,GLU,64,.,1,2,.,52078,116,.,.,64,114.649,.,_Atom_chem_shift.ID	_Atom_chem_shift.Assembly_atom_ID	_Atom_chem_shift.Entity_assembly_ID	_Atom_chem_shift.Entity_assembly_asym_ID	_Atom_chem_shift.Entity_ID	_Atom_chem_shift.Comp_index_ID	_Atom_chem_shift.Seq_ID	_Atom_chem_shift.Comp_ID	_Atom_chem_shift.Atom_ID	_Atom_chem_shift.Atom_type	_Atom_chem_shift.Atom_isotope_number	_Atom_chem_shift.Val	_Atom_chem_shift.Val_err	_Atom_chem_shift.Assign_fig_of_merit	_Atom_chem_shift.Ambiguity_code	_Atom_chem_shift.Ambiguity_set_ID	_Atom_chem_shift.Occupancy	_Atom_chem_shift.Resonance_ID	_Atom_chem_shift.Auth_entity_assembly_ID	_Atom_chem_shift.Auth_asym_ID	_Atom_chem_shift.Auth_seq_ID	_Atom_chem_shift.Auth_comp_ID	_Atom_chem_shift.Auth_atom_ID	_Atom_chem_shift.Details	_Atom_chem_shift.Entry_ID	_Atom_chem_shift.Assigned_chem_shift_list_ID
1,.,.,.,2,H,1,H,.,H,SER,B,65,SER,65,.,1,2,.,52078,117,.,.,65,7.574,.,_Atom_chem_shift.ID	_Atom_chem_shift.Assembly_atom_ID	_Atom_chem_shift.Entity_assembly_ID	_Atom_chem_shift.Entity_assembly_asym_ID	_Atom_chem_shift.Entity_ID	_Atom_chem_shift.Comp_index_ID	_Atom_chem_shift.Seq_ID	_Atom_chem_shift.Comp_ID	_Atom_chem_shift.Atom_ID	_Atom_chem_shift.Atom_type	_Atom_chem_shift.Atom_isotope_number	_Atom_chem_shift.Val	_Atom_chem_shift.Val_err	_Atom_chem_shift.Assign_fig_of_merit	_Atom_chem_shift.Ambiguity_code	_Atom_chem_shift.Ambiguity_set_ID	_Atom_chem_shift.Occupancy	_Atom_chem_shift.Resonance_ID	_Atom_chem_shift.Auth_entity_assembly_ID	_Atom_chem_shift.Auth_asym_ID	_Atom_chem_shift.Auth_seq_ID	_Atom_chem_shift.Auth_comp_ID	_Atom_chem_shift.Auth_atom_ID	_Atom_chem_shift.Details	_Atom_chem_shift.Entry_ID	_Atom_chem_shift.Assigned_chem_shift_list_ID
1,.,.,.,2,N,15,N,.,N,SER,B,65,SER,65,.,1,2,.,52078,118,.,.,65,115.049,.,_Atom_chem_shift.ID	_Atom_chem_shift.Assembly_atom_ID	_Atom_chem_shift.Entity_assembly_ID	_Atom_chem_shift.Entity_assembly_asym_ID	_Atom_chem_shift.Entity_ID	_Atom_chem_shift.Comp_index_ID	_Atom_chem_shift.Seq_ID	_Atom_chem_shift.Comp_ID	_Atom_chem_shift.Atom_ID	_Atom_chem_shift.Atom_type	_Atom_chem_shift.Atom_isotope_number	_Atom_chem_shift.Val	_Atom_chem_shift.Val_err	_Atom_chem_shift.Assign_fig_of_merit	_Atom_chem_shift.Ambiguity_code	_Atom_chem_shift.Ambiguity_set_ID	_Atom_chem_shift.Occupancy	_Atom_chem_shift.Resonance_ID	_Atom_chem_shift.Auth_entity_assembly_ID	_Atom_chem_shift.Auth_asym_ID	_Atom_chem_shift.Auth_seq_ID	_Atom_chem_shift.Auth_comp_ID	_Atom_chem_shift.Auth_atom_ID	_Atom_chem_shift.Details	_Atom_chem_shift.Entry_ID	_Atom_chem_shift.Assigned_chem_shift_list_ID
1,.,.,.,2,H,1,H,.,H,THR,B,66,THR,66,.,1,2,.,52078,119,.,.,66,8.638,.,_Atom_chem_shift.ID	_Atom_chem_shift.Assembly_atom_ID	_Atom_chem_shift.Entity_assembly_ID	_Atom_chem_shift.Entity_assembly_asym_ID	_Atom_chem_shift.Entity_ID	_Atom_chem_shift.Comp_index_ID	_Atom_chem_shift.Seq_ID	_Atom_chem_shift.Comp_ID	_Atom_chem_shift.Atom_ID	_Atom_chem_shift.Atom_type	_Atom_chem_shift.Atom_isotope_number	_Atom_chem_shift.Val	_Atom_chem_shift.Val_err	_Atom_chem_shift.Assign_fig_of_merit	_Atom_chem_shift.Ambiguity_code	_Atom_chem_shift.Ambiguity_set_ID	_Atom_chem_shift.Occupancy	_Atom_chem_shift.Resonance_ID	_Atom_chem_shift.Auth_entity_assembly_ID	_Atom_chem_shift.Auth_asym_ID	_Atom_chem_shift.Auth_seq_ID	_Atom_chem_shift.Auth_comp_ID	_Atom_chem_shift.Auth_atom_ID	_Atom_chem_shift.Details	_Atom_chem_shift.Entry_ID	_Atom_chem_shift.Assigned_chem_shift_list_ID
1,.,.,.,2,N,15,N,.,N,THR,B,66,THR,66,.,1,2,.,52078,120,.,.,66,117.541,.,_Atom_chem_shift.ID	_Atom_chem_shift.Assembly_atom_ID	_Atom_chem_shift.Entity_assembly_ID	_Atom_chem_shift.Entity_assembly_asym_ID	_Atom_chem_shift.Entity_ID	_Atom_chem_shift.Comp_index_ID	_Atom_chem_shift.Seq_ID	_Atom_chem_shift.Comp_ID	_Atom_chem_shift.Atom_ID	_Atom_chem_shift.Atom_type	_Atom_chem_shift.Atom_isotope_number	_Atom_chem_shift.Val	_Atom_chem_shift.Val_err	_Atom_chem_shift.Assign_fig_of_merit	_Atom_chem_shift.Ambiguity_code	_Atom_chem_shift.Ambiguity_set_ID	_Atom_chem_shift.Occupancy	_Atom_chem_shift.Resonance_ID	_Atom_chem_shift.Auth_entity_assembly_ID	_Atom_chem_shift.Auth_asym_ID	_Atom_chem_shift.Auth_seq_ID	_Atom_chem_shift.Auth_comp_ID	_Atom_chem_shift.Auth_atom_ID	_Atom_chem_shift.Details	_Atom_chem_shift.Entry_ID	_Atom_chem_shift.Assigned_chem_shift_list_ID
1,.,.,.,2,H,1,H,.,H,LEU,B,67,LEU,67,.,1,2,.,52078,121,.,.,67,9.309,.,_Atom_chem_shift.ID	_Atom_chem_shift.Assembly_atom_ID	_Atom_chem_shift.Entity_assembly_ID	_Atom_chem_shift.Entity_assembly_asym_ID	_Atom_chem_shift.Entity_ID	_Atom_chem_shift.Comp_index_ID	_Atom_chem_shift.Seq_ID	_Atom_chem_shift.Comp_ID	_Atom_chem_shift.Atom_ID	_Atom_chem_shift.Atom_type	_Atom_chem_shift.Atom_isotope_number	_Atom_chem_shift.Val	_Atom_chem_shift.Val_err	_Atom_chem_shift.Assign_fig_of_merit	_Atom_chem_shift.Ambiguity_code	_Atom_chem_shift.Ambiguity_set_ID	_Atom_chem_shift.Occupancy	_Atom_chem_shift.Resonance_ID	_Atom_chem_shift.Auth_entity_assembly_ID	_Atom_chem_shift.Auth_asym_ID	_Atom_chem_shift.Auth_seq_ID	_Atom_chem_shift.Auth_comp_ID	_Atom_chem_shift.Auth_atom_ID	_Atom_chem_shift.Details	_Atom_chem_shift.Entry_ID	_Atom_chem_shift.Assigned_chem_shift_list_ID
1,.,.,.,2,N,15,N,.,N,LEU,B,67,LEU,67,.,1,2,.,52078,122,.,.,67,127.82,.,_Atom_chem_shift.ID	_Atom_chem_shift.Assembly_atom_ID	_Atom_chem_shift.Entity_assembly_ID	_Atom_chem_shift.Entity_assembly_asym_ID	_Atom_chem_shift.Entity_ID	_Atom_chem_shift.Comp_index_ID	_Atom_chem_shift.Seq_ID	_Atom_chem_shift.Comp_ID	_Atom_chem_shift.Atom_ID	_Atom_chem_shift.Atom_type	_Atom_chem_shift.Atom_isotope_number	_Atom_chem_shift.Val	_Atom_chem_shift.Val_err	_Atom_chem_shift.Assign_fig_of_merit	_Atom_chem_shift.Ambiguity_code	_Atom_chem_shift.Ambiguity_set_ID	_Atom_chem_shift.Occupancy	_Atom_chem_shift.Resonance_ID	_Atom_chem_shift.Auth_entity_assembly_ID	_Atom_chem_shift.Auth_asym_ID	_Atom_chem_shift.Auth_seq_ID	_Atom_chem_shift.Auth_comp_ID	_Atom_chem_shift.Auth_atom_ID	_Atom_chem_shift.Details	_Atom_chem_shift.Entry_ID	_Atom_chem_shift.Assigned_chem_shift_list_ID
1,.,.,.,2,H,1,H,.,H,HIS,B,68,HIS,68,.,1,2,.,52078,123,.,.,68,9.147,.,_Atom_chem_shift.ID	_Atom_chem_shift.Assembly_atom_ID	_Atom_chem_shift.Entity_assembly_ID	_Atom_chem_shift.Entity_assembly_asym_ID	_Atom_chem_shift.Entity_ID	_Atom_chem_shift.Comp_index_ID	_Atom_chem_shift.Seq_ID	_Atom_chem_shift.Comp_ID	_Atom_chem_shift.Atom_ID	_Atom_chem_shift.Atom_type	_Atom_chem_shift.Atom_isotope_number	_Atom_chem_shift.Val	_Atom_chem_shift.Val_err	_Atom_chem_shift.Assign_fig_of_merit	_Atom_chem_shift.Ambiguity_code	_Atom_chem_shift.Ambiguity_set_ID	_Atom_chem_shift.Occupancy	_Atom_chem_shift.Resonance_ID	_Atom_chem_shift.Auth_entity_assembly_ID	_Atom_chem_shift.Auth_asym_ID	_Atom_chem_shift.Auth_seq_ID	_Atom_chem_shift.Auth_comp_ID	_Atom_chem_shift.Auth_atom_ID	_Atom_chem_shift.Details	_Atom_chem_shift.Entry_ID	_Atom_chem_shift.Assigned_chem_shift_list_ID
1,.,.,.,2,N,15,N,.,N,HIS,B,68,HIS,68,.,1,2,.,52078,124,.,.,68,119.712,.,_Atom_chem_shift.ID	_Atom_chem_shift.Assembly_atom_ID	_Atom_chem_shift.Entity_assembly_ID	_Atom_chem_shift.Entity_assembly_asym_ID	_Atom_chem_shift.Entity_ID	_Atom_chem_shift.Comp_index_ID	_Atom_chem_shift.Seq_ID	_Atom_chem_shift.Comp_ID	_Atom_chem_shift.Atom_ID	_Atom_chem_shift.Atom_type	_Atom_chem_shift.Atom_isotope_number	_Atom_chem_shift.Val	_Atom_chem_shift.Val_err	_Atom_chem_shift.Assign_fig_of_merit	_Atom_chem_shift.Ambiguity_code	_Atom_chem_shift.Ambiguity_set_ID	_Atom_chem_shift.Occupancy	_Atom_chem_shift.Resonance_ID	_Atom_chem_shift.Auth_entity_assembly_ID	_Atom_chem_shift.Auth_asym_ID	_Atom_chem_shift.Auth_seq_ID	_Atom_chem_shift.Auth_comp_ID	_Atom_chem_shift.Auth_atom_ID	_Atom_chem_shift.Details	_Atom_chem_shift.Entry_ID	_Atom_chem_shift.Assigned_chem_shift_list_ID
1,.,.,.,2,H,1,H,.,H,LEU,B,69,LEU,69,.,1,2,.,52078,125,.,.,69,8.168,.,_Atom_chem_shift.ID	_Atom_chem_shift.Assembly_atom_ID	_Atom_chem_shift.Entity_assembly_ID	_Atom_chem_shift.Entity_assembly_asym_ID	_Atom_chem_shift.Entity_ID	_Atom_chem_shift.Comp_index_ID	_Atom_chem_shift.Seq_ID	_Atom_chem_shift.Comp_ID	_Atom_chem_shift.Atom_ID	_Atom_chem_shift.Atom_type	_Atom_chem_shift.Atom_isotope_number	_Atom_chem_shift.Val	_Atom_chem_shift.Val_err	_Atom_chem_shift.Assign_fig_of_merit	_Atom_chem_shift.Ambiguity_code	_Atom_chem_shift.Ambiguity_set_ID	_Atom_chem_shift.Occupancy	_Atom_chem_shift.Resonance_ID	_Atom_chem_shift.Auth_entity_assembly_ID	_Atom_chem_shift.Auth_asym_ID	_Atom_chem_shift.Auth_seq_ID	_Atom_chem_shift.Auth_comp_ID	_Atom_chem_shift.Auth_atom_ID	_Atom_chem_shift.Details	_Atom_chem_shift.Entry_ID	_Atom_chem_shift.Assigned_chem_shift_list_ID
1,.,.,.,2,N,15,N,.,N,LEU,B,69,LEU,69,.,1,2,.,52078,126,.,.,69,123.848,.,_Atom_chem_shift.ID	_Atom_chem_shift.Assembly_atom_ID	_Atom_chem_shift.Entity_assembly_ID	_Atom_chem_shift.Entity_assembly_asym_ID	_Atom_chem_shift.Entity_ID	_Atom_chem_shift.Comp_index_ID	_Atom_chem_shift.Seq_ID	_Atom_chem_shift.Comp_ID	_Atom_chem_shift.Atom_ID	_Atom_chem_shift.Atom_type	_Atom_chem_shift.Atom_isotope_number	_Atom_chem_shift.Val	_Atom_chem_shift.Val_err	_Atom_chem_shift.Assign_fig_of_merit	_Atom_chem_shift.Ambiguity_code	_Atom_chem_shift.Ambiguity_set_ID	_Atom_chem_shift.Occupancy	_Atom_chem_shift.Resonance_ID	_Atom_chem_shift.Auth_entity_assembly_ID	_Atom_chem_shift.Auth_asym_ID	_Atom_chem_shift.Auth_seq_ID	_Atom_chem_shift.Auth_comp_ID	_Atom_chem_shift.Auth_atom_ID	_Atom_chem_shift.Details	_Atom_chem_shift.Entry_ID	_Atom_chem_shift.Assigned_chem_shift_list_ID
1,.,.,.,2,H,1,H,.,H,VAL,B,70,VAL,70,.,1,2,.,52078,127,.,.,70,9.085,.,_Atom_chem_shift.ID	_Atom_chem_shift.Assembly_atom_ID	_Atom_chem_shift.Entity_assembly_ID	_Atom_chem_shift.Entity_assembly_asym_ID	_Atom_chem_shift.Entity_ID	_Atom_chem_shift.Comp_index_ID	_Atom_chem_shift.Seq_ID	_Atom_chem_shift.Comp_ID	_Atom_chem_shift.Atom_ID	_Atom_chem_shift.Atom_type	_Atom_chem_shift.Atom_isotope_number	_Atom_chem_shift.Val	_Atom_chem_shift.Val_err	_Atom_chem_shift.Assign_fig_of_merit	_Atom_chem_shift.Ambiguity_code	_Atom_chem_shift.Ambiguity_set_ID	_Atom_chem_shift.Occupancy	_Atom_chem_shift.Resonance_ID	_Atom_chem_shift.Auth_entity_assembly_ID	_Atom_chem_shift.Auth_asym_ID	_Atom_chem_shift.Auth_seq_ID	_Atom_chem_shift.Auth_comp_ID	_Atom_chem_shift.Auth_atom_ID	_Atom_chem_shift.Details	_Atom_chem_shift.Entry_ID	_Atom_chem_shift.Assigned_chem_shift_list_ID
1,.,.,.,2,N,15,N,.,N,VAL,B,70,VAL,70,.,1,2,.,52078,128,.,.,70,126.676,.,_Atom_chem_shift.ID	_Atom_chem_shift.Assembly_atom_ID	_Atom_chem_shift.Entity_assembly_ID	_Atom_chem_shift.Entity_assembly_asym_ID	_Atom_chem_shift.Entity_ID	_Atom_chem_shift.Comp_index_ID	_Atom_chem_shift.Seq_ID	_Atom_chem_shift.Comp_ID	_Atom_chem_shift.Atom_ID	_Atom_chem_shift.Atom_type	_Atom_chem_shift.Atom_isotope_number	_Atom_chem_shift.Val	_Atom_chem_shift.Val_err	_Atom_chem_shift.Assign_fig_of_merit	_Atom_chem_shift.Ambiguity_code	_Atom_chem_shift.Ambiguity_set_ID	_Atom_chem_shift.Occupancy	_Atom_chem_shift.Resonance_ID	_Atom_chem_shift.Auth_entity_assembly_ID	_Atom_chem_shift.Auth_asym_ID	_Atom_chem_shift.Auth_seq_ID	_Atom_chem_shift.Auth_comp_ID	_Atom_chem_shift.Auth_atom_ID	_Atom_chem_shift.Details	_Atom_chem_shift.Entry_ID	_Atom_chem_shift.Assigned_chem_shift_list_ID
1,.,.,.,2,H,1,H,.,H,LEU,B,71,LEU,71,.,1,2,.,52078,129,.,.,71,8.041,.,_Atom_chem_shift.ID	_Atom_chem_shift.Assembly_atom_ID	_Atom_chem_shift.Entity_assembly_ID	_Atom_chem_shift.Entity_assembly_asym_ID	_Atom_chem_shift.Entity_ID	_Atom_chem_shift.Comp_index_ID	_Atom_chem_shift.Seq_ID	_Atom_chem_shift.Comp_ID	_Atom_chem_shift.Atom_ID	_Atom_chem_shift.Atom_type	_Atom_chem_shift.Atom_isotope_number	_Atom_chem_shift.Val	_Atom_chem_shift.Val_err	_Atom_chem_shift.Assign_fig_of_merit	_Atom_chem_shift.Ambiguity_code	_Atom_chem_shift.Ambiguity_set_ID	_Atom_chem_shift.Occupancy	_Atom_chem_shift.Resonance_ID	_Atom_chem_shift.Auth_entity_assembly_ID	_Atom_chem_shift.Auth_asym_ID	_Atom_chem_shift.Auth_seq_ID	_Atom_chem_shift.Auth_comp_ID	_Atom_chem_shift.Auth_atom_ID	_Atom_chem_shift.Details	_Atom_chem_shift.Entry_ID	_Atom_chem_shift.Assigned_chem_shift_list_ID
1,.,.,.,2,N,15,N,.,N,LEU,B,71,LEU,71,.,1,2,.,52078,130,.,.,71,123.089,.,_Atom_chem_shift.ID	_Atom_chem_shift.Assembly_atom_ID	_Atom_chem_shift.Entity_assembly_ID	_Atom_chem_shift.Entity_assembly_asym_ID	_Atom_chem_shift.Entity_ID	_Atom_chem_shift.Comp_index_ID	_Atom_chem_shift.Seq_ID	_Atom_chem_shift.Comp_ID	_Atom_chem_shift.Atom_ID	_Atom_chem_shift.Atom_type	_Atom_chem_shift.Atom_isotope_number	_Atom_chem_shift.Val	_Atom_chem_shift.Val_err	_Atom_chem_shift.Assign_fig_of_merit	_Atom_chem_shift.Ambiguity_code	_Atom_chem_shift.Ambiguity_set_ID	_Atom_chem_shift.Occupancy	_Atom_chem_shift.Resonance_ID	_Atom_chem_shift.Auth_entity_assembly_ID	_Atom_chem_shift.Auth_asym_ID	_Atom_chem_shift.Auth_seq_ID	_Atom_chem_shift.Auth_comp_ID	_Atom_chem_shift.Auth_atom_ID	_Atom_chem_shift.Details	_Atom_chem_shift.Entry_ID	_Atom_chem_shift.Assigned_chem_shift_list_ID
1,.,.,.,2,H,1,H,.,H,ARG,B,72,ARG,72,.,1,2,.,52078,131,.,.,72,8.47,.,_Atom_chem_shift.ID	_Atom_chem_shift.Assembly_atom_ID	_Atom_chem_shift.Entity_assembly_ID	_Atom_chem_shift.Entity_assembly_asym_ID	_Atom_chem_shift.Entity_ID	_Atom_chem_shift.Comp_index_ID	_Atom_chem_shift.Seq_ID	_Atom_chem_shift.Comp_ID	_Atom_chem_shift.Atom_ID	_Atom_chem_shift.Atom_type	_Atom_chem_shift.Atom_isotope_number	_Atom_chem_shift.Val	_Atom_chem_shift.Val_err	_Atom_chem_shift.Assign_fig_of_merit	_Atom_chem_shift.Ambiguity_code	_Atom_chem_shift.Ambiguity_set_ID	_Atom_chem_shift.Occupancy	_Atom_chem_shift.Resonance_ID	_Atom_chem_shift.Auth_entity_assembly_ID	_Atom_chem_shift.Auth_asym_ID	_Atom_chem_shift.Auth_seq_ID	_Atom_chem_shift.Auth_comp_ID	_Atom_chem_shift.Auth_atom_ID	_Atom_chem_shift.Details	_Atom_chem_shift.Entry_ID	_Atom_chem_shift.Assigned_chem_shift_list_ID
1,.,.,.,2,N,15,N,.,N,ARG,B,72,ARG,72,.,1,2,.,52078,132,.,.,72,124.306,.,_Atom_chem_shift.ID	_Atom_chem_shift.Assembly_atom_ID	_Atom_chem_shift.Entity_assembly_ID	_Atom_chem_shift.Entity_assembly_asym_ID	_Atom_chem_shift.Entity_ID	_Atom_chem_shift.Comp_index_ID	_Atom_chem_shift.Seq_ID	_Atom_chem_shift.Comp_ID	_Atom_chem_shift.Atom_ID	_Atom_chem_shift.Atom_type	_Atom_chem_shift.Atom_isotope_number	_Atom_chem_shift.Val	_Atom_chem_shift.Val_err	_Atom_chem_shift.Assign_fig_of_merit	_Atom_chem_shift.Ambiguity_code	_Atom_chem_shift.Ambiguity_set_ID	_Atom_chem_shift.Occupancy	_Atom_chem_shift.Resonance_ID	_Atom_chem_shift.Auth_entity_assembly_ID	_Atom_chem_shift.Auth_asym_ID	_Atom_chem_shift.Auth_seq_ID	_Atom_chem_shift.Auth_comp_ID	_Atom_chem_shift.Auth_atom_ID	_Atom_chem_shift.Details	_Atom_chem_shift.Entry_ID	_Atom_chem_shift.Assigned_chem_shift_list_ID
1,.,.,.,2,H,1,H,.,H,LEU,B,73,LEU,73,.,1,2,.,52078,133,.,.,73,8.121,.,_Atom_chem_shift.ID	_Atom_chem_shift.Assembly_atom_ID	_Atom_chem_shift.Entity_assembly_ID	_Atom_chem_shift.Entity_assembly_asym_ID	_Atom_chem_shift.Entity_ID	_Atom_chem_shift.Comp_index_ID	_Atom_chem_shift.Seq_ID	_Atom_chem_shift.Comp_ID	_Atom_chem_shift.Atom_ID	_Atom_chem_shift.Atom_type	_Atom_chem_shift.Atom_isotope_number	_Atom_chem_shift.Val	_Atom_chem_shift.Val_err	_Atom_chem_shift.Assign_fig_of_merit	_Atom_chem_shift.Ambiguity_code	_Atom_chem_shift.Ambiguity_set_ID	_Atom_chem_shift.Occupancy	_Atom_chem_shift.Resonance_ID	_Atom_chem_shift.Auth_entity_assembly_ID	_Atom_chem_shift.Auth_asym_ID	_Atom_chem_shift.Auth_seq_ID	_Atom_chem_shift.Auth_comp_ID	_Atom_chem_shift.Auth_atom_ID	_Atom_chem_shift.Details	_Atom_chem_shift.Entry_ID	_Atom_chem_shift.Assigned_chem_shift_list_ID
1,.,.,.,2,N,15,N,.,N,LEU,B,73,LEU,73,.,1,2,.,52078,134,.,.,73,124.182,.,_Atom_chem_shift.ID	_Atom_chem_shift.Assembly_atom_ID	_Atom_chem_shift.Entity_assembly_ID	_Atom_chem_shift.Entity_assembly_asym_ID	_Atom_chem_shift.Entity_ID	_Atom_chem_shift.Comp_index_ID	_Atom_chem_shift.Seq_ID	_Atom_chem_shift.Comp_ID	_Atom_chem_shift.Atom_ID	_Atom_chem_shift.Atom_type	_Atom_chem_shift.Atom_isotope_number	_Atom_chem_shift.Val	_Atom_chem_shift.Val_err	_Atom_chem_shift.Assign_fig_of_merit	_Atom_chem_shift.Ambiguity_code	_Atom_chem_shift.Ambiguity_set_ID	_Atom_chem_shift.Occupancy	_Atom_chem_shift.Resonance_ID	_Atom_chem_shift.Auth_entity_assembly_ID	_Atom_chem_shift.Auth_asym_ID	_Atom_chem_shift.Auth_seq_ID	_Atom_chem_shift.Auth_comp_ID	_Atom_chem_shift.Auth_atom_ID	_Atom_chem_shift.Details	_Atom_chem_shift.Entry_ID	_Atom_chem_shift.Assigned_chem_shift_list_ID
1,.,.,.,2,H,1,H,.,H,ARG,B,74,ARG,74,.,1,2,.,52078,135,.,.,74,8.415,.,_Atom_chem_shift.ID	_Atom_chem_shift.Assembly_atom_ID	_Atom_chem_shift.Entity_assembly_ID	_Atom_chem_shift.Entity_assembly_asym_ID	_Atom_chem_shift.Entity_ID	_Atom_chem_shift.Comp_index_ID	_Atom_chem_shift.Seq_ID	_Atom_chem_shift.Comp_ID	_Atom_chem_shift.Atom_ID	_Atom_chem_shift.Atom_type	_Atom_chem_shift.Atom_isotope_number	_Atom_chem_shift.Val	_Atom_chem_shift.Val_err	_Atom_chem_shift.Assign_fig_of_merit	_Atom_chem_shift.Ambiguity_code	_Atom_chem_shift.Ambiguity_set_ID	_Atom_chem_shift.Occupancy	_Atom_chem_shift.Resonance_ID	_Atom_chem_shift.Auth_entity_assembly_ID	_Atom_chem_shift.Auth_asym_ID	_Atom_chem_shift.Auth_seq_ID	_Atom_chem_shift.Auth_comp_ID	_Atom_chem_shift.Auth_atom_ID	_Atom_chem_shift.Details	_Atom_chem_shift.Entry_ID	_Atom_chem_shift.Assigned_chem_shift_list_ID
1,.,.,.,2,N,15,N,.,N,ARG,B,74,ARG,74,.,1,2,.,52078,136,.,.,74,122.736,.,_Atom_chem_shift.ID	_Atom_chem_shift.Assembly_atom_ID	_Atom_chem_shift.Entity_assembly_ID	_Atom_chem_shift.Entity_assembly_asym_ID	_Atom_chem_shift.Entity_ID	_Atom_chem_shift.Comp_index_ID	_Atom_chem_shift.Seq_ID	_Atom_chem_shift.Comp_ID	_Atom_chem_shift.Atom_ID	_Atom_chem_shift.Atom_type	_Atom_chem_shift.Atom_isotope_number	_Atom_chem_shift.Val	_Atom_chem_shift.Val_err	_Atom_chem_shift.Assign_fig_of_merit	_Atom_chem_shift.Ambiguity_code	_Atom_chem_shift.Ambiguity_set_ID	_Atom_chem_shift.Occupancy	_Atom_chem_shift.Resonance_ID	_Atom_chem_shift.Auth_entity_assembly_ID	_Atom_chem_shift.Auth_asym_ID	_Atom_chem_shift.Auth_seq_ID	_Atom_chem_shift.Auth_comp_ID	_Atom_chem_shift.Auth_atom_ID	_Atom_chem_shift.Details	_Atom_chem_shift.Entry_ID	_Atom_chem_shift.Assigned_chem_shift_list_ID
1,.,.,.,2,H,1,H,.,H,GLY,B,75,GLY,75,.,1,2,.,52078,137,.,.,75,8.436,.,_Atom_chem_shift.ID	_Atom_chem_shift.Assembly_atom_ID	_Atom_chem_shift.Entity_assembly_ID	_Atom_chem_shift.Entity_assembly_asym_ID	_Atom_chem_shift.Entity_ID	_Atom_chem_shift.Comp_index_ID	_Atom_chem_shift.Seq_ID	_Atom_chem_shift.Comp_ID	_Atom_chem_shift.Atom_ID	_Atom_chem_shift.Atom_type	_Atom_chem_shift.Atom_isotope_number	_Atom_chem_shift.Val	_Atom_chem_shift.Val_err	_Atom_chem_shift.Assign_fig_of_merit	_Atom_chem_shift.Ambiguity_code	_Atom_chem_shift.Ambiguity_set_ID	_Atom_chem_shift.Occupancy	_Atom_chem_shift.Resonance_ID	_Atom_chem_shift.Auth_entity_assembly_ID	_Atom_chem_shift.Auth_asym_ID	_Atom_chem_shift.Auth_seq_ID	_Atom_chem_shift.Auth_comp_ID	_Atom_chem_shift.Auth_atom_ID	_Atom_chem_shift.Details	_Atom_chem_shift.Entry_ID	_Atom_chem_shift.Assigned_chem_shift_list_ID
1,.,.,.,2,N,15,N,.,N,GLY,B,75,GLY,75,.,1,2,.,52078,138,.,.,75,111.27,.,_Atom_chem_shift.ID	_Atom_chem_shift.Assembly_atom_ID	_Atom_chem_shift.Entity_assembly_ID	_Atom_chem_shift.Entity_assembly_asym_ID	_Atom_chem_shift.Entity_ID	_Atom_chem_shift.Comp_index_ID	_Atom_chem_shift.Seq_ID	_Atom_chem_shift.Comp_ID	_Atom_chem_shift.Atom_ID	_Atom_chem_shift.Atom_type	_Atom_chem_shift.Atom_isotope_number	_Atom_chem_shift.Val	_Atom_chem_shift.Val_err	_Atom_chem_shift.Assign_fig_of_merit	_Atom_chem_shift.Ambiguity_code	_Atom_chem_shift.Ambiguity_set_ID	_Atom_chem_shift.Occupancy	_Atom_chem_shift.Resonance_ID	_Atom_chem_shift.Auth_entity_assembly_ID	_Atom_chem_shift.Auth_asym_ID	_Atom_chem_shift.Auth_seq_ID	_Atom_chem_shift.Auth_comp_ID	_Atom_chem_shift.Auth_atom_ID	_Atom_chem_shift.Details	_Atom_chem_shift.Entry_ID	_Atom_chem_shift.Assigned_chem_shift_list_ID
1,.,.,.,2,H,1,H,.,H,GLY,B,76,GLY,76,.,1,2,.,52078,139,.,.,76,8.152,.,_Atom_chem_shift.ID	_Atom_chem_shift.Assembly_atom_ID	_Atom_chem_shift.Entity_assembly_ID	_Atom_chem_shift.Entity_assembly_asym_ID	_Atom_chem_shift.Entity_ID	_Atom_chem_shift.Comp_index_ID	_Atom_chem_shift.Seq_ID	_Atom_chem_shift.Comp_ID	_Atom_chem_shift.Atom_ID	_Atom_chem_shift.Atom_type	_Atom_chem_shift.Atom_isotope_number	_Atom_chem_shift.Val	_Atom_chem_shift.Val_err	_Atom_chem_shift.Assign_fig_of_merit	_Atom_chem_shift.Ambiguity_code	_Atom_chem_shift.Ambiguity_set_ID	_Atom_chem_shift.Occupancy	_Atom_chem_shift.Resonance_ID	_Atom_chem_shift.Auth_entity_assembly_ID	_Atom_chem_shift.Auth_asym_ID	_Atom_chem_shift.Auth_seq_ID	_Atom_chem_shift.Auth_comp_ID	_Atom_chem_shift.Auth_atom_ID	_Atom_chem_shift.Details	_Atom_chem_shift.Entry_ID	_Atom_chem_shift.Assigned_chem_shift_list_ID
1,.,.,.,2,N,15,N,.,N,GLY,B,76,GLY,76,.,1,2,.,52078,140,.,.,76,108.739,.,_Atom_chem_shift.ID	_Atom_chem_shift.Assembly_atom_ID	_Atom_chem_shift.Entity_assembly_ID	_Atom_chem_shift.Entity_assembly_asym_ID	_Atom_chem_shift.Entity_ID	_Atom_chem_shift.Comp_index_ID	_Atom_chem_shift.Seq_ID	_Atom_chem_shift.Comp_ID	_Atom_chem_shift.Atom_ID	_Atom_chem_shift.Atom_type	_Atom_chem_shift.Atom_isotope_number	_Atom_chem_shift.Val	_Atom_chem_shift.Val_err	_Atom_chem_shift.Assign_fig_of_merit	_Atom_chem_shift.Ambiguity_code	_Atom_chem_shift.Ambiguity_set_ID	_Atom_chem_shift.Occupancy	_Atom_chem_shift.Resonance_ID	_Atom_chem_shift.Auth_entity_assembly_ID	_Atom_chem_shift.Auth_asym_ID	_Atom_chem_shift.Auth_seq_ID	_Atom_chem_shift.Auth_comp_ID	_Atom_chem_shift.Auth_atom_ID	_Atom_chem_shift.Details	_Atom_chem_shift.Entry_ID	_Atom_chem_shift.Assigned_chem_shift_list_ID
