atom_type,mean_f1,median_f1,std_f1,min_f1,max_f1,q1_f1,q3_f1,n_targets
H,0.37954277048311424,0.4,0.10912881325331915,0.21621621621621623,0.56,0.2857142857142857,0.43636363636363634,9
N,0.3961168693800825,0.4,0.059108778667100494,0.2777777777777778,0.47368421052631576,0.3684210526315789,0.43902439024390244,9
CA,0.2701562348657364,0.27450980392156865,0.06420164994687953,0.17857142857142858,0.35,0.21739130434782608,0.33962264150943394,9
