target,f1,true_positives,false_positives,false_negatives,total_rows
2lox,0.4482758620689655,13,4,28,112
2m14,0.3225806451612903,10,0,42,112
2mkr,0.32727272727272727,9,1,36,107
2n0y,0.41509433962264153,11,1,30,108
2n23,0.22950819672131148,7,0,47,108
2ruk,0.4,13,6,33,100
2rvb,0.4155844155844156,16,10,35,100
5urn,0.3,9,2,40,108
5xv8,0.35443037974683544,14,9,42,100
