group_a,group_b,n,statistic,p_raw,p_adj_holm,signif
H,N,120,3469.0,0.6732891880096437,1.0,ns
H,CA,120,3484.0,0.8196028256595418,1.0,ns
N,CA,120,3224.5,0.35956142824303794,1.0,ns
