atom_type,mean_f1,median_f1,std_f1,min_f1,max_f1,q1_f1,q3_f1,n_targets
H,0.30303030303030304,0.30303030303030304,0.0,0.30303030303030304,0.30303030303030304,0.30303030303030304,0.30303030303030304,1
N,0.3125,0.3125,0.0,0.3125,0.3125,0.3125,0.3125,1
CA,0.36363636363636365,0.36363636363636365,0.0,0.36363636363636365,0.36363636363636365,0.36363636363636365,0.36363636363636365,1
