target,f1,true_positives,false_positives,false_negatives,total_rows
1cf4,0.40625,13,27,11,144
1d5g,0.35,7,2,24,92
1vj6,0.32558139534883723,7,5,24,91
2jzi,0.4807692307692308,25,13,41,145
2k7l,0.2857142857142857,5,5,20,63
2khs,0.37037037037037035,15,8,43,131
2l75,0.38095238095238093,8,15,11,48
2lox,0.4482758620689655,13,4,28,112
6bgg,0.2,5,6,34,79
6r5g,0.5084745762711864,15,6,23,112
7nqc,0.27184466019417475,14,29,46,144
