atom_type,mean_f1,median_f1,std_f1,min_f1,max_f1,q1_f1,q3_f1,n_targets
H,0.3647522480713807,0.35416666666666663,0.09030245395268352,0.21621621621621623,0.5555555555555556,0.309375,0.403448275862069,12
N,0.3434425790189737,0.3641891891891892,0.11465166123187392,0.13793103448275862,0.547945205479452,0.2777310924369748,0.427403156384505,12
CA,0.3311251434835544,0.33962264150943394,0.1052491952628726,0.16666666666666666,0.509090909090909,0.2582417582417582,0.4156545209176788,11
