atom_type,mean_f1,median_f1,std_f1,min_f1,max_f1,q1_f1,q3_f1,n_targets
H,0.3631059460512908,0.3409090909090909,0.07521177533023443,0.25,0.5454545454545454,0.3116883116883117,0.41379310344827586,17
N,0.34884364557639,0.358974358974359,0.1055288948924466,0.15584415584415584,0.5714285714285714,0.29333333333333333,0.3877551020408163,17
CA,0.351182356533291,0.3684210526315789,0.0824324849663416,0.19444444444444445,0.5,0.3142857142857143,0.3953488372093023,17
