atom_type,mean_f1,median_f1,std_f1,min_f1,max_f1,q1_f1,q3_f1,n_targets
H,0.369671035421432,0.3522727272727273,0.07264747119928557,0.25,0.5454545454545454,0.3128618369582225,0.41400336417157274,16
N,0.33493208771062877,0.34404414151249596,0.09242475246115683,0.15584415584415584,0.5333333333333333,0.2904225352112676,0.38609540201622816,16
CA,0.3449054473650088,0.36730911786508524,0.0809321705554553,0.19444444444444445,0.5,0.301890756302521,0.3926516422920163,16
