atom_type,mean_f1,median_f1,std_f1,min_f1,max_f1,q1_f1,q3_f1,n_targets
H,0.330889981360524,0.3132530120481928,0.13873088565247912,0.0,0.6046511627906976,0.251984126984127,0.4131994261119082,99
N,0.3276409128448813,0.3333333333333333,0.13640624656007547,0.0,0.631578947368421,0.21921921921921922,0.42857142857142855,99
CA,0.29068708775565727,0.2857142857142857,0.12581364184905444,0.0,0.5555555555555556,0.19861111111111113,0.3826530612244898,80
