atom_type,mean_f1,median_f1,std_f1,min_f1,max_f1,q1_f1,q3_f1,n_targets
H,0.35527438679715717,0.36696696696696696,0.14110714859098322,0.07142857142857142,0.5454545454545454,0.29178885630498536,0.4384531590413943,8
N,0.34435447002687714,0.34285714285714286,0.11596937863796858,0.15384615384615385,0.5714285714285714,0.2931985294117647,0.38651315789473684,8
CA,0.3521661371229026,0.4,0.10848449698167581,0.10526315789473684,0.45161290322580644,0.3397129186602871,0.41443053070960045,7
