target,f1,true_positives,false_positives,false_negatives,total_rows
2g3q,0.32432432432432434,6,4,21,70
2kwu,0.5294117647058824,9,2,14,73
2kwv,0.4444444444444444,8,1,19,73
2mbb,0.5238095238095238,11,6,14,73
2mbh,0.34782608695652173,8,1,29,73
5vf0,0.4,7,0,21,72
6h8c,0.3448275862068966,10,6,32,108
