atom_type,mean_f1,median_f1,std_f1,min_f1,max_f1,q1_f1,q3_f1,n_targets
H,0.3125,0.3125,0.0,0.3125,0.3125,0.3125,0.3125,1
N,0.29850746268656714,0.29850746268656714,0.0,0.29850746268656714,0.29850746268656714,0.29850746268656714,0.29850746268656714,1
CA,0.17391304347826086,0.17391304347826086,0.0,0.17391304347826086,0.17391304347826086,0.17391304347826086,0.17391304347826086,1
