atom_type,mean_f1,median_f1,std_f1,min_f1,max_f1,q1_f1,q3_f1,n_targets
H,0.3280879764725541,0.318006318006318,0.09022247968570071,0.17647058823529413,0.45569620253164556,0.2922077922077922,0.39205669083717865,6
N,0.2772977252377295,0.28751173708920186,0.08406771633695678,0.15584415584415584,0.41025641025641024,0.21558382553384825,0.32016877637130803,6
CA,0.288335843521166,0.30714285714285716,0.07352742526994589,0.18666666666666668,0.3684210526315789,0.22083333333333333,0.35321931589537225,6
