target,f1,mcc,true_positives,false_positives,false_negatives,total_rows
2ll6,0.43956043956043955,0.26486142421667946,20,9,42,145
2ll7,0.32558139534883723,0.15260019835336222,14,9,49,145
2mg5,0.43956043956043955,0.25448938348073463,20,10,41,145
2n8j,0.18181818181818182,-0.05572932278841382,7,15,48,144
5tp6,0.225,-0.03458599899981812,9,18,44,144
6bnh,0.45454545454545453,0.29102137347030194,10,5,19,76
