target,f1,true_positives,false_positives,false_negatives,total_rows
2ll6,0.39080459770114945,17,12,41,145
2ll7,0.3373493975903614,14,9,46,145
2mg5,0.43478260869565216,20,10,42,145
2n8j,0.22988505747126436,10,12,55,144
5tp6,0.2891566265060241,12,15,44,144
6bnh,0.5,11,4,18,76
